-8.00000000e+00 -2.50000000e-01 3.18750000e+00 7.50000000e-01 -4.37500000e-01 3.25000000e+00 1.56250000e+00 7.93750000e+00 -8.00000000e+00 1.37500000e+00 7.93750000e+00 -6.81250000e+00
-8.00000000e+00 -2.50000000e-01 3.25000000e+00 4.37500000e-01 -1.87500000e-01 2.93750000e+00 2.50000000e-01 7.93750000e+00 -6.87500000e+00 1.12500000e+00 7.93750000e+00 -5.50000000e+00
-8.00000000e+00 -1.87500000e-01 3.31250000e+00 4.37500000e-01 -2.50000000e-01 2.93750000e+00 7.50000000e-01 7.93750000e+00 -7.31250000e+00 1.12500000e+00 7.93750000e+00 -5.56250000e+00
-8.00000000e+00 -1.87500000e-01 3.62500000e+00 2.50000000e-01 -6.25000000e-02 2.68750000e+00 8.75000000e-01 7.93750000e+00 -5.37500000e+00 1.00000000e+00 7.93750000e+00 -4.62500000e+00
-8.00000000e+00 -1.87500000e-01 3.50000000e+00 3.75000000e-01 -1.25000000e-01 2.87500000e+00 1.25000000e+00 7.93750000e+00 -6.50000000e+00 1.06250000e+00 7.93750000e+00 -5.25000000e+00
-8.00000000e+00 -3.12500000e-01 3.18750000e+00 7.50000000e-01 -5.00000000e-01 3.31250000e+00 1.50000000e+00 7.93750000e+00 -8.00000000e+00 1.37500000e+00 7.93750000e+00 -6.87500000e+00
-6.56250000e+00 -5.00000000e-01 3.50000000e+00 -0.00000000e+00 -3.12500000e-01 2.12500000e+00 5.62500000e-01 7.93750000e+00 -2.81250000e+00 6.87500000e-01 7.93750000e+00 -3.43750000e+00
-7.06250000e+00 -2.50000000e-01 3.56250000e+00 -0.00000000e+00 -1.25000000e-01 2.25000000e+00 1.25000000e-01 7.93750000e+00 -3.87500000e+00 6.87500000e-01 7.93750000e+00 -3.75000000e+00
-7.43750000e+00 -1.87500000e-01 4.12500000e+00 -6.25000000e-02 1.25000000e-01 1.93750000e+00 2.50000000e-01 7.93750000e+00 -3.81250000e+00 8.75000000e-01 7.93750000e+00 -3.62500000e+00
-7.62500000e+00 -1.87500000e-01 4.18750000e+00 -1.25000000e-01 0.00000000e+00 2.00000000e+00 2.50000000e-01 7.93750000e+00 -4.25000000e+00 8.12500000e-01 7.93750000e+00 -3.87500000e+00
-7.00000000e+00 -3.75000000e-01 3.37500000e+00 -6.25000000e-02 -2.50000000e-01 2.37500000e+00 3.75000000e-01 7.93750000e+00 -3.50000000e+00 6.87500000e-01 7.93750000e+00 -3.81250000e+00
-6.56250000e+00 -5.00000000e-01 3.50000000e+00 -6.25000000e-02 -3.12500000e-01 2.12500000e+00 5.62500000e-01 7.93750000e+00 -2.81250000e+00 6.87500000e-01 7.93750000e+00 -3.37500000e+00
-8.00000000e+00 -1.25000000e-01 3.00000000e+00 6.87500000e-01 -2.50000000e-01 3.25000000e+00 1.06250000e+00 7.93750000e+00 -8.00000000e+00 1.37500000e+00 7.93750000e+00 -6.81250000e+00
-8.00000000e+00 -1.87500000e-01 3.43750000e+00 1.87500000e-01 -1.87500000e-01 2.68750000e+00 1.06250000e+00 7.93750000e+00 -5.50000000e+00 9.37500000e-01 7.93750000e+00 -4.68750000e+00
-8.00000000e+00 -1.87500000e-01 3.18750000e+00 4.37500000e-01 -3.12500000e-01 2.93750000e+00 6.25000000e-01 7.93750000e+00 -7.43750000e+00 1.12500000e+00 7.93750000e+00 -5.56250000e+00
-8.00000000e+00 -1.25000000e-01 3.00000000e+00 6.87500000e-01 -2.50000000e-01 3.25000000e+00 1.06250000e+00 7.93750000e+00 -8.00000000e+00 1.37500000e+00 7.93750000e+00 -6.81250000e+00
-7.12500000e+00 -1.87500000e-01 4.31250000e+00 -1.87500000e-01 6.25000000e-02 1.81250000e+00 3.75000000e-01 7.93750000e+00 -3.81250000e+00 8.12500000e-01 7.93750000e+00 -3.62500000e+00
-6.93750000e+00 -3.12500000e-01 3.37500000e+00 1.25000000e-01 -1.25000000e-01 2.18750000e+00 5.00000000e-01 7.93750000e+00 -3.31250000e+00 7.50000000e-01 7.93750000e+00 -3.50000000e+00
-7.56250000e+00 -1.87500000e-01 4.18750000e+00 -1.25000000e-01 -6.25000000e-02 2.00000000e+00 2.50000000e-01 7.93750000e+00 -4.25000000e+00 7.50000000e-01 7.93750000e+00 -3.93750000e+00
-6.75000000e+00 -4.37500000e-01 3.56250000e+00 1.87500000e-01 -6.25000000e-02 1.93750000e+00 7.50000000e-01 7.93750000e+00 -2.68750000e+00 8.12500000e-01 7.93750000e+00 -3.18750000e+00
-7.00000000e+00 -1.25000000e-01 3.62500000e+00 -1.87500000e-01 -1.25000000e-01 2.37500000e+00 0.00000000e+00 7.93750000e+00 -3.68750000e+00 7.50000000e-01 7.93750000e+00 -3.68750000e+00
-7.50000000e+00 -1.87500000e-01 4.25000000e+00 -1.25000000e-01 -6.25000000e-02 1.93750000e+00 3.12500000e-01 7.93750000e+00 -4.25000000e+00 8.12500000e-01 7.93750000e+00 -3.87500000e+00
-7.06250000e+00 -2.50000000e-01 4.25000000e+00 -1.87500000e-01 6.25000000e-02 1.81250000e+00 3.75000000e-01 7.93750000e+00 -3.87500000e+00 8.12500000e-01 7.93750000e+00 -3.56250000e+00
-6.93750000e+00 -3.12500000e-01 3.43750000e+00 1.25000000e-01 -6.25000000e-02 2.12500000e+00 5.00000000e-01 7.93750000e+00 -3.31250000e+00 7.50000000e-01 7.93750000e+00 -3.56250000e+00
-8.00000000e+00 -1.25000000e-01 3.00000000e+00 6.87500000e-01 -2.50000000e-01 3.25000000e+00 1.06250000e+00 7.93750000e+00 -8.00000000e+00 1.37500000e+00 7.93750000e+00 -6.81250000e+00
-8.00000000e+00 -6.25000000e-02 3.50000000e+00 1.25000000e-01 -6.25000000e-02 2.62500000e+00 1.18750000e+00 7.93750000e+00 -5.43750000e+00 1.06250000e+00 7.93750000e+00 -4.50000000e+00
-8.00000000e+00 -1.25000000e-01 3.31250000e+00 4.37500000e-01 -3.12500000e-01 2.93750000e+00 1.37500000e+00 7.93750000e+00 -8.00000000e+00 1.31250000e+00 7.93750000e+00 -6.12500000e+00
-8.00000000e+00 -1.25000000e-01 3.31250000e+00 4.37500000e-01 -2.50000000e-01 2.93750000e+00 1.37500000e+00 7.93750000e+00 -8.00000000e+00 1.31250000e+00 7.93750000e+00 -6.18750000e+00
-7.06250000e+00 -1.87500000e-01 4.25000000e+00 -2.50000000e-01 6.25000000e-02 1.87500000e+00 3.12500000e-01 7.93750000e+00 -3.81250000e+00 8.12500000e-01 7.93750000e+00 -3.62500000e+00
-7.68750000e+00 -1.25000000e-01 3.56250000e+00 6.25000000e-02 2.50000000e-01 2.25000000e+00 9.37500000e-01 7.93750000e+00 -3.50000000e+00 1.00000000e+00 7.93750000e+00 -3.75000000e+00
-8.00000000e+00 -1.25000000e-01 3.18750000e+00 3.12500000e-01 -3.12500000e-01 2.87500000e+00 5.00000000e-01 7.93750000e+00 -7.50000000e+00 1.12500000e+00 7.93750000e+00 -5.56250000e+00
-7.68750000e+00 -1.25000000e-01 4.12500000e+00 -2.50000000e-01 1.25000000e-01 2.00000000e+00 3.75000000e-01 7.93750000e+00 -4.25000000e+00 8.75000000e-01 7.93750000e+00 -3.81250000e+00
-8.00000000e+00 0.00000000e+00 3.12500000e+00 2.50000000e-01 -0.00000000e+00 2.87500000e+00 2.50000000e-01 7.93750000e+00 -6.50000000e+00 1.12500000e+00 7.93750000e+00 -5.12500000e+00
-8.00000000e+00 -6.25000000e-02 3.50000000e+00 1.25000000e-01 -6.25000000e-02 2.62500000e+00 1.18750000e+00 7.93750000e+00 -5.43750000e+00 1.06250000e+00 7.93750000e+00 -4.50000000e+00
-6.25000000e+00 -2.50000000e-01 3.56250000e+00 -6.25000000e-02 1.25000000e-01 1.87500000e+00 -2.50000000e-01 7.93750000e+00 -2.43750000e+00 8.75000000e-01 7.93750000e+00 -2.93750000e+00
-5.00000000e+00 -2.50000000e-01 3.00000000e+00 -0.00000000e+00 1.87500000e-01 1.68750000e+00 5.62500000e-01 7.93750000e+00 -1.37500000e+00 7.50000000e-01 7.75000000e+00 -2.37500000e+00
-5.75000000e+00 -2.50000000e-01 2.18750000e+00 1.87500000e-01 -6.25000000e-02 1.93750000e+00 0.00000000e+00 7.93750000e+00 -1.50000000e+00 7.50000000e-01 7.93750000e+00 -2.93750000e+00
-3.75000000e+00 -2.50000000e-01 2.68750000e+00 -3.12500000e-01 -0.00000000e+00 1.62500000e+00 -6.25000000e-02 6.93750000e+00 -1.25000000e+00 5.00000000e-01 6.81250000e+00 -2.06250000e+00
-4.18750000e+00 -1.87500000e-01 3.31250000e+00 -2.50000000e-01 2.50000000e-01 1.50000000e+00 1.25000000e-01 6.93750000e+00 -1.06250000e+00 7.50000000e-01 6.56250000e+00 -2.12500000e+00
-8.00000000e+00 -1.25000000e-01 3.25000000e+00 3.75000000e-01 -3.12500000e-01 2.87500000e+00 1.37500000e+00 7.93750000e+00 -8.00000000e+00 1.25000000e+00 7.93750000e+00 -6.12500000e+00
-8.00000000e+00 -1.25000000e-01 3.25000000e+00 2.50000000e-01 -3.75000000e-01 2.87500000e+00 4.37500000e-01 7.93750000e+00 -7.56250000e+00 1.06250000e+00 7.93750000e+00 -5.56250000e+00
-7.50000000e+00 -1.87500000e-01 4.25000000e+00 -1.87500000e-01 -6.25000000e-02 1.93750000e+00 3.75000000e-01 7.93750000e+00 -4.25000000e+00 7.50000000e-01 7.93750000e+00 -3.87500000e+00
-8.00000000e+00 6.25000000e-02 3.12500000e+00 1.25000000e-01 -1.25000000e-01 2.87500000e+00 4.37500000e-01 7.93750000e+00 -6.62500000e+00 1.12500000e+00 7.93750000e+00 -5.06250000e+00
-8.00000000e+00 -1.25000000e-01 3.25000000e+00 3.75000000e-01 -3.12500000e-01 2.93750000e+00 1.37500000e+00 7.93750000e+00 -8.00000000e+00 1.25000000e+00 7.93750000e+00 -6.12500000e+00
-6.50000000e+00 -2.50000000e-01 4.12500000e+00 -1.87500000e-01 0.00000000e+00 1.62500000e+00 5.62500000e-01 7.93750000e+00 -3.56250000e+00 7.50000000e-01 7.93750000e+00 -3.31250000e+00
-7.00000000e+00 -2.50000000e-01 4.25000000e+00 -2.50000000e-01 0.00000000e+00 1.81250000e+00 4.37500000e-01 7.93750000e+00 -3.81250000e+00 7.50000000e-01 7.93750000e+00 -3.56250000e+00
-8.00000000e+00 -1.25000000e-01 3.31250000e+00 2.50000000e-01 -3.75000000e-01 2.87500000e+00 4.37500000e-01 7.93750000e+00 -7.56250000e+00 1.06250000e+00 7.93750000e+00 -5.56250000e+00
-7.62500000e+00 -6.25000000e-02 3.75000000e+00 -1.87500000e-01 1.87500000e-01 2.25000000e+00 9.37500000e-01 7.93750000e+00 -3.62500000e+00 9.37500000e-01 7.93750000e+00 -3.75000000e+00
-7.18750000e+00 -6.25000000e-02 3.25000000e+00 -1.87500000e-01 0.00000000e+00 2.31250000e+00 8.12500000e-01 7.93750000e+00 -3.06250000e+00 9.37500000e-01 7.93750000e+00 -3.37500000e+00
-3.56250000e+00 -1.25000000e-01 3.12500000e+00 -3.75000000e-01 1.87500000e-01 1.56250000e+00 5.62500000e-01 6.00000000e+00 -5.62500000e-01 6.87500000e-01 5.93750000e+00 -1.75000000e+00
-4.06250000e+00 -6.25000000e-02 3.00000000e+00 -1.87500000e-01 1.87500000e-01 1.50000000e+00 -6.25000000e-02 6.93750000e+00 -1.06250000e+00 6.87500000e-01 6.75000000e+00 -1.87500000e+00
-3.25000000e+00 -1.87500000e-01 2.81250000e+00 -2.50000000e-01 1.87500000e-01 1.50000000e+00 -2.50000000e-01 5.43750000e+00 -1.87500000e-01 6.87500000e-01 5.56250000e+00 -1.56250000e+00
-8.00000000e+00 -1.25000000e-01 3.25000000e+00 3.75000000e-01 -3.12500000e-01 2.87500000e+00 1.37500000e+00 7.93750000e+00 -8.00000000e+00 1.18750000e+00 7.93750000e+00 -6.12500000e+00
-8.00000000e+00 -1.25000000e-01 3.25000000e+00 2.50000000e-01 -3.75000000e-01 2.87500000e+00 4.37500000e-01 7.93750000e+00 -7.56250000e+00 1.06250000e+00 7.93750000e+00 -5.56250000e+00
-8.00000000e+00 6.25000000e-02 3.12500000e+00 1.25000000e-01 -1.25000000e-01 2.87500000e+00 5.00000000e-01 7.93750000e+00 -6.62500000e+00 1.12500000e+00 7.93750000e+00 -5.06250000e+00
-8.00000000e+00 -3.12500000e-01 2.87500000e+00 3.75000000e-01 -3.75000000e-01 2.93750000e+00 1.37500000e+00 7.93750000e+00 -8.00000000e+00 1.00000000e+00 7.93750000e+00 -6.31250000e+00
-8.00000000e+00 -1.25000000e-01 3.37500000e+00 3.12500000e-01 -3.75000000e-01 2.87500000e+00 1.37500000e+00 7.93750000e+00 -8.00000000e+00 1.18750000e+00 7.93750000e+00 -6.18750000e+00
-7.43750000e+00 1.25000000e-01 3.43750000e+00 -3.12500000e-01 6.25000000e-02 2.31250000e+00 9.37500000e-01 7.93750000e+00 -3.68750000e+00 1.00000000e+00 7.93750000e+00 -3.43750000e+00
-8.00000000e+00 -1.87500000e-01 3.25000000e+00 2.50000000e-01 -4.37500000e-01 2.87500000e+00 4.37500000e-01 7.93750000e+00 -7.50000000e+00 1.00000000e+00 7.93750000e+00 -5.56250000e+00
-8.00000000e+00 6.25000000e-02 3.12500000e+00 6.25000000e-02 -0.00000000e+00 2.81250000e+00 8.12500000e-01 7.93750000e+00 -6.68750000e+00 1.06250000e+00 7.93750000e+00 -5.06250000e+00
-7.43750000e+00 6.25000000e-02 3.50000000e+00 -3.12500000e-01 1.25000000e-01 2.31250000e+00 9.37500000e-01 7.93750000e+00 -3.68750000e+00 1.00000000e+00 7.93750000e+00 -3.43750000e+00
-8.00000000e+00 6.25000000e-02 3.12500000e+00 6.25000000e-02 -0.00000000e+00 2.81250000e+00 8.12500000e-01 7.93750000e+00 -6.68750000e+00 1.06250000e+00 7.93750000e+00 -5.06250000e+00
-6.50000000e+00 -3.12500000e-01 4.12500000e+00 -1.25000000e-01 -6.25000000e-02 1.75000000e+00 5.00000000e-01 7.93750000e+00 -3.56250000e+00 6.25000000e-01 7.93750000e+00 -3.37500000e+00
-5.56250000e+00 0.00000000e+00 3.31250000e+00 -3.12500000e-01 1.87500000e-01 1.87500000e+00 7.50000000e-01 7.93750000e+00 -2.25000000e+00 8.12500000e-01 7.93750000e+00 -2.75000000e+00
-7.68750000e+00 -1.25000000e-01 4.31250000e+00 -3.75000000e-01 1.25000000e-01 2.00000000e+00 6.25000000e-01 7.93750000e+00 -4.31250000e+00 8.75000000e-01 7.93750000e+00 -3.81250000e+00
-7.00000000e+00 -2.50000000e-01 4.25000000e+00 -2.50000000e-01 -0.00000000e+00 1.81250000e+00 5.00000000e-01 7.93750000e+00 -3.81250000e+00 6.87500000e-01 7.93750000e+00 -3.56250000e+00
-6.00000000e+00 1.87500000e-01 3.25000000e+00 -3.12500000e-01 3.12500000e-01 2.12500000e+00 4.37500000e-01 7.93750000e+00 -2.75000000e+00 8.75000000e-01 7.93750000e+00 -3.00000000e+00
-8.00000000e+00 -1.87500000e-01 3.25000000e+00 3.12500000e-01 -4.37500000e-01 2.87500000e+00 3.75000000e-01 7.93750000e+00 -7.50000000e+00 1.00000000e+00 7.93750000e+00 -5.62500000e+00
-8.00000000e+00 -1.25000000e-01 3.37500000e+00 3.12500000e-01 -3.75000000e-01 2.87500000e+00 1.37500000e+00 7.93750000e+00 -8.00000000e+00 1.18750000e+00 7.93750000e+00 -6.18750000e+00
-2.62500000e+00 -3.12500000e-01 2.56250000e+00 -3.75000000e-01 6.25000000e-02 1.25000000e+00 4.37500000e-01 4.56250000e+00 -1.25000000e-01 3.75000000e-01 4.68750000e+00 -1.56250000e+00
-3.31250000e+00 -2.50000000e-01 1.00000000e+00 -1.87500000e-01 -1.25000000e-01 1.18750000e+00 6.25000000e-01 4.50000000e+00 1.87500000e-01 2.50000000e-01 5.25000000e+00 -1.87500000e+00
-1.50000000e+00 -3.75000000e-01 2.37500000e+00 -4.37500000e-01 1.87500000e-01 1.00000000e+00 2.50000000e-01 3.31250000e+00 1.87500000e-01 3.12500000e-01 3.50000000e+00 -1.06250000e+00
-4.00000000e+00 6.25000000e-02 2.75000000e+00 -1.25000000e-01 1.87500000e-01 1.37500000e+00 -1.87500000e-01 6.75000000e+00 -1.06250000e+00 6.25000000e-01 6.81250000e+00 -1.81250000e+00
-4.31250000e+00 1.25000000e-01 2.93750000e+00 -2.50000000e-01 4.37500000e-01 1.62500000e+00 3.75000000e-01 7.25000000e+00 -1.31250000e+00 7.50000000e-01 7.00000000e+00 -2.06250000e+00
-2.06250000e+00 -6.25000000e-02 2.62500000e+00 -4.37500000e-01 2.50000000e-01 1.25000000e+00 6.25000000e-02 3.50000000e+00 5.62500000e-01 5.62500000e-01 3.56250000e+00 -1.12500000e+00
-2.18750000e+00 -9.37500000e-01 1.62500000e+00 -2.50000000e-01 -1.00000000e+00 8.12500000e-01 1.25000000e-01 3.06250000e+00 -2.50000000e-01 -0.00000000e+00 5.50000000e+00 -7.50000000e-01
-8.00000000e+00 -1.87500000e-01 3.18750000e+00 2.50000000e-01 -4.37500000e-01 2.87500000e+00 4.37500000e-01 7.93750000e+00 -7.50000000e+00 1.00000000e+00 7.93750000e+00 -5.56250000e+00
-8.00000000e+00 -1.25000000e-01 3.37500000e+00 3.12500000e-01 -3.75000000e-01 2.87500000e+00 1.37500000e+00 7.93750000e+00 -8.00000000e+00 1.18750000e+00 7.93750000e+00 -6.18750000e+00
-8.00000000e+00 1.25000000e-01 3.18750000e+00 6.25000000e-02 -0.00000000e+00 2.75000000e+00 6.87500000e-01 7.93750000e+00 -6.75000000e+00 1.06250000e+00 7.93750000e+00 -5.00000000e+00
-8.00000000e+00 -2.50000000e-01 3.25000000e+00 2.50000000e-01 -4.37500000e-01 2.81250000e+00 3.12500000e-01 7.93750000e+00 -7.50000000e+00 1.00000000e+00 7.93750000e+00 -5.56250000e+00
-8.00000000e+00 -6.25000000e-02 3.18750000e+00 -6.25000000e-02 -2.50000000e-01 2.75000000e+00 8.75000000e-01 7.93750000e+00 -6.81250000e+00 1.00000000e+00 7.93750000e+00 -5.06250000e+00
-8.00000000e+00 -0.00000000e+00 3.18750000e+00 -6.25000000e-02 -1.87500000e-01 2.62500000e+00 -1.25000000e-01 7.93750000e+00 -8.00000000e+00 1.00000000e+00 7.93750000e+00 -5.62500000e+00
-7.56250000e+00 -2.50000000e-01 4.25000000e+00 -2.50000000e-01 0.00000000e+00 1.87500000e+00 5.62500000e-01 7.93750000e+00 -4.37500000e+00 8.12500000e-01 7.93750000e+00 -3.81250000e+00
-7.37500000e+00 1.25000000e-01 3.68750000e+00 -5.62500000e-01 1.25000000e-01 2.31250000e+00 8.75000000e-01 7.93750000e+00 -3.93750000e+00 1.00000000e+00 7.93750000e+00 -3.56250000e+00
-6.43750000e+00 -2.50000000e-01 4.18750000e+00 -1.25000000e-01 -6.25000000e-02 1.75000000e+00 5.62500000e-01 7.93750000e+00 -3.62500000e+00 6.25000000e-01 7.93750000e+00 -3.37500000e+00
-7.43750000e+00 1.87500000e-01 3.75000000e+00 -5.62500000e-01 1.87500000e-01 2.25000000e+00 8.12500000e-01 7.93750000e+00 -4.00000000e+00 1.06250000e+00 7.93750000e+00 -3.50000000e+00
-7.56250000e+00 -2.50000000e-01 4.31250000e+00 -1.87500000e-01 -0.00000000e+00 1.87500000e+00 5.62500000e-01 7.93750000e+00 -4.31250000e+00 7.50000000e-01 7.93750000e+00 -3.87500000e+00
-5.56250000e+00 1.87500000e-01 3.43750000e+00 -5.62500000e-01 3.75000000e-01 2.00000000e+00 6.87500000e-01 7.93750000e+00 -2.37500000e+00 9.37500000e-01 7.93750000e+00 -2.56250000e+00
-5.00000000e+00 1.25000000e-01 3.25000000e+00 -5.00000000e-01 2.50000000e-01 1.87500000e+00 7.50000000e-01 7.93750000e+00 -1.87500000e+00 8.12500000e-01 7.68750000e+00 -2.50000000e+00
-6.00000000e+00 1.25000000e-01 3.43750000e+00 -5.62500000e-01 2.50000000e-01 2.00000000e+00 -2.50000000e-01 7.93750000e+00 -3.06250000e+00 8.12500000e-01 7.93750000e+00 -3.00000000e+00
-6.50000000e+00 -3.12500000e-01 4.12500000e+00 -1.25000000e-01 -6.25000000e-02 1.75000000e+00 5.62500000e-01 7.93750000e+00 -3.56250000e+00 6.25000000e-01 7.93750000e+00 -3.37500000e+00
-7.12500000e+00 -2.50000000e-01 4.18750000e+00 -3.12500000e-01 6.25000000e-02 1.81250000e+00 5.62500000e-01 7.93750000e+00 -3.93750000e+00 7.50000000e-01 7.93750000e+00 -3.62500000e+00
-6.18750000e+00 1.87500000e-01 3.56250000e+00 -6.87500000e-01 2.50000000e-01 2.25000000e+00 6.25000000e-01 7.93750000e+00 -2.93750000e+00 1.00000000e+00 7.93750000e+00 -2.81250000e+00
-8.00000000e+00 -2.50000000e-01 3.25000000e+00 2.50000000e-01 -4.37500000e-01 2.81250000e+00 3.75000000e-01 7.93750000e+00 -7.50000000e+00 1.00000000e+00 7.93750000e+00 -5.62500000e+00
-8.00000000e+00 -0.00000000e+00 3.18750000e+00 -6.25000000e-02 -2.50000000e-01 2.68750000e+00 8.75000000e-01 7.93750000e+00 -6.81250000e+00 1.00000000e+00 7.93750000e+00 -5.06250000e+00
-8.00000000e+00 0.00000000e+00 3.18750000e+00 -6.25000000e-02 -1.87500000e-01 2.62500000e+00 -1.25000000e-01 7.93750000e+00 -8.00000000e+00 1.00000000e+00 7.93750000e+00 -5.62500000e+00
-1.50000000e+00 -3.12500000e-01 2.37500000e+00 -4.37500000e-01 2.50000000e-01 1.06250000e+00 2.50000000e-01 3.37500000e+00 1.87500000e-01 3.12500000e-01 3.50000000e+00 -1.06250000e+00
-2.06250000e+00 -5.62500000e-01 5.62500000e-01 -9.37500000e-01 6.25000000e-02 2.50000000e-01 5.00000000e-01 2.50000000e+00 -1.06250000e+00 2.50000000e-01 4.25000000e+00 -3.12500000e-01
-2.56250000e+00 -6.25000000e-02 2.50000000e+00 -3.75000000e-01 1.25000000e-01 1.31250000e+00 5.00000000e-01 4.56250000e+00 -1.87500000e-01 5.00000000e-01 4.68750000e+00 -1.43750000e+00
-1.50000000e+00 -3.75000000e-01 2.37500000e+00 -4.37500000e-01 2.50000000e-01 1.00000000e+00 2.50000000e-01 3.37500000e+00 1.87500000e-01 3.12500000e-01 3.56250000e+00 -1.06250000e+00
-2.56250000e+00 -1.25000000e-01 2.50000000e+00 -3.75000000e-01 1.25000000e-01 1.31250000e+00 5.00000000e-01 4.56250000e+00 -1.87500000e-01 5.00000000e-01 4.68750000e+00 -1.50000000e+00
-1.25000000e+00 -2.50000000e-01 2.75000000e+00 -3.75000000e-01 1.87500000e-01 7.50000000e-01 -6.25000000e-02 2.68750000e+00 4.37500000e-01 3.12500000e-01 2.87500000e+00 -7.50000000e-01
-8.00000000e+00 -6.25000000e-02 3.18750000e+00 -6.25000000e-02 -2.50000000e-01 2.75000000e+00 8.75000000e-01 7.93750000e+00 -6.81250000e+00 1.00000000e+00 7.93750000e+00 -5.06250000e+00
-8.00000000e+00 -2.50000000e-01 3.25000000e+00 2.50000000e-01 -3.75000000e-01 2.81250000e+00 3.75000000e-01 7.93750000e+00 -7.50000000e+00 1.00000000e+00 7.93750000e+00 -5.62500000e+00
-8.00000000e+00 -1.25000000e-01 3.18750000e+00 -1.87500000e-01 -1.87500000e-01 2.62500000e+00 1.00000000e+00 7.93750000e+00 -6.06250000e+00 8.12500000e-01 7.93750000e+00 -4.75000000e+00
-6.87500000e+00 1.25000000e-01 3.43750000e+00 -5.62500000e-01 6.25000000e-02 2.12500000e+00 6.25000000e-01 7.93750000e+00 -4.18750000e+00 7.50000000e-01 7.93750000e+00 -3.62500000e+00
-6.81250000e+00 -2.50000000e-01 4.12500000e+00 -1.25000000e-01 6.25000000e-02 1.68750000e+00 5.00000000e-01 7.93750000e+00 -3.87500000e+00 6.87500000e-01 7.93750000e+00 -3.56250000e+00
-6.50000000e+00 -3.12500000e-01 4.18750000e+00 -1.25000000e-01 -0.00000000e+00 1.75000000e+00 5.62500000e-01 7.93750000e+00 -3.50000000e+00 6.25000000e-01 7.93750000e+00 -3.37500000e+00
-8.00000000e+00 -1.87500000e-01 3.18750000e+00 -6.25000000e-02 -2.50000000e-01 2.68750000e+00 1.06250000e+00 7.93750000e+00 -6.93750000e+00 8.75000000e-01 7.93750000e+00 -5.18750000e+00
-7.56250000e+00 -1.87500000e-01 4.18750000e+00 -3.12500000e-01 6.25000000e-02 1.87500000e+00 5.62500000e-01 7.93750000e+00 -4.37500000e+00 8.12500000e-01 7.93750000e+00 -3.81250000e+00
-5.75000000e+00 -1.25000000e-01 3.56250000e+00 -3.12500000e-01 6.25000000e-02 1.75000000e+00 6.87500000e-01 7.93750000e+00 -3.12500000e+00 5.62500000e-01 7.93750000e+00 -3.06250000e+00
-5.00000000e+00 -0.00000000e+00 3.18750000e+00 -3.12500000e-01 2.50000000e-01 1.68750000e+00 5.62500000e-01 7.93750000e+00 -2.43750000e+00 5.62500000e-01 7.93750000e+00 -2.62500000e+00
-3.62500000e+00 -1.87500000e-01 2.00000000e+00 -1.87500000e-01 6.25000000e-02 1.25000000e+00 6.25000000e-01 5.81250000e+00 -1.00000000e+00 3.75000000e-01 6.12500000e+00 -1.87500000e+00
-6.50000000e+00 -3.12500000e-01 4.18750000e+00 -1.25000000e-01 -6.25000000e-02 1.75000000e+00 5.62500000e-01 7.93750000e+00 -3.50000000e+00 6.87500000e-01 7.93750000e+00 -3.31250000e+00
-5.75000000e+00 -1.25000000e-01 3.50000000e+00 -3.12500000e-01 6.25000000e-02 1.75000000e+00 6.87500000e-01 7.93750000e+00 -3.12500000e+00 5.62500000e-01 7.93750000e+00 -3.06250000e+00
-6.87500000e+00 6.25000000e-02 3.37500000e+00 -4.37500000e-01 6.25000000e-02 2.12500000e+00 6.25000000e-01 7.93750000e+00 -4.12500000e+00 6.87500000e-01 7.93750000e+00 -3.62500000e+00
-8.00000000e+00 -1.25000000e-01 3.12500000e+00 -1.25000000e-01 -1.87500000e-01 2.62500000e+00 1.00000000e+00 7.93750000e+00 -6.06250000e+00 8.12500000e-01 7.93750000e+00 -4.81250000e+00
-5.50000000e+00 -6.25000000e-02 2.68750000e+00 -1.25000000e-01 2.50000000e-01 1.81250000e+00 7.50000000e-01 7.93750000e+00 -2.31250000e+00 5.62500000e-01 7.93750000e+00 -3.18750000e+00
-7.56250000e+00 -1.87500000e-01 4.18750000e+00 -3.12500000e-01 6.25000000e-02 1.87500000e+00 5.00000000e-01 7.93750000e+00 -4.37500000e+00 8.12500000e-01 7.93750000e+00 -3.81250000e+00
-8.00000000e+00 -1.87500000e-01 3.43750000e+00 6.25000000e-02 -3.75000000e-01 2.62500000e+00 1.06250000e+00 7.93750000e+00 -6.87500000e+00 9.37500000e-01 7.93750000e+00 -5.18750000e+00
-5.68750000e+00 -6.25000000e-02 3.31250000e+00 -3.12500000e-01 1.87500000e-01 1.75000000e+00 6.25000000e-02 7.93750000e+00 -3.00000000e+00 5.62500000e-01 7.93750000e+00 -2.93750000e+00
-5.06250000e+00 -1.87500000e-01 2.56250000e+00 -1.87500000e-01 1.25000000e-01 1.56250000e+00 6.25000000e-01 7.93750000e+00 -2.18750000e+00 5.00000000e-01 7.93750000e+00 -2.62500000e+00
-6.81250000e+00 -2.50000000e-01 4.12500000e+00 -1.87500000e-01 -0.00000000e+00 1.75000000e+00 5.00000000e-01 7.93750000e+00 -3.93750000e+00 6.87500000e-01 7.93750000e+00 -3.50000000e+00
-4.56250000e+00 -1.25000000e-01 3.31250000e+00 -3.12500000e-01 1.25000000e-01 1.50000000e+00 5.62500000e-01 7.93750000e+00 -2.06250000e+00 5.00000000e-01 7.75000000e+00 -2.37500000e+00
-2.50000000e+00 -1.87500000e-01 2.37500000e+00 -3.75000000e-01 1.87500000e-01 1.25000000e+00 3.75000000e-01 4.62500000e+00 -3.12500000e-01 3.75000000e-01 4.81250000e+00 -1.43750000e+00
-1.25000000e+00 -2.50000000e-01 2.75000000e+00 -3.75000000e-01 1.25000000e-01 8.12500000e-01 -0.00000000e+00 2.68750000e+00 4.37500000e-01 2.50000000e-01 2.87500000e+00 -8.12500000e-01
-6.25000000e-01 -2.50000000e-01 2.75000000e+00 -5.00000000e-01 2.50000000e-01 6.25000000e-01 2.50000000e-01 1.68750000e+00 1.00000000e+00 1.87500000e-01 2.06250000e+00 -4.37500000e-01
-1.56250000e+00 -3.75000000e-01 2.37500000e+00 -4.37500000e-01 1.25000000e-01 1.06250000e+00 1.87500000e-01 3.37500000e+00 1.25000000e-01 3.12500000e-01 3.56250000e+00 -1.06250000e+00
-2.43750000e+00 -6.25000000e-02 2.31250000e+00 -2.50000000e-01 1.25000000e-01 1.06250000e+00 3.75000000e-01 4.56250000e+00 -3.12500000e-01 3.75000000e-01 4.93750000e+00 -1.25000000e+00
-3.75000000e-01 -3.12500000e-01 2.00000000e+00 -4.37500000e-01 2.50000000e-01 7.50000000e-01 6.25000000e-02 1.12500000e+00 1.06250000e+00 1.87500000e-01 1.62500000e+00 -3.12500000e-01
-1.56250000e+00 -3.75000000e-01 2.37500000e+00 -4.37500000e-01 1.25000000e-01 1.06250000e+00 1.87500000e-01 3.37500000e+00 1.25000000e-01 3.12500000e-01 3.56250000e+00 -1.06250000e+00
-1.25000000e+00 -3.12500000e-01 2.75000000e+00 -3.75000000e-01 1.87500000e-01 8.12500000e-01 0.00000000e+00 2.68750000e+00 3.75000000e-01 2.50000000e-01 2.87500000e+00 -8.12500000e-01
-8.00000000e+00 -1.25000000e-01 3.18750000e+00 -1.25000000e-01 -1.87500000e-01 2.62500000e+00 1.00000000e+00 7.93750000e+00 -6.06250000e+00 8.12500000e-01 7.93750000e+00 -4.81250000e+00
-8.00000000e+00 -1.25000000e-01 2.31250000e+00 -1.87500000e-01 -6.25000000e-02 2.43750000e+00 8.75000000e-01 7.93750000e+00 -4.93750000e+00 6.25000000e-01 7.93750000e+00 -4.12500000e+00
-8.00000000e+00 -1.87500000e-01 3.18750000e+00 -6.25000000e-02 -3.12500000e-01 2.68750000e+00 1.06250000e+00 7.93750000e+00 -6.87500000e+00 8.75000000e-01 7.93750000e+00 -5.18750000e+00
-3.50000000e+00 -3.12500000e-01 2.50000000e+00 -5.00000000e-01 1.25000000e-01 1.62500000e+00 -1.25000000e-01 6.43750000e+00 -1.31250000e+00 5.00000000e-01 6.12500000e+00 -2.06250000e+00
-5.81250000e+00 -1.87500000e-01 3.75000000e+00 -1.25000000e-01 -6.25000000e-02 1.56250000e+00 3.75000000e-01 7.93750000e+00 -2.93750000e+00 5.62500000e-01 7.93750000e+00 -3.12500000e+00
-4.50000000e+00 -3.12500000e-01 3.06250000e+00 -2.50000000e-01 -6.25000000e-02 1.62500000e+00 5.00000000e-01 7.93750000e+00 -2.06250000e+00 3.75000000e-01 7.68750000e+00 -2.68750000e+00
-6.87500000e-01 6.25000000e-02 1.12500000e+00 -3.12500000e-01 1.87500000e-01 8.12500000e-01 -3.12500000e-01 1.43750000e+00 6.87500000e-01 6.25000000e-01 1.93750000e+00 -5.62500000e-01
-4.50000000e+00 -3.75000000e-01 3.06250000e+00 -2.50000000e-01 -6.25000000e-02 1.62500000e+00 5.00000000e-01 7.93750000e+00 -2.06250000e+00 3.75000000e-01 7.68750000e+00 -2.68750000e+00
-4.75000000e+00 -1.87500000e-01 3.81250000e+00 -2.50000000e-01 6.25000000e-02 1.25000000e+00 -6.25000000e-02 7.93750000e+00 -2.25000000e+00 5.62500000e-01 7.81250000e+00 -2.43750000e+00
-2.31250000e+00 -3.75000000e-01 2.37500000e+00 -4.37500000e-01 1.87500000e-01 1.25000000e+00 -6.25000000e-02 4.56250000e+00 -3.75000000e-01 3.75000000e-01 4.56250000e+00 -1.37500000e+00
-2.37500000e+00 -3.75000000e-01 2.37500000e+00 -4.37500000e-01 1.87500000e-01 1.25000000e+00 -6.25000000e-02 4.68750000e+00 -4.37500000e-01 3.75000000e-01 4.68750000e+00 -1.37500000e+00
-1.50000000e+00 -6.25000000e-02 1.75000000e+00 -6.25000000e-01 4.37500000e-01 1.18750000e+00 -6.25000000e-02 3.00000000e+00 2.50000000e-01 6.87500000e-01 3.12500000e+00 -1.00000000e+00
-4.81250000e+00 -1.87500000e-01 3.87500000e+00 -2.50000000e-01 6.25000000e-02 1.31250000e+00 -6.25000000e-02 7.93750000e+00 -2.31250000e+00 5.62500000e-01 7.87500000e+00 -2.50000000e+00
-8.12500000e-01 1.25000000e-01 9.37500000e-01 -3.75000000e-01 1.25000000e-01 8.12500000e-01 -2.50000000e-01 1.43750000e+00 7.50000000e-01 6.87500000e-01 1.93750000e+00 -6.25000000e-01
-5.37500000e+00 -1.87500000e-01 3.93750000e+00 -2.50000000e-01 6.25000000e-02 1.37500000e+00 -1.25000000e-01 7.93750000e+00 -2.68750000e+00 6.25000000e-01 7.93750000e+00 -2.75000000e+00
1.81250000e+00 -8.75000000e-01 -2.18750000e+00 6.25000000e-02 0.00000000e+00 -1.25000000e-01 5.00000000e-01 -4.75000000e+00 2.06250000e+00 0.00000000e+00 -3.06250000e+00 1.25000000e+00
-2.31250000e+00 -7.50000000e-01 2.37500000e+00 -2.50000000e-01 -6.25000000e-02 1.25000000e+00 3.12500000e-01 4.50000000e+00 -7.50000000e-01 2.50000000e-01 4.50000000e+00 -1.56250000e+00
5.00000000e-01 -4.37500000e-01 4.37500000e-01 -6.87500000e-01 3.12500000e-01 6.25000000e-01 -3.12500000e-01 -8.75000000e-01 1.18750000e+00 1.87500000e-01 -1.87500000e-01 1.25000000e-01
6.25000000e-01 -5.00000000e-01 5.00000000e-01 -3.75000000e-01 6.25000000e-02 5.62500000e-01 1.87500000e-01 -1.18750000e+00 1.62500000e+00 1.25000000e-01 -3.12500000e-01 1.87500000e-01
-1.50000000e+00 -4.37500000e-01 2.31250000e+00 -5.00000000e-01 1.87500000e-01 1.06250000e+00 -6.25000000e-02 3.18750000e+00 1.87500000e-01 3.12500000e-01 3.31250000e+00 -1.00000000e+00
5.62500000e-01 -4.37500000e-01 3.12500000e-01 -6.87500000e-01 2.50000000e-01 6.25000000e-01 -2.50000000e-01 -1.00000000e+00 1.25000000e+00 1.87500000e-01 -2.50000000e-01 1.87500000e-01
1.87500000e+00 -6.87500000e-01 -1.93750000e+00 6.25000000e-02 0.00000000e+00 -1.87500000e-01 3.75000000e-01 -4.68750000e+00 1.81250000e+00 0.00000000e+00 -3.00000000e+00 1.50000000e+00
-1.50000000e+00 -4.37500000e-01 2.25000000e+00 -5.00000000e-01 1.87500000e-01 1.06250000e+00 -0.00000000e+00 3.18750000e+00 1.87500000e-01 3.12500000e-01 3.37500000e+00 -1.00000000e+00
-3.93750000e+00 -1.87500000e-01 3.87500000e+00 -4.37500000e-01 3.75000000e-01 1.31250000e+00 -2.50000000e-01 7.06250000e+00 -1.37500000e+00 5.62500000e-01 6.68750000e+00 -1.93750000e+00
2.00000000e+00 -5.62500000e-01 -5.00000000e-01 -3.12500000e-01 1.87500000e-01 6.25000000e-02 2.50000000e-01 -3.56250000e+00 1.81250000e+00 -6.25000000e-02 -2.62500000e+00 1.00000000e+00
-6.87500000e-01 -1.25000000e-01 2.87500000e+00 -4.37500000e-01 1.87500000e-01 6.87500000e-01 -1.25000000e-01 1.68750000e+00 9.37500000e-01 1.87500000e-01 2.06250000e+00 -5.00000000e-01
-6.25000000e-01 -3.12500000e-01 2.68750000e+00 -3.12500000e-01 2.50000000e-01 5.62500000e-01 -1.87500000e-01 1.87500000e+00 8.12500000e-01 1.87500000e-01 2.00000000e+00 -5.00000000e-01
-1.18750000e+00 -3.12500000e-01 2.75000000e+00 -2.50000000e-01 1.25000000e-01 6.87500000e-01 1.25000000e-01 2.56250000e+00 4.37500000e-01 2.50000000e-01 2.75000000e+00 -7.50000000e-01
5.00000000e-01 -5.00000000e-01 1.68750000e+00 -1.25000000e-01 6.25000000e-02 3.12500000e-01 -1.25000000e-01 -4.37500000e-01 1.43750000e+00 1.25000000e-01 1.87500000e-01 1.25000000e-01
1.18750000e+00 -5.62500000e-01 6.25000000e-01 -6.25000000e-02 2.50000000e-01 1.87500000e-01 3.12500000e-01 -2.12500000e+00 1.31250000e+00 1.87500000e-01 -1.25000000e+00 6.87500000e-01
1.81250000e+00 -3.75000000e-01 5.62500000e-01 6.25000000e-02 6.25000000e-02 -4.37500000e-01 1.87500000e-01 -3.12500000e+00 1.43750000e+00 2.50000000e-01 -2.12500000e+00 1.06250000e+00
1.93750000e+00 -6.25000000e-01 -2.50000000e-01 -1.25000000e-01 6.25000000e-02 1.25000000e-01 6.25000000e-02 -3.75000000e+00 1.93750000e+00 0.00000000e+00 -2.50000000e+00 1.00000000e+00
1.43750000e+00 -3.75000000e-01 -1.87500000e-01 -6.25000000e-01 6.25000000e-02 2.50000000e-01 3.75000000e-01 -2.68750000e+00 1.25000000e+00 6.25000000e-02 -1.62500000e+00 5.00000000e-01
1.12500000e+00 -4.37500000e-01 1.50000000e+00 -1.25000000e-01 6.25000000e-02 0.00000000e+00 1.25000000e-01 -1.62500000e+00 1.68750000e+00 1.87500000e-01 -8.12500000e-01 5.00000000e-01
1.87500000e+00 -5.62500000e-01 -8.75000000e-01 -2.50000000e-01 0.00000000e+00 6.25000000e-02 3.75000000e-01 -3.75000000e+00 1.87500000e+00 0.00000000e+00 -2.43750000e+00 8.75000000e-01
2.75000000e+00 -6.87500000e-01 -2.00000000e+00 -6.25000000e-02 -1.87500000e-01 -3.75000000e-01 1.87500000e-01 -5.68750000e+00 1.93750000e+00 -0.00000000e+00 -4.12500000e+00 1.43750000e+00
1.62500000e+00 -5.62500000e-01 -1.06250000e+00 -1.87500000e-01 -0.00000000e+00 1.87500000e-01 -1.25000000e-01 -3.43750000e+00 1.81250000e+00 1.25000000e-01 -2.18750000e+00 5.62500000e-01
2.50000000e-01 -8.12500000e-01 1.56250000e+00 -1.87500000e-01 6.25000000e-02 5.62500000e-01 -2.50000000e-01 1.25000000e-01 9.37500000e-01 1.25000000e-01 6.25000000e-01 -6.25000000e-02
-6.87500000e-01 -1.25000000e-01 2.93750000e+00 -5.00000000e-01 1.87500000e-01 6.87500000e-01 0.00000000e+00 1.68750000e+00 9.37500000e-01 1.87500000e-01 2.12500000e+00 -4.37500000e-01
2.81250000e+00 -6.87500000e-01 -2.00000000e+00 -6.25000000e-02 -1.87500000e-01 -4.37500000e-01 1.87500000e-01 -5.68750000e+00 1.93750000e+00 -6.25000000e-02 -4.12500000e+00 1.50000000e+00
1.62500000e+00 -6.25000000e-01 -1.12500000e+00 -1.87500000e-01 -1.25000000e-01 1.87500000e-01 -1.25000000e-01 -3.50000000e+00 1.87500000e+00 1.25000000e-01 -2.31250000e+00 7.50000000e-01
-1.12500000e+00 -3.12500000e-01 2.75000000e+00 -2.50000000e-01 1.87500000e-01 6.87500000e-01 1.25000000e-01 2.50000000e+00 3.75000000e-01 3.12500000e-01 2.68750000e+00 -7.50000000e-01
1.93750000e+00 -6.25000000e-01 -1.87500000e-01 -1.25000000e-01 6.25000000e-02 1.25000000e-01 -0.00000000e+00 -3.75000000e+00 1.93750000e+00 0.00000000e+00 -2.43750000e+00 1.00000000e+00
-6.25000000e-01 -2.50000000e-01 2.75000000e+00 -3.12500000e-01 2.50000000e-01 5.62500000e-01 -1.87500000e-01 1.81250000e+00 8.12500000e-01 2.50000000e-01 1.93750000e+00 -5.62500000e-01
3.75000000e-01 -8.12500000e-01 1.56250000e+00 -1.25000000e-01 -0.00000000e+00 6.25000000e-01 -2.50000000e-01 6.25000000e-02 1.00000000e+00 6.25000000e-02 5.62500000e-01 -6.25000000e-02
1.81250000e+00 -4.37500000e-01 3.75000000e-01 6.25000000e-02 1.87500000e-01 -3.75000000e-01 2.50000000e-01 -3.18750000e+00 1.43750000e+00 2.50000000e-01 -2.18750000e+00 1.00000000e+00
5.00000000e-01 -5.00000000e-01 1.75000000e+00 -1.25000000e-01 6.25000000e-02 3.12500000e-01 -6.25000000e-02 -4.37500000e-01 1.43750000e+00 1.25000000e-01 1.87500000e-01 1.25000000e-01
2.00000000e+00 -5.62500000e-01 -5.62500000e-01 -3.12500000e-01 1.25000000e-01 6.25000000e-02 2.50000000e-01 -3.62500000e+00 1.87500000e+00 -0.00000000e+00 -2.68750000e+00 1.00000000e+00
-3.12500000e-01 -4.37500000e-01 2.50000000e+00 -2.50000000e-01 6.25000000e-02 4.37500000e-01 -6.25000000e-02 1.37500000e+00 8.75000000e-01 1.87500000e-01 1.75000000e+00 -2.50000000e-01
2.18750000e+00 -6.87500000e-01 -2.00000000e+00 6.25000000e-02 -1.87500000e-01 -6.25000000e-02 5.62500000e-01 -4.81250000e+00 1.62500000e+00 1.25000000e-01 -3.12500000e+00 1.25000000e+00
1.12500000e+00 -4.37500000e-01 1.50000000e+00 -1.25000000e-01 6.25000000e-02 0.00000000e+00 1.25000000e-01 -1.56250000e+00 1.75000000e+00 1.25000000e-01 -8.12500000e-01 4.37500000e-01
1.25000000e+00 -6.25000000e-01 5.62500000e-01 -1.25000000e-01 2.50000000e-01 3.12500000e-01 3.12500000e-01 -2.06250000e+00 1.37500000e+00 6.25000000e-02 -1.18750000e+00 6.87500000e-01
3.37500000e+00 -6.25000000e-01 -1.56250000e+00 -6.25000000e-02 -0.00000000e+00 -3.12500000e-01 5.00000000e-01 -6.12500000e+00 1.37500000e+00 -0.00000000e+00 -4.62500000e+00 1.68750000e+00
3.06250000e+00 -5.00000000e-01 -1.06250000e+00 0.00000000e+00 1.25000000e-01 -8.12500000e-01 5.00000000e-01 -6.25000000e+00 1.50000000e+00 -3.75000000e-01 -4.81250000e+00 1.93750000e+00
2.87500000e+00 -1.87500000e-01 4.37500000e-01 -2.50000000e-01 3.75000000e-01 -3.75000000e-01 1.87500000e-01 -4.93750000e+00 2.56250000e+00 -2.50000000e-01 -3.87500000e+00 1.62500000e+00
3.06250000e+00 -2.50000000e-01 2.50000000e-01 -3.75000000e-01 1.87500000e-01 -3.75000000e-01 -6.25000000e-02 -5.12500000e+00 2.43750000e+00 -3.75000000e-01 -3.93750000e+00 1.37500000e+00
1.31250000e+00 1.87500000e-01 2.87500000e+00 -5.62500000e-01 2.50000000e-01 1.25000000e-01 -6.25000000e-02 -1.00000000e+00 2.06250000e+00 -1.87500000e-01 -5.00000000e-01 2.50000000e-01
2.75000000e+00 -3.75000000e-01 -6.87500000e-01 1.87500000e-01 2.50000000e-01 -8.12500000e-01 3.12500000e-01 -5.25000000e+00 1.50000000e+00 2.50000000e-01 -4.12500000e+00 1.50000000e+00
2.87500000e+00 -5.00000000e-01 -8.75000000e-01 6.25000000e-02 -1.87500000e-01 -6.87500000e-01 4.37500000e-01 -5.62500000e+00 1.68750000e+00 1.87500000e-01 -4.12500000e+00 1.56250000e+00
2.37500000e+00 -1.87500000e-01 4.37500000e-01 -6.25000000e-02 -6.25000000e-02 -6.87500000e-01 -4.37500000e-01 -3.93750000e+00 1.50000000e+00 0.00000000e+00 -3.06250000e+00 9.37500000e-01
2.43750000e+00 -3.12500000e-01 1.06250000e+00 -3.12500000e-01 -0.00000000e+00 -2.50000000e-01 -3.12500000e-01 -3.75000000e+00 2.25000000e+00 -1.25000000e-01 -2.81250000e+00 9.37500000e-01
1.06250000e+00 0.00000000e+00 2.68750000e+00 -5.62500000e-01 4.37500000e-01 2.50000000e-01 -4.37500000e-01 -1.12500000e+00 2.37500000e+00 -1.25000000e-01 -5.00000000e-01 5.00000000e-01
2.81250000e+00 0.00000000e+00 1.25000000e+00 -4.37500000e-01 1.87500000e-01 -2.50000000e-01 3.12500000e-01 -4.18750000e+00 2.56250000e+00 -3.75000000e-01 -3.18750000e+00 1.18750000e+00
2.37500000e+00 -4.37500000e-01 6.25000000e-02 1.25000000e-01 -6.25000000e-02 -5.62500000e-01 -1.25000000e-01 -4.18750000e+00 1.56250000e+00 1.25000000e-01 -3.12500000e+00 1.00000000e+00
2.56250000e+00 -0.00000000e+00 1.62500000e+00 -5.00000000e-01 1.25000000e-01 -6.25000000e-02 -1.87500000e-01 -3.37500000e+00 2.43750000e+00 -3.75000000e-01 -2.56250000e+00 8.75000000e-01
2.81250000e+00 -5.00000000e-01 -5.00000000e-01 -0.00000000e+00 -1.87500000e-01 -6.87500000e-01 -1.87500000e-01 -5.18750000e+00 1.87500000e+00 0.00000000e+00 -3.93750000e+00 1.37500000e+00
2.93750000e+00 -3.75000000e-01 -1.06250000e+00 0.00000000e+00 5.62500000e-01 -6.25000000e-01 4.37500000e-01 -5.81250000e+00 1.56250000e+00 2.50000000e-01 -4.56250000e+00 1.62500000e+00
1.62500000e+00 2.50000000e-01 2.62500000e+00 -5.62500000e-01 6.25000000e-01 1.25000000e-01 -1.87500000e-01 -2.12500000e+00 2.62500000e+00 -1.87500000e-01 -1.43750000e+00 9.37500000e-01
2.75000000e+00 -3.75000000e-01 -7.50000000e-01 1.87500000e-01 2.50000000e-01 -8.12500000e-01 2.50000000e-01 -5.31250000e+00 1.50000000e+00 2.50000000e-01 -4.12500000e+00 1.50000000e+00
3.06250000e+00 -5.00000000e-01 -1.00000000e+00 -0.00000000e+00 1.87500000e-01 -8.12500000e-01 5.00000000e-01 -6.25000000e+00 1.56250000e+00 -3.75000000e-01 -4.81250000e+00 1.81250000e+00
1.06250000e+00 -6.25000000e-02 2.68750000e+00 -5.62500000e-01 3.75000000e-01 1.87500000e-01 -3.12500000e-01 -9.37500000e-01 2.25000000e+00 -1.87500000e-01 -3.12500000e-01 4.37500000e-01
2.93750000e+00 -5.62500000e-01 -8.75000000e-01 6.25000000e-02 -2.50000000e-01 -6.87500000e-01 3.75000000e-01 -5.68750000e+00 1.75000000e+00 1.87500000e-01 -4.18750000e+00 1.62500000e+00
2.93750000e+00 -2.50000000e-01 3.75000000e-01 -3.12500000e-01 2.50000000e-01 -3.75000000e-01 -0.00000000e+00 -5.12500000e+00 2.43750000e+00 -3.75000000e-01 -3.87500000e+00 1.62500000e+00
2.43750000e+00 -5.00000000e-01 6.25000000e-02 1.25000000e-01 -6.25000000e-02 -5.62500000e-01 -1.87500000e-01 -4.18750000e+00 1.62500000e+00 1.25000000e-01 -3.06250000e+00 1.06250000e+00
2.87500000e+00 -3.12500000e-01 -8.75000000e-01 1.25000000e-01 2.50000000e-01 -6.87500000e-01 4.37500000e-01 -5.75000000e+00 1.43750000e+00 2.50000000e-01 -4.43750000e+00 1.43750000e+00
1.43750000e+00 1.87500000e-01 2.93750000e+00 -6.25000000e-01 3.12500000e-01 3.12500000e-01 0.00000000e+00 -1.06250000e+00 2.31250000e+00 -3.12500000e-01 -5.00000000e-01 3.75000000e-01
2.56250000e+00 6.25000000e-02 1.62500000e+00 -4.37500000e-01 6.25000000e-02 -2.50000000e-01 -6.25000000e-02 -3.43750000e+00 2.31250000e+00 -3.12500000e-01 -2.50000000e+00 9.37500000e-01
3.12500000e+00 -5.00000000e-01 -1.25000000e+00 -0.00000000e+00 3.75000000e-01 -5.00000000e-01 5.00000000e-01 -5.87500000e+00 1.62500000e+00 1.87500000e-01 -4.50000000e+00 1.68750000e+00
1.75000000e+00 3.12500000e-01 1.56250000e+00 0.00000000e+00 5.00000000e-01 -5.00000000e-01 1.87500000e-01 -2.87500000e+00 2.25000000e+00 -6.25000000e-02 -2.06250000e+00 1.25000000e+00
1.00000000e+00 4.37500000e-01 2.25000000e+00 0.00000000e+00 6.25000000e-01 -3.75000000e-01 -5.00000000e-01 -1.50000000e+00 1.81250000e+00 6.25000000e-02 -9.37500000e-01 9.37500000e-01
2.50000000e+00 0.00000000e+00 6.25000000e-02 1.87500000e-01 3.75000000e-01 -7.50000000e-01 -1.25000000e-01 -4.81250000e+00 2.12500000e+00 -6.25000000e-02 -3.68750000e+00 1.75000000e+00
3.18750000e+00 -3.75000000e-01 -1.37500000e+00 2.50000000e-01 0.00000000e+00 -8.75000000e-01 6.25000000e-02 -6.37500000e+00 1.37500000e+00 -3.75000000e-01 -4.93750000e+00 1.87500000e+00
3.12500000e+00 -2.50000000e-01 -1.31250000e+00 6.25000000e-02 6.25000000e-02 -8.12500000e-01 -2.50000000e-01 -6.25000000e+00 1.75000000e+00 -4.37500000e-01 -4.87500000e+00 1.75000000e+00
2.87500000e+00 -3.75000000e-01 -6.25000000e-02 -2.50000000e-01 4.37500000e-01 -5.00000000e-01 3.75000000e-01 -5.43750000e+00 2.31250000e+00 -1.87500000e-01 -4.31250000e+00 1.87500000e+00
2.68750000e+00 -2.50000000e-01 -6.87500000e-01 3.12500000e-01 3.12500000e-01 -8.75000000e-01 -3.75000000e-01 -5.56250000e+00 1.75000000e+00 -6.25000000e-02 -4.37500000e+00 1.81250000e+00
3.00000000e+00 -5.00000000e-01 -1.06250000e+00 -0.00000000e+00 1.25000000e-01 -8.12500000e-01 5.00000000e-01 -6.31250000e+00 1.50000000e+00 -3.75000000e-01 -4.81250000e+00 1.87500000e+00
2.68750000e+00 -3.75000000e-01 -5.62500000e-01 1.25000000e-01 4.37500000e-01 -8.12500000e-01 4.37500000e-01 -5.62500000e+00 1.81250000e+00 -6.25000000e-02 -4.31250000e+00 1.93750000e+00
3.31250000e+00 -1.25000000e-01 -9.37500000e-01 6.25000000e-02 1.25000000e-01 -5.00000000e-01 4.37500000e-01 -5.62500000e+00 1.75000000e+00 -5.00000000e-01 -4.37500000e+00 1.43750000e+00
3.50000000e+00 -6.25000000e-02 -1.37500000e+00 2.50000000e-01 6.25000000e-02 -6.25000000e-01 -3.12500000e-01 -6.18750000e+00 1.75000000e+00 -3.12500000e-01 -4.87500000e+00 1.68750000e+00
2.93750000e+00 -3.75000000e-01 -1.06250000e+00 0.00000000e+00 2.50000000e-01 -6.87500000e-01 -3.75000000e-01 -6.12500000e+00 1.81250000e+00 -4.37500000e-01 -4.87500000e+00 1.62500000e+00
2.87500000e+00 0.00000000e+00 -6.25000000e-01 3.12500000e-01 -0.00000000e+00 -7.50000000e-01 -1.25000000e-01 -5.00000000e+00 1.93750000e+00 -3.75000000e-01 -3.81250000e+00 1.25000000e+00
2.62500000e+00 1.25000000e-01 -3.12500000e-01 3.75000000e-01 1.25000000e-01 -8.75000000e-01 2.50000000e-01 -5.00000000e+00 1.81250000e+00 -1.25000000e-01 -3.75000000e+00 1.50000000e+00
2.93750000e+00 1.87500000e-01 -1.50000000e+00 0.00000000e+00 2.50000000e-01 -6.25000000e-01 5.00000000e-01 -5.62500000e+00 1.81250000e+00 -1.25000000e-01 -4.25000000e+00 1.62500000e+00
2.12500000e+00 6.25000000e-02 5.00000000e-01 3.12500000e-01 3.12500000e-01 -8.12500000e-01 2.50000000e-01 -3.93750000e+00 1.75000000e+00 -6.25000000e-02 -3.00000000e+00 1.37500000e+00
5.62500000e-01 5.00000000e-01 3.12500000e+00 -2.50000000e-01 8.12500000e-01 2.50000000e-01 3.12500000e-01 -3.75000000e-01 2.06250000e+00 -0.00000000e+00 1.87500000e-01 5.62500000e-01
2.31250000e+00 3.75000000e-01 5.62500000e-01 6.25000000e-02 3.12500000e-01 -6.25000000e-01 1.25000000e-01 -4.06250000e+00 2.37500000e+00 -1.25000000e-01 -3.00000000e+00 1.37500000e+00
3.37500000e+00 0.00000000e+00 -1.25000000e+00 1.25000000e-01 2.50000000e-01 -4.37500000e-01 4.37500000e-01 -5.93750000e+00 1.81250000e+00 -2.50000000e-01 -4.56250000e+00 1.68750000e+00
3.06250000e+00 -5.00000000e-01 -1.00000000e+00 -0.00000000e+00 1.25000000e-01 -8.12500000e-01 5.00000000e-01 -6.31250000e+00 1.50000000e+00 -3.75000000e-01 -4.81250000e+00 1.93750000e+00
2.93750000e+00 -4.37500000e-01 -1.87500000e-01 -1.87500000e-01 3.75000000e-01 -6.87500000e-01 5.00000000e-01 -5.37500000e+00 2.06250000e+00 -1.87500000e-01 -4.25000000e+00 2.06250000e+00
2.81250000e+00 1.25000000e-01 -4.37500000e-01 2.50000000e-01 -0.00000000e+00 -8.12500000e-01 -1.25000000e-01 -5.06250000e+00 2.00000000e+00 -3.12500000e-01 -3.56250000e+00 1.43750000e+00
2.75000000e+00 -1.25000000e-01 -7.50000000e-01 2.50000000e-01 3.12500000e-01 -8.75000000e-01 -3.12500000e-01 -5.56250000e+00 1.93750000e+00 -1.25000000e-01 -4.31250000e+00 1.75000000e+00
2.56250000e+00 -1.25000000e-01 -1.25000000e-01 2.50000000e-01 3.12500000e-01 -8.75000000e-01 -0.00000000e+00 -5.00000000e+00 1.87500000e+00 -6.25000000e-02 -3.87500000e+00 1.81250000e+00
3.31250000e+00 -6.25000000e-02 -8.75000000e-01 1.87500000e-01 0.00000000e+00 -5.00000000e-01 3.75000000e-01 -5.75000000e+00 1.62500000e+00 -4.37500000e-01 -4.43750000e+00 1.37500000e+00
1.31250000e+00 2.50000000e-01 2.18750000e+00 -6.25000000e-02 6.87500000e-01 -3.12500000e-01 3.12500000e-01 -2.12500000e+00 2.06250000e+00 6.25000000e-02 -1.37500000e+00 1.12500000e+00
3.18750000e+00 -3.75000000e-01 -1.43750000e+00 2.50000000e-01 0.00000000e+00 -9.37500000e-01 1.25000000e-01 -6.37500000e+00 1.37500000e+00 -3.12500000e-01 -5.06250000e+00 1.93750000e+00
3.43750000e+00 -6.25000000e-02 -1.56250000e+00 1.87500000e-01 1.25000000e-01 -6.87500000e-01 -2.50000000e-01 -6.18750000e+00 1.93750000e+00 -2.50000000e-01 -4.87500000e+00 1.62500000e+00
1.31250000e+00 4.37500000e-01 2.00000000e+00 6.25000000e-02 5.62500000e-01 -4.37500000e-01 -5.00000000e-01 -1.93750000e+00 1.81250000e+00 -0.00000000e+00 -1.25000000e+00 1.00000000e+00
3.18750000e+00 -2.50000000e-01 -1.37500000e+00 1.25000000e-01 1.25000000e-01 -8.75000000e-01 -3.12500000e-01 -6.25000000e+00 1.68750000e+00 -4.37500000e-01 -4.93750000e+00 1.75000000e+00
2.06250000e+00 6.25000000e-02 1.06250000e+00 1.25000000e-01 5.62500000e-01 -6.25000000e-01 2.50000000e-01 -3.75000000e+00 2.25000000e+00 -0.00000000e+00 -2.87500000e+00 1.43750000e+00
2.25000000e+00 1.87500000e-01 3.75000000e-01 3.12500000e-01 2.50000000e-01 -8.75000000e-01 3.12500000e-01 -3.93750000e+00 1.81250000e+00 -1.25000000e-01 -3.00000000e+00 1.25000000e+00
2.87500000e+00 -1.87500000e-01 3.12500000e-01 -1.87500000e-01 5.00000000e-01 -4.37500000e-01 1.25000000e-01 -5.12500000e+00 2.50000000e+00 -2.50000000e-01 -3.93750000e+00 1.62500000e+00
1.43750000e+00 2.50000000e-01 2.68750000e+00 -5.00000000e-01 6.87500000e-01 6.25000000e-02 -1.25000000e-01 -1.87500000e+00 2.50000000e+00 -1.25000000e-01 -1.12500000e+00 1.00000000e+00
2.56250000e+00 1.25000000e-01 -3.12500000e-01 3.75000000e-01 1.87500000e-01 -8.75000000e-01 2.50000000e-01 -4.93750000e+00 1.87500000e+00 -1.25000000e-01 -3.75000000e+00 1.43750000e+00
2.81250000e+00 -5.00000000e-01 -6.25000000e-01 6.25000000e-02 3.75000000e-01 -8.12500000e-01 4.37500000e-01 -5.75000000e+00 1.75000000e+00 -1.87500000e-01 -4.37500000e+00 1.93750000e+00
2.31250000e+00 3.75000000e-01 5.62500000e-01 6.25000000e-02 3.12500000e-01 -6.25000000e-01 1.25000000e-01 -4.00000000e+00 2.31250000e+00 -1.87500000e-01 -3.00000000e+00 1.37500000e+00
2.87500000e+00 1.25000000e-01 -6.87500000e-01 -1.87500000e-01 5.00000000e-01 -1.87500000e-01 4.37500000e-01 -4.93750000e+00 1.93750000e+00 -3.12500000e-01 -3.68750000e+00 1.50000000e+00
2.06250000e+00 6.25000000e-01 -6.87500000e-01 -1.25000000e-01 5.62500000e-01 -3.75000000e-01 -3.75000000e-01 -3.81250000e+00 1.62500000e+00 -6.25000000e-02 -2.75000000e+00 1.12500000e+00
0.00000000e+00 9.37500000e-01 2.56250000e+00 1.87500000e-01 3.75000000e-01 -1.25000000e-01 -4.37500000e-01 7.50000000e-01 9.37500000e-01 -1.25000000e-01 1.06250000e+00 -6.25000000e-02
-8.12500000e-01 1.12500000e+00 2.75000000e+00 2.50000000e-01 3.75000000e-01 6.25000000e-02 3.12500000e-01 2.18750000e+00 2.50000000e-01 -1.25000000e-01 2.37500000e+00 -5.62500000e-01
2.43750000e+00 4.37500000e-01 -1.12500000e+00 -6.25000000e-02 3.12500000e-01 -3.75000000e-01 -2.50000000e-01 -4.62500000e+00 1.87500000e+00 -1.25000000e-01 -3.37500000e+00 1.37500000e+00
2.50000000e+00 1.25000000e-01 -1.75000000e+00 -3.12500000e-01 6.25000000e-02 -6.25000000e-01 -3.75000000e-01 -5.12500000e+00 2.12500000e+00 -3.75000000e-01 -3.68750000e+00 1.18750000e+00
2.56250000e+00 1.87500000e-01 -1.37500000e+00 -1.87500000e-01 1.25000000e-01 -6.87500000e-01 -4.37500000e-01 -4.81250000e+00 1.87500000e+00 -2.50000000e-01 -3.62500000e+00 1.12500000e+00
1.50000000e+00 4.37500000e-01 1.06250000e+00 2.50000000e-01 6.25000000e-02 -3.12500000e-01 -3.75000000e-01 -1.87500000e+00 1.43750000e+00 -3.12500000e-01 -1.25000000e+00 4.37500000e-01
8.12500000e-01 6.25000000e-01 1.62500000e+00 6.25000000e-02 6.25000000e-02 0.00000000e+00 2.50000000e-01 -4.37500000e-01 1.31250000e+00 -5.00000000e-01 1.87500000e-01 6.25000000e-02
2.06250000e+00 6.87500000e-01 -6.87500000e-01 -1.87500000e-01 5.00000000e-01 -5.00000000e-01 -3.12500000e-01 -3.81250000e+00 1.62500000e+00 -0.00000000e+00 -2.75000000e+00 1.12500000e+00
7.50000000e-01 6.25000000e-01 1.62500000e+00 0.00000000e+00 1.25000000e-01 6.25000000e-02 2.50000000e-01 -4.37500000e-01 1.37500000e+00 -5.00000000e-01 1.87500000e-01 6.25000000e-02
6.25000000e-02 8.75000000e-01 2.56250000e+00 1.87500000e-01 3.75000000e-01 -1.25000000e-01 -4.37500000e-01 7.50000000e-01 9.37500000e-01 -1.25000000e-01 1.06250000e+00 -6.25000000e-02
1.37500000e+00 5.62500000e-01 1.50000000e+00 1.87500000e-01 1.87500000e-01 -5.00000000e-01 3.12500000e-01 -1.87500000e+00 1.56250000e+00 -1.87500000e-01 -1.12500000e+00 6.87500000e-01
2.50000000e+00 1.87500000e-01 -1.50000000e+00 -3.12500000e-01 -6.25000000e-02 -6.25000000e-01 -5.00000000e-01 -4.87500000e+00 2.00000000e+00 -3.12500000e-01 -3.68750000e+00 1.12500000e+00
2.50000000e+00 1.87500000e-01 -1.43750000e+00 -1.87500000e-01 1.25000000e-01 -6.87500000e-01 -4.37500000e-01 -4.81250000e+00 1.87500000e+00 -2.50000000e-01 -3.50000000e+00 1.12500000e+00
1.50000000e+00 4.37500000e-01 1.06250000e+00 2.50000000e-01 0.00000000e+00 -3.12500000e-01 -3.75000000e-01 -1.87500000e+00 1.43750000e+00 -3.12500000e-01 -1.25000000e+00 4.37500000e-01
2.37500000e+00 4.37500000e-01 -1.12500000e+00 -6.25000000e-02 2.50000000e-01 -3.12500000e-01 -1.87500000e-01 -4.50000000e+00 1.93750000e+00 -1.87500000e-01 -3.25000000e+00 1.31250000e+00
3.00000000e+00 1.25000000e-01 -6.25000000e-01 -2.50000000e-01 5.00000000e-01 -1.87500000e-01 4.37500000e-01 -4.93750000e+00 1.87500000e+00 -3.12500000e-01 -3.81250000e+00 1.50000000e+00
-5.62500000e-01 8.75000000e-01 2.12500000e+00 -6.25000000e-02 0.00000000e+00 5.62500000e-01 3.75000000e-01 2.18750000e+00 3.75000000e-01 -5.62500000e-01 2.43750000e+00 -8.75000000e-01
0.00000000e+00 8.75000000e-01 1.56250000e+00 -5.00000000e-01 3.12500000e-01 8.12500000e-01 3.12500000e-01 1.25000000e+00 9.37500000e-01 -5.00000000e-01 1.68750000e+00 -5.00000000e-01
-3.50000000e+00 1.62500000e+00 3.37500000e+00 2.50000000e-01 2.50000000e-01 6.25000000e-01 -6.25000000e-02 6.75000000e+00 -1.50000000e+00 -2.50000000e-01 6.31250000e+00 -1.93750000e+00
-6.87500000e-01 1.18750000e+00 1.56250000e+00 -5.62500000e-01 5.62500000e-01 9.37500000e-01 3.12500000e-01 2.37500000e+00 5.62500000e-01 -3.12500000e-01 2.68750000e+00 -6.87500000e-01
-1.93750000e+00 1.18750000e+00 2.43750000e+00 6.25000000e-02 0.00000000e+00 6.87500000e-01 0.00000000e+00 4.50000000e+00 -6.25000000e-01 -5.00000000e-01 4.43750000e+00 -1.50000000e+00
-4.00000000e+00 1.68750000e+00 3.81250000e+00 1.25000000e-01 4.37500000e-01 7.50000000e-01 5.00000000e-01 7.50000000e+00 -1.68750000e+00 -1.25000000e-01 7.06250000e+00 -2.06250000e+00
3.75000000e-01 9.37500000e-01 1.43750000e+00 -1.25000000e-01 3.75000000e-01 3.75000000e-01 1.25000000e-01 1.25000000e-01 1.50000000e+00 -4.37500000e-01 6.87500000e-01 -0.00000000e+00
-3.12500000e+00 1.56250000e+00 3.56250000e+00 1.25000000e-01 4.37500000e-01 5.62500000e-01 -2.50000000e-01 6.18750000e+00 -1.12500000e+00 -1.25000000e-01 5.81250000e+00 -1.68750000e+00
-6.87500000e-01 1.18750000e+00 1.56250000e+00 -5.00000000e-01 5.62500000e-01 8.75000000e-01 3.12500000e-01 2.31250000e+00 5.62500000e-01 -3.12500000e-01 2.62500000e+00 -6.87500000e-01
3.75000000e-01 9.37500000e-01 1.43750000e+00 -1.87500000e-01 3.75000000e-01 3.75000000e-01 6.25000000e-02 1.25000000e-01 1.50000000e+00 -4.37500000e-01 6.87500000e-01 0.00000000e+00
-1.93750000e+00 1.18750000e+00 2.43750000e+00 6.25000000e-02 0.00000000e+00 6.25000000e-01 6.25000000e-02 4.50000000e+00 -6.25000000e-01 -5.00000000e-01 4.43750000e+00 -1.56250000e+00
-5.62500000e-01 9.37500000e-01 2.12500000e+00 -1.25000000e-01 0.00000000e+00 5.62500000e-01 3.75000000e-01 2.25000000e+00 3.75000000e-01 -5.62500000e-01 2.50000000e+00 -8.12500000e-01
6.25000000e-02 8.75000000e-01 1.56250000e+00 -5.00000000e-01 3.12500000e-01 8.75000000e-01 2.50000000e-01 1.25000000e+00 8.75000000e-01 -5.62500000e-01 1.68750000e+00 -5.00000000e-01
-3.06250000e+00 1.56250000e+00 3.50000000e+00 1.25000000e-01 4.37500000e-01 5.62500000e-01 -2.50000000e-01 6.06250000e+00 -1.12500000e+00 -1.25000000e-01 5.75000000e+00 -1.62500000e+00
-3.56250000e+00 1.56250000e+00 3.12500000e+00 3.12500000e-01 6.25000000e-02 6.25000000e-01 4.37500000e-01 7.12500000e+00 -1.75000000e+00 -3.75000000e-01 6.75000000e+00 -2.25000000e+00
-4.75000000e+00 1.75000000e+00 3.62500000e+00 1.25000000e-01 2.50000000e-01 9.37500000e-01 6.25000000e-01 7.93750000e+00 -2.18750000e+00 -1.87500000e-01 7.93750000e+00 -2.50000000e+00
-4.12500000e+00 1.62500000e+00 3.00000000e+00 1.25000000e-01 1.25000000e-01 1.12500000e+00 5.62500000e-01 7.93750000e+00 -1.81250000e+00 -3.12500000e-01 7.62500000e+00 -2.37500000e+00
-4.93750000e+00 1.81250000e+00 3.87500000e+00 2.50000000e-01 5.00000000e-01 9.37500000e-01 6.25000000e-02 7.93750000e+00 -2.68750000e+00 -1.87500000e-01 7.93750000e+00 -2.68750000e+00
-4.75000000e+00 1.75000000e+00 3.62500000e+00 1.25000000e-01 3.12500000e-01 9.37500000e-01 6.25000000e-01 7.93750000e+00 -2.18750000e+00 -1.87500000e-01 7.93750000e+00 -2.50000000e+00
-3.50000000e+00 1.50000000e+00 3.12500000e+00 3.75000000e-01 0.00000000e+00 6.25000000e-01 5.00000000e-01 7.00000000e+00 -1.81250000e+00 -4.37500000e-01 6.68750000e+00 -2.25000000e+00
-3.50000000e+00 1.62500000e+00 3.37500000e+00 2.50000000e-01 2.50000000e-01 6.25000000e-01 -6.25000000e-02 6.68750000e+00 -1.50000000e+00 -2.50000000e-01 6.31250000e+00 -1.93750000e+00
-5.00000000e+00 1.75000000e+00 3.06250000e+00 2.50000000e-01 1.25000000e-01 1.25000000e+00 6.25000000e-01 7.93750000e+00 -2.43750000e+00 -2.50000000e-01 7.93750000e+00 -2.81250000e+00
-5.06250000e+00 1.75000000e+00 3.06250000e+00 2.50000000e-01 1.25000000e-01 1.25000000e+00 6.87500000e-01 7.93750000e+00 -2.50000000e+00 -2.50000000e-01 7.93750000e+00 -2.75000000e+00
-4.12500000e+00 1.62500000e+00 3.00000000e+00 1.25000000e-01 1.25000000e-01 1.12500000e+00 5.62500000e-01 7.93750000e+00 -1.87500000e+00 -3.12500000e-01 7.62500000e+00 -2.31250000e+00
-3.31250000e+00 1.68750000e+00 7.50000000e-01 -1.87500000e-01 6.25000000e-02 9.37500000e-01 9.37500000e-01 5.43750000e+00 -1.18750000e+00 -4.37500000e-01 5.81250000e+00 -1.87500000e+00
-2.93750000e+00 1.00000000e+00 -3.93750000e+00 3.75000000e-01 -1.25000000e-01 1.87500000e-01 9.37500000e-01 3.37500000e+00 -2.18750000e+00 -5.62500000e-01 4.43750000e+00 -1.06250000e+00
-3.00000000e+00 1.06250000e+00 -2.18750000e+00 4.37500000e-01 0.00000000e+00 2.50000000e-01 8.75000000e-01 3.87500000e+00 -1.81250000e+00 -5.00000000e-01 4.62500000e+00 -1.18750000e+00
-5.25000000e+00 2.06250000e+00 2.43750000e+00 2.50000000e-01 3.12500000e-01 1.37500000e+00 6.25000000e-02 7.93750000e+00 -2.43750000e+00 -1.25000000e-01 7.93750000e+00 -2.81250000e+00
-1.12500000e+00 -3.75000000e-01 -8.12500000e-01 -2.50000000e-01 -2.50000000e-01 9.37500000e-01 5.00000000e-01 6.25000000e-01 8.12500000e-01 3.75000000e-01 2.00000000e+00 -8.12500000e-01
-3.00000000e+00 -3.75000000e-01 2.75000000e+00 -3.75000000e-01 -6.25000000e-02 1.31250000e+00 -1.25000000e-01 5.68750000e+00 -1.00000000e+00 2.50000000e-01 5.50000000e+00 -1.87500000e+00
-2.37500000e+00 -3.12500000e-01 2.37500000e+00 -4.37500000e-01 1.25000000e-01 1.31250000e+00 1.87500000e-01 4.62500000e+00 -3.12500000e-01 3.75000000e-01 4.62500000e+00 -1.43750000e+00
-2.43750000e+00 -3.12500000e-01 2.43750000e+00 -4.37500000e-01 1.25000000e-01 1.31250000e+00 1.87500000e-01 4.62500000e+00 -3.75000000e-01 3.75000000e-01 4.68750000e+00 -1.50000000e+00
-1.62500000e+00 -5.00000000e-01 2.43750000e+00 -3.75000000e-01 -0.00000000e+00 1.00000000e+00 -1.87500000e-01 3.37500000e+00 0.00000000e+00 2.50000000e-01 3.50000000e+00 -1.06250000e+00
-1.43750000e+00 -3.75000000e-01 2.12500000e+00 -5.62500000e-01 1.87500000e-01 1.12500000e+00 2.50000000e-01 3.00000000e+00 3.12500000e-01 3.12500000e-01 3.25000000e+00 -9.37500000e-01
-6.25000000e-01 6.25000000e-02 1.37500000e+00 -2.50000000e-01 1.25000000e-01 7.50000000e-01 3.75000000e-01 1.18750000e+00 1.00000000e+00 4.37500000e-01 1.87500000e+00 -4.37500000e-01
-1.62500000e+00 -5.62500000e-01 2.43750000e+00 -3.75000000e-01 -1.87500000e-01 1.00000000e+00 -1.25000000e-01 3.31250000e+00 -1.25000000e-01 1.25000000e-01 3.68750000e+00 -1.00000000e+00
-1.12500000e+00 -3.75000000e-01 2.68750000e+00 -2.50000000e-01 1.25000000e-01 6.87500000e-01 1.25000000e-01 2.56250000e+00 3.75000000e-01 2.50000000e-01 2.75000000e+00 -7.50000000e-01
-6.87500000e-01 -6.87500000e-01 1.93750000e+00 -6.25000000e-01 6.25000000e-02 1.06250000e+00 0.00000000e+00 1.93750000e+00 6.87500000e-01 1.87500000e-01 2.06250000e+00 -6.87500000e-01
-8.12500000e-01 -7.50000000e-01 2.06250000e+00 -4.37500000e-01 -0.00000000e+00 9.37500000e-01 -1.25000000e-01 1.87500000e+00 5.62500000e-01 6.25000000e-02 2.25000000e+00 -8.12500000e-01
6.87500000e-01 -4.37500000e-01 5.62500000e-01 -3.75000000e-01 6.25000000e-02 4.37500000e-01 1.25000000e-01 -1.18750000e+00 1.62500000e+00 1.25000000e-01 -3.12500000e-01 1.87500000e-01
4.37500000e-01 -5.00000000e-01 1.75000000e+00 -1.87500000e-01 6.25000000e-02 3.12500000e-01 -0.00000000e+00 -4.37500000e-01 1.43750000e+00 1.25000000e-01 1.87500000e-01 6.25000000e-02
1.00000000e+00 -5.62500000e-01 -1.37500000e+00 -1.25000000e-01 -6.25000000e-02 4.37500000e-01 -1.25000000e-01 -2.62500000e+00 1.56250000e+00 3.12500000e-01 -1.31250000e+00 3.75000000e-01
-5.00000000e-01 -1.87500000e-01 2.81250000e+00 -3.75000000e-01 1.87500000e-01 5.00000000e-01 0.00000000e+00 1.50000000e+00 9.37500000e-01 1.87500000e-01 1.75000000e+00 -4.37500000e-01
-7.50000000e-01 -1.25000000e-01 2.93750000e+00 -4.37500000e-01 2.50000000e-01 5.62500000e-01 -1.87500000e-01 2.00000000e+00 7.50000000e-01 1.87500000e-01 2.12500000e+00 -6.25000000e-01
2.50000000e-01 -8.75000000e-01 1.43750000e+00 -4.37500000e-01 6.25000000e-02 6.87500000e-01 2.50000000e-01 1.25000000e-01 1.25000000e+00 -0.00000000e+00 7.50000000e-01 -1.25000000e-01
1.06250000e+00 -5.62500000e-01 -1.25000000e+00 -1.25000000e-01 -1.25000000e-01 4.37500000e-01 -1.25000000e-01 -2.62500000e+00 1.56250000e+00 3.12500000e-01 -1.37500000e+00 3.75000000e-01
4.37500000e-01 -5.00000000e-01 1.75000000e+00 -1.87500000e-01 6.25000000e-02 3.12500000e-01 -6.25000000e-02 -4.37500000e-01 1.43750000e+00 1.25000000e-01 2.50000000e-01 1.25000000e-01
-4.37500000e-01 -2.50000000e-01 2.81250000e+00 -3.75000000e-01 1.25000000e-01 5.00000000e-01 1.25000000e-01 1.43750000e+00 9.37500000e-01 2.50000000e-01 1.81250000e+00 -3.12500000e-01
-7.50000000e-01 -6.25000000e-02 3.00000000e+00 -5.00000000e-01 1.87500000e-01 5.62500000e-01 -2.50000000e-01 2.00000000e+00 7.50000000e-01 1.87500000e-01 2.18750000e+00 -6.25000000e-01
1.37500000e+00 -5.00000000e-01 -6.87500000e-01 -3.12500000e-01 -2.50000000e-01 3.75000000e-01 1.25000000e-01 -2.62500000e+00 1.56250000e+00 3.12500000e-01 -9.37500000e-01 9.37500000e-01
1.18750000e+00 -9.37500000e-01 4.37500000e-01 -1.87500000e-01 1.25000000e-01 5.00000000e-01 6.25000000e-02 -1.81250000e+00 1.62500000e+00 -1.87500000e-01 -1.00000000e+00 4.37500000e-01
1.68750000e+00 -5.62500000e-01 -1.12500000e+00 -1.25000000e-01 -6.25000000e-02 1.87500000e-01 6.25000000e-02 -3.62500000e+00 1.87500000e+00 1.25000000e-01 -2.31250000e+00 7.50000000e-01
1.43750000e+00 -8.12500000e-01 6.25000000e-01 1.87500000e-01 -1.25000000e-01 6.25000000e-02 6.25000000e-02 -2.31250000e+00 1.68750000e+00 -6.25000000e-02 -1.56250000e+00 5.62500000e-01
2.18750000e+00 -6.25000000e-01 -9.37500000e-01 -2.50000000e-01 -1.25000000e-01 3.12500000e-01 -1.87500000e-01 -3.93750000e+00 1.87500000e+00 6.25000000e-02 -2.25000000e+00 1.25000000e+00
1.75000000e+00 -6.87500000e-01 3.12500000e-01 1.25000000e-01 0.00000000e+00 -1.25000000e-01 -2.50000000e-01 -3.00000000e+00 1.75000000e+00 0.00000000e+00 -2.12500000e+00 8.75000000e-01
1.00000000e+00 -6.25000000e-02 2.62500000e+00 -5.00000000e-01 3.75000000e-01 2.50000000e-01 -3.12500000e-01 -1.06250000e+00 2.25000000e+00 0.00000000e+00 -5.62500000e-01 4.37500000e-01
1.56250000e+00 -4.37500000e-01 -5.62500000e-01 -3.12500000e-01 1.25000000e-01 6.25000000e-01 1.87500000e-01 -2.75000000e+00 1.68750000e+00 1.25000000e-01 -1.62500000e+00 6.87500000e-01
1.93750000e+00 -5.62500000e-01 -8.12500000e-01 -3.12500000e-01 -0.00000000e+00 1.87500000e-01 3.75000000e-01 -3.68750000e+00 1.87500000e+00 6.25000000e-02 -2.43750000e+00 8.12500000e-01
1.12500000e+00 -4.37500000e-01 1.43750000e+00 -1.25000000e-01 0.00000000e+00 -0.00000000e+00 1.87500000e-01 -1.62500000e+00 1.68750000e+00 1.25000000e-01 -8.75000000e-01 5.00000000e-01
1.43750000e+00 -8.12500000e-01 5.62500000e-01 1.25000000e-01 -6.25000000e-02 6.25000000e-02 6.25000000e-02 -2.37500000e+00 1.68750000e+00 -6.25000000e-02 -1.43750000e+00 6.25000000e-01
1.37500000e+00 -5.62500000e-01 -1.18750000e+00 -2.50000000e-01 -1.25000000e-01 4.37500000e-01 -1.25000000e-01 -3.00000000e+00 1.62500000e+00 2.50000000e-01 -1.87500000e+00 3.75000000e-01
2.25000000e+00 -1.00000000e+00 -1.25000000e-01 -1.87500000e-01 -6.25000000e-02 3.75000000e-01 1.25000000e-01 -4.00000000e+00 1.81250000e+00 6.25000000e-02 -2.18750000e+00 1.56250000e+00
1.06250000e+00 -1.25000000e-01 2.62500000e+00 -5.00000000e-01 3.75000000e-01 2.50000000e-01 -3.12500000e-01 -1.18750000e+00 2.25000000e+00 0.00000000e+00 -5.62500000e-01 5.00000000e-01
1.62500000e+00 -5.62500000e-01 -1.12500000e+00 -1.87500000e-01 -1.25000000e-01 1.25000000e-01 6.25000000e-02 -3.56250000e+00 1.87500000e+00 1.25000000e-01 -2.25000000e+00 7.50000000e-01
1.75000000e+00 -6.87500000e-01 3.12500000e-01 1.25000000e-01 -0.00000000e+00 -1.25000000e-01 -2.50000000e-01 -3.00000000e+00 1.75000000e+00 0.00000000e+00 -2.12500000e+00 8.75000000e-01
2.37500000e+00 -4.37500000e-01 1.31250000e+00 -4.37500000e-01 6.25000000e-02 -6.25000000e-02 -4.37500000e-01 -3.37500000e+00 2.56250000e+00 -1.25000000e-01 -2.62500000e+00 9.37500000e-01
1.87500000e+00 -5.62500000e-01 -3.12500000e-01 -1.87500000e-01 1.87500000e-01 6.25000000e-02 -6.25000000e-02 -3.62500000e+00 2.00000000e+00 0.00000000e+00 -2.50000000e+00 9.37500000e-01
1.93750000e+00 -6.87500000e-01 -3.75000000e-01 -2.50000000e-01 6.25000000e-02 1.25000000e-01 3.12500000e-01 -3.62500000e+00 1.87500000e+00 -0.00000000e+00 -2.62500000e+00 1.12500000e+00
2.31250000e+00 -5.62500000e-01 -2.50000000e-01 1.25000000e-01 6.25000000e-02 -4.37500000e-01 3.12500000e-01 -4.31250000e+00 2.00000000e+00 6.25000000e-02 -3.12500000e+00 1.18750000e+00
1.75000000e+00 -7.50000000e-01 2.50000000e-01 1.25000000e-01 0.00000000e+00 -1.25000000e-01 -1.87500000e-01 -3.00000000e+00 1.75000000e+00 -0.00000000e+00 -2.12500000e+00 8.75000000e-01
2.62500000e+00 -7.50000000e-01 -1.93750000e+00 0.00000000e+00 -6.25000000e-02 -3.12500000e-01 -1.25000000e-01 -5.62500000e+00 1.93750000e+00 -6.25000000e-02 -4.18750000e+00 1.43750000e+00
2.62500000e+00 -6.25000000e-01 -6.25000000e-01 3.12500000e-01 -1.87500000e-01 -6.25000000e-01 -2.50000000e-01 -4.93750000e+00 1.87500000e+00 1.25000000e-01 -3.75000000e+00 1.25000000e+00
2.68750000e+00 -7.50000000e-01 -1.81250000e+00 -6.25000000e-02 -1.25000000e-01 -3.12500000e-01 -1.25000000e-01 -5.68750000e+00 2.00000000e+00 -6.25000000e-02 -4.12500000e+00 1.50000000e+00
1.87500000e+00 -5.62500000e-01 -2.50000000e-01 -1.87500000e-01 1.87500000e-01 6.25000000e-02 -0.00000000e+00 -3.68750000e+00 2.00000000e+00 0.00000000e+00 -2.43750000e+00 1.00000000e+00
2.37500000e+00 -4.37500000e-01 1.25000000e+00 -4.37500000e-01 6.25000000e-02 -6.25000000e-02 -4.37500000e-01 -3.43750000e+00 2.56250000e+00 -1.25000000e-01 -2.62500000e+00 1.00000000e+00
2.56250000e+00 -6.25000000e-01 -6.25000000e-01 1.87500000e-01 -1.25000000e-01 -6.25000000e-01 -2.50000000e-01 -4.93750000e+00 1.93750000e+00 1.25000000e-01 -3.75000000e+00 1.31250000e+00
2.75000000e+00 -1.37500000e+00 -4.37500000e-01 -6.25000000e-02 -2.50000000e-01 9.37500000e-01 -0.00000000e+00 -4.43750000e+00 2.06250000e+00 1.25000000e-01 -2.18750000e+00 2.06250000e+00
3.06250000e+00 -5.62500000e-01 -1.12500000e+00 -1.87500000e-01 0.00000000e+00 -5.62500000e-01 3.12500000e-01 -5.93750000e+00 1.75000000e+00 -6.25000000e-02 -4.68750000e+00 1.50000000e+00
2.93750000e+00 -4.37500000e-01 -1.00000000e+00 6.25000000e-02 1.87500000e-01 -7.50000000e-01 5.00000000e-01 -6.12500000e+00 1.50000000e+00 0.00000000e+00 -4.68750000e+00 1.87500000e+00
2.56250000e+00 -2.50000000e-01 -4.37500000e-01 1.25000000e-01 4.37500000e-01 -6.87500000e-01 -2.50000000e-01 -5.12500000e+00 1.62500000e+00 0.00000000e+00 -4.06250000e+00 1.68750000e+00
2.87500000e+00 -6.25000000e-01 -6.25000000e-01 0.00000000e+00 -1.87500000e-01 -6.25000000e-01 -1.87500000e-01 -5.43750000e+00 2.12500000e+00 6.25000000e-02 -4.18750000e+00 1.37500000e+00
2.81250000e+00 -5.00000000e-01 3.75000000e-01 -3.75000000e-01 6.25000000e-02 -2.50000000e-01 3.12500000e-01 -4.75000000e+00 2.43750000e+00 -2.50000000e-01 -3.62500000e+00 1.25000000e+00
2.75000000e+00 -2.50000000e-01 -8.12500000e-01 1.87500000e-01 2.50000000e-01 -8.12500000e-01 3.12500000e-01 -5.62500000e+00 1.56250000e+00 0.00000000e+00 -4.31250000e+00 1.75000000e+00
2.87500000e+00 -6.25000000e-01 -6.25000000e-01 0.00000000e+00 -1.87500000e-01 -6.25000000e-01 -2.50000000e-01 -5.43750000e+00 2.06250000e+00 6.25000000e-02 -4.18750000e+00 1.37500000e+00
2.62500000e+00 -3.12500000e-01 -5.00000000e-01 1.25000000e-01 3.75000000e-01 -8.12500000e-01 -1.87500000e-01 -5.37500000e+00 1.81250000e+00 -6.25000000e-02 -4.18750000e+00 1.75000000e+00
3.25000000e+00 -2.50000000e-01 -1.37500000e+00 1.87500000e-01 -6.25000000e-02 -8.75000000e-01 1.87500000e-01 -6.37500000e+00 1.50000000e+00 -3.12500000e-01 -5.06250000e+00 1.93750000e+00
3.50000000e+00 0.00000000e+00 -1.75000000e+00 1.25000000e-01 2.50000000e-01 -6.87500000e-01 -2.50000000e-01 -6.18750000e+00 1.81250000e+00 -1.87500000e-01 -4.93750000e+00 1.62500000e+00
3.00000000e+00 6.25000000e-02 4.37500000e-01 -4.37500000e-01 2.50000000e-01 -1.25000000e-01 1.87500000e-01 -4.75000000e+00 2.18750000e+00 -5.00000000e-01 -3.62500000e+00 1.31250000e+00
2.93750000e+00 0.00000000e+00 -4.37500000e-01 6.25000000e-02 2.50000000e-01 -6.87500000e-01 -2.50000000e-01 -5.56250000e+00 2.31250000e+00 -2.50000000e-01 -4.31250000e+00 1.75000000e+00
3.18750000e+00 -1.87500000e-01 -1.25000000e+00 6.25000000e-02 1.25000000e-01 -6.87500000e-01 -3.12500000e-01 -6.12500000e+00 1.81250000e+00 -4.37500000e-01 -4.87500000e+00 1.62500000e+00
2.75000000e+00 1.87500000e-01 1.06250000e+00 -5.00000000e-01 3.75000000e-01 -6.25000000e-02 -1.25000000e-01 -4.00000000e+00 2.43750000e+00 -4.37500000e-01 -3.25000000e+00 1.12500000e+00
3.18750000e+00 -1.25000000e-01 -1.43750000e+00 1.25000000e-01 0.00000000e+00 -7.50000000e-01 -3.12500000e-01 -6.37500000e+00 1.75000000e+00 -3.75000000e-01 -4.87500000e+00 1.75000000e+00
3.43750000e+00 0.00000000e+00 -1.75000000e+00 6.25000000e-02 1.25000000e-01 -7.50000000e-01 -2.50000000e-01 -6.25000000e+00 1.81250000e+00 -1.87500000e-01 -4.87500000e+00 1.75000000e+00
2.81250000e+00 1.25000000e-01 1.06250000e+00 -5.00000000e-01 4.37500000e-01 -6.25000000e-02 0.00000000e+00 -4.12500000e+00 2.50000000e+00 -3.75000000e-01 -3.18750000e+00 1.37500000e+00
3.18750000e+00 -1.87500000e-01 -1.25000000e+00 6.25000000e-02 1.25000000e-01 -7.50000000e-01 -3.12500000e-01 -6.12500000e+00 1.81250000e+00 -4.37500000e-01 -4.81250000e+00 1.62500000e+00
2.87500000e+00 6.25000000e-02 2.50000000e-01 -3.12500000e-01 5.00000000e-01 -3.12500000e-01 -4.37500000e-01 -4.81250000e+00 2.43750000e+00 -2.50000000e-01 -3.87500000e+00 1.68750000e+00
3.37500000e+00 -2.50000000e-01 -1.31250000e+00 1.87500000e-01 -0.00000000e+00 -8.75000000e-01 6.25000000e-02 -6.43750000e+00 1.43750000e+00 -3.75000000e-01 -4.87500000e+00 1.93750000e+00
1.37500000e+00 3.12500000e-01 2.75000000e+00 -8.12500000e-01 3.12500000e-01 3.75000000e-01 1.87500000e-01 -1.06250000e+00 1.93750000e+00 -1.25000000e-01 -5.00000000e-01 1.25000000e-01
2.68750000e+00 3.75000000e-01 -3.12500000e-01 3.75000000e-01 1.25000000e-01 -8.75000000e-01 -1.87500000e-01 -4.81250000e+00 2.18750000e+00 -1.25000000e-01 -3.62500000e+00 1.50000000e+00
2.31250000e+00 3.75000000e-01 5.62500000e-01 1.25000000e-01 2.50000000e-01 -5.62500000e-01 6.25000000e-02 -4.06250000e+00 2.43750000e+00 -1.87500000e-01 -3.12500000e+00 1.31250000e+00
2.43750000e+00 3.75000000e-01 3.75000000e-01 1.87500000e-01 1.87500000e-01 -7.50000000e-01 3.75000000e-01 -4.12500000e+00 2.25000000e+00 -1.87500000e-01 -3.00000000e+00 1.31250000e+00
2.37500000e+00 5.00000000e-01 -1.06250000e+00 -0.00000000e+00 2.50000000e-01 -2.50000000e-01 1.25000000e-01 -4.25000000e+00 2.12500000e+00 -2.50000000e-01 -3.00000000e+00 1.18750000e+00
1.56250000e+00 7.50000000e-01 1.37500000e+00 3.12500000e-01 5.00000000e-01 -6.87500000e-01 1.25000000e-01 -2.50000000e+00 2.18750000e+00 6.25000000e-02 -1.81250000e+00 1.00000000e+00
1.81250000e+00 5.00000000e-01 2.25000000e+00 -4.37500000e-01 6.87500000e-01 -6.25000000e-02 1.87500000e-01 -2.37500000e+00 2.62500000e+00 -6.25000000e-02 -1.62500000e+00 1.12500000e+00
2.87500000e+00 1.87500000e-01 -1.56250000e+00 -1.25000000e-01 2.50000000e-01 -5.62500000e-01 5.00000000e-01 -5.43750000e+00 2.18750000e+00 -3.12500000e-01 -4.12500000e+00 1.37500000e+00
1.87500000e+00 5.00000000e-01 1.18750000e+00 0.00000000e+00 3.75000000e-01 -5.00000000e-01 2.50000000e-01 -3.06250000e+00 2.31250000e+00 -1.25000000e-01 -2.18750000e+00 1.12500000e+00
2.37500000e+00 3.75000000e-01 3.12500000e-01 2.50000000e-01 6.25000000e-02 -7.50000000e-01 -1.25000000e-01 -3.68750000e+00 2.12500000e+00 -2.50000000e-01 -2.68750000e+00 1.18750000e+00
2.31250000e+00 4.37500000e-01 3.75000000e-01 2.50000000e-01 6.25000000e-02 -7.50000000e-01 -1.87500000e-01 -3.68750000e+00 2.12500000e+00 -2.50000000e-01 -2.68750000e+00 1.12500000e+00
2.31250000e+00 4.37500000e-01 -1.18750000e+00 -6.25000000e-02 2.50000000e-01 -3.12500000e-01 1.25000000e-01 -4.31250000e+00 2.06250000e+00 -2.50000000e-01 -3.00000000e+00 1.18750000e+00
1.62500000e+00 7.50000000e-01 1.37500000e+00 2.50000000e-01 4.37500000e-01 -6.87500000e-01 1.25000000e-01 -2.56250000e+00 2.18750000e+00 0.00000000e+00 -1.62500000e+00 1.12500000e+00
2.31250000e+00 3.75000000e-01 5.62500000e-01 6.25000000e-02 2.50000000e-01 -5.62500000e-01 6.25000000e-02 -4.12500000e+00 2.37500000e+00 -1.87500000e-01 -3.06250000e+00 1.37500000e+00
2.62500000e+00 4.37500000e-01 -3.12500000e-01 3.75000000e-01 1.25000000e-01 -8.75000000e-01 -1.25000000e-01 -4.81250000e+00 2.18750000e+00 -6.25000000e-02 -3.62500000e+00 1.50000000e+00
1.87500000e+00 6.87500000e-01 -2.25000000e+00 -5.00000000e-01 -3.75000000e-01 -1.25000000e-01 4.37500000e-01 -3.81250000e+00 1.93750000e+00 -5.00000000e-01 -1.68750000e+00 9.37500000e-01
1.31250000e+00 6.25000000e-01 1.25000000e+00 1.25000000e-01 6.25000000e-02 -3.12500000e-01 3.12500000e-01 -1.68750000e+00 1.75000000e+00 -4.37500000e-01 -9.37500000e-01 5.00000000e-01
2.43750000e+00 1.68750000e+00 -1.31250000e+00 -4.37500000e-01 -1.12500000e+00 -1.87500000e-01 5.62500000e-01 -3.00000000e+00 1.25000000e+00 -2.50000000e-01 3.12500000e-01 2.56250000e+00
1.12500000e+00 6.25000000e-01 8.12500000e-01 -3.12500000e-01 2.50000000e-01 3.12500000e-01 3.12500000e-01 -1.25000000e+00 1.81250000e+00 -6.25000000e-01 -4.37500000e-01 3.75000000e-01
2.00000000e+00 5.00000000e-01 -2.06250000e+00 -1.87500000e-01 -1.25000000e-01 -1.87500000e-01 5.00000000e-01 -4.37500000e+00 2.06250000e+00 -4.37500000e-01 -2.81250000e+00 8.75000000e-01
6.87500000e-01 6.87500000e-01 1.62500000e+00 6.25000000e-02 6.25000000e-02 0.00000000e+00 1.87500000e-01 -4.37500000e-01 1.50000000e+00 -5.62500000e-01 1.25000000e-01 0.00000000e+00
3.12500000e-01 8.75000000e-01 1.50000000e+00 -1.25000000e-01 3.75000000e-01 3.12500000e-01 6.25000000e-02 2.50000000e-01 1.50000000e+00 -3.75000000e-01 8.12500000e-01 -6.25000000e-02
3.12500000e-01 8.75000000e-01 1.43750000e+00 -1.87500000e-01 3.75000000e-01 3.12500000e-01 1.25000000e-01 1.87500000e-01 1.50000000e+00 -3.75000000e-01 8.12500000e-01 -0.00000000e+00
-6.87500000e-01 1.12500000e+00 1.87500000e+00 -3.75000000e-01 3.75000000e-01 8.12500000e-01 -1.25000000e-01 2.18750000e+00 7.50000000e-01 -4.37500000e-01 2.37500000e+00 -6.87500000e-01
-8.12500000e-01 1.18750000e+00 2.56250000e+00 1.87500000e-01 1.25000000e-01 1.25000000e-01 3.75000000e-01 2.25000000e+00 4.37500000e-01 -3.75000000e-01 2.43750000e+00 -7.50000000e-01
6.87500000e-01 6.25000000e-01 -2.62500000e+00 -1.87500000e-01 -3.12500000e-01 1.25000000e-01 4.37500000e-01 -2.25000000e+00 1.68750000e+00 -5.62500000e-01 -6.87500000e-01 6.25000000e-02
-6.25000000e-01 1.12500000e+00 1.87500000e+00 -3.12500000e-01 3.75000000e-01 7.50000000e-01 -1.87500000e-01 2.12500000e+00 8.12500000e-01 -4.37500000e-01 2.31250000e+00 -6.87500000e-01
-2.00000000e+00 1.43750000e+00 2.81250000e+00 -0.00000000e+00 1.25000000e-01 6.25000000e-01 4.37500000e-01 4.50000000e+00 -3.12500000e-01 -3.75000000e-01 4.43750000e+00 -1.37500000e+00
-2.18750000e+00 1.43750000e+00 2.87500000e+00 0.00000000e+00 1.87500000e-01 5.62500000e-01 4.37500000e-01 4.68750000e+00 -5.00000000e-01 -3.75000000e-01 4.81250000e+00 -1.50000000e+00
-6.25000000e-01 -1.87500000e-01 2.81250000e+00 -4.37500000e-01 6.25000000e-02 5.00000000e-01 1.87500000e-01 1.56250000e+00 9.37500000e-01 1.87500000e-01 1.93750000e+00 -4.37500000e-01
-6.25000000e-01 -1.87500000e-01 2.81250000e+00 -4.37500000e-01 6.25000000e-02 4.37500000e-01 2.50000000e-01 1.56250000e+00 9.37500000e-01 1.87500000e-01 1.93750000e+00 -5.00000000e-01
3.75000000e-01 -3.12500000e-01 6.25000000e-01 -7.50000000e-01 -6.25000000e-02 1.00000000e+00 1.25000000e-01 -3.75000000e-01 1.56250000e+00 2.50000000e-01 8.75000000e-01 2.50000000e-01
4.37500000e-01 -5.00000000e-01 1.75000000e+00 -1.87500000e-01 6.25000000e-02 3.75000000e-01 0.00000000e+00 -3.75000000e-01 1.43750000e+00 1.87500000e-01 2.50000000e-01 1.25000000e-01
-2.50000000e-01 -6.25000000e-01 -1.81250000e+00 1.87500000e-01 -3.75000000e-01 3.12500000e-01 5.00000000e-01 -1.18750000e+00 1.37500000e+00 3.12500000e-01 4.37500000e-01 -1.25000000e-01
7.50000000e-01 -4.37500000e-01 5.62500000e-01 -3.12500000e-01 1.25000000e-01 4.37500000e-01 1.25000000e-01 -1.18750000e+00 1.68750000e+00 1.87500000e-01 -3.12500000e-01 2.50000000e-01
1.00000000e+00 -1.87500000e-01 2.62500000e+00 -5.62500000e-01 3.75000000e-01 3.12500000e-01 -1.87500000e-01 -1.12500000e+00 2.25000000e+00 -6.25000000e-02 -5.00000000e-01 5.00000000e-01
6.87500000e-01 -5.62500000e-01 -1.18750000e+00 -1.87500000e-01 -3.12500000e-01 3.12500000e-01 -6.25000000e-02 -2.12500000e+00 1.43750000e+00 1.87500000e-01 -8.75000000e-01 1.25000000e-01
1.37500000e+00 -5.62500000e-01 6.25000000e-01 -1.87500000e-01 1.25000000e-01 6.25000000e-02 1.87500000e-01 -2.37500000e+00 1.93750000e+00 1.25000000e-01 -1.37500000e+00 7.50000000e-01
1.50000000e+00 -5.00000000e-01 1.62500000e+00 -1.87500000e-01 -1.25000000e-01 0.00000000e+00 1.25000000e-01 -2.00000000e+00 2.12500000e+00 6.25000000e-02 -1.12500000e+00 5.00000000e-01
1.06250000e+00 -5.00000000e-01 -1.18750000e+00 -0.00000000e+00 -1.25000000e-01 1.87500000e-01 1.87500000e-01 -2.75000000e+00 1.68750000e+00 1.87500000e-01 -1.37500000e+00 5.62500000e-01
1.68750000e+00 -5.62500000e-01 -1.18750000e+00 -1.25000000e-01 -6.25000000e-02 1.25000000e-01 1.25000000e-01 -3.56250000e+00 1.81250000e+00 1.25000000e-01 -2.18750000e+00 6.87500000e-01
2.00000000e+00 -4.37500000e-01 1.25000000e+00 -3.75000000e-01 0.00000000e+00 -1.25000000e-01 -3.75000000e-01 -3.00000000e+00 2.43750000e+00 0.00000000e+00 -2.12500000e+00 8.75000000e-01
1.93750000e+00 -5.62500000e-01 -1.87500000e-01 -1.25000000e-01 1.87500000e-01 0.00000000e+00 -6.25000000e-02 -3.56250000e+00 2.00000000e+00 6.25000000e-02 -2.50000000e+00 1.00000000e+00
2.37500000e+00 -5.62500000e-01 -5.00000000e-01 6.25000000e-02 6.25000000e-02 -3.75000000e-01 3.12500000e-01 -4.62500000e+00 2.18750000e+00 6.25000000e-02 -3.37500000e+00 1.31250000e+00
2.81250000e+00 -8.75000000e-01 -6.25000000e-02 6.25000000e-02 -3.75000000e-01 -3.12500000e-01 6.25000000e-02 -4.75000000e+00 2.43750000e+00 -6.25000000e-02 -3.62500000e+00 1.06250000e+00
2.87500000e+00 -6.25000000e-01 -4.37500000e-01 -6.25000000e-02 -1.87500000e-01 -5.62500000e-01 -1.87500000e-01 -5.31250000e+00 2.12500000e+00 0.00000000e+00 -4.06250000e+00 1.43750000e+00
2.56250000e+00 -6.87500000e-01 -7.50000000e-01 3.12500000e-01 -1.25000000e-01 -5.00000000e-01 -6.25000000e-02 -4.87500000e+00 2.18750000e+00 6.25000000e-02 -3.56250000e+00 1.37500000e+00
2.37500000e+00 -8.75000000e-01 -1.31250000e+00 1.25000000e-01 -6.25000000e-02 -2.50000000e-01 -1.25000000e-01 -5.06250000e+00 2.06250000e+00 -1.25000000e-01 -3.68750000e+00 1.43750000e+00
3.00000000e+00 -2.50000000e-01 -5.00000000e-01 -3.75000000e-01 5.62500000e-01 6.25000000e-02 1.25000000e-01 -5.12500000e+00 1.81250000e+00 -2.50000000e-01 -3.43750000e+00 2.00000000e+00
2.93750000e+00 -7.50000000e-01 -1.68750000e+00 1.25000000e-01 -5.62500000e-01 -5.62500000e-01 6.25000000e-02 -5.93750000e+00 1.31250000e+00 -6.25000000e-02 -3.62500000e+00 2.00000000e+00
2.68750000e+00 -6.87500000e-01 -1.31250000e+00 -1.25000000e-01 1.25000000e-01 -5.62500000e-01 3.12500000e-01 -5.87500000e+00 1.56250000e+00 -1.87500000e-01 -4.62500000e+00 1.68750000e+00
2.56250000e+00 6.25000000e-02 6.25000000e-02 -6.25000000e-02 -6.25000000e-02 -5.62500000e-01 6.25000000e-02 -4.18750000e+00 1.50000000e+00 -4.37500000e-01 -3.18750000e+00 1.00000000e+00
2.62500000e+00 -6.87500000e-01 -1.37500000e+00 -6.25000000e-02 1.25000000e-01 -5.00000000e-01 3.75000000e-01 -5.81250000e+00 1.56250000e+00 -1.87500000e-01 -4.56250000e+00 1.68750000e+00
2.62500000e+00 -3.75000000e-01 -5.62500000e-01 1.25000000e-01 3.12500000e-01 -8.12500000e-01 -6.25000000e-02 -5.50000000e+00 1.81250000e+00 -1.25000000e-01 -4.25000000e+00 1.87500000e+00
3.18750000e+00 -2.50000000e-01 -9.37500000e-01 -1.25000000e-01 3.75000000e-01 -1.25000000e-01 -3.12500000e-01 -5.62500000e+00 1.75000000e+00 -3.12500000e-01 -4.31250000e+00 1.56250000e+00
3.31250000e+00 -3.12500000e-01 -1.12500000e+00 6.25000000e-02 6.25000000e-02 -3.75000000e-01 0.00000000e+00 -6.06250000e+00 1.56250000e+00 -1.25000000e-01 -4.81250000e+00 1.68750000e+00
3.18750000e+00 3.12500000e-01 -1.68750000e+00 -5.00000000e-01 -1.87500000e-01 -9.37500000e-01 6.25000000e-02 -6.12500000e+00 2.00000000e+00 -4.37500000e-01 -3.87500000e+00 2.00000000e+00
3.12500000e+00 -0.00000000e+00 -1.12500000e+00 -6.25000000e-02 0.00000000e+00 -9.37500000e-01 4.37500000e-01 -5.93750000e+00 1.68750000e+00 -1.87500000e-01 -4.68750000e+00 1.43750000e+00
3.00000000e+00 6.25000000e-02 -1.31250000e+00 -6.25000000e-02 2.50000000e-01 -8.12500000e-01 5.62500000e-01 -6.00000000e+00 2.06250000e+00 -3.12500000e-01 -4.50000000e+00 1.75000000e+00
3.56250000e+00 -0.00000000e+00 -1.31250000e+00 -6.25000000e-02 -6.25000000e-02 -8.75000000e-01 -0.00000000e+00 -6.50000000e+00 1.37500000e+00 -3.75000000e-01 -4.31250000e+00 2.31250000e+00
3.00000000e+00 -2.50000000e-01 -5.62500000e-01 -3.12500000e-01 4.37500000e-01 -6.25000000e-02 3.75000000e-01 -5.25000000e+00 1.87500000e+00 -2.50000000e-01 -3.81250000e+00 1.87500000e+00
3.00000000e+00 0.00000000e+00 -1.31250000e+00 -6.25000000e-02 1.87500000e-01 -8.12500000e-01 5.00000000e-01 -5.93750000e+00 2.12500000e+00 -3.12500000e-01 -4.56250000e+00 1.81250000e+00
3.00000000e+00 1.87500000e-01 -1.87500000e+00 -0.00000000e+00 1.87500000e-01 -8.75000000e-01 -6.25000000e-02 -6.00000000e+00 1.93750000e+00 -2.50000000e-01 -4.68750000e+00 1.62500000e+00
2.93750000e+00 0.00000000e+00 -1.18750000e+00 1.25000000e-01 1.25000000e-01 -7.50000000e-01 6.25000000e-02 -5.75000000e+00 1.50000000e+00 1.25000000e-01 -4.62500000e+00 1.87500000e+00
3.18750000e+00 2.50000000e-01 -1.68750000e+00 -5.00000000e-01 -1.87500000e-01 -9.37500000e-01 6.25000000e-02 -6.18750000e+00 2.00000000e+00 -5.00000000e-01 -3.87500000e+00 2.00000000e+00
3.12500000e+00 -6.25000000e-02 -1.43750000e+00 0.00000000e+00 6.25000000e-02 -9.37500000e-01 -2.50000000e-01 -6.25000000e+00 1.62500000e+00 -1.87500000e-01 -4.81250000e+00 1.62500000e+00
3.18750000e+00 6.25000000e-02 -1.25000000e+00 -6.25000000e-02 6.25000000e-02 -8.12500000e-01 3.75000000e-01 -5.87500000e+00 1.62500000e+00 -2.50000000e-01 -4.62500000e+00 1.37500000e+00
3.12500000e+00 4.37500000e-01 -1.43750000e+00 -3.12500000e-01 0.00000000e+00 -1.12500000e+00 -7.50000000e-01 -6.06250000e+00 1.81250000e+00 -1.25000000e-01 -3.93750000e+00 2.18750000e+00
3.37500000e+00 -2.50000000e-01 -1.31250000e+00 1.25000000e-01 0.00000000e+00 -7.50000000e-01 6.25000000e-02 -6.37500000e+00 1.43750000e+00 -1.25000000e-01 -5.06250000e+00 1.87500000e+00
2.81250000e+00 6.25000000e-02 -9.37500000e-01 6.25000000e-02 3.12500000e-01 -7.50000000e-01 -2.50000000e-01 -5.12500000e+00 1.43750000e+00 1.25000000e-01 -4.00000000e+00 1.56250000e+00
2.81250000e+00 1.87500000e-01 -6.25000000e-02 -0.00000000e+00 3.12500000e-01 -6.25000000e-01 3.75000000e-01 -5.18750000e+00 2.56250000e+00 -1.87500000e-01 -3.93750000e+00 1.62500000e+00
2.93750000e+00 -6.25000000e-02 -3.12500000e-01 -0.00000000e+00 3.12500000e-01 -6.25000000e-01 -2.50000000e-01 -5.43750000e+00 2.31250000e+00 -2.50000000e-01 -4.18750000e+00 1.75000000e+00
2.93750000e+00 1.25000000e-01 -1.25000000e+00 1.25000000e-01 -6.25000000e-02 -8.12500000e-01 -2.50000000e-01 -5.56250000e+00 2.25000000e+00 -3.12500000e-01 -4.18750000e+00 1.50000000e+00
1.93750000e+00 7.50000000e-01 1.06250000e+00 1.25000000e-01 3.12500000e-01 -6.25000000e-01 2.50000000e-01 -3.18750000e+00 2.43750000e+00 -1.25000000e-01 -2.25000000e+00 1.12500000e+00
2.25000000e+00 4.37500000e-01 -1.18750000e+00 -0.00000000e+00 2.50000000e-01 -2.50000000e-01 3.12500000e-01 -4.37500000e+00 2.18750000e+00 -2.50000000e-01 -3.00000000e+00 1.18750000e+00
2.43750000e+00 3.75000000e-01 4.37500000e-01 1.25000000e-01 2.50000000e-01 -6.25000000e-01 1.25000000e-01 -4.25000000e+00 2.43750000e+00 -1.87500000e-01 -3.25000000e+00 1.31250000e+00
2.25000000e+00 4.37500000e-01 -3.12500000e-01 -0.00000000e+00 2.50000000e-01 -0.00000000e+00 3.75000000e-01 -3.56250000e+00 2.37500000e+00 -5.00000000e-01 -2.50000000e+00 1.00000000e+00
1.81250000e+00 1.87500000e-01 1.93750000e+00 -7.50000000e-01 -1.87500000e-01 -3.75000000e-01 -6.25000000e-01 -2.31250000e+00 1.62500000e+00 6.25000000e-02 -1.25000000e+00 6.25000000e-01
2.31250000e+00 4.37500000e-01 -3.12500000e-01 0.00000000e+00 1.87500000e-01 0.00000000e+00 3.75000000e-01 -3.62500000e+00 2.43750000e+00 -5.62500000e-01 -2.43750000e+00 1.00000000e+00
2.31250000e+00 5.00000000e-01 -1.12500000e+00 -0.00000000e+00 2.50000000e-01 -2.50000000e-01 3.12500000e-01 -4.37500000e+00 2.25000000e+00 -2.50000000e-01 -3.00000000e+00 1.25000000e+00
2.43750000e+00 3.75000000e-01 4.37500000e-01 1.25000000e-01 2.50000000e-01 -6.25000000e-01 1.25000000e-01 -4.31250000e+00 2.37500000e+00 -1.87500000e-01 -3.18750000e+00 1.31250000e+00
1.87500000e+00 8.75000000e-01 9.37500000e-01 3.12500000e-01 2.50000000e-01 -6.87500000e-01 2.50000000e-01 -3.12500000e+00 2.43750000e+00 -6.25000000e-02 -2.12500000e+00 1.12500000e+00
2.37500000e+00 3.12500000e-01 4.37500000e-01 6.25000000e-02 2.50000000e-01 -6.25000000e-01 -6.25000000e-02 -3.93750000e+00 2.25000000e+00 -1.87500000e-01 -2.81250000e+00 1.31250000e+00
1.75000000e+00 6.25000000e-01 1.56250000e+00 -1.25000000e-01 4.37500000e-01 -3.75000000e-01 1.87500000e-01 -2.56250000e+00 2.50000000e+00 -1.25000000e-01 -1.75000000e+00 1.06250000e+00
1.18750000e+00 6.87500000e-01 -1.62500000e+00 -6.25000000e-02 -2.50000000e-01 -0.00000000e+00 3.75000000e-01 -2.87500000e+00 1.93750000e+00 -3.75000000e-01 -1.50000000e+00 4.37500000e-01
8.75000000e-01 6.87500000e-01 -2.25000000e+00 -1.87500000e-01 -2.50000000e-01 2.50000000e-01 4.37500000e-01 -2.31250000e+00 1.75000000e+00 -5.00000000e-01 -8.75000000e-01 1.25000000e-01
7.50000000e-01 1.00000000e+00 1.81250000e+00 1.25000000e-01 1.87500000e-01 -2.50000000e-01 -2.50000000e-01 -8.12500000e-01 1.81250000e+00 -3.75000000e-01 -2.50000000e-01 2.50000000e-01
6.87500000e-01 8.75000000e-01 1.56250000e+00 0.00000000e+00 1.25000000e-01 1.25000000e-01 -1.25000000e-01 -1.87500000e-01 1.68750000e+00 -6.87500000e-01 3.12500000e-01 -1.25000000e-01
3.75000000e-01 8.75000000e-01 1.50000000e+00 -1.87500000e-01 3.75000000e-01 3.75000000e-01 -0.00000000e+00 1.87500000e-01 1.50000000e+00 -3.75000000e-01 7.50000000e-01 0.00000000e+00
-2.50000000e-01 1.12500000e+00 1.68750000e+00 -1.87500000e-01 5.00000000e-01 5.00000000e-01 3.75000000e-01 1.00000000e+00 1.31250000e+00 -3.12500000e-01 1.56250000e+00 -1.87500000e-01
6.87500000e-01 -4.37500000e-01 4.37500000e-01 -3.75000000e-01 1.25000000e-01 4.37500000e-01 1.87500000e-01 -1.25000000e+00 1.68750000e+00 1.87500000e-01 -3.12500000e-01 1.87500000e-01
6.25000000e-02 -4.37500000e-01 -9.37500000e-01 -1.25000000e-01 -1.87500000e-01 6.25000000e-01 3.75000000e-01 -1.06250000e+00 1.43750000e+00 2.50000000e-01 1.87500000e-01 -1.25000000e-01
-6.25000000e-02 -5.62500000e-01 -2.00000000e+00 0.00000000e+00 -3.75000000e-01 6.25000000e-01 5.00000000e-01 -1.25000000e+00 1.37500000e+00 3.12500000e-01 2.50000000e-01 -2.50000000e-01
8.12500000e-01 -6.25000000e-02 2.68750000e+00 -4.37500000e-01 5.00000000e-01 2.50000000e-01 -1.25000000e-01 -1.00000000e+00 2.37500000e+00 6.25000000e-02 -3.12500000e-01 6.87500000e-01
6.87500000e-01 -4.37500000e-01 4.37500000e-01 -3.75000000e-01 1.25000000e-01 4.37500000e-01 1.25000000e-01 -1.18750000e+00 1.68750000e+00 1.87500000e-01 -3.12500000e-01 2.50000000e-01
9.37500000e-01 -5.62500000e-01 6.87500000e-01 -3.75000000e-01 6.25000000e-02 4.37500000e-01 3.12500000e-01 -1.56250000e+00 2.06250000e+00 1.25000000e-01 -8.75000000e-01 5.62500000e-01
1.00000000e+00 -6.25000000e-01 7.50000000e-01 -3.75000000e-01 6.25000000e-02 4.37500000e-01 0.00000000e+00 -2.12500000e+00 2.00000000e+00 1.25000000e-01 -8.12500000e-01 5.62500000e-01
9.37500000e-01 -6.25000000e-01 7.50000000e-01 -3.12500000e-01 1.25000000e-01 4.37500000e-01 4.37500000e-01 -1.56250000e+00 2.06250000e+00 6.25000000e-02 -8.75000000e-01 4.37500000e-01
1.06250000e+00 -4.37500000e-01 -1.06250000e+00 -1.25000000e-01 -1.87500000e-01 2.50000000e-01 2.50000000e-01 -2.56250000e+00 1.68750000e+00 1.87500000e-01 -1.25000000e+00 4.37500000e-01
1.50000000e+00 -6.25000000e-01 5.00000000e-01 -1.87500000e-01 1.25000000e-01 1.87500000e-01 0.00000000e+00 -2.56250000e+00 1.93750000e+00 1.25000000e-01 -1.62500000e+00 8.12500000e-01
2.06250000e+00 -6.25000000e-01 1.06250000e+00 -2.50000000e-01 -6.25000000e-02 -1.87500000e-01 -4.37500000e-01 -3.37500000e+00 2.31250000e+00 1.87500000e-01 -2.37500000e+00 1.12500000e+00
1.81250000e+00 -8.75000000e-01 3.75000000e-01 -1.87500000e-01 -2.50000000e-01 3.12500000e-01 -7.50000000e-01 -2.93750000e+00 2.06250000e+00 -6.25000000e-02 -1.31250000e+00 1.12500000e+00
1.06250000e+00 -5.00000000e-01 -1.25000000e+00 -6.25000000e-02 -1.87500000e-01 3.12500000e-01 -0.00000000e+00 -2.93750000e+00 1.75000000e+00 1.87500000e-01 -1.50000000e+00 4.37500000e-01
2.31250000e+00 -7.50000000e-01 1.31250000e+00 -3.75000000e-01 -1.25000000e-01 -1.87500000e-01 -7.50000000e-01 -3.62500000e+00 2.43750000e+00 2.50000000e-01 -2.18750000e+00 1.37500000e+00
1.75000000e+00 -6.87500000e-01 -1.25000000e-01 -1.87500000e-01 6.25000000e-02 1.25000000e-01 6.25000000e-01 -3.31250000e+00 2.31250000e+00 0.00000000e+00 -2.18750000e+00 8.75000000e-01
1.62500000e+00 -5.00000000e-01 -1.12500000e+00 -1.87500000e-01 -6.25000000e-02 1.25000000e-01 1.25000000e-01 -3.50000000e+00 1.87500000e+00 1.25000000e-01 -2.18750000e+00 7.50000000e-01
2.18750000e+00 -5.62500000e-01 1.00000000e+00 -3.75000000e-01 1.25000000e-01 -1.87500000e-01 3.75000000e-01 -3.81250000e+00 2.75000000e+00 1.25000000e-01 -2.81250000e+00 1.18750000e+00
2.06250000e+00 -5.62500000e-01 5.62500000e-01 -2.50000000e-01 0.00000000e+00 -2.50000000e-01 1.25000000e-01 -3.56250000e+00 2.43750000e+00 1.25000000e-01 -2.37500000e+00 1.00000000e+00
1.93750000e+00 -5.62500000e-01 -2.50000000e-01 -1.87500000e-01 1.25000000e-01 -0.00000000e+00 -2.50000000e-01 -3.62500000e+00 2.00000000e+00 6.25000000e-02 -2.56250000e+00 1.06250000e+00
2.18750000e+00 -5.62500000e-01 1.00000000e+00 -4.37500000e-01 1.25000000e-01 -1.87500000e-01 2.50000000e-01 -3.81250000e+00 2.68750000e+00 6.25000000e-02 -2.75000000e+00 1.18750000e+00
1.56250000e+00 -5.00000000e-01 -1.25000000e+00 -1.25000000e-01 -1.25000000e-01 1.25000000e-01 1.87500000e-01 -3.50000000e+00 1.81250000e+00 1.25000000e-01 -2.18750000e+00 6.87500000e-01
2.25000000e+00 -6.25000000e-01 9.37500000e-01 -3.12500000e-01 1.25000000e-01 -3.12500000e-01 -1.87500000e-01 -4.31250000e+00 2.62500000e+00 1.87500000e-01 -3.12500000e+00 1.43750000e+00
2.43750000e+00 -6.87500000e-01 -6.87500000e-01 -6.25000000e-02 -6.25000000e-02 -3.12500000e-01 2.50000000e-01 -5.12500000e+00 2.43750000e+00 1.87500000e-01 -3.56250000e+00 1.43750000e+00
2.43750000e+00 -5.62500000e-01 -3.75000000e-01 0.00000000e+00 6.25000000e-02 -4.37500000e-01 3.12500000e-01 -4.56250000e+00 2.18750000e+00 1.25000000e-01 -3.31250000e+00 1.25000000e+00
2.37500000e+00 -6.25000000e-01 3.75000000e-01 -2.50000000e-01 1.87500000e-01 -5.62500000e-01 5.00000000e-01 -4.87500000e+00 2.56250000e+00 1.25000000e-01 -3.81250000e+00 1.68750000e+00
2.18750000e+00 -1.31250000e+00 -2.06250000e+00 6.25000000e-02 -7.50000000e-01 3.12500000e-01 -3.75000000e-01 -5.06250000e+00 2.93750000e+00 -2.50000000e-01 -2.31250000e+00 1.93750000e+00
2.37500000e+00 -5.00000000e-01 -4.37500000e-01 -0.00000000e+00 6.25000000e-02 -3.75000000e-01 2.50000000e-01 -4.50000000e+00 2.18750000e+00 6.25000000e-02 -3.31250000e+00 1.25000000e+00
2.56250000e+00 -6.87500000e-01 -5.00000000e-01 -6.25000000e-02 -1.25000000e-01 -4.37500000e-01 2.50000000e-01 -5.06250000e+00 2.43750000e+00 1.87500000e-01 -3.62500000e+00 1.43750000e+00
2.37500000e+00 -6.25000000e-01 5.00000000e-01 -2.50000000e-01 2.50000000e-01 -5.00000000e-01 -4.37500000e-01 -4.62500000e+00 2.56250000e+00 1.25000000e-01 -3.56250000e+00 1.62500000e+00
2.56250000e+00 -9.37500000e-01 1.06250000e+00 -1.31250000e+00 1.12500000e+00 -1.87500000e-01 7.50000000e-01 1.56250000e+00 1.68750000e+00 -6.25000000e-02 1.43750000e+00 2.50000000e-01
2.62500000e+00 -4.37500000e-01 -4.37500000e-01 1.25000000e-01 1.25000000e-01 -8.12500000e-01 6.25000000e-02 -5.50000000e+00 1.75000000e+00 -1.25000000e-01 -4.25000000e+00 1.87500000e+00
2.31250000e+00 -6.25000000e-01 -8.12500000e-01 6.25000000e-02 6.25000000e-02 -8.12500000e-01 2.50000000e-01 -5.75000000e+00 1.56250000e+00 -6.25000000e-02 -4.25000000e+00 1.68750000e+00
2.31250000e+00 -5.00000000e-01 -4.37500000e-01 -6.25000000e-02 4.37500000e-01 -8.75000000e-01 6.87500000e-01 -5.18750000e+00 2.06250000e+00 -6.25000000e-02 -4.12500000e+00 1.68750000e+00
2.43750000e+00 -6.25000000e-01 -1.31250000e+00 1.25000000e-01 -1.25000000e-01 -5.00000000e-01 6.25000000e-01 -5.37500000e+00 2.37500000e+00 1.25000000e-01 -3.87500000e+00 1.43750000e+00
2.31250000e+00 -4.37500000e-01 -4.37500000e-01 0.00000000e+00 5.62500000e-01 -9.37500000e-01 6.25000000e-01 -5.18750000e+00 2.06250000e+00 -6.25000000e-02 -4.06250000e+00 1.62500000e+00
2.56250000e+00 -4.37500000e-01 -4.37500000e-01 1.25000000e-01 1.25000000e-01 -8.75000000e-01 1.25000000e-01 -5.50000000e+00 1.75000000e+00 -1.25000000e-01 -4.18750000e+00 1.87500000e+00
-1.81250000e+00 8.75000000e-01 1.50000000e+00 1.87500000e-01 5.62500000e-01 1.87500000e-01 6.25000000e-02 3.43750000e+00 -2.06250000e+00 3.75000000e-01 3.93750000e+00 -8.12500000e-01
3.00000000e+00 -2.50000000e-01 -1.43750000e+00 1.87500000e-01 2.50000000e-01 -3.12500000e-01 3.75000000e-01 -6.12500000e+00 1.50000000e+00 -6.25000000e-02 -4.56250000e+00 1.75000000e+00
3.06250000e+00 -6.87500000e-01 -1.75000000e+00 1.87500000e-01 -1.25000000e-01 -5.00000000e-01 3.75000000e-01 -6.12500000e+00 1.31250000e+00 -1.87500000e-01 -4.68750000e+00 1.75000000e+00
2.81250000e+00 -9.37500000e-01 -1.62500000e+00 -3.12500000e-01 -3.12500000e-01 -5.00000000e-01 -8.75000000e-01 -6.18750000e+00 1.37500000e+00 -1.87500000e-01 -4.06250000e+00 2.00000000e+00
2.87500000e+00 -1.00000000e+00 -1.87500000e+00 -0.00000000e+00 -6.25000000e-01 -6.87500000e-01 -7.50000000e-01 -6.06250000e+00 1.68750000e+00 -1.25000000e-01 -3.68750000e+00 2.18750000e+00
3.18750000e+00 0.00000000e+00 -1.25000000e+00 0.00000000e+00 0.00000000e+00 -9.37500000e-01 2.50000000e-01 -6.06250000e+00 2.06250000e+00 -3.12500000e-01 -4.68750000e+00 1.75000000e+00
2.87500000e+00 -6.25000000e-02 -1.18750000e+00 6.25000000e-02 1.87500000e-01 -8.75000000e-01 3.12500000e-01 -5.93750000e+00 1.56250000e+00 6.25000000e-02 -4.81250000e+00 1.62500000e+00
3.18750000e+00 -1.25000000e-01 -1.56250000e+00 6.25000000e-02 3.12500000e-01 -6.87500000e-01 -4.37500000e-01 -6.25000000e+00 1.56250000e+00 -0.00000000e+00 -5.00000000e+00 1.93750000e+00
3.06250000e+00 -1.87500000e-01 -1.06250000e+00 -0.00000000e+00 -6.25000000e-02 -8.75000000e-01 -3.12500000e-01 -5.93750000e+00 1.68750000e+00 -1.87500000e-01 -4.62500000e+00 1.50000000e+00
3.25000000e+00 -2.50000000e-01 -1.31250000e+00 -1.25000000e-01 1.25000000e-01 -5.62500000e-01 -6.25000000e-02 -6.06250000e+00 1.56250000e+00 -6.25000000e-02 -4.75000000e+00 1.68750000e+00
3.12500000e+00 6.25000000e-02 -1.12500000e+00 1.87500000e-01 -6.25000000e-02 -7.50000000e-01 -1.87500000e-01 -5.68750000e+00 2.25000000e+00 -2.50000000e-01 -4.31250000e+00 1.56250000e+00
3.00000000e+00 1.25000000e-01 -6.25000000e-01 -3.12500000e-01 -1.25000000e-01 -9.37500000e-01 -4.37500000e-01 -5.50000000e+00 1.87500000e+00 -2.50000000e-01 -4.43750000e+00 1.31250000e+00
2.75000000e+00 1.25000000e-01 -1.50000000e+00 6.25000000e-02 -0.00000000e+00 -6.87500000e-01 6.25000000e-02 -5.62500000e+00 2.50000000e+00 -3.75000000e-01 -4.12500000e+00 1.56250000e+00
-2.50000000e-01 5.62500000e-01 7.50000000e-01 -1.87500000e-01 9.37500000e-01 -0.00000000e+00 -1.87500000e-01 5.00000000e-01 -1.87500000e-01 1.25000000e-01 1.43750000e+00 -6.25000000e-01
2.81250000e+00 1.87500000e-01 1.87500000e-01 -1.87500000e-01 3.12500000e-01 -6.25000000e-01 3.75000000e-01 -5.00000000e+00 2.62500000e+00 -3.12500000e-01 -3.87500000e+00 1.62500000e+00
2.81250000e+00 2.50000000e-01 1.87500000e-01 -2.50000000e-01 3.12500000e-01 -6.25000000e-01 3.12500000e-01 -5.00000000e+00 2.62500000e+00 -3.75000000e-01 -3.81250000e+00 1.62500000e+00
1.75000000e+00 3.12500000e-01 -2.37500000e+00 6.25000000e-02 -1.25000000e-01 -1.87500000e-01 0.00000000e+00 -4.37500000e+00 2.56250000e+00 -5.62500000e-01 -2.87500000e+00 1.06250000e+00
2.00000000e+00 5.62500000e-01 -5.00000000e-01 6.25000000e-02 3.75000000e-01 -1.25000000e-01 -2.50000000e-01 -3.56250000e+00 2.50000000e+00 -3.75000000e-01 -2.43750000e+00 1.18750000e+00
2.18750000e+00 5.00000000e-01 8.12500000e-01 -1.25000000e-01 5.00000000e-01 -5.62500000e-01 6.25000000e-02 -3.62500000e+00 2.68750000e+00 -1.25000000e-01 -2.75000000e+00 1.25000000e+00
2.37500000e+00 3.12500000e-01 5.00000000e-01 6.25000000e-02 2.50000000e-01 -6.25000000e-01 -1.87500000e-01 -3.87500000e+00 2.31250000e+00 -1.25000000e-01 -3.06250000e+00 1.37500000e+00
1.93750000e+00 2.50000000e-01 1.31250000e+00 -3.12500000e-01 -1.25000000e-01 -6.87500000e-01 6.25000000e-02 -3.06250000e+00 1.75000000e+00 1.25000000e-01 -2.18750000e+00 6.87500000e-01
3.12500000e-01 9.37500000e-01 2.18750000e+00 8.12500000e-01 -6.25000000e-02 1.75000000e+00 3.75000000e-01 2.50000000e+00 1.37500000e+00 6.25000000e-02 3.18750000e+00 -6.87500000e-01
2.25000000e+00 2.50000000e-01 3.12500000e-01 6.25000000e-02 2.50000000e-01 -5.62500000e-01 -0.00000000e+00 -4.18750000e+00 2.25000000e+00 -1.87500000e-01 -2.93750000e+00 1.25000000e+00
2.25000000e+00 7.50000000e-01 1.37500000e+00 -3.12500000e-01 1.25000000e-01 -6.25000000e-01 -3.75000000e-01 -3.25000000e+00 2.50000000e+00 -1.25000000e-01 -1.43750000e+00 2.00000000e+00
1.62500000e+00 3.75000000e-01 1.81250000e+00 -2.50000000e-01 -1.87500000e-01 -4.37500000e-01 1.25000000e-01 -2.37500000e+00 1.87500000e+00 1.25000000e-01 -1.56250000e+00 4.37500000e-01
-1.37500000e+00 7.50000000e-01 3.00000000e+00 -1.25000000e-01 1.18750000e+00 6.25000000e-01 3.12500000e-01 1.93750000e+00 -3.12500000e-01 -0.00000000e+00 2.06250000e+00 6.25000000e-02
1.93750000e+00 7.50000000e-01 9.37500000e-01 -0.00000000e+00 2.50000000e-01 -5.00000000e-01 -4.37500000e-01 -3.06250000e+00 2.56250000e+00 -2.50000000e-01 -2.18750000e+00 1.12500000e+00
1.18750000e+00 1.06250000e+00 -2.37500000e+00 -7.50000000e-01 -1.50000000e+00 1.12500000e+00 7.50000000e-01 -2.50000000e-01 1.25000000e-01 -2.50000000e-01 2.68750000e+00 1.75000000e+00
1.25000000e+00 6.25000000e-01 -1.50000000e+00 -1.25000000e-01 -1.25000000e-01 -6.25000000e-02 2.50000000e-01 -2.81250000e+00 1.87500000e+00 -4.37500000e-01 -1.43750000e+00 4.37500000e-01
1.81250000e+00 4.37500000e-01 2.37500000e+00 -5.62500000e-01 -1.25000000e-01 -6.25000000e-02 1.25000000e-01 -2.12500000e+00 2.31250000e+00 -1.25000000e-01 -1.31250000e+00 3.75000000e-01
1.68750000e+00 6.25000000e-01 1.93750000e+00 -3.12500000e-01 5.62500000e-01 -1.87500000e-01 2.50000000e-01 -2.43750000e+00 2.62500000e+00 -1.87500000e-01 -1.62500000e+00 1.00000000e+00
8.12500000e-01 9.37500000e-01 -1.06250000e+00 1.25000000e-01 -6.25000000e-02 0.00000000e+00 6.25000000e-01 -2.06250000e+00 2.00000000e+00 -3.12500000e-01 -8.75000000e-01 3.12500000e-01
1.62500000e+00 8.75000000e-01 1.37500000e+00 -1.25000000e-01 4.37500000e-01 -3.75000000e-01 -1.25000000e-01 -2.50000000e+00 2.62500000e+00 -1.87500000e-01 -1.81250000e+00 9.37500000e-01
1.75000000e+00 6.25000000e-01 1.93750000e+00 -3.75000000e-01 5.62500000e-01 -1.87500000e-01 1.25000000e-01 -2.37500000e+00 2.68750000e+00 -1.87500000e-01 -1.56250000e+00 1.06250000e+00
4.37500000e-01 1.18750000e+00 3.12500000e-01 6.25000000e-02 3.75000000e-01 1.25000000e-01 3.75000000e-01 -8.12500000e-01 1.75000000e+00 -2.50000000e-01 1.25000000e-01 3.75000000e-01
1.87500000e-01 1.18750000e+00 1.87500000e-01 6.25000000e-02 1.87500000e-01 6.25000000e-02 -3.75000000e-01 -4.37500000e-01 1.68750000e+00 -2.50000000e-01 4.37500000e-01 3.12500000e-01
1.56250000e+00 8.75000000e-01 2.56250000e+00 -6.87500000e-01 5.00000000e-01 0.00000000e+00 -5.62500000e-01 -1.62500000e+00 2.62500000e+00 -2.50000000e-01 -6.87500000e-01 1.00000000e+00
-8.00000000e+00 2.50000000e+00 2.93750000e+00 3.75000000e-01 1.87500000e-01 2.06250000e+00 1.18750000e+00 7.93750000e+00 -6.81250000e+00 0.00000000e+00 7.93750000e+00 -4.87500000e+00
-8.00000000e+00 2.31250000e+00 3.68750000e+00 6.25000000e-02 4.37500000e-01 1.62500000e+00 1.87500000e-01 7.93750000e+00 -5.75000000e+00 1.25000000e-01 7.93750000e+00 -4.37500000e+00
-4.87500000e+00 1.75000000e+00 3.62500000e+00 6.25000000e-02 4.37500000e-01 1.00000000e+00 6.87500000e-01 7.93750000e+00 -2.18750000e+00 -1.25000000e-01 7.93750000e+00 -2.56250000e+00
-5.12500000e+00 1.68750000e+00 3.81250000e+00 1.25000000e-01 2.50000000e-01 1.00000000e+00 6.87500000e-01 7.93750000e+00 -2.56250000e+00 -1.87500000e-01 7.93750000e+00 -2.68750000e+00
-8.00000000e+00 2.18750000e+00 4.00000000e+00 3.12500000e-01 3.12500000e-01 1.56250000e+00 3.75000000e-01 7.93750000e+00 -6.50000000e+00 -6.25000000e-02 7.93750000e+00 -4.87500000e+00
-5.00000000e+00 1.81250000e+00 3.12500000e+00 2.50000000e-01 3.75000000e-01 1.06250000e+00 8.12500000e-01 7.93750000e+00 -2.56250000e+00 -3.12500000e-01 7.93750000e+00 -2.75000000e+00
-4.87500000e+00 1.75000000e+00 3.62500000e+00 6.25000000e-02 4.37500000e-01 1.00000000e+00 6.87500000e-01 7.93750000e+00 -2.18750000e+00 -1.25000000e-01 7.93750000e+00 -2.56250000e+00
-8.00000000e+00 2.18750000e+00 4.12500000e+00 3.12500000e-01 3.12500000e-01 1.62500000e+00 4.37500000e-01 7.93750000e+00 -6.50000000e+00 -1.25000000e-01 7.93750000e+00 -4.93750000e+00
-5.37500000e+00 2.06250000e+00 2.93750000e+00 2.50000000e-01 4.37500000e-01 1.31250000e+00 -6.25000000e-02 7.93750000e+00 -2.93750000e+00 -2.50000000e-01 7.93750000e+00 -3.00000000e+00
-5.93750000e+00 1.81250000e+00 4.00000000e+00 6.25000000e-02 3.75000000e-01 1.12500000e+00 6.25000000e-01 7.93750000e+00 -3.12500000e+00 -1.25000000e-01 7.93750000e+00 -3.06250000e+00
-5.06250000e+00 1.93750000e+00 2.93750000e+00 3.12500000e-01 3.12500000e-01 1.06250000e+00 6.25000000e-01 7.93750000e+00 -2.56250000e+00 -3.75000000e-01 7.93750000e+00 -2.56250000e+00
-2.75000000e+00 1.50000000e+00 2.62500000e+00 1.25000000e-01 3.75000000e-01 8.12500000e-01 5.62500000e-01 5.62500000e+00 -7.50000000e-01 -3.75000000e-01 5.62500000e+00 -1.56250000e+00
-8.00000000e+00 2.25000000e+00 3.50000000e+00 8.75000000e-01 -0.00000000e+00 1.68750000e+00 6.87500000e-01 7.93750000e+00 -7.50000000e+00 -1.25000000e-01 7.93750000e+00 -5.43750000e+00
-4.06250000e+00 2.00000000e+00 2.93750000e+00 2.50000000e-01 6.25000000e-01 1.00000000e+00 5.00000000e-01 7.68750000e+00 -1.68750000e+00 -1.87500000e-01 7.50000000e+00 -2.06250000e+00
-5.18750000e+00 1.68750000e+00 3.93750000e+00 1.25000000e-01 2.50000000e-01 1.00000000e+00 6.87500000e-01 7.93750000e+00 -2.62500000e+00 -1.87500000e-01 7.93750000e+00 -2.68750000e+00
-4.75000000e+00 2.00000000e+00 3.00000000e+00 1.25000000e-01 3.12500000e-01 1.18750000e+00 6.87500000e-01 7.93750000e+00 -2.25000000e+00 -1.25000000e-01 7.93750000e+00 -2.12500000e+00
-5.06250000e+00 1.81250000e+00 3.18750000e+00 2.50000000e-01 3.12500000e-01 1.06250000e+00 8.12500000e-01 7.93750000e+00 -2.56250000e+00 -3.12500000e-01 7.93750000e+00 -2.81250000e+00
-4.37500000e+00 1.93750000e+00 2.68750000e+00 1.25000000e-01 5.00000000e-01 1.06250000e+00 3.12500000e-01 7.93750000e+00 -2.25000000e+00 -3.75000000e-01 7.93750000e+00 -2.31250000e+00
-5.81250000e+00 2.31250000e+00 3.06250000e+00 1.87500000e-01 3.75000000e-01 1.50000000e+00 1.25000000e-01 7.93750000e+00 -3.75000000e+00 -3.12500000e-01 7.93750000e+00 -3.37500000e+00
-4.43750000e+00 1.81250000e+00 3.31250000e+00 6.25000000e-02 2.50000000e-01 1.00000000e+00 6.25000000e-01 7.93750000e+00 -2.00000000e+00 -1.25000000e-01 7.93750000e+00 -2.06250000e+00
-6.00000000e+00 2.12500000e+00 2.00000000e+00 1.25000000e-01 4.37500000e-01 1.18750000e+00 1.87500000e-01 7.93750000e+00 -3.12500000e+00 -2.50000000e-01 7.93750000e+00 -2.68750000e+00
-6.00000000e+00 1.81250000e+00 4.00000000e+00 6.25000000e-02 5.00000000e-01 1.12500000e+00 5.00000000e-01 7.93750000e+00 -3.12500000e+00 -6.25000000e-02 7.93750000e+00 -3.12500000e+00
-8.00000000e+00 2.37500000e+00 2.81250000e+00 5.00000000e-01 1.87500000e-01 2.12500000e+00 1.18750000e+00 7.93750000e+00 -6.56250000e+00 -6.25000000e-02 7.93750000e+00 -4.93750000e+00
-8.00000000e+00 2.12500000e+00 3.93750000e+00 1.87500000e-01 3.12500000e-01 1.56250000e+00 1.25000000e-01 7.93750000e+00 -5.81250000e+00 0.00000000e+00 7.93750000e+00 -4.43750000e+00
-3.93750000e+00 1.50000000e+00 1.37500000e+00 -5.62500000e-01 1.87500000e-01 -1.87500000e-01 7.50000000e-01 6.00000000e+00 -2.00000000e+00 -8.12500000e-01 6.62500000e+00 -1.56250000e+00
-2.06250000e+00 1.43750000e+00 2.68750000e+00 -6.25000000e-02 3.12500000e-01 7.50000000e-01 5.00000000e-01 4.18750000e+00 -1.25000000e-01 -2.50000000e-01 4.31250000e+00 -1.18750000e+00
-1.18750000e+00 1.31250000e+00 1.00000000e+00 2.50000000e-01 6.25000000e-02 1.25000000e-01 5.00000000e-01 1.62500000e+00 1.12500000e+00 -1.25000000e-01 2.12500000e+00 -5.00000000e-01
-9.37500000e-01 1.12500000e+00 2.62500000e+00 -1.25000000e-01 3.12500000e-01 3.12500000e-01 3.75000000e-01 2.37500000e+00 6.25000000e-01 -3.12500000e-01 2.75000000e+00 -6.25000000e-01
-1.50000000e+00 1.31250000e+00 1.12500000e+00 2.50000000e-01 6.25000000e-02 2.50000000e-01 6.87500000e-01 2.43750000e+00 7.50000000e-01 -2.50000000e-01 2.81250000e+00 -7.50000000e-01
-2.62500000e+00 1.43750000e+00 3.00000000e+00 -1.25000000e-01 4.37500000e-01 7.50000000e-01 3.75000000e-01 4.81250000e+00 -3.12500000e-01 -1.87500000e-01 4.81250000e+00 -1.31250000e+00
-1.25000000e+00 1.31250000e+00 1.00000000e+00 2.50000000e-01 6.25000000e-02 6.25000000e-02 5.00000000e-01 1.81250000e+00 1.12500000e+00 -1.87500000e-01 2.31250000e+00 -5.62500000e-01
-2.56250000e+00 1.43750000e+00 2.93750000e+00 -1.25000000e-01 4.37500000e-01 7.50000000e-01 3.75000000e-01 4.81250000e+00 -3.12500000e-01 -1.87500000e-01 4.81250000e+00 -1.25000000e+00
-3.75000000e-01 1.18750000e+00 2.06250000e+00 -1.87500000e-01 5.62500000e-01 3.12500000e-01 1.25000000e-01 1.00000000e+00 1.25000000e+00 -1.25000000e-01 1.56250000e+00 1.25000000e-01
-8.00000000e+00 2.18750000e+00 4.00000000e+00 2.50000000e-01 3.12500000e-01 1.56250000e+00 4.37500000e-01 7.93750000e+00 -6.43750000e+00 -6.25000000e-02 7.93750000e+00 -4.81250000e+00
-8.00000000e+00 2.43750000e+00 2.93750000e+00 3.75000000e-01 1.87500000e-01 2.06250000e+00 1.18750000e+00 7.93750000e+00 -6.75000000e+00 0.00000000e+00 7.93750000e+00 -4.87500000e+00
-8.00000000e+00 2.25000000e+00 3.75000000e+00 6.25000000e-02 3.75000000e-01 1.62500000e+00 1.25000000e-01 7.93750000e+00 -5.75000000e+00 6.25000000e-02 7.93750000e+00 -4.37500000e+00
-5.43750000e+00 2.12500000e+00 3.00000000e+00 1.25000000e-01 3.75000000e-01 1.37500000e+00 -6.25000000e-02 7.93750000e+00 -2.93750000e+00 -2.50000000e-01 7.93750000e+00 -2.93750000e+00
-8.00000000e+00 2.43750000e+00 3.18750000e+00 3.12500000e-01 3.12500000e-01 2.06250000e+00 1.25000000e+00 7.93750000e+00 -5.62500000e+00 1.87500000e-01 7.93750000e+00 -4.31250000e+00
-8.00000000e+00 2.18750000e+00 4.06250000e+00 3.75000000e-01 2.50000000e-01 1.62500000e+00 4.37500000e-01 7.93750000e+00 -6.56250000e+00 -0.00000000e+00 7.93750000e+00 -4.87500000e+00
-8.00000000e+00 2.25000000e+00 3.75000000e+00 8.75000000e-01 0.00000000e+00 1.62500000e+00 6.25000000e-01 7.93750000e+00 -7.56250000e+00 -6.25000000e-02 7.93750000e+00 -5.43750000e+00
-5.12500000e+00 1.75000000e+00 3.50000000e+00 1.87500000e-01 1.87500000e-01 1.06250000e+00 6.87500000e-01 7.93750000e+00 -2.50000000e+00 -1.87500000e-01 7.93750000e+00 -2.68750000e+00
-8.00000000e+00 2.18750000e+00 4.00000000e+00 1.87500000e-01 3.75000000e-01 1.62500000e+00 1.87500000e-01 7.93750000e+00 -5.81250000e+00 1.25000000e-01 7.93750000e+00 -4.37500000e+00
-8.00000000e+00 2.31250000e+00 3.31250000e+00 1.06250000e+00 -1.25000000e-01 1.87500000e+00 5.62500000e-01 7.93750000e+00 -8.00000000e+00 -1.25000000e-01 7.93750000e+00 -5.87500000e+00
-8.00000000e+00 2.25000000e+00 3.75000000e+00 8.75000000e-01 -0.00000000e+00 1.62500000e+00 5.62500000e-01 7.93750000e+00 -7.56250000e+00 -6.25000000e-02 7.93750000e+00 -5.43750000e+00
-8.00000000e+00 2.18750000e+00 4.12500000e+00 3.75000000e-01 2.50000000e-01 1.56250000e+00 5.00000000e-01 7.93750000e+00 -6.50000000e+00 -6.25000000e-02 7.93750000e+00 -4.87500000e+00
-4.31250000e+00 2.12500000e+00 2.87500000e+00 6.25000000e-02 5.62500000e-01 1.37500000e+00 4.37500000e-01 7.56250000e+00 -1.50000000e+00 0.00000000e+00 7.18750000e+00 -2.00000000e+00
-6.06250000e+00 2.25000000e+00 2.93750000e+00 1.87500000e-01 3.12500000e-01 1.81250000e+00 1.25000000e-01 7.93750000e+00 -3.25000000e+00 -1.25000000e-01 7.93750000e+00 -3.31250000e+00
-4.68750000e+00 2.18750000e+00 2.68750000e+00 1.87500000e-01 5.00000000e-01 1.50000000e+00 5.62500000e-01 7.93750000e+00 -2.06250000e+00 -1.87500000e-01 7.93750000e+00 -2.62500000e+00
-6.06250000e+00 1.81250000e+00 4.00000000e+00 -0.00000000e+00 5.00000000e-01 1.18750000e+00 6.87500000e-01 7.93750000e+00 -3.06250000e+00 -0.00000000e+00 7.93750000e+00 -3.00000000e+00
-8.00000000e+00 2.31250000e+00 3.31250000e+00 1.06250000e+00 -1.25000000e-01 1.81250000e+00 5.00000000e-01 7.93750000e+00 -8.00000000e+00 -1.25000000e-01 7.93750000e+00 -5.87500000e+00
-8.00000000e+00 2.43750000e+00 3.25000000e+00 3.12500000e-01 3.12500000e-01 2.06250000e+00 1.18750000e+00 7.93750000e+00 -5.68750000e+00 1.87500000e-01 7.93750000e+00 -4.31250000e+00
-5.31250000e+00 2.37500000e+00 3.06250000e+00 6.25000000e-02 5.00000000e-01 1.50000000e+00 0.00000000e+00 7.93750000e+00 -2.81250000e+00 -1.25000000e-01 7.93750000e+00 -2.93750000e+00
-5.37500000e+00 2.31250000e+00 3.18750000e+00 -1.25000000e-01 3.75000000e-01 1.56250000e+00 1.25000000e-01 7.93750000e+00 -2.81250000e+00 -0.00000000e+00 7.93750000e+00 -2.68750000e+00
-8.00000000e+00 2.12500000e+00 4.06250000e+00 1.87500000e-01 3.12500000e-01 1.62500000e+00 1.25000000e-01 7.93750000e+00 -5.81250000e+00 6.25000000e-02 7.93750000e+00 -4.43750000e+00
-4.81250000e+00 2.06250000e+00 3.18750000e+00 -1.25000000e-01 5.00000000e-01 1.37500000e+00 6.87500000e-01 7.93750000e+00 -1.81250000e+00 1.87500000e-01 7.75000000e+00 -1.93750000e+00
-3.00000000e+00 1.62500000e+00 2.62500000e+00 6.25000000e-02 3.75000000e-01 9.37500000e-01 6.25000000e-01 5.56250000e+00 -5.62500000e-01 -1.87500000e-01 5.56250000e+00 -1.56250000e+00
-1.00000000e+00 1.12500000e+00 2.68750000e+00 -6.25000000e-02 4.37500000e-01 3.12500000e-01 3.12500000e-01 2.50000000e+00 6.87500000e-01 -2.50000000e-01 2.75000000e+00 -5.62500000e-01
-2.62500000e+00 1.50000000e+00 3.00000000e+00 -1.25000000e-01 3.12500000e-01 7.50000000e-01 3.12500000e-01 4.87500000e+00 -1.87500000e-01 -1.87500000e-01 4.81250000e+00 -1.31250000e+00
-2.56250000e+00 1.37500000e+00 6.25000000e-01 -1.25000000e-01 -5.00000000e-01 4.37500000e-01 5.62500000e-01 4.43750000e+00 -1.87500000e-01 -3.12500000e-01 4.50000000e+00 -1.18750000e+00
-3.00000000e+00 1.62500000e+00 2.62500000e+00 6.25000000e-02 3.75000000e-01 1.00000000e+00 5.62500000e-01 5.50000000e+00 -6.25000000e-01 -1.87500000e-01 5.62500000e+00 -1.56250000e+00
-3.43750000e+00 1.68750000e+00 1.00000000e+00 1.87500000e-01 -3.75000000e-01 3.75000000e-01 0.00000000e+00 5.37500000e+00 -7.50000000e-01 -1.87500000e-01 5.81250000e+00 -1.56250000e+00
-1.81250000e+00 1.43750000e+00 2.25000000e+00 1.25000000e-01 5.00000000e-01 6.25000000e-01 -3.12500000e-01 3.56250000e+00 5.00000000e-01 -2.50000000e-01 3.68750000e+00 -8.75000000e-01
-2.62500000e+00 1.50000000e+00 3.00000000e+00 -1.25000000e-01 3.12500000e-01 7.50000000e-01 3.75000000e-01 4.87500000e+00 -1.87500000e-01 -1.87500000e-01 4.81250000e+00 -1.31250000e+00
-8.00000000e+00 2.25000000e+00 3.31250000e+00 1.06250000e+00 -1.25000000e-01 1.81250000e+00 5.00000000e-01 7.93750000e+00 -8.00000000e+00 -1.25000000e-01 7.93750000e+00 -5.87500000e+00
-8.00000000e+00 2.06250000e+00 4.12500000e+00 2.50000000e-01 3.12500000e-01 1.62500000e+00 2.50000000e-01 7.93750000e+00 -5.87500000e+00 0.00000000e+00 7.93750000e+00 -4.50000000e+00
-8.00000000e+00 2.25000000e+00 3.75000000e+00 8.75000000e-01 -0.00000000e+00 1.62500000e+00 6.25000000e-01 7.93750000e+00 -7.62500000e+00 -1.25000000e-01 7.93750000e+00 -5.43750000e+00
-8.00000000e+00 2.18750000e+00 4.06250000e+00 3.12500000e-01 2.50000000e-01 1.62500000e+00 4.37500000e-01 7.93750000e+00 -6.50000000e+00 -0.00000000e+00 7.93750000e+00 -4.87500000e+00
-8.00000000e+00 2.25000000e+00 3.75000000e+00 8.75000000e-01 -0.00000000e+00 1.68750000e+00 5.62500000e-01 7.93750000e+00 -7.56250000e+00 -1.25000000e-01 7.93750000e+00 -5.43750000e+00
-8.00000000e+00 2.25000000e+00 3.25000000e+00 1.06250000e+00 -1.25000000e-01 1.93750000e+00 5.62500000e-01 7.93750000e+00 -8.00000000e+00 -1.25000000e-01 7.93750000e+00 -5.81250000e+00
-8.00000000e+00 2.43750000e+00 3.56250000e+00 3.75000000e-01 5.62500000e-01 1.75000000e+00 6.87500000e-01 7.93750000e+00 -6.43750000e+00 3.12500000e-01 7.93750000e+00 -4.56250000e+00
-6.81250000e+00 1.93750000e+00 3.75000000e+00 3.75000000e-01 1.25000000e-01 1.37500000e+00 8.75000000e-01 7.93750000e+00 -4.18750000e+00 -1.87500000e-01 7.93750000e+00 -3.68750000e+00
-6.81250000e+00 2.18750000e+00 3.31250000e+00 1.87500000e-01 3.75000000e-01 1.75000000e+00 1.00000000e+00 7.93750000e+00 -3.62500000e+00 6.25000000e-02 7.93750000e+00 -3.31250000e+00
-8.00000000e+00 2.43750000e+00 3.12500000e+00 4.37500000e-01 4.37500000e-01 2.00000000e+00 7.50000000e-01 7.93750000e+00 -5.68750000e+00 2.50000000e-01 7.93750000e+00 -4.37500000e+00
-6.81250000e+00 1.93750000e+00 3.75000000e+00 4.37500000e-01 1.25000000e-01 1.37500000e+00 8.75000000e-01 7.93750000e+00 -4.18750000e+00 -2.50000000e-01 7.93750000e+00 -3.75000000e+00
-5.43750000e+00 2.12500000e+00 3.00000000e+00 2.50000000e-01 4.37500000e-01 1.50000000e+00 0.00000000e+00 7.93750000e+00 -2.62500000e+00 -6.25000000e-02 7.93750000e+00 -2.87500000e+00
