

================================================================
== Synthesis Summary Report of 'my_window'
================================================================
+ General Information: 
    * Date:           Thu Jul  2 09:25:30 2026
    * Version:        2023.2 (Build 4023990 on Oct 11 2023)
    * Project:        my_window_proj
    * Solution:       solution1 (Vivado IP Flow Target)
    * Product family: virtexuplus
    * Target device:  xcu250-figd2104-2L-e
    

+ Performance & Resource Estimates: 
    
    PS: '+' for module; 'o' for loop; '*' for dataflow
    +---------------------------------------+------+------+---------+-----------+----------+---------+------+----------+-----------+----------+-------------+--------------+-----+
    |                Modules                | Issue|      | Latency |  Latency  | Iteration|         | Trip |          |           |          |             |              |     |
    |                & Loops                | Type | Slack| (cycles)|    (ns)   |  Latency | Interval| Count| Pipelined|   BRAM    |    DSP   |      FF     |      LUT     | URAM|
    +---------------------------------------+------+------+---------+-----------+----------+---------+------+----------+-----------+----------+-------------+--------------+-----+
    |+ my_window                            |     -|  0.10|      575|  5.750e+03|         -|      576|     -|        no|  945 (17%)|  780 (6%)|   83878 (2%)|  353842 (20%)|    -|
    | + my_window_Pipeline_HINIT            |     -|  5.03|       86|    860.000|         -|       86|     -|        no|          -|         -|      9 (~0%)|      77 (~0%)|    -|
    |  o HINIT                              |     -|  7.30|       84|    840.000|         1|        1|    84|       yes|          -|         -|            -|             -|    -|
    | + my_window_Pipeline_PCA_HIST         |     -|  1.01|       45|    450.000|         -|       45|     -|        no|          -|  30 (~0%)|  11005 (~0%)|    40101 (2%)|    -|
    |  o PCA_HIST                           |     -|  7.30|       43|    430.000|         5|        1|    40|       yes|          -|         -|            -|             -|    -|
    | + my_window_Pipeline_BASE             |     -|  0.32|       88|    880.000|         -|       88|     -|        no|          -|         -|   1858 (~0%)|     767 (~0%)|    -|
    |  o BASE                               |     -|  7.30|       86|    860.000|         3|        1|    84|       yes|          -|         -|            -|             -|    -|
    | + my_window_Pipeline_RANK             |     -|  2.75|       58|    580.000|         -|       58|     -|        no|          -|  15 (~0%)|  13631 (~0%)|    22206 (1%)|    -|
    |  o RANK                               |     -|  7.30|       56|    560.000|        18|        1|    40|       yes|          -|         -|            -|             -|    -|
    | + my_window_Pipeline_EMIT_EDGE_SPLIT  |     -|  2.99|       89|    890.000|         -|       89|     -|        no|          -|  720 (5%)|  10840 (~0%)|    75159 (4%)|    -|
    |  o EMIT_EDGE_SPLIT                    |     -|  7.30|       87|    870.000|         7|        1|    82|       yes|          -|         -|            -|             -|    -|
    | + my_window_Pipeline_FW1_BW1_FW2_BW2  |     -|  0.10|       52|    520.000|         -|       52|     -|        no|          -|         -|  21698 (~0%)|    71666 (4%)|    -|
    |  o FW1_BW1_FW2_BW2                    |     -|  7.30|       50|    500.000|         7|        1|    45|       yes|          -|         -|            -|             -|    -|
    | + my_window_Pipeline_JUMP1            |     -|  5.17|       43|    430.000|         -|       43|     -|        no|          -|         -|    103 (~0%)|    32494 (1%)|    -|
    |  o JUMP1                              |     -|  7.30|       41|    410.000|         3|        1|    40|       yes|          -|         -|            -|             -|    -|
    | + my_window_Pipeline_JUMP2            |     -|  4.74|       55|    550.000|         -|       55|     -|        no|          -|  15 (~0%)|   6512 (~0%)|    4984 (~0%)|    -|
    |  o JUMP2                              |     -|  7.30|       53|    530.000|        15|        1|    40|       yes|          -|         -|            -|             -|    -|
    | + my_window_Pipeline_UNSORT_EM        |     -|  4.71|       42|    420.000|         -|       42|     -|        no|          -|         -|     15 (~0%)|    2644 (~0%)|    -|
    |  o UNSORT_EM                          |     -|  7.30|       40|    400.000|         2|        1|    40|       yes|          -|         -|            -|             -|    -|
    +---------------------------------------+------+------+---------+-----------+----------+---------+------+----------+-----------+----------+-------------+--------------+-----+


================================================================
== HW Interfaces
================================================================
* AP_MEMORY
+--------------------+-----------+----------+
| Port               | Direction | Bitwidth |
+--------------------+-----------+----------+
| emb_0_0_address0   | out       | 6        |
| emb_0_0_q0         | in        | 8        |
| emb_0_10_address0  | out       | 6        |
| emb_0_10_q0        | in        | 8        |
| emb_0_11_address0  | out       | 6        |
| emb_0_11_q0        | in        | 8        |
| emb_0_1_address0   | out       | 6        |
| emb_0_1_q0         | in        | 8        |
| emb_0_2_address0   | out       | 6        |
| emb_0_2_q0         | in        | 8        |
| emb_0_3_address0   | out       | 6        |
| emb_0_3_q0         | in        | 8        |
| emb_0_4_address0   | out       | 6        |
| emb_0_4_q0         | in        | 8        |
| emb_0_5_address0   | out       | 6        |
| emb_0_5_q0         | in        | 8        |
| emb_0_6_address0   | out       | 6        |
| emb_0_6_q0         | in        | 8        |
| emb_0_7_address0   | out       | 6        |
| emb_0_7_q0         | in        | 8        |
| emb_0_8_address0   | out       | 6        |
| emb_0_8_q0         | in        | 8        |
| emb_0_9_address0   | out       | 6        |
| emb_0_9_q0         | in        | 8        |
| emb_10_0_address0  | out       | 6        |
| emb_10_0_q0        | in        | 8        |
| emb_10_10_address0 | out       | 6        |
| emb_10_10_q0       | in        | 8        |
| emb_10_11_address0 | out       | 6        |
| emb_10_11_q0       | in        | 8        |
| emb_10_1_address0  | out       | 6        |
| emb_10_1_q0        | in        | 8        |
| emb_10_2_address0  | out       | 6        |
| emb_10_2_q0        | in        | 8        |
| emb_10_3_address0  | out       | 6        |
| emb_10_3_q0        | in        | 8        |
| emb_10_4_address0  | out       | 6        |
| emb_10_4_q0        | in        | 8        |
| emb_10_5_address0  | out       | 6        |
| emb_10_5_q0        | in        | 8        |
| emb_10_6_address0  | out       | 6        |
| emb_10_6_q0        | in        | 8        |
| emb_10_7_address0  | out       | 6        |
| emb_10_7_q0        | in        | 8        |
| emb_10_8_address0  | out       | 6        |
| emb_10_8_q0        | in        | 8        |
| emb_10_9_address0  | out       | 6        |
| emb_10_9_q0        | in        | 8        |
| emb_11_0_address0  | out       | 6        |
| emb_11_0_q0        | in        | 8        |
| emb_11_10_address0 | out       | 6        |
| emb_11_10_q0       | in        | 8        |
| emb_11_11_address0 | out       | 6        |
| emb_11_11_q0       | in        | 8        |
| emb_11_1_address0  | out       | 6        |
| emb_11_1_q0        | in        | 8        |
| emb_11_2_address0  | out       | 6        |
| emb_11_2_q0        | in        | 8        |
| emb_11_3_address0  | out       | 6        |
| emb_11_3_q0        | in        | 8        |
| emb_11_4_address0  | out       | 6        |
| emb_11_4_q0        | in        | 8        |
| emb_11_5_address0  | out       | 6        |
| emb_11_5_q0        | in        | 8        |
| emb_11_6_address0  | out       | 6        |
| emb_11_6_q0        | in        | 8        |
| emb_11_7_address0  | out       | 6        |
| emb_11_7_q0        | in        | 8        |
| emb_11_8_address0  | out       | 6        |
| emb_11_8_q0        | in        | 8        |
| emb_11_9_address0  | out       | 6        |
| emb_11_9_q0        | in        | 8        |
| emb_12_0_address0  | out       | 6        |
| emb_12_0_q0        | in        | 8        |
| emb_12_10_address0 | out       | 6        |
| emb_12_10_q0       | in        | 8        |
| emb_12_11_address0 | out       | 6        |
| emb_12_11_q0       | in        | 8        |
| emb_12_1_address0  | out       | 6        |
| emb_12_1_q0        | in        | 8        |
| emb_12_2_address0  | out       | 6        |
| emb_12_2_q0        | in        | 8        |
| emb_12_3_address0  | out       | 6        |
| emb_12_3_q0        | in        | 8        |
| emb_12_4_address0  | out       | 6        |
| emb_12_4_q0        | in        | 8        |
| emb_12_5_address0  | out       | 6        |
| emb_12_5_q0        | in        | 8        |
| emb_12_6_address0  | out       | 6        |
| emb_12_6_q0        | in        | 8        |
| emb_12_7_address0  | out       | 6        |
| emb_12_7_q0        | in        | 8        |
| emb_12_8_address0  | out       | 6        |
| emb_12_8_q0        | in        | 8        |
| emb_12_9_address0  | out       | 6        |
| emb_12_9_q0        | in        | 8        |
| emb_13_0_address0  | out       | 6        |
| emb_13_0_q0        | in        | 8        |
| emb_13_10_address0 | out       | 6        |
| emb_13_10_q0       | in        | 8        |
| emb_13_11_address0 | out       | 6        |
| emb_13_11_q0       | in        | 8        |
| emb_13_1_address0  | out       | 6        |
| emb_13_1_q0        | in        | 8        |
| emb_13_2_address0  | out       | 6        |
| emb_13_2_q0        | in        | 8        |
| emb_13_3_address0  | out       | 6        |
| emb_13_3_q0        | in        | 8        |
| emb_13_4_address0  | out       | 6        |
| emb_13_4_q0        | in        | 8        |
| emb_13_5_address0  | out       | 6        |
| emb_13_5_q0        | in        | 8        |
| emb_13_6_address0  | out       | 6        |
| emb_13_6_q0        | in        | 8        |
| emb_13_7_address0  | out       | 6        |
| emb_13_7_q0        | in        | 8        |
| emb_13_8_address0  | out       | 6        |
| emb_13_8_q0        | in        | 8        |
| emb_13_9_address0  | out       | 6        |
| emb_13_9_q0        | in        | 8        |
| emb_14_0_address0  | out       | 6        |
| emb_14_0_q0        | in        | 8        |
| emb_14_10_address0 | out       | 6        |
| emb_14_10_q0       | in        | 8        |
| emb_14_11_address0 | out       | 6        |
| emb_14_11_q0       | in        | 8        |
| emb_14_1_address0  | out       | 6        |
| emb_14_1_q0        | in        | 8        |
| emb_14_2_address0  | out       | 6        |
| emb_14_2_q0        | in        | 8        |
| emb_14_3_address0  | out       | 6        |
| emb_14_3_q0        | in        | 8        |
| emb_14_4_address0  | out       | 6        |
| emb_14_4_q0        | in        | 8        |
| emb_14_5_address0  | out       | 6        |
| emb_14_5_q0        | in        | 8        |
| emb_14_6_address0  | out       | 6        |
| emb_14_6_q0        | in        | 8        |
| emb_14_7_address0  | out       | 6        |
| emb_14_7_q0        | in        | 8        |
| emb_14_8_address0  | out       | 6        |
| emb_14_8_q0        | in        | 8        |
| emb_14_9_address0  | out       | 6        |
| emb_14_9_q0        | in        | 8        |
| emb_1_0_address0   | out       | 6        |
| emb_1_0_q0         | in        | 8        |
| emb_1_10_address0  | out       | 6        |
| emb_1_10_q0        | in        | 8        |
| emb_1_11_address0  | out       | 6        |
| emb_1_11_q0        | in        | 8        |
| emb_1_1_address0   | out       | 6        |
| emb_1_1_q0         | in        | 8        |
| emb_1_2_address0   | out       | 6        |
| emb_1_2_q0         | in        | 8        |
| emb_1_3_address0   | out       | 6        |
| emb_1_3_q0         | in        | 8        |
| emb_1_4_address0   | out       | 6        |
| emb_1_4_q0         | in        | 8        |
| emb_1_5_address0   | out       | 6        |
| emb_1_5_q0         | in        | 8        |
| emb_1_6_address0   | out       | 6        |
| emb_1_6_q0         | in        | 8        |
| emb_1_7_address0   | out       | 6        |
| emb_1_7_q0         | in        | 8        |
| emb_1_8_address0   | out       | 6        |
| emb_1_8_q0         | in        | 8        |
| emb_1_9_address0   | out       | 6        |
| emb_1_9_q0         | in        | 8        |
| emb_2_0_address0   | out       | 6        |
| emb_2_0_q0         | in        | 8        |
| emb_2_10_address0  | out       | 6        |
| emb_2_10_q0        | in        | 8        |
| emb_2_11_address0  | out       | 6        |
| emb_2_11_q0        | in        | 8        |
| emb_2_1_address0   | out       | 6        |
| emb_2_1_q0         | in        | 8        |
| emb_2_2_address0   | out       | 6        |
| emb_2_2_q0         | in        | 8        |
| emb_2_3_address0   | out       | 6        |
| emb_2_3_q0         | in        | 8        |
| emb_2_4_address0   | out       | 6        |
| emb_2_4_q0         | in        | 8        |
| emb_2_5_address0   | out       | 6        |
| emb_2_5_q0         | in        | 8        |
| emb_2_6_address0   | out       | 6        |
| emb_2_6_q0         | in        | 8        |
| emb_2_7_address0   | out       | 6        |
| emb_2_7_q0         | in        | 8        |
| emb_2_8_address0   | out       | 6        |
| emb_2_8_q0         | in        | 8        |
| emb_2_9_address0   | out       | 6        |
| emb_2_9_q0         | in        | 8        |
| emb_3_0_address0   | out       | 6        |
| emb_3_0_q0         | in        | 8        |
| emb_3_10_address0  | out       | 6        |
| emb_3_10_q0        | in        | 8        |
| emb_3_11_address0  | out       | 6        |
| emb_3_11_q0        | in        | 8        |
| emb_3_1_address0   | out       | 6        |
| emb_3_1_q0         | in        | 8        |
| emb_3_2_address0   | out       | 6        |
| emb_3_2_q0         | in        | 8        |
| emb_3_3_address0   | out       | 6        |
| emb_3_3_q0         | in        | 8        |
| emb_3_4_address0   | out       | 6        |
| emb_3_4_q0         | in        | 8        |
| emb_3_5_address0   | out       | 6        |
| emb_3_5_q0         | in        | 8        |
| emb_3_6_address0   | out       | 6        |
| emb_3_6_q0         | in        | 8        |
| emb_3_7_address0   | out       | 6        |
| emb_3_7_q0         | in        | 8        |
| emb_3_8_address0   | out       | 6        |
| emb_3_8_q0         | in        | 8        |
| emb_3_9_address0   | out       | 6        |
| emb_3_9_q0         | in        | 8        |
| emb_4_0_address0   | out       | 6        |
| emb_4_0_q0         | in        | 8        |
| emb_4_10_address0  | out       | 6        |
| emb_4_10_q0        | in        | 8        |
| emb_4_11_address0  | out       | 6        |
| emb_4_11_q0        | in        | 8        |
| emb_4_1_address0   | out       | 6        |
| emb_4_1_q0         | in        | 8        |
| emb_4_2_address0   | out       | 6        |
| emb_4_2_q0         | in        | 8        |
| emb_4_3_address0   | out       | 6        |
| emb_4_3_q0         | in        | 8        |
| emb_4_4_address0   | out       | 6        |
| emb_4_4_q0         | in        | 8        |
| emb_4_5_address0   | out       | 6        |
| emb_4_5_q0         | in        | 8        |
| emb_4_6_address0   | out       | 6        |
| emb_4_6_q0         | in        | 8        |
| emb_4_7_address0   | out       | 6        |
| emb_4_7_q0         | in        | 8        |
| emb_4_8_address0   | out       | 6        |
| emb_4_8_q0         | in        | 8        |
| emb_4_9_address0   | out       | 6        |
| emb_4_9_q0         | in        | 8        |
| emb_5_0_address0   | out       | 6        |
| emb_5_0_q0         | in        | 8        |
| emb_5_10_address0  | out       | 6        |
| emb_5_10_q0        | in        | 8        |
| emb_5_11_address0  | out       | 6        |
| emb_5_11_q0        | in        | 8        |
| emb_5_1_address0   | out       | 6        |
| emb_5_1_q0         | in        | 8        |
| emb_5_2_address0   | out       | 6        |
| emb_5_2_q0         | in        | 8        |
| emb_5_3_address0   | out       | 6        |
| emb_5_3_q0         | in        | 8        |
| emb_5_4_address0   | out       | 6        |
| emb_5_4_q0         | in        | 8        |
| emb_5_5_address0   | out       | 6        |
| emb_5_5_q0         | in        | 8        |
| emb_5_6_address0   | out       | 6        |
| emb_5_6_q0         | in        | 8        |
| emb_5_7_address0   | out       | 6        |
| emb_5_7_q0         | in        | 8        |
| emb_5_8_address0   | out       | 6        |
| emb_5_8_q0         | in        | 8        |
| emb_5_9_address0   | out       | 6        |
| emb_5_9_q0         | in        | 8        |
| emb_6_0_address0   | out       | 6        |
| emb_6_0_q0         | in        | 8        |
| emb_6_10_address0  | out       | 6        |
| emb_6_10_q0        | in        | 8        |
| emb_6_11_address0  | out       | 6        |
| emb_6_11_q0        | in        | 8        |
| emb_6_1_address0   | out       | 6        |
| emb_6_1_q0         | in        | 8        |
| emb_6_2_address0   | out       | 6        |
| emb_6_2_q0         | in        | 8        |
| emb_6_3_address0   | out       | 6        |
| emb_6_3_q0         | in        | 8        |
| emb_6_4_address0   | out       | 6        |
| emb_6_4_q0         | in        | 8        |
| emb_6_5_address0   | out       | 6        |
| emb_6_5_q0         | in        | 8        |
| emb_6_6_address0   | out       | 6        |
| emb_6_6_q0         | in        | 8        |
| emb_6_7_address0   | out       | 6        |
| emb_6_7_q0         | in        | 8        |
| emb_6_8_address0   | out       | 6        |
| emb_6_8_q0         | in        | 8        |
| emb_6_9_address0   | out       | 6        |
| emb_6_9_q0         | in        | 8        |
| emb_7_0_address0   | out       | 6        |
| emb_7_0_q0         | in        | 8        |
| emb_7_10_address0  | out       | 6        |
| emb_7_10_q0        | in        | 8        |
| emb_7_11_address0  | out       | 6        |
| emb_7_11_q0        | in        | 8        |
| emb_7_1_address0   | out       | 6        |
| emb_7_1_q0         | in        | 8        |
| emb_7_2_address0   | out       | 6        |
| emb_7_2_q0         | in        | 8        |
| emb_7_3_address0   | out       | 6        |
| emb_7_3_q0         | in        | 8        |
| emb_7_4_address0   | out       | 6        |
| emb_7_4_q0         | in        | 8        |
| emb_7_5_address0   | out       | 6        |
| emb_7_5_q0         | in        | 8        |
| emb_7_6_address0   | out       | 6        |
| emb_7_6_q0         | in        | 8        |
| emb_7_7_address0   | out       | 6        |
| emb_7_7_q0         | in        | 8        |
| emb_7_8_address0   | out       | 6        |
| emb_7_8_q0         | in        | 8        |
| emb_7_9_address0   | out       | 6        |
| emb_7_9_q0         | in        | 8        |
| emb_8_0_address0   | out       | 6        |
| emb_8_0_q0         | in        | 8        |
| emb_8_10_address0  | out       | 6        |
| emb_8_10_q0        | in        | 8        |
| emb_8_11_address0  | out       | 6        |
| emb_8_11_q0        | in        | 8        |
| emb_8_1_address0   | out       | 6        |
| emb_8_1_q0         | in        | 8        |
| emb_8_2_address0   | out       | 6        |
| emb_8_2_q0         | in        | 8        |
| emb_8_3_address0   | out       | 6        |
| emb_8_3_q0         | in        | 8        |
| emb_8_4_address0   | out       | 6        |
| emb_8_4_q0         | in        | 8        |
| emb_8_5_address0   | out       | 6        |
| emb_8_5_q0         | in        | 8        |
| emb_8_6_address0   | out       | 6        |
| emb_8_6_q0         | in        | 8        |
| emb_8_7_address0   | out       | 6        |
| emb_8_7_q0         | in        | 8        |
| emb_8_8_address0   | out       | 6        |
| emb_8_8_q0         | in        | 8        |
| emb_8_9_address0   | out       | 6        |
| emb_8_9_q0         | in        | 8        |
| emb_9_0_address0   | out       | 6        |
| emb_9_0_q0         | in        | 8        |
| emb_9_10_address0  | out       | 6        |
| emb_9_10_q0        | in        | 8        |
| emb_9_11_address0  | out       | 6        |
| emb_9_11_q0        | in        | 8        |
| emb_9_1_address0   | out       | 6        |
| emb_9_1_q0         | in        | 8        |
| emb_9_2_address0   | out       | 6        |
| emb_9_2_q0         | in        | 8        |
| emb_9_3_address0   | out       | 6        |
| emb_9_3_q0         | in        | 8        |
| emb_9_4_address0   | out       | 6        |
| emb_9_4_q0         | in        | 8        |
| emb_9_5_address0   | out       | 6        |
| emb_9_5_q0         | in        | 8        |
| emb_9_6_address0   | out       | 6        |
| emb_9_6_q0         | in        | 8        |
| emb_9_7_address0   | out       | 6        |
| emb_9_7_q0         | in        | 8        |
| emb_9_8_address0   | out       | 6        |
| emb_9_8_q0         | in        | 8        |
| emb_9_9_address0   | out       | 6        |
| emb_9_9_q0         | in        | 8        |
| labels_0_address0  | out       | 6        |
| labels_0_d0        | out       | 32       |
| labels_10_address0 | out       | 6        |
| labels_10_d0       | out       | 32       |
| labels_11_address0 | out       | 6        |
| labels_11_d0       | out       | 32       |
| labels_12_address0 | out       | 6        |
| labels_12_d0       | out       | 32       |
| labels_13_address0 | out       | 6        |
| labels_13_d0       | out       | 32       |
| labels_14_address0 | out       | 6        |
| labels_14_d0       | out       | 32       |
| labels_1_address0  | out       | 6        |
| labels_1_d0        | out       | 32       |
| labels_2_address0  | out       | 6        |
| labels_2_d0        | out       | 32       |
| labels_3_address0  | out       | 6        |
| labels_3_d0        | out       | 32       |
| labels_4_address0  | out       | 6        |
| labels_4_d0        | out       | 32       |
| labels_5_address0  | out       | 6        |
| labels_5_d0        | out       | 32       |
| labels_6_address0  | out       | 6        |
| labels_6_d0        | out       | 32       |
| labels_7_address0  | out       | 6        |
| labels_7_d0        | out       | 32       |
| labels_8_address0  | out       | 6        |
| labels_8_d0        | out       | 32       |
| labels_9_address0  | out       | 6        |
| labels_9_d0        | out       | 32       |
+--------------------+-----------+----------+

* TOP LEVEL CONTROL
+-----------+------------+-----------------------------------+
| Interface | Type       | Ports                             |
+-----------+------------+-----------------------------------+
| ap_clk    | clock      | ap_clk                            |
| ap_rst    | reset      | ap_rst                            |
| ap_ctrl   | ap_ctrl_hs | ap_done ap_idle ap_ready ap_start |
+-----------+------------+-----------------------------------+


================================================================
== SW I/O Information
================================================================
* Top Function Arguments
+----------+-----------+-----------------------------------------+
| Argument | Direction | Datatype                                |
+----------+-----------+-----------------------------------------+
| emb      | in        | ap_fixed<8, 4, AP_RND_CONV, AP_SAT, 0>* |
| labels   | out       | int*                                    |
+----------+-----------+-----------------------------------------+

* SW-to-HW Mapping
+----------+--------------------+---------+----------+
| Argument | HW Interface       | HW Type | HW Usage |
+----------+--------------------+---------+----------+
| emb      | emb_0_0_address0   | port    | offset   |
| emb      | emb_0_0_ce0        | port    |          |
| emb      | emb_0_0_q0         | port    |          |
| emb      | emb_0_1_address0   | port    | offset   |
| emb      | emb_0_1_ce0        | port    |          |
| emb      | emb_0_1_q0         | port    |          |
| emb      | emb_0_2_address0   | port    | offset   |
| emb      | emb_0_2_ce0        | port    |          |
| emb      | emb_0_2_q0         | port    |          |
| emb      | emb_0_3_address0   | port    | offset   |
| emb      | emb_0_3_ce0        | port    |          |
| emb      | emb_0_3_q0         | port    |          |
| emb      | emb_0_4_address0   | port    | offset   |
| emb      | emb_0_4_ce0        | port    |          |
| emb      | emb_0_4_q0         | port    |          |
| emb      | emb_0_5_address0   | port    | offset   |
| emb      | emb_0_5_ce0        | port    |          |
| emb      | emb_0_5_q0         | port    |          |
| emb      | emb_0_6_address0   | port    | offset   |
| emb      | emb_0_6_ce0        | port    |          |
| emb      | emb_0_6_q0         | port    |          |
| emb      | emb_0_7_address0   | port    | offset   |
| emb      | emb_0_7_ce0        | port    |          |
| emb      | emb_0_7_q0         | port    |          |
| emb      | emb_0_8_address0   | port    | offset   |
| emb      | emb_0_8_ce0        | port    |          |
| emb      | emb_0_8_q0         | port    |          |
| emb      | emb_0_9_address0   | port    | offset   |
| emb      | emb_0_9_ce0        | port    |          |
| emb      | emb_0_9_q0         | port    |          |
| emb      | emb_0_10_address0  | port    | offset   |
| emb      | emb_0_10_ce0       | port    |          |
| emb      | emb_0_10_q0        | port    |          |
| emb      | emb_0_11_address0  | port    | offset   |
| emb      | emb_0_11_ce0       | port    |          |
| emb      | emb_0_11_q0        | port    |          |
| emb      | emb_1_0_address0   | port    | offset   |
| emb      | emb_1_0_ce0        | port    |          |
| emb      | emb_1_0_q0         | port    |          |
| emb      | emb_1_1_address0   | port    | offset   |
| emb      | emb_1_1_ce0        | port    |          |
| emb      | emb_1_1_q0         | port    |          |
| emb      | emb_1_2_address0   | port    | offset   |
| emb      | emb_1_2_ce0        | port    |          |
| emb      | emb_1_2_q0         | port    |          |
| emb      | emb_1_3_address0   | port    | offset   |
| emb      | emb_1_3_ce0        | port    |          |
| emb      | emb_1_3_q0         | port    |          |
| emb      | emb_1_4_address0   | port    | offset   |
| emb      | emb_1_4_ce0        | port    |          |
| emb      | emb_1_4_q0         | port    |          |
| emb      | emb_1_5_address0   | port    | offset   |
| emb      | emb_1_5_ce0        | port    |          |
| emb      | emb_1_5_q0         | port    |          |
| emb      | emb_1_6_address0   | port    | offset   |
| emb      | emb_1_6_ce0        | port    |          |
| emb      | emb_1_6_q0         | port    |          |
| emb      | emb_1_7_address0   | port    | offset   |
| emb      | emb_1_7_ce0        | port    |          |
| emb      | emb_1_7_q0         | port    |          |
| emb      | emb_1_8_address0   | port    | offset   |
| emb      | emb_1_8_ce0        | port    |          |
| emb      | emb_1_8_q0         | port    |          |
| emb      | emb_1_9_address0   | port    | offset   |
| emb      | emb_1_9_ce0        | port    |          |
| emb      | emb_1_9_q0         | port    |          |
| emb      | emb_1_10_address0  | port    | offset   |
| emb      | emb_1_10_ce0       | port    |          |
| emb      | emb_1_10_q0        | port    |          |
| emb      | emb_1_11_address0  | port    | offset   |
| emb      | emb_1_11_ce0       | port    |          |
| emb      | emb_1_11_q0        | port    |          |
| emb      | emb_2_0_address0   | port    | offset   |
| emb      | emb_2_0_ce0        | port    |          |
| emb      | emb_2_0_q0         | port    |          |
| emb      | emb_2_1_address0   | port    | offset   |
| emb      | emb_2_1_ce0        | port    |          |
| emb      | emb_2_1_q0         | port    |          |
| emb      | emb_2_2_address0   | port    | offset   |
| emb      | emb_2_2_ce0        | port    |          |
| emb      | emb_2_2_q0         | port    |          |
| emb      | emb_2_3_address0   | port    | offset   |
| emb      | emb_2_3_ce0        | port    |          |
| emb      | emb_2_3_q0         | port    |          |
| emb      | emb_2_4_address0   | port    | offset   |
| emb      | emb_2_4_ce0        | port    |          |
| emb      | emb_2_4_q0         | port    |          |
| emb      | emb_2_5_address0   | port    | offset   |
| emb      | emb_2_5_ce0        | port    |          |
| emb      | emb_2_5_q0         | port    |          |
| emb      | emb_2_6_address0   | port    | offset   |
| emb      | emb_2_6_ce0        | port    |          |
| emb      | emb_2_6_q0         | port    |          |
| emb      | emb_2_7_address0   | port    | offset   |
| emb      | emb_2_7_ce0        | port    |          |
| emb      | emb_2_7_q0         | port    |          |
| emb      | emb_2_8_address0   | port    | offset   |
| emb      | emb_2_8_ce0        | port    |          |
| emb      | emb_2_8_q0         | port    |          |
| emb      | emb_2_9_address0   | port    | offset   |
| emb      | emb_2_9_ce0        | port    |          |
| emb      | emb_2_9_q0         | port    |          |
| emb      | emb_2_10_address0  | port    | offset   |
| emb      | emb_2_10_ce0       | port    |          |
| emb      | emb_2_10_q0        | port    |          |
| emb      | emb_2_11_address0  | port    | offset   |
| emb      | emb_2_11_ce0       | port    |          |
| emb      | emb_2_11_q0        | port    |          |
| emb      | emb_3_0_address0   | port    | offset   |
| emb      | emb_3_0_ce0        | port    |          |
| emb      | emb_3_0_q0         | port    |          |
| emb      | emb_3_1_address0   | port    | offset   |
| emb      | emb_3_1_ce0        | port    |          |
| emb      | emb_3_1_q0         | port    |          |
| emb      | emb_3_2_address0   | port    | offset   |
| emb      | emb_3_2_ce0        | port    |          |
| emb      | emb_3_2_q0         | port    |          |
| emb      | emb_3_3_address0   | port    | offset   |
| emb      | emb_3_3_ce0        | port    |          |
| emb      | emb_3_3_q0         | port    |          |
| emb      | emb_3_4_address0   | port    | offset   |
| emb      | emb_3_4_ce0        | port    |          |
| emb      | emb_3_4_q0         | port    |          |
| emb      | emb_3_5_address0   | port    | offset   |
| emb      | emb_3_5_ce0        | port    |          |
| emb      | emb_3_5_q0         | port    |          |
| emb      | emb_3_6_address0   | port    | offset   |
| emb      | emb_3_6_ce0        | port    |          |
| emb      | emb_3_6_q0         | port    |          |
| emb      | emb_3_7_address0   | port    | offset   |
| emb      | emb_3_7_ce0        | port    |          |
| emb      | emb_3_7_q0         | port    |          |
| emb      | emb_3_8_address0   | port    | offset   |
| emb      | emb_3_8_ce0        | port    |          |
| emb      | emb_3_8_q0         | port    |          |
| emb      | emb_3_9_address0   | port    | offset   |
| emb      | emb_3_9_ce0        | port    |          |
| emb      | emb_3_9_q0         | port    |          |
| emb      | emb_3_10_address0  | port    | offset   |
| emb      | emb_3_10_ce0       | port    |          |
| emb      | emb_3_10_q0        | port    |          |
| emb      | emb_3_11_address0  | port    | offset   |
| emb      | emb_3_11_ce0       | port    |          |
| emb      | emb_3_11_q0        | port    |          |
| emb      | emb_4_0_address0   | port    | offset   |
| emb      | emb_4_0_ce0        | port    |          |
| emb      | emb_4_0_q0         | port    |          |
| emb      | emb_4_1_address0   | port    | offset   |
| emb      | emb_4_1_ce0        | port    |          |
| emb      | emb_4_1_q0         | port    |          |
| emb      | emb_4_2_address0   | port    | offset   |
| emb      | emb_4_2_ce0        | port    |          |
| emb      | emb_4_2_q0         | port    |          |
| emb      | emb_4_3_address0   | port    | offset   |
| emb      | emb_4_3_ce0        | port    |          |
| emb      | emb_4_3_q0         | port    |          |
| emb      | emb_4_4_address0   | port    | offset   |
| emb      | emb_4_4_ce0        | port    |          |
| emb      | emb_4_4_q0         | port    |          |
| emb      | emb_4_5_address0   | port    | offset   |
| emb      | emb_4_5_ce0        | port    |          |
| emb      | emb_4_5_q0         | port    |          |
| emb      | emb_4_6_address0   | port    | offset   |
| emb      | emb_4_6_ce0        | port    |          |
| emb      | emb_4_6_q0         | port    |          |
| emb      | emb_4_7_address0   | port    | offset   |
| emb      | emb_4_7_ce0        | port    |          |
| emb      | emb_4_7_q0         | port    |          |
| emb      | emb_4_8_address0   | port    | offset   |
| emb      | emb_4_8_ce0        | port    |          |
| emb      | emb_4_8_q0         | port    |          |
| emb      | emb_4_9_address0   | port    | offset   |
| emb      | emb_4_9_ce0        | port    |          |
| emb      | emb_4_9_q0         | port    |          |
| emb      | emb_4_10_address0  | port    | offset   |
| emb      | emb_4_10_ce0       | port    |          |
| emb      | emb_4_10_q0        | port    |          |
| emb      | emb_4_11_address0  | port    | offset   |
| emb      | emb_4_11_ce0       | port    |          |
| emb      | emb_4_11_q0        | port    |          |
| emb      | emb_5_0_address0   | port    | offset   |
| emb      | emb_5_0_ce0        | port    |          |
| emb      | emb_5_0_q0         | port    |          |
| emb      | emb_5_1_address0   | port    | offset   |
| emb      | emb_5_1_ce0        | port    |          |
| emb      | emb_5_1_q0         | port    |          |
| emb      | emb_5_2_address0   | port    | offset   |
| emb      | emb_5_2_ce0        | port    |          |
| emb      | emb_5_2_q0         | port    |          |
| emb      | emb_5_3_address0   | port    | offset   |
| emb      | emb_5_3_ce0        | port    |          |
| emb      | emb_5_3_q0         | port    |          |
| emb      | emb_5_4_address0   | port    | offset   |
| emb      | emb_5_4_ce0        | port    |          |
| emb      | emb_5_4_q0         | port    |          |
| emb      | emb_5_5_address0   | port    | offset   |
| emb      | emb_5_5_ce0        | port    |          |
| emb      | emb_5_5_q0         | port    |          |
| emb      | emb_5_6_address0   | port    | offset   |
| emb      | emb_5_6_ce0        | port    |          |
| emb      | emb_5_6_q0         | port    |          |
| emb      | emb_5_7_address0   | port    | offset   |
| emb      | emb_5_7_ce0        | port    |          |
| emb      | emb_5_7_q0         | port    |          |
| emb      | emb_5_8_address0   | port    | offset   |
| emb      | emb_5_8_ce0        | port    |          |
| emb      | emb_5_8_q0         | port    |          |
| emb      | emb_5_9_address0   | port    | offset   |
| emb      | emb_5_9_ce0        | port    |          |
| emb      | emb_5_9_q0         | port    |          |
| emb      | emb_5_10_address0  | port    | offset   |
| emb      | emb_5_10_ce0       | port    |          |
| emb      | emb_5_10_q0        | port    |          |
| emb      | emb_5_11_address0  | port    | offset   |
| emb      | emb_5_11_ce0       | port    |          |
| emb      | emb_5_11_q0        | port    |          |
| emb      | emb_6_0_address0   | port    | offset   |
| emb      | emb_6_0_ce0        | port    |          |
| emb      | emb_6_0_q0         | port    |          |
| emb      | emb_6_1_address0   | port    | offset   |
| emb      | emb_6_1_ce0        | port    |          |
| emb      | emb_6_1_q0         | port    |          |
| emb      | emb_6_2_address0   | port    | offset   |
| emb      | emb_6_2_ce0        | port    |          |
| emb      | emb_6_2_q0         | port    |          |
| emb      | emb_6_3_address0   | port    | offset   |
| emb      | emb_6_3_ce0        | port    |          |
| emb      | emb_6_3_q0         | port    |          |
| emb      | emb_6_4_address0   | port    | offset   |
| emb      | emb_6_4_ce0        | port    |          |
| emb      | emb_6_4_q0         | port    |          |
| emb      | emb_6_5_address0   | port    | offset   |
| emb      | emb_6_5_ce0        | port    |          |
| emb      | emb_6_5_q0         | port    |          |
| emb      | emb_6_6_address0   | port    | offset   |
| emb      | emb_6_6_ce0        | port    |          |
| emb      | emb_6_6_q0         | port    |          |
| emb      | emb_6_7_address0   | port    | offset   |
| emb      | emb_6_7_ce0        | port    |          |
| emb      | emb_6_7_q0         | port    |          |
| emb      | emb_6_8_address0   | port    | offset   |
| emb      | emb_6_8_ce0        | port    |          |
| emb      | emb_6_8_q0         | port    |          |
| emb      | emb_6_9_address0   | port    | offset   |
| emb      | emb_6_9_ce0        | port    |          |
| emb      | emb_6_9_q0         | port    |          |
| emb      | emb_6_10_address0  | port    | offset   |
| emb      | emb_6_10_ce0       | port    |          |
| emb      | emb_6_10_q0        | port    |          |
| emb      | emb_6_11_address0  | port    | offset   |
| emb      | emb_6_11_ce0       | port    |          |
| emb      | emb_6_11_q0        | port    |          |
| emb      | emb_7_0_address0   | port    | offset   |
| emb      | emb_7_0_ce0        | port    |          |
| emb      | emb_7_0_q0         | port    |          |
| emb      | emb_7_1_address0   | port    | offset   |
| emb      | emb_7_1_ce0        | port    |          |
| emb      | emb_7_1_q0         | port    |          |
| emb      | emb_7_2_address0   | port    | offset   |
| emb      | emb_7_2_ce0        | port    |          |
| emb      | emb_7_2_q0         | port    |          |
| emb      | emb_7_3_address0   | port    | offset   |
| emb      | emb_7_3_ce0        | port    |          |
| emb      | emb_7_3_q0         | port    |          |
| emb      | emb_7_4_address0   | port    | offset   |
| emb      | emb_7_4_ce0        | port    |          |
| emb      | emb_7_4_q0         | port    |          |
| emb      | emb_7_5_address0   | port    | offset   |
| emb      | emb_7_5_ce0        | port    |          |
| emb      | emb_7_5_q0         | port    |          |
| emb      | emb_7_6_address0   | port    | offset   |
| emb      | emb_7_6_ce0        | port    |          |
| emb      | emb_7_6_q0         | port    |          |
| emb      | emb_7_7_address0   | port    | offset   |
| emb      | emb_7_7_ce0        | port    |          |
| emb      | emb_7_7_q0         | port    |          |
| emb      | emb_7_8_address0   | port    | offset   |
| emb      | emb_7_8_ce0        | port    |          |
| emb      | emb_7_8_q0         | port    |          |
| emb      | emb_7_9_address0   | port    | offset   |
| emb      | emb_7_9_ce0        | port    |          |
| emb      | emb_7_9_q0         | port    |          |
| emb      | emb_7_10_address0  | port    | offset   |
| emb      | emb_7_10_ce0       | port    |          |
| emb      | emb_7_10_q0        | port    |          |
| emb      | emb_7_11_address0  | port    | offset   |
| emb      | emb_7_11_ce0       | port    |          |
| emb      | emb_7_11_q0        | port    |          |
| emb      | emb_8_0_address0   | port    | offset   |
| emb      | emb_8_0_ce0        | port    |          |
| emb      | emb_8_0_q0         | port    |          |
| emb      | emb_8_1_address0   | port    | offset   |
| emb      | emb_8_1_ce0        | port    |          |
| emb      | emb_8_1_q0         | port    |          |
| emb      | emb_8_2_address0   | port    | offset   |
| emb      | emb_8_2_ce0        | port    |          |
| emb      | emb_8_2_q0         | port    |          |
| emb      | emb_8_3_address0   | port    | offset   |
| emb      | emb_8_3_ce0        | port    |          |
| emb      | emb_8_3_q0         | port    |          |
| emb      | emb_8_4_address0   | port    | offset   |
| emb      | emb_8_4_ce0        | port    |          |
| emb      | emb_8_4_q0         | port    |          |
| emb      | emb_8_5_address0   | port    | offset   |
| emb      | emb_8_5_ce0        | port    |          |
| emb      | emb_8_5_q0         | port    |          |
| emb      | emb_8_6_address0   | port    | offset   |
| emb      | emb_8_6_ce0        | port    |          |
| emb      | emb_8_6_q0         | port    |          |
| emb      | emb_8_7_address0   | port    | offset   |
| emb      | emb_8_7_ce0        | port    |          |
| emb      | emb_8_7_q0         | port    |          |
| emb      | emb_8_8_address0   | port    | offset   |
| emb      | emb_8_8_ce0        | port    |          |
| emb      | emb_8_8_q0         | port    |          |
| emb      | emb_8_9_address0   | port    | offset   |
| emb      | emb_8_9_ce0        | port    |          |
| emb      | emb_8_9_q0         | port    |          |
| emb      | emb_8_10_address0  | port    | offset   |
| emb      | emb_8_10_ce0       | port    |          |
| emb      | emb_8_10_q0        | port    |          |
| emb      | emb_8_11_address0  | port    | offset   |
| emb      | emb_8_11_ce0       | port    |          |
| emb      | emb_8_11_q0        | port    |          |
| emb      | emb_9_0_address0   | port    | offset   |
| emb      | emb_9_0_ce0        | port    |          |
| emb      | emb_9_0_q0         | port    |          |
| emb      | emb_9_1_address0   | port    | offset   |
| emb      | emb_9_1_ce0        | port    |          |
| emb      | emb_9_1_q0         | port    |          |
| emb      | emb_9_2_address0   | port    | offset   |
| emb      | emb_9_2_ce0        | port    |          |
| emb      | emb_9_2_q0         | port    |          |
| emb      | emb_9_3_address0   | port    | offset   |
| emb      | emb_9_3_ce0        | port    |          |
| emb      | emb_9_3_q0         | port    |          |
| emb      | emb_9_4_address0   | port    | offset   |
| emb      | emb_9_4_ce0        | port    |          |
| emb      | emb_9_4_q0         | port    |          |
| emb      | emb_9_5_address0   | port    | offset   |
| emb      | emb_9_5_ce0        | port    |          |
| emb      | emb_9_5_q0         | port    |          |
| emb      | emb_9_6_address0   | port    | offset   |
| emb      | emb_9_6_ce0        | port    |          |
| emb      | emb_9_6_q0         | port    |          |
| emb      | emb_9_7_address0   | port    | offset   |
| emb      | emb_9_7_ce0        | port    |          |
| emb      | emb_9_7_q0         | port    |          |
| emb      | emb_9_8_address0   | port    | offset   |
| emb      | emb_9_8_ce0        | port    |          |
| emb      | emb_9_8_q0         | port    |          |
| emb      | emb_9_9_address0   | port    | offset   |
| emb      | emb_9_9_ce0        | port    |          |
| emb      | emb_9_9_q0         | port    |          |
| emb      | emb_9_10_address0  | port    | offset   |
| emb      | emb_9_10_ce0       | port    |          |
| emb      | emb_9_10_q0        | port    |          |
| emb      | emb_9_11_address0  | port    | offset   |
| emb      | emb_9_11_ce0       | port    |          |
| emb      | emb_9_11_q0        | port    |          |
| emb      | emb_10_0_address0  | port    | offset   |
| emb      | emb_10_0_ce0       | port    |          |
| emb      | emb_10_0_q0        | port    |          |
| emb      | emb_10_1_address0  | port    | offset   |
| emb      | emb_10_1_ce0       | port    |          |
| emb      | emb_10_1_q0        | port    |          |
| emb      | emb_10_2_address0  | port    | offset   |
| emb      | emb_10_2_ce0       | port    |          |
| emb      | emb_10_2_q0        | port    |          |
| emb      | emb_10_3_address0  | port    | offset   |
| emb      | emb_10_3_ce0       | port    |          |
| emb      | emb_10_3_q0        | port    |          |
| emb      | emb_10_4_address0  | port    | offset   |
| emb      | emb_10_4_ce0       | port    |          |
| emb      | emb_10_4_q0        | port    |          |
| emb      | emb_10_5_address0  | port    | offset   |
| emb      | emb_10_5_ce0       | port    |          |
| emb      | emb_10_5_q0        | port    |          |
| emb      | emb_10_6_address0  | port    | offset   |
| emb      | emb_10_6_ce0       | port    |          |
| emb      | emb_10_6_q0        | port    |          |
| emb      | emb_10_7_address0  | port    | offset   |
| emb      | emb_10_7_ce0       | port    |          |
| emb      | emb_10_7_q0        | port    |          |
| emb      | emb_10_8_address0  | port    | offset   |
| emb      | emb_10_8_ce0       | port    |          |
| emb      | emb_10_8_q0        | port    |          |
| emb      | emb_10_9_address0  | port    | offset   |
| emb      | emb_10_9_ce0       | port    |          |
| emb      | emb_10_9_q0        | port    |          |
| emb      | emb_10_10_address0 | port    | offset   |
| emb      | emb_10_10_ce0      | port    |          |
| emb      | emb_10_10_q0       | port    |          |
| emb      | emb_10_11_address0 | port    | offset   |
| emb      | emb_10_11_ce0      | port    |          |
| emb      | emb_10_11_q0       | port    |          |
| emb      | emb_11_0_address0  | port    | offset   |
| emb      | emb_11_0_ce0       | port    |          |
| emb      | emb_11_0_q0        | port    |          |
| emb      | emb_11_1_address0  | port    | offset   |
| emb      | emb_11_1_ce0       | port    |          |
| emb      | emb_11_1_q0        | port    |          |
| emb      | emb_11_2_address0  | port    | offset   |
| emb      | emb_11_2_ce0       | port    |          |
| emb      | emb_11_2_q0        | port    |          |
| emb      | emb_11_3_address0  | port    | offset   |
| emb      | emb_11_3_ce0       | port    |          |
| emb      | emb_11_3_q0        | port    |          |
| emb      | emb_11_4_address0  | port    | offset   |
| emb      | emb_11_4_ce0       | port    |          |
| emb      | emb_11_4_q0        | port    |          |
| emb      | emb_11_5_address0  | port    | offset   |
| emb      | emb_11_5_ce0       | port    |          |
| emb      | emb_11_5_q0        | port    |          |
| emb      | emb_11_6_address0  | port    | offset   |
| emb      | emb_11_6_ce0       | port    |          |
| emb      | emb_11_6_q0        | port    |          |
| emb      | emb_11_7_address0  | port    | offset   |
| emb      | emb_11_7_ce0       | port    |          |
| emb      | emb_11_7_q0        | port    |          |
| emb      | emb_11_8_address0  | port    | offset   |
| emb      | emb_11_8_ce0       | port    |          |
| emb      | emb_11_8_q0        | port    |          |
| emb      | emb_11_9_address0  | port    | offset   |
| emb      | emb_11_9_ce0       | port    |          |
| emb      | emb_11_9_q0        | port    |          |
| emb      | emb_11_10_address0 | port    | offset   |
| emb      | emb_11_10_ce0      | port    |          |
| emb      | emb_11_10_q0       | port    |          |
| emb      | emb_11_11_address0 | port    | offset   |
| emb      | emb_11_11_ce0      | port    |          |
| emb      | emb_11_11_q0       | port    |          |
| emb      | emb_12_0_address0  | port    | offset   |
| emb      | emb_12_0_ce0       | port    |          |
| emb      | emb_12_0_q0        | port    |          |
| emb      | emb_12_1_address0  | port    | offset   |
| emb      | emb_12_1_ce0       | port    |          |
| emb      | emb_12_1_q0        | port    |          |
| emb      | emb_12_2_address0  | port    | offset   |
| emb      | emb_12_2_ce0       | port    |          |
| emb      | emb_12_2_q0        | port    |          |
| emb      | emb_12_3_address0  | port    | offset   |
| emb      | emb_12_3_ce0       | port    |          |
| emb      | emb_12_3_q0        | port    |          |
| emb      | emb_12_4_address0  | port    | offset   |
| emb      | emb_12_4_ce0       | port    |          |
| emb      | emb_12_4_q0        | port    |          |
| emb      | emb_12_5_address0  | port    | offset   |
| emb      | emb_12_5_ce0       | port    |          |
| emb      | emb_12_5_q0        | port    |          |
| emb      | emb_12_6_address0  | port    | offset   |
| emb      | emb_12_6_ce0       | port    |          |
| emb      | emb_12_6_q0        | port    |          |
| emb      | emb_12_7_address0  | port    | offset   |
| emb      | emb_12_7_ce0       | port    |          |
| emb      | emb_12_7_q0        | port    |          |
| emb      | emb_12_8_address0  | port    | offset   |
| emb      | emb_12_8_ce0       | port    |          |
| emb      | emb_12_8_q0        | port    |          |
| emb      | emb_12_9_address0  | port    | offset   |
| emb      | emb_12_9_ce0       | port    |          |
| emb      | emb_12_9_q0        | port    |          |
| emb      | emb_12_10_address0 | port    | offset   |
| emb      | emb_12_10_ce0      | port    |          |
| emb      | emb_12_10_q0       | port    |          |
| emb      | emb_12_11_address0 | port    | offset   |
| emb      | emb_12_11_ce0      | port    |          |
| emb      | emb_12_11_q0       | port    |          |
| emb      | emb_13_0_address0  | port    | offset   |
| emb      | emb_13_0_ce0       | port    |          |
| emb      | emb_13_0_q0        | port    |          |
| emb      | emb_13_1_address0  | port    | offset   |
| emb      | emb_13_1_ce0       | port    |          |
| emb      | emb_13_1_q0        | port    |          |
| emb      | emb_13_2_address0  | port    | offset   |
| emb      | emb_13_2_ce0       | port    |          |
| emb      | emb_13_2_q0        | port    |          |
| emb      | emb_13_3_address0  | port    | offset   |
| emb      | emb_13_3_ce0       | port    |          |
| emb      | emb_13_3_q0        | port    |          |
| emb      | emb_13_4_address0  | port    | offset   |
| emb      | emb_13_4_ce0       | port    |          |
| emb      | emb_13_4_q0        | port    |          |
| emb      | emb_13_5_address0  | port    | offset   |
| emb      | emb_13_5_ce0       | port    |          |
| emb      | emb_13_5_q0        | port    |          |
| emb      | emb_13_6_address0  | port    | offset   |
| emb      | emb_13_6_ce0       | port    |          |
| emb      | emb_13_6_q0        | port    |          |
| emb      | emb_13_7_address0  | port    | offset   |
| emb      | emb_13_7_ce0       | port    |          |
| emb      | emb_13_7_q0        | port    |          |
| emb      | emb_13_8_address0  | port    | offset   |
| emb      | emb_13_8_ce0       | port    |          |
| emb      | emb_13_8_q0        | port    |          |
| emb      | emb_13_9_address0  | port    | offset   |
| emb      | emb_13_9_ce0       | port    |          |
| emb      | emb_13_9_q0        | port    |          |
| emb      | emb_13_10_address0 | port    | offset   |
| emb      | emb_13_10_ce0      | port    |          |
| emb      | emb_13_10_q0       | port    |          |
| emb      | emb_13_11_address0 | port    | offset   |
| emb      | emb_13_11_ce0      | port    |          |
| emb      | emb_13_11_q0       | port    |          |
| emb      | emb_14_0_address0  | port    | offset   |
| emb      | emb_14_0_ce0       | port    |          |
| emb      | emb_14_0_q0        | port    |          |
| emb      | emb_14_1_address0  | port    | offset   |
| emb      | emb_14_1_ce0       | port    |          |
| emb      | emb_14_1_q0        | port    |          |
| emb      | emb_14_2_address0  | port    | offset   |
| emb      | emb_14_2_ce0       | port    |          |
| emb      | emb_14_2_q0        | port    |          |
| emb      | emb_14_3_address0  | port    | offset   |
| emb      | emb_14_3_ce0       | port    |          |
| emb      | emb_14_3_q0        | port    |          |
| emb      | emb_14_4_address0  | port    | offset   |
| emb      | emb_14_4_ce0       | port    |          |
| emb      | emb_14_4_q0        | port    |          |
| emb      | emb_14_5_address0  | port    | offset   |
| emb      | emb_14_5_ce0       | port    |          |
| emb      | emb_14_5_q0        | port    |          |
| emb      | emb_14_6_address0  | port    | offset   |
| emb      | emb_14_6_ce0       | port    |          |
| emb      | emb_14_6_q0        | port    |          |
| emb      | emb_14_7_address0  | port    | offset   |
| emb      | emb_14_7_ce0       | port    |          |
| emb      | emb_14_7_q0        | port    |          |
| emb      | emb_14_8_address0  | port    | offset   |
| emb      | emb_14_8_ce0       | port    |          |
| emb      | emb_14_8_q0        | port    |          |
| emb      | emb_14_9_address0  | port    | offset   |
| emb      | emb_14_9_ce0       | port    |          |
| emb      | emb_14_9_q0        | port    |          |
| emb      | emb_14_10_address0 | port    | offset   |
| emb      | emb_14_10_ce0      | port    |          |
| emb      | emb_14_10_q0       | port    |          |
| emb      | emb_14_11_address0 | port    | offset   |
| emb      | emb_14_11_ce0      | port    |          |
| emb      | emb_14_11_q0       | port    |          |
| labels   | labels_0_address0  | port    | offset   |
| labels   | labels_0_ce0       | port    |          |
| labels   | labels_0_we0       | port    |          |
| labels   | labels_0_d0        | port    |          |
| labels   | labels_1_address0  | port    | offset   |
| labels   | labels_1_ce0       | port    |          |
| labels   | labels_1_we0       | port    |          |
| labels   | labels_1_d0        | port    |          |
| labels   | labels_2_address0  | port    | offset   |
| labels   | labels_2_ce0       | port    |          |
| labels   | labels_2_we0       | port    |          |
| labels   | labels_2_d0        | port    |          |
| labels   | labels_3_address0  | port    | offset   |
| labels   | labels_3_ce0       | port    |          |
| labels   | labels_3_we0       | port    |          |
| labels   | labels_3_d0        | port    |          |
| labels   | labels_4_address0  | port    | offset   |
| labels   | labels_4_ce0       | port    |          |
| labels   | labels_4_we0       | port    |          |
| labels   | labels_4_d0        | port    |          |
| labels   | labels_5_address0  | port    | offset   |
| labels   | labels_5_ce0       | port    |          |
| labels   | labels_5_we0       | port    |          |
| labels   | labels_5_d0        | port    |          |
| labels   | labels_6_address0  | port    | offset   |
| labels   | labels_6_ce0       | port    |          |
| labels   | labels_6_we0       | port    |          |
| labels   | labels_6_d0        | port    |          |
| labels   | labels_7_address0  | port    | offset   |
| labels   | labels_7_ce0       | port    |          |
| labels   | labels_7_we0       | port    |          |
| labels   | labels_7_d0        | port    |          |
| labels   | labels_8_address0  | port    | offset   |
| labels   | labels_8_ce0       | port    |          |
| labels   | labels_8_we0       | port    |          |
| labels   | labels_8_d0        | port    |          |
| labels   | labels_9_address0  | port    | offset   |
| labels   | labels_9_ce0       | port    |          |
| labels   | labels_9_we0       | port    |          |
| labels   | labels_9_d0        | port    |          |
| labels   | labels_10_address0 | port    | offset   |
| labels   | labels_10_ce0      | port    |          |
| labels   | labels_10_we0      | port    |          |
| labels   | labels_10_d0       | port    |          |
| labels   | labels_11_address0 | port    | offset   |
| labels   | labels_11_ce0      | port    |          |
| labels   | labels_11_we0      | port    |          |
| labels   | labels_11_d0       | port    |          |
| labels   | labels_12_address0 | port    | offset   |
| labels   | labels_12_ce0      | port    |          |
| labels   | labels_12_we0      | port    |          |
| labels   | labels_12_d0       | port    |          |
| labels   | labels_13_address0 | port    | offset   |
| labels   | labels_13_ce0      | port    |          |
| labels   | labels_13_we0      | port    |          |
| labels   | labels_13_d0       | port    |          |
| labels   | labels_14_address0 | port    | offset   |
| labels   | labels_14_ce0      | port    |          |
| labels   | labels_14_we0      | port    |          |
| labels   | labels_14_d0       | port    |          |
+----------+--------------------+---------+----------+


================================================================
== Bind Op Report
================================================================
+----------------------------------------+-----+--------+---------------+-----+-----------+---------+
| Name                                   | DSP | Pragma | Variable      | Op  | Impl      | Latency |
+----------------------------------------+-----+--------+---------------+-----+-----------+---------+
| + my_window                            | 780 |        |               |     |           |         |
|  + my_window_Pipeline_HINIT            | 0   |        |               |     |           |         |
|    add_ln125_fu_9497_p2                |     |        | add_ln125     | add | fabric    | 0       |
|  + my_window_Pipeline_PCA_HIST         | 30  |        |               |     |           |         |
|    add_ln137_fu_5432_p2                |     |        | add_ln137     | add | fabric    | 0       |
|    add_ln144_fu_5631_p2                |     |        | add_ln144     | add | fabric    | 0       |
|    add_ln144_1_fu_5663_p2              |     |        | add_ln144_1   | add | fabric    | 0       |
|    sub_ln144_fu_5673_p2                |     |        | sub_ln144     | sub | fabric    | 0       |
|    add_ln144_2_fu_5703_p2              |     |        | add_ln144_2   | add | fabric    | 0       |
|    sub_ln144_405_fu_5729_p2            |     |        | sub_ln144_405 | sub | fabric    | 0       |
|    add_ln144_3_fu_5739_p2              |     |        | add_ln144_3   | add | fabric    | 0       |
|    add_ln144_4_fu_5769_p2              |     |        | add_ln144_4   | add | fabric    | 0       |
|    add_ln144_5_fu_5811_p2              |     |        | add_ln144_5   | add | fabric    | 0       |
|    sub_ln144_12_fu_5841_p2             |     |        | sub_ln144_12  | sub | fabric    | 0       |
|    add_ln144_6_fu_5855_p2              |     |        | add_ln144_6   | add | fabric    | 0       |
|    add_ln144_7_fu_5881_p2              |     |        | add_ln144_7   | add | fabric    | 0       |
|    tmp_fu_5917_p2                      |     |        | tmp           | add | fabric    | 0       |
|    addconv4128_fu_5927_p2              |     |        | addconv4128   | add | fabric    | 0       |
|    tmp2006_fu_5937_p2                  |     |        | tmp2006       | sub | fabric    | 0       |
|    sum_fu_5971_p2                      |     |        | sum           | add | fabric    | 0       |
|    add_ln144_9_fu_6000_p2              |     |        | add_ln144_9   | add | fabric    | 0       |
|    sub_ln144_1_fu_6026_p2              |     |        | sub_ln144_1   | sub | fabric    | 0       |
|    add_ln144_10_fu_6060_p2             |     |        | add_ln144_10  | add | fabric    | 0       |
|    sub_ln144_406_fu_6086_p2            |     |        | sub_ln144_406 | sub | fabric    | 0       |
|    mul_9s_5s_12_1_1_U466               |     |        | mul_ln144_3   | mul | auto      | 0       |
|    add_ln144_11_fu_6102_p2             |     |        | add_ln144_11  | add | fabric    | 0       |
|    tmp2012_fu_6202_p2                  |     |        | tmp2012       | add | fabric    | 0       |
|    tmp10771174_fu_6222_p2              |     |        | tmp10771174   | add | fabric    | 0       |
|    add_ln144_12_fu_6240_p2             |     |        | add_ln144_12  | add | fabric    | 0       |
|    sub_ln144_34_fu_6297_p2             |     |        | sub_ln144_34  | sub | fabric    | 0       |
|    sub_ln144_408_fu_6327_p2            |     |        | sub_ln144_408 | sub | fabric    | 0       |
|    sub_ln144_36_fu_6345_p2             |     |        | sub_ln144_36  | sub | fabric    | 0       |
|    sub_ln144_42_fu_6371_p2             |     |        | sub_ln144_42  | sub | fabric    | 0       |
|    add_ln144_16_fu_6449_p2             |     |        | add_ln144_16  | add | fabric    | 0       |
|    sub_ln144_3_fu_6486_p2              |     |        | sub_ln144_3   | sub | fabric    | 0       |
|    add_ln144_20_fu_6562_p2             |     |        | add_ln144_20  | add | fabric    | 0       |
|    add_ln144_19_fu_6572_p2             |     |        | add_ln144_19  | add | fabric    | 0       |
|    add_ln144_23_fu_6620_p2             |     |        | add_ln144_23  | add | fabric    | 0       |
|    add_ln144_24_fu_6626_p2             |     |        | add_ln144_24  | add | fabric    | 0       |
|    sub_ln144_44_fu_6675_p2             |     |        | sub_ln144_44  | sub | fabric    | 0       |
|    sub_ln144_50_fu_6693_p2             |     |        | sub_ln144_50  | sub | fabric    | 0       |
|    mul_9s_5s_12_1_1_U467               |     |        | mul_ln144_6   | mul | auto      | 0       |
|    mac_muladd_9s_4ns_13s_13_4_1_U496   | 1   |        | mul_ln144_7   | mul | dsp_slice | 3       |
|    sub_ln144_5_fu_6709_p2              |     |        | sub_ln144_5   | sub | fabric    | 0       |
|    tmp2026_fu_6723_p2                  |     |        | tmp2026       | add | fabric    | 0       |
|    mac_muladd_9s_4ns_13s_13_4_1_U496   | 1   |        | tmp2025       | add | dsp_slice | 3       |
|    tmp10891155_fu_30770_p2             |     |        | tmp10891155   | add | fabric    | 0       |
|    mac_muladd_9s_4ns_11s_13_4_1_U497   | 1   |        | mul_ln144_8   | mul | dsp_slice | 3       |
|    sub_ln144_409_fu_6769_p2            |     |        | sub_ln144_409 | sub | fabric    | 0       |
|    sub_ln144_52_fu_6783_p2             |     |        | sub_ln144_52  | sub | fabric    | 0       |
|    mac_muladd_9s_4ns_11s_13_4_1_U497   | 1   |        | tmp2031       | add | dsp_slice | 3       |
|    tmp2030_fu_30818_p2                 |     |        | tmp2030       | add | fabric    | 0       |
|    tmp2034_fu_6829_p2                  |     |        | tmp2034       | sub | fabric    | 0       |
|    tmp2032_fu_6839_p2                  |     |        | tmp2032       | add | fabric    | 0       |
|    tmp10961145_fu_30830_p2             |     |        | tmp10961145   | add | fabric    | 0       |
|    add_ln144_29_fu_6845_p2             |     |        | add_ln144_29  | add | fabric    | 0       |
|    add_ln144_30_fu_30851_p2            |     |        | add_ln144_30  | add | fabric    | 0       |
|    sub_ln144_6_fu_6863_p2              |     |        | sub_ln144_6   | sub | fabric    | 0       |
|    sub_ln144_410_fu_6885_p2            |     |        | sub_ln144_410 | sub | fabric    | 0       |
|    sub_ln144_60_fu_6909_p2             |     |        | sub_ln144_60  | sub | fabric    | 0       |
|    sub_ln144_7_fu_6915_p2              |     |        | sub_ln144_7   | sub | fabric    | 0       |
|    sub_ln144_66_fu_6933_p2             |     |        | sub_ln144_66  | sub | fabric    | 0       |
|    addconv4134_fu_6947_p2              |     |        | addconv4134   | sub | fabric    | 0       |
|    addconv4135_fu_6967_p2              |     |        | addconv4135   | sub | fabric    | 0       |
|    tmp11031131_fu_6993_p2              |     |        | tmp11031131   | add | fabric    | 0       |
|    add_ln144_33_fu_7011_p2             |     |        | add_ln144_33  | add | fabric    | 0       |
|    sub_ln144_412_fu_7060_p2            |     |        | sub_ln144_412 | sub | fabric    | 0       |
|    sub_ln144_68_fu_7074_p2             |     |        | sub_ln144_68  | sub | fabric    | 0       |
|    sub_ln144_76_fu_7094_p2             |     |        | sub_ln144_76  | sub | fabric    | 0       |
|    tmp2045_fu_7154_p2                  |     |        | tmp2045       | add | fabric    | 0       |
|    tmp2050_fu_7170_p2                  |     |        | tmp2050       | add | fabric    | 0       |
|    tmp11111119_fu_7190_p2              |     |        | tmp11111119   | add | fabric    | 0       |
|    add_ln144_36_fu_7208_p2             |     |        | add_ln144_36  | add | fabric    | 0       |
|    idx_fu_7251_p2                      |     |        | idx           | add | fabric    | 0       |
|    hist_d0                             |     |        | add_ln157     | add | fabric    | 0       |
|    add_ln144_38_fu_7281_p2             |     |        | add_ln144_38  | add | fabric    | 0       |
|    add_ln144_39_fu_7313_p2             |     |        | add_ln144_39  | add | fabric    | 0       |
|    sub_ln144_8_fu_7323_p2              |     |        | sub_ln144_8   | sub | fabric    | 0       |
|    add_ln144_40_fu_7353_p2             |     |        | add_ln144_40  | add | fabric    | 0       |
|    sub_ln144_413_fu_7379_p2            |     |        | sub_ln144_413 | sub | fabric    | 0       |
|    add_ln144_41_fu_7389_p2             |     |        | add_ln144_41  | add | fabric    | 0       |
|    add_ln144_42_fu_7419_p2             |     |        | add_ln144_42  | add | fabric    | 0       |
|    add_ln144_43_fu_7461_p2             |     |        | add_ln144_43  | add | fabric    | 0       |
|    sub_ln144_98_fu_7491_p2             |     |        | sub_ln144_98  | sub | fabric    | 0       |
|    add_ln144_44_fu_7505_p2             |     |        | add_ln144_44  | add | fabric    | 0       |
|    add_ln144_45_fu_7531_p2             |     |        | add_ln144_45  | add | fabric    | 0       |
|    tmp2053_fu_7567_p2                  |     |        | tmp2053       | add | fabric    | 0       |
|    addconv4138_fu_7577_p2              |     |        | addconv4138   | add | fabric    | 0       |
|    tmp2057_fu_7587_p2                  |     |        | tmp2057       | sub | fabric    | 0       |
|    sum_9_fu_7621_p2                    |     |        | sum_9         | add | fabric    | 0       |
|    add_ln144_47_fu_7650_p2             |     |        | add_ln144_47  | add | fabric    | 0       |
|    sub_ln144_9_fu_7676_p2              |     |        | sub_ln144_9   | sub | fabric    | 0       |
|    add_ln144_48_fu_7710_p2             |     |        | add_ln144_48  | add | fabric    | 0       |
|    sub_ln144_414_fu_7736_p2            |     |        | sub_ln144_414 | sub | fabric    | 0       |
|    mul_9s_5s_12_1_1_U468               |     |        | mul_ln144_16  | mul | auto      | 0       |
|    add_ln144_49_fu_7752_p2             |     |        | add_ln144_49  | add | fabric    | 0       |
|    tmp2063_fu_7852_p2                  |     |        | tmp2063       | add | fabric    | 0       |
|    tmp11261094_fu_7872_p2              |     |        | tmp11261094   | add | fabric    | 0       |
|    add_ln144_51_fu_7890_p2             |     |        | add_ln144_51  | add | fabric    | 0       |
|    sub_ln144_116_fu_7947_p2            |     |        | sub_ln144_116 | sub | fabric    | 0       |
|    sub_ln144_416_fu_7977_p2            |     |        | sub_ln144_416 | sub | fabric    | 0       |
|    sub_ln144_120_fu_7995_p2            |     |        | sub_ln144_120 | sub | fabric    | 0       |
|    sub_ln144_121_fu_8021_p2            |     |        | sub_ln144_121 | sub | fabric    | 0       |
|    add_ln144_55_fu_8099_p2             |     |        | add_ln144_55  | add | fabric    | 0       |
|    sub_ln144_11_fu_8136_p2             |     |        | sub_ln144_11  | sub | fabric    | 0       |
|    add_ln144_59_fu_8212_p2             |     |        | add_ln144_59  | add | fabric    | 0       |
|    add_ln144_57_fu_8222_p2             |     |        | add_ln144_57  | add | fabric    | 0       |
|    add_ln144_62_fu_8270_p2             |     |        | add_ln144_62  | add | fabric    | 0       |
|    add_ln144_63_fu_8276_p2             |     |        | add_ln144_63  | add | fabric    | 0       |
|    sub_ln144_122_fu_8325_p2            |     |        | sub_ln144_122 | sub | fabric    | 0       |
|    sub_ln144_123_fu_8343_p2            |     |        | sub_ln144_123 | sub | fabric    | 0       |
|    mul_9s_5s_12_1_1_U469               |     |        | mul_ln144_19  | mul | auto      | 0       |
|    mac_muladd_9s_4ns_13s_13_4_1_U498   | 1   |        | mul_ln144_20  | mul | dsp_slice | 3       |
|    sub_ln144_13_fu_8359_p2             |     |        | sub_ln144_13  | sub | fabric    | 0       |
|    tmp2077_fu_8373_p2                  |     |        | tmp2077       | add | fabric    | 0       |
|    mac_muladd_9s_4ns_13s_13_4_1_U498   | 1   |        | tmp2076       | add | dsp_slice | 3       |
|    tmp11381075_fu_30902_p2             |     |        | tmp11381075   | add | fabric    | 0       |
|    mac_muladd_9s_4ns_11s_13_4_1_U499   | 1   |        | mul_ln144_21  | mul | dsp_slice | 3       |
|    sub_ln144_417_fu_8419_p2            |     |        | sub_ln144_417 | sub | fabric    | 0       |
|    sub_ln144_124_fu_8433_p2            |     |        | sub_ln144_124 | sub | fabric    | 0       |
|    mac_muladd_9s_4ns_11s_13_4_1_U499   | 1   |        | tmp2082       | add | dsp_slice | 3       |
|    tmp2081_fu_30950_p2                 |     |        | tmp2081       | add | fabric    | 0       |
|    tmp2085_fu_8479_p2                  |     |        | tmp2085       | sub | fabric    | 0       |
|    tmp2083_fu_8489_p2                  |     |        | tmp2083       | add | fabric    | 0       |
|    tmp11451065_fu_30962_p2             |     |        | tmp11451065   | add | fabric    | 0       |
|    add_ln144_68_fu_8495_p2             |     |        | add_ln144_68  | add | fabric    | 0       |
|    add_ln144_69_fu_30983_p2            |     |        | add_ln144_69  | add | fabric    | 0       |
|    sub_ln144_14_fu_8513_p2             |     |        | sub_ln144_14  | sub | fabric    | 0       |
|    sub_ln144_418_fu_8535_p2            |     |        | sub_ln144_418 | sub | fabric    | 0       |
|    sub_ln144_126_fu_8559_p2            |     |        | sub_ln144_126 | sub | fabric    | 0       |
|    sub_ln144_15_fu_8565_p2             |     |        | sub_ln144_15  | sub | fabric    | 0       |
|    sub_ln144_127_fu_8583_p2            |     |        | sub_ln144_127 | sub | fabric    | 0       |
|    addconv4144_fu_8597_p2              |     |        | addconv4144   | sub | fabric    | 0       |
|    addconv4145_fu_8617_p2              |     |        | addconv4145   | sub | fabric    | 0       |
|    tmp11521051_fu_8643_p2              |     |        | tmp11521051   | add | fabric    | 0       |
|    add_ln144_72_fu_8661_p2             |     |        | add_ln144_72  | add | fabric    | 0       |
|    sub_ln144_420_fu_8710_p2            |     |        | sub_ln144_420 | sub | fabric    | 0       |
|    sub_ln144_128_fu_8724_p2            |     |        | sub_ln144_128 | sub | fabric    | 0       |
|    sub_ln144_130_fu_8744_p2            |     |        | sub_ln144_130 | sub | fabric    | 0       |
|    tmp2096_fu_8804_p2                  |     |        | tmp2096       | add | fabric    | 0       |
|    tmp2101_fu_8820_p2                  |     |        | tmp2101       | add | fabric    | 0       |
|    tmp11601039_fu_8840_p2              |     |        | tmp11601039   | add | fabric    | 0       |
|    add_ln144_75_fu_8858_p2             |     |        | add_ln144_75  | add | fabric    | 0       |
|    idx_1_fu_8901_p2                    |     |        | idx_1         | add | fabric    | 0       |
|    hist_1_d0                           |     |        | add_ln157_1   | add | fabric    | 0       |
|    add_ln144_76_fu_8931_p2             |     |        | add_ln144_76  | add | fabric    | 0       |
|    add_ln144_77_fu_8963_p2             |     |        | add_ln144_77  | add | fabric    | 0       |
|    sub_ln144_16_fu_8973_p2             |     |        | sub_ln144_16  | sub | fabric    | 0       |
|    add_ln144_78_fu_9003_p2             |     |        | add_ln144_78  | add | fabric    | 0       |
|    sub_ln144_421_fu_9029_p2            |     |        | sub_ln144_421 | sub | fabric    | 0       |
|    add_ln144_79_fu_9039_p2             |     |        | add_ln144_79  | add | fabric    | 0       |
|    add_ln144_80_fu_9069_p2             |     |        | add_ln144_80  | add | fabric    | 0       |
|    add_ln144_81_fu_9111_p2             |     |        | add_ln144_81  | add | fabric    | 0       |
|    sub_ln144_135_fu_9141_p2            |     |        | sub_ln144_135 | sub | fabric    | 0       |
|    add_ln144_82_fu_9155_p2             |     |        | add_ln144_82  | add | fabric    | 0       |
|    add_ln144_83_fu_9181_p2             |     |        | add_ln144_83  | add | fabric    | 0       |
|    tmp2104_fu_9217_p2                  |     |        | tmp2104       | add | fabric    | 0       |
|    addconv4148_fu_9227_p2              |     |        | addconv4148   | add | fabric    | 0       |
|    tmp2108_fu_9237_p2                  |     |        | tmp2108       | sub | fabric    | 0       |
|    sum_18_fu_9271_p2                   |     |        | sum_18        | add | fabric    | 0       |
|    add_ln144_85_fu_9300_p2             |     |        | add_ln144_85  | add | fabric    | 0       |
|    sub_ln144_17_fu_9326_p2             |     |        | sub_ln144_17  | sub | fabric    | 0       |
|    add_ln144_86_fu_9360_p2             |     |        | add_ln144_86  | add | fabric    | 0       |
|    sub_ln144_422_fu_9386_p2            |     |        | sub_ln144_422 | sub | fabric    | 0       |
|    mul_9s_5s_12_1_1_U470               |     |        | mul_ln144_29  | mul | auto      | 0       |
|    add_ln144_87_fu_9402_p2             |     |        | add_ln144_87  | add | fabric    | 0       |
|    tmp2114_fu_9502_p2                  |     |        | tmp2114       | add | fabric    | 0       |
|    tmp11751014_fu_9522_p2              |     |        | tmp11751014   | add | fabric    | 0       |
|    add_ln144_90_fu_9540_p2             |     |        | add_ln144_90  | add | fabric    | 0       |
|    sub_ln144_140_fu_9597_p2            |     |        | sub_ln144_140 | sub | fabric    | 0       |
|    sub_ln144_424_fu_9627_p2            |     |        | sub_ln144_424 | sub | fabric    | 0       |
|    sub_ln144_141_fu_9645_p2            |     |        | sub_ln144_141 | sub | fabric    | 0       |
|    sub_ln144_142_fu_9671_p2            |     |        | sub_ln144_142 | sub | fabric    | 0       |
|    add_ln144_94_fu_9749_p2             |     |        | add_ln144_94  | add | fabric    | 0       |
|    sub_ln144_19_fu_9786_p2             |     |        | sub_ln144_19  | sub | fabric    | 0       |
|    add_ln144_98_fu_9862_p2             |     |        | add_ln144_98  | add | fabric    | 0       |
|    add_ln144_95_fu_9872_p2             |     |        | add_ln144_95  | add | fabric    | 0       |
|    add_ln144_101_fu_9920_p2            |     |        | add_ln144_101 | add | fabric    | 0       |
|    add_ln144_102_fu_9926_p2            |     |        | add_ln144_102 | add | fabric    | 0       |
|    sub_ln144_143_fu_9975_p2            |     |        | sub_ln144_143 | sub | fabric    | 0       |
|    sub_ln144_144_fu_9993_p2            |     |        | sub_ln144_144 | sub | fabric    | 0       |
|    mul_9s_5s_12_1_1_U471               |     |        | mul_ln144_32  | mul | auto      | 0       |
|    mac_muladd_9s_4ns_13s_13_4_1_U500   | 1   |        | mul_ln144_33  | mul | dsp_slice | 3       |
|    sub_ln144_21_fu_10009_p2            |     |        | sub_ln144_21  | sub | fabric    | 0       |
|    tmp2128_fu_10023_p2                 |     |        | tmp2128       | add | fabric    | 0       |
|    mac_muladd_9s_4ns_13s_13_4_1_U500   | 1   |        | tmp2127       | add | dsp_slice | 3       |
|    tmp1187995_fu_31034_p2              |     |        | tmp1187995    | add | fabric    | 0       |
|    mac_muladd_9s_4ns_11s_13_4_1_U501   | 1   |        | mul_ln144_34  | mul | dsp_slice | 3       |
|    sub_ln144_425_fu_10069_p2           |     |        | sub_ln144_425 | sub | fabric    | 0       |
|    sub_ln144_145_fu_10083_p2           |     |        | sub_ln144_145 | sub | fabric    | 0       |
|    mac_muladd_9s_4ns_11s_13_4_1_U501   | 1   |        | tmp2133       | add | dsp_slice | 3       |
|    tmp2132_fu_31082_p2                 |     |        | tmp2132       | add | fabric    | 0       |
|    tmp2136_fu_10129_p2                 |     |        | tmp2136       | sub | fabric    | 0       |
|    tmp2134_fu_10139_p2                 |     |        | tmp2134       | add | fabric    | 0       |
|    tmp1194985_fu_31094_p2              |     |        | tmp1194985    | add | fabric    | 0       |
|    add_ln144_107_fu_10145_p2           |     |        | add_ln144_107 | add | fabric    | 0       |
|    add_ln144_108_fu_31115_p2           |     |        | add_ln144_108 | add | fabric    | 0       |
|    sub_ln144_22_fu_10163_p2            |     |        | sub_ln144_22  | sub | fabric    | 0       |
|    sub_ln144_426_fu_10185_p2           |     |        | sub_ln144_426 | sub | fabric    | 0       |
|    sub_ln144_147_fu_10209_p2           |     |        | sub_ln144_147 | sub | fabric    | 0       |
|    sub_ln144_23_fu_10215_p2            |     |        | sub_ln144_23  | sub | fabric    | 0       |
|    sub_ln144_148_fu_10233_p2           |     |        | sub_ln144_148 | sub | fabric    | 0       |
|    addconv4154_fu_10247_p2             |     |        | addconv4154   | sub | fabric    | 0       |
|    addconv4155_fu_10267_p2             |     |        | addconv4155   | sub | fabric    | 0       |
|    tmp1201971_fu_10293_p2              |     |        | tmp1201971    | add | fabric    | 0       |
|    add_ln144_111_fu_10311_p2           |     |        | add_ln144_111 | add | fabric    | 0       |
|    sub_ln144_428_fu_10360_p2           |     |        | sub_ln144_428 | sub | fabric    | 0       |
|    sub_ln144_149_fu_10374_p2           |     |        | sub_ln144_149 | sub | fabric    | 0       |
|    sub_ln144_151_fu_10394_p2           |     |        | sub_ln144_151 | sub | fabric    | 0       |
|    tmp2147_fu_10454_p2                 |     |        | tmp2147       | add | fabric    | 0       |
|    tmp2152_fu_10470_p2                 |     |        | tmp2152       | add | fabric    | 0       |
|    tmp1209959_fu_10490_p2              |     |        | tmp1209959    | add | fabric    | 0       |
|    add_ln144_122_fu_10508_p2           |     |        | add_ln144_122 | add | fabric    | 0       |
|    idx_2_fu_10551_p2                   |     |        | idx_2         | add | fabric    | 0       |
|    hist_2_d0                           |     |        | add_ln157_2   | add | fabric    | 0       |
|    add_ln144_114_fu_10581_p2           |     |        | add_ln144_114 | add | fabric    | 0       |
|    add_ln144_115_fu_10613_p2           |     |        | add_ln144_115 | add | fabric    | 0       |
|    sub_ln144_24_fu_10623_p2            |     |        | sub_ln144_24  | sub | fabric    | 0       |
|    add_ln144_116_fu_10653_p2           |     |        | add_ln144_116 | add | fabric    | 0       |
|    sub_ln144_429_fu_10679_p2           |     |        | sub_ln144_429 | sub | fabric    | 0       |
|    add_ln144_117_fu_10689_p2           |     |        | add_ln144_117 | add | fabric    | 0       |
|    add_ln144_118_fu_10719_p2           |     |        | add_ln144_118 | add | fabric    | 0       |
|    add_ln144_119_fu_10761_p2           |     |        | add_ln144_119 | add | fabric    | 0       |
|    sub_ln144_156_fu_10791_p2           |     |        | sub_ln144_156 | sub | fabric    | 0       |
|    add_ln144_120_fu_10805_p2           |     |        | add_ln144_120 | add | fabric    | 0       |
|    add_ln144_121_fu_10831_p2           |     |        | add_ln144_121 | add | fabric    | 0       |
|    tmp2155_fu_10867_p2                 |     |        | tmp2155       | add | fabric    | 0       |
|    addconv4158_fu_10877_p2             |     |        | addconv4158   | add | fabric    | 0       |
|    tmp2159_fu_10887_p2                 |     |        | tmp2159       | sub | fabric    | 0       |
|    sum_27_fu_10921_p2                  |     |        | sum_27        | add | fabric    | 0       |
|    add_ln144_123_fu_10950_p2           |     |        | add_ln144_123 | add | fabric    | 0       |
|    sub_ln144_25_fu_10976_p2            |     |        | sub_ln144_25  | sub | fabric    | 0       |
|    add_ln144_124_fu_11010_p2           |     |        | add_ln144_124 | add | fabric    | 0       |
|    sub_ln144_430_fu_11036_p2           |     |        | sub_ln144_430 | sub | fabric    | 0       |
|    mul_9s_5s_12_1_1_U472               |     |        | mul_ln144_42  | mul | auto      | 0       |
|    add_ln144_125_fu_11052_p2           |     |        | add_ln144_125 | add | fabric    | 0       |
|    tmp2165_fu_11152_p2                 |     |        | tmp2165       | add | fabric    | 0       |
|    tmp1224934_fu_11172_p2              |     |        | tmp1224934    | add | fabric    | 0       |
|    add_ln144_129_fu_11190_p2           |     |        | add_ln144_129 | add | fabric    | 0       |
|    sub_ln144_161_fu_11247_p2           |     |        | sub_ln144_161 | sub | fabric    | 0       |
|    sub_ln144_432_fu_11277_p2           |     |        | sub_ln144_432 | sub | fabric    | 0       |
|    sub_ln144_162_fu_11295_p2           |     |        | sub_ln144_162 | sub | fabric    | 0       |
|    sub_ln144_163_fu_11321_p2           |     |        | sub_ln144_163 | sub | fabric    | 0       |
|    add_ln144_134_fu_11399_p2           |     |        | add_ln144_134 | add | fabric    | 0       |
|    sub_ln144_27_fu_11436_p2            |     |        | sub_ln144_27  | sub | fabric    | 0       |
|    add_ln144_137_fu_11512_p2           |     |        | add_ln144_137 | add | fabric    | 0       |
|    add_ln144_133_fu_11522_p2           |     |        | add_ln144_133 | add | fabric    | 0       |
|    add_ln144_140_fu_11570_p2           |     |        | add_ln144_140 | add | fabric    | 0       |
|    add_ln144_141_fu_11576_p2           |     |        | add_ln144_141 | add | fabric    | 0       |
|    sub_ln144_164_fu_11625_p2           |     |        | sub_ln144_164 | sub | fabric    | 0       |
|    sub_ln144_165_fu_11643_p2           |     |        | sub_ln144_165 | sub | fabric    | 0       |
|    mul_9s_5s_12_1_1_U473               |     |        | mul_ln144_45  | mul | auto      | 0       |
|    mac_muladd_9s_4ns_13s_13_4_1_U502   | 1   |        | mul_ln144_46  | mul | dsp_slice | 3       |
|    sub_ln144_29_fu_11659_p2            |     |        | sub_ln144_29  | sub | fabric    | 0       |
|    tmp2179_fu_11673_p2                 |     |        | tmp2179       | add | fabric    | 0       |
|    mac_muladd_9s_4ns_13s_13_4_1_U502   | 1   |        | tmp2178       | add | dsp_slice | 3       |
|    tmp1236915_fu_31166_p2              |     |        | tmp1236915    | add | fabric    | 0       |
|    mac_muladd_9s_4ns_11s_13_4_1_U503   | 1   |        | mul_ln144_47  | mul | dsp_slice | 3       |
|    sub_ln144_433_fu_11719_p2           |     |        | sub_ln144_433 | sub | fabric    | 0       |
|    sub_ln144_166_fu_11733_p2           |     |        | sub_ln144_166 | sub | fabric    | 0       |
|    mac_muladd_9s_4ns_11s_13_4_1_U503   | 1   |        | tmp2184       | add | dsp_slice | 3       |
|    tmp2183_fu_31214_p2                 |     |        | tmp2183       | add | fabric    | 0       |
|    tmp2187_fu_11779_p2                 |     |        | tmp2187       | sub | fabric    | 0       |
|    tmp2185_fu_11789_p2                 |     |        | tmp2185       | add | fabric    | 0       |
|    tmp1243905_fu_31226_p2              |     |        | tmp1243905    | add | fabric    | 0       |
|    add_ln144_146_fu_11795_p2           |     |        | add_ln144_146 | add | fabric    | 0       |
|    add_ln144_147_fu_31247_p2           |     |        | add_ln144_147 | add | fabric    | 0       |
|    sub_ln144_30_fu_11813_p2            |     |        | sub_ln144_30  | sub | fabric    | 0       |
|    sub_ln144_434_fu_11835_p2           |     |        | sub_ln144_434 | sub | fabric    | 0       |
|    sub_ln144_168_fu_11859_p2           |     |        | sub_ln144_168 | sub | fabric    | 0       |
|    sub_ln144_31_fu_11865_p2            |     |        | sub_ln144_31  | sub | fabric    | 0       |
|    sub_ln144_169_fu_11883_p2           |     |        | sub_ln144_169 | sub | fabric    | 0       |
|    addconv4164_fu_11897_p2             |     |        | addconv4164   | sub | fabric    | 0       |
|    addconv4165_fu_11917_p2             |     |        | addconv4165   | sub | fabric    | 0       |
|    tmp1250891_fu_11943_p2              |     |        | tmp1250891    | add | fabric    | 0       |
|    add_ln144_150_fu_11961_p2           |     |        | add_ln144_150 | add | fabric    | 0       |
|    sub_ln144_436_fu_12010_p2           |     |        | sub_ln144_436 | sub | fabric    | 0       |
|    sub_ln144_170_fu_12024_p2           |     |        | sub_ln144_170 | sub | fabric    | 0       |
|    sub_ln144_172_fu_12044_p2           |     |        | sub_ln144_172 | sub | fabric    | 0       |
|    tmp2198_fu_12104_p2                 |     |        | tmp2198       | add | fabric    | 0       |
|    tmp2203_fu_12120_p2                 |     |        | tmp2203       | add | fabric    | 0       |
|    tmp1258879_fu_12140_p2              |     |        | tmp1258879    | add | fabric    | 0       |
|    add_ln144_164_fu_12158_p2           |     |        | add_ln144_164 | add | fabric    | 0       |
|    idx_3_fu_12201_p2                   |     |        | idx_3         | add | fabric    | 0       |
|    hist_3_d0                           |     |        | add_ln157_3   | add | fabric    | 0       |
|    add_ln144_152_fu_12231_p2           |     |        | add_ln144_152 | add | fabric    | 0       |
|    add_ln144_153_fu_12263_p2           |     |        | add_ln144_153 | add | fabric    | 0       |
|    sub_ln144_32_fu_12273_p2            |     |        | sub_ln144_32  | sub | fabric    | 0       |
|    add_ln144_154_fu_12303_p2           |     |        | add_ln144_154 | add | fabric    | 0       |
|    sub_ln144_437_fu_12329_p2           |     |        | sub_ln144_437 | sub | fabric    | 0       |
|    add_ln144_155_fu_12339_p2           |     |        | add_ln144_155 | add | fabric    | 0       |
|    add_ln144_156_fu_12369_p2           |     |        | add_ln144_156 | add | fabric    | 0       |
|    add_ln144_157_fu_12411_p2           |     |        | add_ln144_157 | add | fabric    | 0       |
|    sub_ln144_177_fu_12441_p2           |     |        | sub_ln144_177 | sub | fabric    | 0       |
|    add_ln144_158_fu_12455_p2           |     |        | add_ln144_158 | add | fabric    | 0       |
|    add_ln144_159_fu_12481_p2           |     |        | add_ln144_159 | add | fabric    | 0       |
|    tmp2206_fu_12517_p2                 |     |        | tmp2206       | add | fabric    | 0       |
|    addconv4168_fu_12527_p2             |     |        | addconv4168   | add | fabric    | 0       |
|    tmp2210_fu_12537_p2                 |     |        | tmp2210       | sub | fabric    | 0       |
|    sum_36_fu_12571_p2                  |     |        | sum_36        | add | fabric    | 0       |
|    add_ln144_161_fu_12600_p2           |     |        | add_ln144_161 | add | fabric    | 0       |
|    sub_ln144_33_fu_12626_p2            |     |        | sub_ln144_33  | sub | fabric    | 0       |
|    add_ln144_162_fu_12660_p2           |     |        | add_ln144_162 | add | fabric    | 0       |
|    sub_ln144_438_fu_12686_p2           |     |        | sub_ln144_438 | sub | fabric    | 0       |
|    mul_9s_5s_12_1_1_U474               |     |        | mul_ln144_55  | mul | auto      | 0       |
|    add_ln144_163_fu_12702_p2           |     |        | add_ln144_163 | add | fabric    | 0       |
|    tmp2216_fu_12802_p2                 |     |        | tmp2216       | add | fabric    | 0       |
|    tmp1273854_fu_12822_p2              |     |        | tmp1273854    | add | fabric    | 0       |
|    add_ln144_168_fu_12840_p2           |     |        | add_ln144_168 | add | fabric    | 0       |
|    sub_ln144_182_fu_12897_p2           |     |        | sub_ln144_182 | sub | fabric    | 0       |
|    sub_ln144_440_fu_12927_p2           |     |        | sub_ln144_440 | sub | fabric    | 0       |
|    sub_ln144_183_fu_12945_p2           |     |        | sub_ln144_183 | sub | fabric    | 0       |
|    sub_ln144_184_fu_12971_p2           |     |        | sub_ln144_184 | sub | fabric    | 0       |
|    add_ln144_173_fu_13049_p2           |     |        | add_ln144_173 | add | fabric    | 0       |
|    sub_ln144_35_fu_13086_p2            |     |        | sub_ln144_35  | sub | fabric    | 0       |
|    add_ln144_176_fu_13162_p2           |     |        | add_ln144_176 | add | fabric    | 0       |
|    add_ln144_171_fu_13172_p2           |     |        | add_ln144_171 | add | fabric    | 0       |
|    add_ln144_179_fu_13220_p2           |     |        | add_ln144_179 | add | fabric    | 0       |
|    add_ln144_180_fu_13226_p2           |     |        | add_ln144_180 | add | fabric    | 0       |
|    sub_ln144_185_fu_13275_p2           |     |        | sub_ln144_185 | sub | fabric    | 0       |
|    sub_ln144_186_fu_13293_p2           |     |        | sub_ln144_186 | sub | fabric    | 0       |
|    mul_9s_5s_12_1_1_U475               |     |        | mul_ln144_58  | mul | auto      | 0       |
|    mac_muladd_9s_4ns_13s_13_4_1_U504   | 1   |        | mul_ln144_59  | mul | dsp_slice | 3       |
|    sub_ln144_37_fu_13309_p2            |     |        | sub_ln144_37  | sub | fabric    | 0       |
|    tmp2230_fu_13323_p2                 |     |        | tmp2230       | add | fabric    | 0       |
|    mac_muladd_9s_4ns_13s_13_4_1_U504   | 1   |        | tmp2229       | add | dsp_slice | 3       |
|    tmp1285835_fu_31298_p2              |     |        | tmp1285835    | add | fabric    | 0       |
|    mac_muladd_9s_4ns_11s_13_4_1_U505   | 1   |        | mul_ln144_60  | mul | dsp_slice | 3       |
|    sub_ln144_441_fu_13369_p2           |     |        | sub_ln144_441 | sub | fabric    | 0       |
|    sub_ln144_187_fu_13383_p2           |     |        | sub_ln144_187 | sub | fabric    | 0       |
|    mac_muladd_9s_4ns_11s_13_4_1_U505   | 1   |        | tmp2235       | add | dsp_slice | 3       |
|    tmp2234_fu_31346_p2                 |     |        | tmp2234       | add | fabric    | 0       |
|    tmp2238_fu_13429_p2                 |     |        | tmp2238       | sub | fabric    | 0       |
|    tmp2236_fu_13439_p2                 |     |        | tmp2236       | add | fabric    | 0       |
|    tmp1292825_fu_31358_p2              |     |        | tmp1292825    | add | fabric    | 0       |
|    add_ln144_185_fu_13445_p2           |     |        | add_ln144_185 | add | fabric    | 0       |
|    add_ln144_186_fu_31379_p2           |     |        | add_ln144_186 | add | fabric    | 0       |
|    sub_ln144_38_fu_13463_p2            |     |        | sub_ln144_38  | sub | fabric    | 0       |
|    sub_ln144_442_fu_13485_p2           |     |        | sub_ln144_442 | sub | fabric    | 0       |
|    sub_ln144_189_fu_13509_p2           |     |        | sub_ln144_189 | sub | fabric    | 0       |
|    sub_ln144_39_fu_13515_p2            |     |        | sub_ln144_39  | sub | fabric    | 0       |
|    sub_ln144_190_fu_13533_p2           |     |        | sub_ln144_190 | sub | fabric    | 0       |
|    addconv4174_fu_13547_p2             |     |        | addconv4174   | sub | fabric    | 0       |
|    addconv4175_fu_13567_p2             |     |        | addconv4175   | sub | fabric    | 0       |
|    tmp1299811_fu_13593_p2              |     |        | tmp1299811    | add | fabric    | 0       |
|    add_ln144_189_fu_13611_p2           |     |        | add_ln144_189 | add | fabric    | 0       |
|    sub_ln144_444_fu_13660_p2           |     |        | sub_ln144_444 | sub | fabric    | 0       |
|    sub_ln144_191_fu_13674_p2           |     |        | sub_ln144_191 | sub | fabric    | 0       |
|    sub_ln144_193_fu_13694_p2           |     |        | sub_ln144_193 | sub | fabric    | 0       |
|    tmp2249_fu_13754_p2                 |     |        | tmp2249       | add | fabric    | 0       |
|    tmp2254_fu_13770_p2                 |     |        | tmp2254       | add | fabric    | 0       |
|    tmp1307799_fu_13790_p2              |     |        | tmp1307799    | add | fabric    | 0       |
|    add_ln144_203_fu_13808_p2           |     |        | add_ln144_203 | add | fabric    | 0       |
|    idx_4_fu_13851_p2                   |     |        | idx_4         | add | fabric    | 0       |
|    hist_4_d0                           |     |        | add_ln157_4   | add | fabric    | 0       |
|    add_ln144_190_fu_13881_p2           |     |        | add_ln144_190 | add | fabric    | 0       |
|    add_ln144_191_fu_13913_p2           |     |        | add_ln144_191 | add | fabric    | 0       |
|    sub_ln144_40_fu_13923_p2            |     |        | sub_ln144_40  | sub | fabric    | 0       |
|    add_ln144_192_fu_13953_p2           |     |        | add_ln144_192 | add | fabric    | 0       |
|    sub_ln144_445_fu_13979_p2           |     |        | sub_ln144_445 | sub | fabric    | 0       |
|    add_ln144_193_fu_13989_p2           |     |        | add_ln144_193 | add | fabric    | 0       |
|    add_ln144_194_fu_14019_p2           |     |        | add_ln144_194 | add | fabric    | 0       |
|    add_ln144_195_fu_14061_p2           |     |        | add_ln144_195 | add | fabric    | 0       |
|    sub_ln144_198_fu_14091_p2           |     |        | sub_ln144_198 | sub | fabric    | 0       |
|    add_ln144_196_fu_14105_p2           |     |        | add_ln144_196 | add | fabric    | 0       |
|    add_ln144_197_fu_14131_p2           |     |        | add_ln144_197 | add | fabric    | 0       |
|    tmp2257_fu_14167_p2                 |     |        | tmp2257       | add | fabric    | 0       |
|    addconv4178_fu_14177_p2             |     |        | addconv4178   | add | fabric    | 0       |
|    tmp2261_fu_14187_p2                 |     |        | tmp2261       | sub | fabric    | 0       |
|    sum_45_fu_14221_p2                  |     |        | sum_45        | add | fabric    | 0       |
|    add_ln144_199_fu_14250_p2           |     |        | add_ln144_199 | add | fabric    | 0       |
|    sub_ln144_41_fu_14276_p2            |     |        | sub_ln144_41  | sub | fabric    | 0       |
|    add_ln144_200_fu_14310_p2           |     |        | add_ln144_200 | add | fabric    | 0       |
|    sub_ln144_446_fu_14336_p2           |     |        | sub_ln144_446 | sub | fabric    | 0       |
|    mul_9s_5s_12_1_1_U476               |     |        | mul_ln144_68  | mul | auto      | 0       |
|    add_ln144_201_fu_14352_p2           |     |        | add_ln144_201 | add | fabric    | 0       |
|    tmp2267_fu_14452_p2                 |     |        | tmp2267       | add | fabric    | 0       |
|    tmp1322774_fu_14472_p2              |     |        | tmp1322774    | add | fabric    | 0       |
|    add_ln144_207_fu_14490_p2           |     |        | add_ln144_207 | add | fabric    | 0       |
|    sub_ln144_203_fu_14547_p2           |     |        | sub_ln144_203 | sub | fabric    | 0       |
|    sub_ln144_448_fu_14577_p2           |     |        | sub_ln144_448 | sub | fabric    | 0       |
|    sub_ln144_204_fu_14595_p2           |     |        | sub_ln144_204 | sub | fabric    | 0       |
|    sub_ln144_205_fu_14621_p2           |     |        | sub_ln144_205 | sub | fabric    | 0       |
|    add_ln144_212_fu_14699_p2           |     |        | add_ln144_212 | add | fabric    | 0       |
|    sub_ln144_43_fu_14736_p2            |     |        | sub_ln144_43  | sub | fabric    | 0       |
|    add_ln144_215_fu_14812_p2           |     |        | add_ln144_215 | add | fabric    | 0       |
|    add_ln144_209_fu_14822_p2           |     |        | add_ln144_209 | add | fabric    | 0       |
|    add_ln144_218_fu_14870_p2           |     |        | add_ln144_218 | add | fabric    | 0       |
|    add_ln144_219_fu_14876_p2           |     |        | add_ln144_219 | add | fabric    | 0       |
|    sub_ln144_206_fu_14925_p2           |     |        | sub_ln144_206 | sub | fabric    | 0       |
|    sub_ln144_207_fu_14943_p2           |     |        | sub_ln144_207 | sub | fabric    | 0       |
|    mul_9s_5s_12_1_1_U477               |     |        | mul_ln144_71  | mul | auto      | 0       |
|    mac_muladd_9s_4ns_13s_13_4_1_U506   | 1   |        | mul_ln144_72  | mul | dsp_slice | 3       |
|    sub_ln144_45_fu_14959_p2            |     |        | sub_ln144_45  | sub | fabric    | 0       |
|    tmp2281_fu_14973_p2                 |     |        | tmp2281       | add | fabric    | 0       |
|    mac_muladd_9s_4ns_13s_13_4_1_U506   | 1   |        | tmp2280       | add | dsp_slice | 3       |
|    tmp1334755_fu_31430_p2              |     |        | tmp1334755    | add | fabric    | 0       |
|    mac_muladd_9s_4ns_11s_13_4_1_U507   | 1   |        | mul_ln144_73  | mul | dsp_slice | 3       |
|    sub_ln144_449_fu_15019_p2           |     |        | sub_ln144_449 | sub | fabric    | 0       |
|    sub_ln144_208_fu_15033_p2           |     |        | sub_ln144_208 | sub | fabric    | 0       |
|    mac_muladd_9s_4ns_11s_13_4_1_U507   | 1   |        | tmp2286       | add | dsp_slice | 3       |
|    tmp2285_fu_31478_p2                 |     |        | tmp2285       | add | fabric    | 0       |
|    tmp2289_fu_15079_p2                 |     |        | tmp2289       | sub | fabric    | 0       |
|    tmp2287_fu_15089_p2                 |     |        | tmp2287       | add | fabric    | 0       |
|    tmp1341745_fu_31490_p2              |     |        | tmp1341745    | add | fabric    | 0       |
|    add_ln144_224_fu_15095_p2           |     |        | add_ln144_224 | add | fabric    | 0       |
|    add_ln144_225_fu_31511_p2           |     |        | add_ln144_225 | add | fabric    | 0       |
|    sub_ln144_46_fu_15113_p2            |     |        | sub_ln144_46  | sub | fabric    | 0       |
|    sub_ln144_450_fu_15135_p2           |     |        | sub_ln144_450 | sub | fabric    | 0       |
|    sub_ln144_210_fu_15159_p2           |     |        | sub_ln144_210 | sub | fabric    | 0       |
|    sub_ln144_47_fu_15165_p2            |     |        | sub_ln144_47  | sub | fabric    | 0       |
|    sub_ln144_211_fu_15183_p2           |     |        | sub_ln144_211 | sub | fabric    | 0       |
|    addconv4184_fu_15197_p2             |     |        | addconv4184   | sub | fabric    | 0       |
|    addconv4185_fu_15217_p2             |     |        | addconv4185   | sub | fabric    | 0       |
|    tmp1348731_fu_15243_p2              |     |        | tmp1348731    | add | fabric    | 0       |
|    add_ln144_236_fu_15261_p2           |     |        | add_ln144_236 | add | fabric    | 0       |
|    sub_ln144_452_fu_15310_p2           |     |        | sub_ln144_452 | sub | fabric    | 0       |
|    sub_ln144_212_fu_15324_p2           |     |        | sub_ln144_212 | sub | fabric    | 0       |
|    sub_ln144_214_fu_15344_p2           |     |        | sub_ln144_214 | sub | fabric    | 0       |
|    tmp2300_fu_15404_p2                 |     |        | tmp2300       | add | fabric    | 0       |
|    tmp2305_fu_15420_p2                 |     |        | tmp2305       | add | fabric    | 0       |
|    tmp1356719_fu_15440_p2              |     |        | tmp1356719    | add | fabric    | 0       |
|    add_ln144_242_fu_15458_p2           |     |        | add_ln144_242 | add | fabric    | 0       |
|    idx_5_fu_15501_p2                   |     |        | idx_5         | add | fabric    | 0       |
|    hist_5_d0                           |     |        | add_ln157_5   | add | fabric    | 0       |
|    add_ln144_228_fu_15531_p2           |     |        | add_ln144_228 | add | fabric    | 0       |
|    add_ln144_229_fu_15563_p2           |     |        | add_ln144_229 | add | fabric    | 0       |
|    sub_ln144_48_fu_15573_p2            |     |        | sub_ln144_48  | sub | fabric    | 0       |
|    add_ln144_230_fu_15603_p2           |     |        | add_ln144_230 | add | fabric    | 0       |
|    sub_ln144_453_fu_15629_p2           |     |        | sub_ln144_453 | sub | fabric    | 0       |
|    add_ln144_231_fu_15639_p2           |     |        | add_ln144_231 | add | fabric    | 0       |
|    add_ln144_232_fu_15669_p2           |     |        | add_ln144_232 | add | fabric    | 0       |
|    add_ln144_233_fu_15711_p2           |     |        | add_ln144_233 | add | fabric    | 0       |
|    sub_ln144_219_fu_15741_p2           |     |        | sub_ln144_219 | sub | fabric    | 0       |
|    add_ln144_234_fu_15755_p2           |     |        | add_ln144_234 | add | fabric    | 0       |
|    add_ln144_235_fu_15781_p2           |     |        | add_ln144_235 | add | fabric    | 0       |
|    tmp2308_fu_15817_p2                 |     |        | tmp2308       | add | fabric    | 0       |
|    addconv4188_fu_15827_p2             |     |        | addconv4188   | add | fabric    | 0       |
|    tmp2312_fu_15837_p2                 |     |        | tmp2312       | sub | fabric    | 0       |
|    sum_54_fu_15871_p2                  |     |        | sum_54        | add | fabric    | 0       |
|    add_ln144_237_fu_15900_p2           |     |        | add_ln144_237 | add | fabric    | 0       |
|    sub_ln144_49_fu_15926_p2            |     |        | sub_ln144_49  | sub | fabric    | 0       |
|    add_ln144_238_fu_15960_p2           |     |        | add_ln144_238 | add | fabric    | 0       |
|    sub_ln144_454_fu_15986_p2           |     |        | sub_ln144_454 | sub | fabric    | 0       |
|    mul_9s_5s_12_1_1_U478               |     |        | mul_ln144_81  | mul | auto      | 0       |
|    add_ln144_239_fu_16002_p2           |     |        | add_ln144_239 | add | fabric    | 0       |
|    tmp2318_fu_16102_p2                 |     |        | tmp2318       | add | fabric    | 0       |
|    tmp1371694_fu_16122_p2              |     |        | tmp1371694    | add | fabric    | 0       |
|    add_ln144_246_fu_16140_p2           |     |        | add_ln144_246 | add | fabric    | 0       |
|    sub_ln144_224_fu_16197_p2           |     |        | sub_ln144_224 | sub | fabric    | 0       |
|    sub_ln144_456_fu_16227_p2           |     |        | sub_ln144_456 | sub | fabric    | 0       |
|    sub_ln144_225_fu_16245_p2           |     |        | sub_ln144_225 | sub | fabric    | 0       |
|    sub_ln144_226_fu_16271_p2           |     |        | sub_ln144_226 | sub | fabric    | 0       |
|    add_ln144_251_fu_16349_p2           |     |        | add_ln144_251 | add | fabric    | 0       |
|    sub_ln144_51_fu_16386_p2            |     |        | sub_ln144_51  | sub | fabric    | 0       |
|    add_ln144_254_fu_16462_p2           |     |        | add_ln144_254 | add | fabric    | 0       |
|    add_ln144_247_fu_16472_p2           |     |        | add_ln144_247 | add | fabric    | 0       |
|    add_ln144_257_fu_16520_p2           |     |        | add_ln144_257 | add | fabric    | 0       |
|    add_ln144_258_fu_16526_p2           |     |        | add_ln144_258 | add | fabric    | 0       |
|    sub_ln144_227_fu_16575_p2           |     |        | sub_ln144_227 | sub | fabric    | 0       |
|    sub_ln144_228_fu_16593_p2           |     |        | sub_ln144_228 | sub | fabric    | 0       |
|    mul_9s_5s_12_1_1_U479               |     |        | mul_ln144_84  | mul | auto      | 0       |
|    mac_muladd_9s_4ns_13s_13_4_1_U508   | 1   |        | mul_ln144_85  | mul | dsp_slice | 3       |
|    sub_ln144_53_fu_16609_p2            |     |        | sub_ln144_53  | sub | fabric    | 0       |
|    tmp2332_fu_16623_p2                 |     |        | tmp2332       | add | fabric    | 0       |
|    mac_muladd_9s_4ns_13s_13_4_1_U508   | 1   |        | tmp2331       | add | dsp_slice | 3       |
|    tmp1383675_fu_31562_p2              |     |        | tmp1383675    | add | fabric    | 0       |
|    mac_muladd_9s_4ns_11s_13_4_1_U509   | 1   |        | mul_ln144_86  | mul | dsp_slice | 3       |
|    sub_ln144_457_fu_16669_p2           |     |        | sub_ln144_457 | sub | fabric    | 0       |
|    sub_ln144_229_fu_16683_p2           |     |        | sub_ln144_229 | sub | fabric    | 0       |
|    mac_muladd_9s_4ns_11s_13_4_1_U509   | 1   |        | tmp2337       | add | dsp_slice | 3       |
|    tmp2336_fu_31610_p2                 |     |        | tmp2336       | add | fabric    | 0       |
|    tmp2340_fu_16729_p2                 |     |        | tmp2340       | sub | fabric    | 0       |
|    tmp2338_fu_16739_p2                 |     |        | tmp2338       | add | fabric    | 0       |
|    tmp1390665_fu_31622_p2              |     |        | tmp1390665    | add | fabric    | 0       |
|    add_ln144_263_fu_16745_p2           |     |        | add_ln144_263 | add | fabric    | 0       |
|    add_ln144_264_fu_31643_p2           |     |        | add_ln144_264 | add | fabric    | 0       |
|    sub_ln144_54_fu_16763_p2            |     |        | sub_ln144_54  | sub | fabric    | 0       |
|    sub_ln144_458_fu_16785_p2           |     |        | sub_ln144_458 | sub | fabric    | 0       |
|    sub_ln144_231_fu_16809_p2           |     |        | sub_ln144_231 | sub | fabric    | 0       |
|    sub_ln144_55_fu_16815_p2            |     |        | sub_ln144_55  | sub | fabric    | 0       |
|    sub_ln144_232_fu_16833_p2           |     |        | sub_ln144_232 | sub | fabric    | 0       |
|    addconv4194_fu_16847_p2             |     |        | addconv4194   | sub | fabric    | 0       |
|    addconv4195_fu_16867_p2             |     |        | addconv4195   | sub | fabric    | 0       |
|    tmp1397651_fu_16893_p2              |     |        | tmp1397651    | add | fabric    | 0       |
|    add_ln144_278_fu_16911_p2           |     |        | add_ln144_278 | add | fabric    | 0       |
|    sub_ln144_460_fu_16960_p2           |     |        | sub_ln144_460 | sub | fabric    | 0       |
|    sub_ln144_233_fu_16974_p2           |     |        | sub_ln144_233 | sub | fabric    | 0       |
|    sub_ln144_235_fu_16994_p2           |     |        | sub_ln144_235 | sub | fabric    | 0       |
|    tmp2351_fu_17054_p2                 |     |        | tmp2351       | add | fabric    | 0       |
|    tmp2356_fu_17070_p2                 |     |        | tmp2356       | add | fabric    | 0       |
|    tmp1405639_fu_17090_p2              |     |        | tmp1405639    | add | fabric    | 0       |
|    add_ln144_281_fu_17108_p2           |     |        | add_ln144_281 | add | fabric    | 0       |
|    idx_6_fu_17151_p2                   |     |        | idx_6         | add | fabric    | 0       |
|    hist_6_d0                           |     |        | add_ln157_6   | add | fabric    | 0       |
|    add_ln144_266_fu_17181_p2           |     |        | add_ln144_266 | add | fabric    | 0       |
|    add_ln144_267_fu_17213_p2           |     |        | add_ln144_267 | add | fabric    | 0       |
|    sub_ln144_56_fu_17223_p2            |     |        | sub_ln144_56  | sub | fabric    | 0       |
|    add_ln144_268_fu_17253_p2           |     |        | add_ln144_268 | add | fabric    | 0       |
|    sub_ln144_461_fu_17279_p2           |     |        | sub_ln144_461 | sub | fabric    | 0       |
|    add_ln144_269_fu_17289_p2           |     |        | add_ln144_269 | add | fabric    | 0       |
|    add_ln144_270_fu_17319_p2           |     |        | add_ln144_270 | add | fabric    | 0       |
|    add_ln144_271_fu_17361_p2           |     |        | add_ln144_271 | add | fabric    | 0       |
|    sub_ln144_240_fu_17391_p2           |     |        | sub_ln144_240 | sub | fabric    | 0       |
|    add_ln144_272_fu_17405_p2           |     |        | add_ln144_272 | add | fabric    | 0       |
|    add_ln144_273_fu_17431_p2           |     |        | add_ln144_273 | add | fabric    | 0       |
|    tmp2359_fu_17467_p2                 |     |        | tmp2359       | add | fabric    | 0       |
|    addconv4198_fu_17477_p2             |     |        | addconv4198   | add | fabric    | 0       |
|    tmp2363_fu_17487_p2                 |     |        | tmp2363       | sub | fabric    | 0       |
|    sum_63_fu_17521_p2                  |     |        | sum_63        | add | fabric    | 0       |
|    add_ln144_275_fu_17550_p2           |     |        | add_ln144_275 | add | fabric    | 0       |
|    sub_ln144_57_fu_17576_p2            |     |        | sub_ln144_57  | sub | fabric    | 0       |
|    add_ln144_276_fu_17610_p2           |     |        | add_ln144_276 | add | fabric    | 0       |
|    sub_ln144_462_fu_17636_p2           |     |        | sub_ln144_462 | sub | fabric    | 0       |
|    mul_9s_5s_12_1_1_U480               |     |        | mul_ln144_94  | mul | auto      | 0       |
|    add_ln144_277_fu_17652_p2           |     |        | add_ln144_277 | add | fabric    | 0       |
|    tmp2369_fu_17752_p2                 |     |        | tmp2369       | add | fabric    | 0       |
|    tmp1420614_fu_17772_p2              |     |        | tmp1420614    | add | fabric    | 0       |
|    add_ln144_286_fu_17790_p2           |     |        | add_ln144_286 | add | fabric    | 0       |
|    sub_ln144_245_fu_17847_p2           |     |        | sub_ln144_245 | sub | fabric    | 0       |
|    sub_ln144_464_fu_17877_p2           |     |        | sub_ln144_464 | sub | fabric    | 0       |
|    sub_ln144_246_fu_17895_p2           |     |        | sub_ln144_246 | sub | fabric    | 0       |
|    sub_ln144_247_fu_17921_p2           |     |        | sub_ln144_247 | sub | fabric    | 0       |
|    add_ln144_290_fu_17999_p2           |     |        | add_ln144_290 | add | fabric    | 0       |
|    sub_ln144_59_fu_18036_p2            |     |        | sub_ln144_59  | sub | fabric    | 0       |
|    add_ln144_293_fu_18112_p2           |     |        | add_ln144_293 | add | fabric    | 0       |
|    add_ln144_285_fu_18122_p2           |     |        | add_ln144_285 | add | fabric    | 0       |
|    add_ln144_296_fu_18170_p2           |     |        | add_ln144_296 | add | fabric    | 0       |
|    add_ln144_297_fu_18176_p2           |     |        | add_ln144_297 | add | fabric    | 0       |
|    sub_ln144_248_fu_18225_p2           |     |        | sub_ln144_248 | sub | fabric    | 0       |
|    sub_ln144_249_fu_18243_p2           |     |        | sub_ln144_249 | sub | fabric    | 0       |
|    mul_9s_5s_12_1_1_U481               |     |        | mul_ln144_97  | mul | auto      | 0       |
|    mac_muladd_9s_4ns_13s_13_4_1_U510   | 1   |        | mul_ln144_98  | mul | dsp_slice | 3       |
|    sub_ln144_61_fu_18259_p2            |     |        | sub_ln144_61  | sub | fabric    | 0       |
|    tmp2383_fu_18273_p2                 |     |        | tmp2383       | add | fabric    | 0       |
|    mac_muladd_9s_4ns_13s_13_4_1_U510   | 1   |        | tmp2382       | add | dsp_slice | 3       |
|    tmp1432595_fu_31694_p2              |     |        | tmp1432595    | add | fabric    | 0       |
|    mac_muladd_9s_4ns_11s_13_4_1_U511   | 1   |        | mul_ln144_99  | mul | dsp_slice | 3       |
|    sub_ln144_465_fu_18319_p2           |     |        | sub_ln144_465 | sub | fabric    | 0       |
|    sub_ln144_250_fu_18333_p2           |     |        | sub_ln144_250 | sub | fabric    | 0       |
|    mac_muladd_9s_4ns_11s_13_4_1_U511   | 1   |        | tmp2388       | add | dsp_slice | 3       |
|    tmp2387_fu_31742_p2                 |     |        | tmp2387       | add | fabric    | 0       |
|    tmp2391_fu_18379_p2                 |     |        | tmp2391       | sub | fabric    | 0       |
|    tmp2389_fu_18389_p2                 |     |        | tmp2389       | add | fabric    | 0       |
|    tmp1439585_fu_31754_p2              |     |        | tmp1439585    | add | fabric    | 0       |
|    add_ln144_302_fu_18395_p2           |     |        | add_ln144_302 | add | fabric    | 0       |
|    add_ln144_303_fu_31775_p2           |     |        | add_ln144_303 | add | fabric    | 0       |
|    sub_ln144_62_fu_18413_p2            |     |        | sub_ln144_62  | sub | fabric    | 0       |
|    sub_ln144_466_fu_18435_p2           |     |        | sub_ln144_466 | sub | fabric    | 0       |
|    sub_ln144_252_fu_18459_p2           |     |        | sub_ln144_252 | sub | fabric    | 0       |
|    sub_ln144_63_fu_18465_p2            |     |        | sub_ln144_63  | sub | fabric    | 0       |
|    sub_ln144_253_fu_18483_p2           |     |        | sub_ln144_253 | sub | fabric    | 0       |
|    addconv4204_fu_18497_p2             |     |        | addconv4204   | sub | fabric    | 0       |
|    addconv4205_fu_18517_p2             |     |        | addconv4205   | sub | fabric    | 0       |
|    tmp1446571_fu_18543_p2              |     |        | tmp1446571    | add | fabric    | 0       |
|    add_ln144_317_fu_18561_p2           |     |        | add_ln144_317 | add | fabric    | 0       |
|    sub_ln144_468_fu_18610_p2           |     |        | sub_ln144_468 | sub | fabric    | 0       |
|    sub_ln144_254_fu_18624_p2           |     |        | sub_ln144_254 | sub | fabric    | 0       |
|    sub_ln144_256_fu_18644_p2           |     |        | sub_ln144_256 | sub | fabric    | 0       |
|    tmp2402_fu_18704_p2                 |     |        | tmp2402       | add | fabric    | 0       |
|    tmp2407_fu_18720_p2                 |     |        | tmp2407       | add | fabric    | 0       |
|    tmp1454559_fu_18740_p2              |     |        | tmp1454559    | add | fabric    | 0       |
|    add_ln144_320_fu_18758_p2           |     |        | add_ln144_320 | add | fabric    | 0       |
|    idx_7_fu_18801_p2                   |     |        | idx_7         | add | fabric    | 0       |
|    hist_7_d0                           |     |        | add_ln157_7   | add | fabric    | 0       |
|    add_ln144_304_fu_18831_p2           |     |        | add_ln144_304 | add | fabric    | 0       |
|    add_ln144_305_fu_18863_p2           |     |        | add_ln144_305 | add | fabric    | 0       |
|    sub_ln144_64_fu_18873_p2            |     |        | sub_ln144_64  | sub | fabric    | 0       |
|    add_ln144_306_fu_18903_p2           |     |        | add_ln144_306 | add | fabric    | 0       |
|    sub_ln144_469_fu_18929_p2           |     |        | sub_ln144_469 | sub | fabric    | 0       |
|    add_ln144_307_fu_18939_p2           |     |        | add_ln144_307 | add | fabric    | 0       |
|    add_ln144_308_fu_18969_p2           |     |        | add_ln144_308 | add | fabric    | 0       |
|    add_ln144_309_fu_19011_p2           |     |        | add_ln144_309 | add | fabric    | 0       |
|    sub_ln144_261_fu_19041_p2           |     |        | sub_ln144_261 | sub | fabric    | 0       |
|    add_ln144_310_fu_19055_p2           |     |        | add_ln144_310 | add | fabric    | 0       |
|    add_ln144_311_fu_19081_p2           |     |        | add_ln144_311 | add | fabric    | 0       |
|    tmp2410_fu_19117_p2                 |     |        | tmp2410       | add | fabric    | 0       |
|    addconv4208_fu_19127_p2             |     |        | addconv4208   | add | fabric    | 0       |
|    tmp2414_fu_19137_p2                 |     |        | tmp2414       | sub | fabric    | 0       |
|    sum_72_fu_19171_p2                  |     |        | sum_72        | add | fabric    | 0       |
|    add_ln144_313_fu_19200_p2           |     |        | add_ln144_313 | add | fabric    | 0       |
|    sub_ln144_65_fu_19226_p2            |     |        | sub_ln144_65  | sub | fabric    | 0       |
|    add_ln144_314_fu_19260_p2           |     |        | add_ln144_314 | add | fabric    | 0       |
|    sub_ln144_470_fu_19286_p2           |     |        | sub_ln144_470 | sub | fabric    | 0       |
|    mul_9s_5s_12_1_1_U482               |     |        | mul_ln144_107 | mul | auto      | 0       |
|    add_ln144_315_fu_19302_p2           |     |        | add_ln144_315 | add | fabric    | 0       |
|    tmp2420_fu_19402_p2                 |     |        | tmp2420       | add | fabric    | 0       |
|    tmp1469534_fu_19422_p2              |     |        | tmp1469534    | add | fabric    | 0       |
|    add_ln144_325_fu_19440_p2           |     |        | add_ln144_325 | add | fabric    | 0       |
|    sub_ln144_266_fu_19497_p2           |     |        | sub_ln144_266 | sub | fabric    | 0       |
|    sub_ln144_472_fu_19527_p2           |     |        | sub_ln144_472 | sub | fabric    | 0       |
|    sub_ln144_267_fu_19545_p2           |     |        | sub_ln144_267 | sub | fabric    | 0       |
|    sub_ln144_268_fu_19571_p2           |     |        | sub_ln144_268 | sub | fabric    | 0       |
|    add_ln144_329_fu_19649_p2           |     |        | add_ln144_329 | add | fabric    | 0       |
|    sub_ln144_67_fu_19686_p2            |     |        | sub_ln144_67  | sub | fabric    | 0       |
|    add_ln144_332_fu_19762_p2           |     |        | add_ln144_332 | add | fabric    | 0       |
|    add_ln144_323_fu_19772_p2           |     |        | add_ln144_323 | add | fabric    | 0       |
|    add_ln144_335_fu_19820_p2           |     |        | add_ln144_335 | add | fabric    | 0       |
|    add_ln144_336_fu_19826_p2           |     |        | add_ln144_336 | add | fabric    | 0       |
|    sub_ln144_269_fu_19875_p2           |     |        | sub_ln144_269 | sub | fabric    | 0       |
|    sub_ln144_270_fu_19893_p2           |     |        | sub_ln144_270 | sub | fabric    | 0       |
|    mul_9s_5s_12_1_1_U483               |     |        | mul_ln144_110 | mul | auto      | 0       |
|    mac_muladd_9s_4ns_13s_13_4_1_U512   | 1   |        | mul_ln144_111 | mul | dsp_slice | 3       |
|    sub_ln144_69_fu_19909_p2            |     |        | sub_ln144_69  | sub | fabric    | 0       |
|    tmp2434_fu_19923_p2                 |     |        | tmp2434       | add | fabric    | 0       |
|    mac_muladd_9s_4ns_13s_13_4_1_U512   | 1   |        | tmp2433       | add | dsp_slice | 3       |
|    tmp1481515_fu_31826_p2              |     |        | tmp1481515    | add | fabric    | 0       |
|    mac_muladd_9s_4ns_11s_13_4_1_U513   | 1   |        | mul_ln144_112 | mul | dsp_slice | 3       |
|    sub_ln144_473_fu_19969_p2           |     |        | sub_ln144_473 | sub | fabric    | 0       |
|    sub_ln144_271_fu_19983_p2           |     |        | sub_ln144_271 | sub | fabric    | 0       |
|    mac_muladd_9s_4ns_11s_13_4_1_U513   | 1   |        | tmp2439       | add | dsp_slice | 3       |
|    tmp2438_fu_31874_p2                 |     |        | tmp2438       | add | fabric    | 0       |
|    tmp2442_fu_20029_p2                 |     |        | tmp2442       | sub | fabric    | 0       |
|    tmp2440_fu_20039_p2                 |     |        | tmp2440       | add | fabric    | 0       |
|    tmp1488505_fu_31886_p2              |     |        | tmp1488505    | add | fabric    | 0       |
|    add_ln144_341_fu_20045_p2           |     |        | add_ln144_341 | add | fabric    | 0       |
|    add_ln144_350_fu_31907_p2           |     |        | add_ln144_350 | add | fabric    | 0       |
|    sub_ln144_70_fu_20063_p2            |     |        | sub_ln144_70  | sub | fabric    | 0       |
|    sub_ln144_474_fu_20085_p2           |     |        | sub_ln144_474 | sub | fabric    | 0       |
|    sub_ln144_273_fu_20109_p2           |     |        | sub_ln144_273 | sub | fabric    | 0       |
|    sub_ln144_71_fu_20115_p2            |     |        | sub_ln144_71  | sub | fabric    | 0       |
|    sub_ln144_274_fu_20133_p2           |     |        | sub_ln144_274 | sub | fabric    | 0       |
|    addconv4214_fu_20147_p2             |     |        | addconv4214   | sub | fabric    | 0       |
|    addconv4215_fu_20167_p2             |     |        | addconv4215   | sub | fabric    | 0       |
|    tmp1495491_fu_20193_p2              |     |        | tmp1495491    | add | fabric    | 0       |
|    add_ln144_356_fu_20211_p2           |     |        | add_ln144_356 | add | fabric    | 0       |
|    sub_ln144_476_fu_20260_p2           |     |        | sub_ln144_476 | sub | fabric    | 0       |
|    sub_ln144_275_fu_20274_p2           |     |        | sub_ln144_275 | sub | fabric    | 0       |
|    sub_ln144_277_fu_20294_p2           |     |        | sub_ln144_277 | sub | fabric    | 0       |
|    tmp2453_fu_20354_p2                 |     |        | tmp2453       | add | fabric    | 0       |
|    tmp2458_fu_20370_p2                 |     |        | tmp2458       | add | fabric    | 0       |
|    tmp1503479_fu_20390_p2              |     |        | tmp1503479    | add | fabric    | 0       |
|    add_ln144_359_fu_20408_p2           |     |        | add_ln144_359 | add | fabric    | 0       |
|    idx_8_fu_20451_p2                   |     |        | idx_8         | add | fabric    | 0       |
|    hist_8_d0                           |     |        | add_ln157_8   | add | fabric    | 0       |
|    add_ln144_342_fu_20481_p2           |     |        | add_ln144_342 | add | fabric    | 0       |
|    add_ln144_343_fu_20513_p2           |     |        | add_ln144_343 | add | fabric    | 0       |
|    sub_ln144_72_fu_20523_p2            |     |        | sub_ln144_72  | sub | fabric    | 0       |
|    add_ln144_344_fu_20553_p2           |     |        | add_ln144_344 | add | fabric    | 0       |
|    sub_ln144_477_fu_20579_p2           |     |        | sub_ln144_477 | sub | fabric    | 0       |
|    add_ln144_345_fu_20589_p2           |     |        | add_ln144_345 | add | fabric    | 0       |
|    add_ln144_346_fu_20619_p2           |     |        | add_ln144_346 | add | fabric    | 0       |
|    add_ln144_347_fu_20661_p2           |     |        | add_ln144_347 | add | fabric    | 0       |
|    sub_ln144_282_fu_20691_p2           |     |        | sub_ln144_282 | sub | fabric    | 0       |
|    add_ln144_348_fu_20705_p2           |     |        | add_ln144_348 | add | fabric    | 0       |
|    add_ln144_349_fu_20731_p2           |     |        | add_ln144_349 | add | fabric    | 0       |
|    tmp2461_fu_20767_p2                 |     |        | tmp2461       | add | fabric    | 0       |
|    addconv4218_fu_20777_p2             |     |        | addconv4218   | add | fabric    | 0       |
|    tmp2465_fu_20787_p2                 |     |        | tmp2465       | sub | fabric    | 0       |
|    sum_81_fu_20821_p2                  |     |        | sum_81        | add | fabric    | 0       |
|    add_ln144_351_fu_20850_p2           |     |        | add_ln144_351 | add | fabric    | 0       |
|    sub_ln144_73_fu_20876_p2            |     |        | sub_ln144_73  | sub | fabric    | 0       |
|    add_ln144_352_fu_20910_p2           |     |        | add_ln144_352 | add | fabric    | 0       |
|    sub_ln144_478_fu_20936_p2           |     |        | sub_ln144_478 | sub | fabric    | 0       |
|    mul_9s_5s_12_1_1_U484               |     |        | mul_ln144_120 | mul | auto      | 0       |
|    add_ln144_353_fu_20952_p2           |     |        | add_ln144_353 | add | fabric    | 0       |
|    tmp2471_fu_21052_p2                 |     |        | tmp2471       | add | fabric    | 0       |
|    tmp1518454_fu_21072_p2              |     |        | tmp1518454    | add | fabric    | 0       |
|    add_ln144_364_fu_21090_p2           |     |        | add_ln144_364 | add | fabric    | 0       |
|    sub_ln144_287_fu_21147_p2           |     |        | sub_ln144_287 | sub | fabric    | 0       |
|    sub_ln144_480_fu_21177_p2           |     |        | sub_ln144_480 | sub | fabric    | 0       |
|    sub_ln144_288_fu_21195_p2           |     |        | sub_ln144_288 | sub | fabric    | 0       |
|    sub_ln144_289_fu_21221_p2           |     |        | sub_ln144_289 | sub | fabric    | 0       |
|    add_ln144_368_fu_21299_p2           |     |        | add_ln144_368 | add | fabric    | 0       |
|    sub_ln144_75_fu_21336_p2            |     |        | sub_ln144_75  | sub | fabric    | 0       |
|    add_ln144_371_fu_21412_p2           |     |        | add_ln144_371 | add | fabric    | 0       |
|    add_ln144_361_fu_21422_p2           |     |        | add_ln144_361 | add | fabric    | 0       |
|    add_ln144_374_fu_21470_p2           |     |        | add_ln144_374 | add | fabric    | 0       |
|    add_ln144_375_fu_21476_p2           |     |        | add_ln144_375 | add | fabric    | 0       |
|    sub_ln144_290_fu_21525_p2           |     |        | sub_ln144_290 | sub | fabric    | 0       |
|    sub_ln144_291_fu_21543_p2           |     |        | sub_ln144_291 | sub | fabric    | 0       |
|    mul_9s_5s_12_1_1_U485               |     |        | mul_ln144_123 | mul | auto      | 0       |
|    mac_muladd_9s_4ns_13s_13_4_1_U514   | 1   |        | mul_ln144_124 | mul | dsp_slice | 3       |
|    sub_ln144_77_fu_21559_p2            |     |        | sub_ln144_77  | sub | fabric    | 0       |
|    tmp2485_fu_21573_p2                 |     |        | tmp2485       | add | fabric    | 0       |
|    mac_muladd_9s_4ns_13s_13_4_1_U514   | 1   |        | tmp2484       | add | dsp_slice | 3       |
|    tmp1530435_fu_31958_p2              |     |        | tmp1530435    | add | fabric    | 0       |
|    mac_muladd_9s_4ns_11s_13_4_1_U515   | 1   |        | mul_ln144_125 | mul | dsp_slice | 3       |
|    sub_ln144_481_fu_21619_p2           |     |        | sub_ln144_481 | sub | fabric    | 0       |
|    sub_ln144_292_fu_21633_p2           |     |        | sub_ln144_292 | sub | fabric    | 0       |
|    mac_muladd_9s_4ns_11s_13_4_1_U515   | 1   |        | tmp2490       | add | dsp_slice | 3       |
|    tmp2489_fu_32006_p2                 |     |        | tmp2489       | add | fabric    | 0       |
|    tmp2493_fu_21679_p2                 |     |        | tmp2493       | sub | fabric    | 0       |
|    tmp2491_fu_21689_p2                 |     |        | tmp2491       | add | fabric    | 0       |
|    tmp1537425_fu_32018_p2              |     |        | tmp1537425    | add | fabric    | 0       |
|    add_ln144_388_fu_21695_p2           |     |        | add_ln144_388 | add | fabric    | 0       |
|    add_ln144_392_fu_32039_p2           |     |        | add_ln144_392 | add | fabric    | 0       |
|    sub_ln144_78_fu_21713_p2            |     |        | sub_ln144_78  | sub | fabric    | 0       |
|    sub_ln144_482_fu_21735_p2           |     |        | sub_ln144_482 | sub | fabric    | 0       |
|    sub_ln144_294_fu_21759_p2           |     |        | sub_ln144_294 | sub | fabric    | 0       |
|    sub_ln144_79_fu_21765_p2            |     |        | sub_ln144_79  | sub | fabric    | 0       |
|    sub_ln144_295_fu_21783_p2           |     |        | sub_ln144_295 | sub | fabric    | 0       |
|    addconv4224_fu_21797_p2             |     |        | addconv4224   | sub | fabric    | 0       |
|    addconv4225_fu_21817_p2             |     |        | addconv4225   | sub | fabric    | 0       |
|    tmp1544411_fu_21843_p2              |     |        | tmp1544411    | add | fabric    | 0       |
|    add_ln144_395_fu_21861_p2           |     |        | add_ln144_395 | add | fabric    | 0       |
|    sub_ln144_484_fu_21910_p2           |     |        | sub_ln144_484 | sub | fabric    | 0       |
|    sub_ln144_296_fu_21924_p2           |     |        | sub_ln144_296 | sub | fabric    | 0       |
|    sub_ln144_298_fu_21944_p2           |     |        | sub_ln144_298 | sub | fabric    | 0       |
|    tmp2504_fu_22004_p2                 |     |        | tmp2504       | add | fabric    | 0       |
|    tmp2509_fu_22020_p2                 |     |        | tmp2509       | add | fabric    | 0       |
|    tmp1552399_fu_22040_p2              |     |        | tmp1552399    | add | fabric    | 0       |
|    add_ln144_398_fu_22058_p2           |     |        | add_ln144_398 | add | fabric    | 0       |
|    idx_9_fu_22101_p2                   |     |        | idx_9         | add | fabric    | 0       |
|    hist_9_d0                           |     |        | add_ln157_9   | add | fabric    | 0       |
|    add_ln144_380_fu_22131_p2           |     |        | add_ln144_380 | add | fabric    | 0       |
|    add_ln144_381_fu_22163_p2           |     |        | add_ln144_381 | add | fabric    | 0       |
|    sub_ln144_80_fu_22173_p2            |     |        | sub_ln144_80  | sub | fabric    | 0       |
|    add_ln144_382_fu_22203_p2           |     |        | add_ln144_382 | add | fabric    | 0       |
|    sub_ln144_485_fu_22229_p2           |     |        | sub_ln144_485 | sub | fabric    | 0       |
|    add_ln144_383_fu_22239_p2           |     |        | add_ln144_383 | add | fabric    | 0       |
|    add_ln144_384_fu_22269_p2           |     |        | add_ln144_384 | add | fabric    | 0       |
|    add_ln144_385_fu_22311_p2           |     |        | add_ln144_385 | add | fabric    | 0       |
|    sub_ln144_303_fu_22341_p2           |     |        | sub_ln144_303 | sub | fabric    | 0       |
|    add_ln144_386_fu_22355_p2           |     |        | add_ln144_386 | add | fabric    | 0       |
|    add_ln144_387_fu_22381_p2           |     |        | add_ln144_387 | add | fabric    | 0       |
|    tmp2512_fu_22417_p2                 |     |        | tmp2512       | add | fabric    | 0       |
|    addconv4228_fu_22427_p2             |     |        | addconv4228   | add | fabric    | 0       |
|    tmp2516_fu_22437_p2                 |     |        | tmp2516       | sub | fabric    | 0       |
|    sum_90_fu_22471_p2                  |     |        | sum_90        | add | fabric    | 0       |
|    add_ln144_389_fu_22500_p2           |     |        | add_ln144_389 | add | fabric    | 0       |
|    sub_ln144_81_fu_22526_p2            |     |        | sub_ln144_81  | sub | fabric    | 0       |
|    add_ln144_390_fu_22560_p2           |     |        | add_ln144_390 | add | fabric    | 0       |
|    sub_ln144_486_fu_22586_p2           |     |        | sub_ln144_486 | sub | fabric    | 0       |
|    mul_9s_5s_12_1_1_U486               |     |        | mul_ln144_133 | mul | auto      | 0       |
|    add_ln144_391_fu_22602_p2           |     |        | add_ln144_391 | add | fabric    | 0       |
|    tmp2522_fu_22702_p2                 |     |        | tmp2522       | add | fabric    | 0       |
|    tmp1567374_fu_22722_p2              |     |        | tmp1567374    | add | fabric    | 0       |
|    add_ln144_403_fu_22740_p2           |     |        | add_ln144_403 | add | fabric    | 0       |
|    sub_ln144_308_fu_22797_p2           |     |        | sub_ln144_308 | sub | fabric    | 0       |
|    sub_ln144_488_fu_22827_p2           |     |        | sub_ln144_488 | sub | fabric    | 0       |
|    sub_ln144_309_fu_22845_p2           |     |        | sub_ln144_309 | sub | fabric    | 0       |
|    sub_ln144_310_fu_22871_p2           |     |        | sub_ln144_310 | sub | fabric    | 0       |
|    add_ln144_407_fu_22949_p2           |     |        | add_ln144_407 | add | fabric    | 0       |
|    sub_ln144_83_fu_22986_p2            |     |        | sub_ln144_83  | sub | fabric    | 0       |
|    add_ln144_410_fu_23062_p2           |     |        | add_ln144_410 | add | fabric    | 0       |
|    add_ln144_399_fu_23072_p2           |     |        | add_ln144_399 | add | fabric    | 0       |
|    add_ln144_413_fu_23120_p2           |     |        | add_ln144_413 | add | fabric    | 0       |
|    add_ln144_414_fu_23126_p2           |     |        | add_ln144_414 | add | fabric    | 0       |
|    sub_ln144_311_fu_23175_p2           |     |        | sub_ln144_311 | sub | fabric    | 0       |
|    sub_ln144_312_fu_23193_p2           |     |        | sub_ln144_312 | sub | fabric    | 0       |
|    mul_9s_5s_12_1_1_U487               |     |        | mul_ln144_136 | mul | auto      | 0       |
|    mac_muladd_9s_4ns_13s_13_4_1_U516   | 1   |        | mul_ln144_137 | mul | dsp_slice | 3       |
|    sub_ln144_85_fu_23209_p2            |     |        | sub_ln144_85  | sub | fabric    | 0       |
|    tmp2536_fu_23223_p2                 |     |        | tmp2536       | add | fabric    | 0       |
|    mac_muladd_9s_4ns_13s_13_4_1_U516   | 1   |        | tmp2535       | add | dsp_slice | 3       |
|    tmp1579355_fu_32090_p2              |     |        | tmp1579355    | add | fabric    | 0       |
|    mac_muladd_9s_4ns_11s_13_4_1_U517   | 1   |        | mul_ln144_138 | mul | dsp_slice | 3       |
|    sub_ln144_489_fu_23269_p2           |     |        | sub_ln144_489 | sub | fabric    | 0       |
|    sub_ln144_313_fu_23283_p2           |     |        | sub_ln144_313 | sub | fabric    | 0       |
|    mac_muladd_9s_4ns_11s_13_4_1_U517   | 1   |        | tmp2541       | add | dsp_slice | 3       |
|    tmp2540_fu_32138_p2                 |     |        | tmp2540       | add | fabric    | 0       |
|    tmp2544_fu_23329_p2                 |     |        | tmp2544       | sub | fabric    | 0       |
|    tmp2542_fu_23339_p2                 |     |        | tmp2542       | add | fabric    | 0       |
|    tmp1586345_fu_32150_p2              |     |        | tmp1586345    | add | fabric    | 0       |
|    add_ln144_430_fu_23345_p2           |     |        | add_ln144_430 | add | fabric    | 0       |
|    add_ln144_431_fu_32171_p2           |     |        | add_ln144_431 | add | fabric    | 0       |
|    sub_ln144_86_fu_23363_p2            |     |        | sub_ln144_86  | sub | fabric    | 0       |
|    sub_ln144_490_fu_23385_p2           |     |        | sub_ln144_490 | sub | fabric    | 0       |
|    sub_ln144_315_fu_23409_p2           |     |        | sub_ln144_315 | sub | fabric    | 0       |
|    sub_ln144_87_fu_23415_p2            |     |        | sub_ln144_87  | sub | fabric    | 0       |
|    sub_ln144_316_fu_23433_p2           |     |        | sub_ln144_316 | sub | fabric    | 0       |
|    addconv4234_fu_23447_p2             |     |        | addconv4234   | sub | fabric    | 0       |
|    addconv4235_fu_23467_p2             |     |        | addconv4235   | sub | fabric    | 0       |
|    tmp1593331_fu_23493_p2              |     |        | tmp1593331    | add | fabric    | 0       |
|    add_ln144_434_fu_23511_p2           |     |        | add_ln144_434 | add | fabric    | 0       |
|    sub_ln144_492_fu_23560_p2           |     |        | sub_ln144_492 | sub | fabric    | 0       |
|    sub_ln144_317_fu_23574_p2           |     |        | sub_ln144_317 | sub | fabric    | 0       |
|    sub_ln144_319_fu_23594_p2           |     |        | sub_ln144_319 | sub | fabric    | 0       |
|    tmp2555_fu_23654_p2                 |     |        | tmp2555       | add | fabric    | 0       |
|    tmp2560_fu_23670_p2                 |     |        | tmp2560       | add | fabric    | 0       |
|    tmp1601319_fu_23690_p2              |     |        | tmp1601319    | add | fabric    | 0       |
|    add_ln144_438_fu_23708_p2           |     |        | add_ln144_438 | add | fabric    | 0       |
|    idx_10_fu_23751_p2                  |     |        | idx_10        | add | fabric    | 0       |
|    hist_10_d0                          |     |        | add_ln157_10  | add | fabric    | 0       |
|    add_ln144_418_fu_23781_p2           |     |        | add_ln144_418 | add | fabric    | 0       |
|    add_ln144_419_fu_23813_p2           |     |        | add_ln144_419 | add | fabric    | 0       |
|    sub_ln144_88_fu_23823_p2            |     |        | sub_ln144_88  | sub | fabric    | 0       |
|    add_ln144_420_fu_23853_p2           |     |        | add_ln144_420 | add | fabric    | 0       |
|    sub_ln144_493_fu_23879_p2           |     |        | sub_ln144_493 | sub | fabric    | 0       |
|    add_ln144_421_fu_23889_p2           |     |        | add_ln144_421 | add | fabric    | 0       |
|    add_ln144_422_fu_23919_p2           |     |        | add_ln144_422 | add | fabric    | 0       |
|    add_ln144_423_fu_23961_p2           |     |        | add_ln144_423 | add | fabric    | 0       |
|    sub_ln144_324_fu_23991_p2           |     |        | sub_ln144_324 | sub | fabric    | 0       |
|    add_ln144_424_fu_24005_p2           |     |        | add_ln144_424 | add | fabric    | 0       |
|    add_ln144_425_fu_24031_p2           |     |        | add_ln144_425 | add | fabric    | 0       |
|    tmp2563_fu_24067_p2                 |     |        | tmp2563       | add | fabric    | 0       |
|    addconv4238_fu_24077_p2             |     |        | addconv4238   | add | fabric    | 0       |
|    tmp2567_fu_24087_p2                 |     |        | tmp2567       | sub | fabric    | 0       |
|    sum_99_fu_24121_p2                  |     |        | sum_99        | add | fabric    | 0       |
|    add_ln144_427_fu_24150_p2           |     |        | add_ln144_427 | add | fabric    | 0       |
|    sub_ln144_89_fu_24176_p2            |     |        | sub_ln144_89  | sub | fabric    | 0       |
|    add_ln144_428_fu_24210_p2           |     |        | add_ln144_428 | add | fabric    | 0       |
|    sub_ln144_494_fu_24236_p2           |     |        | sub_ln144_494 | sub | fabric    | 0       |
|    mul_9s_5s_12_1_1_U488               |     |        | mul_ln144_146 | mul | auto      | 0       |
|    add_ln144_429_fu_24252_p2           |     |        | add_ln144_429 | add | fabric    | 0       |
|    tmp2573_fu_24352_p2                 |     |        | tmp2573       | add | fabric    | 0       |
|    tmp1616294_fu_24372_p2              |     |        | tmp1616294    | add | fabric    | 0       |
|    add_ln144_442_fu_24390_p2           |     |        | add_ln144_442 | add | fabric    | 0       |
|    sub_ln144_329_fu_24447_p2           |     |        | sub_ln144_329 | sub | fabric    | 0       |
|    sub_ln144_496_fu_24477_p2           |     |        | sub_ln144_496 | sub | fabric    | 0       |
|    sub_ln144_330_fu_24495_p2           |     |        | sub_ln144_330 | sub | fabric    | 0       |
|    sub_ln144_331_fu_24521_p2           |     |        | sub_ln144_331 | sub | fabric    | 0       |
|    add_ln144_446_fu_24599_p2           |     |        | add_ln144_446 | add | fabric    | 0       |
|    sub_ln144_91_fu_24636_p2            |     |        | sub_ln144_91  | sub | fabric    | 0       |
|    add_ln144_449_fu_24712_p2           |     |        | add_ln144_449 | add | fabric    | 0       |
|    add_ln144_437_fu_24722_p2           |     |        | add_ln144_437 | add | fabric    | 0       |
|    add_ln144_452_fu_24770_p2           |     |        | add_ln144_452 | add | fabric    | 0       |
|    add_ln144_453_fu_24776_p2           |     |        | add_ln144_453 | add | fabric    | 0       |
|    sub_ln144_332_fu_24825_p2           |     |        | sub_ln144_332 | sub | fabric    | 0       |
|    sub_ln144_333_fu_24843_p2           |     |        | sub_ln144_333 | sub | fabric    | 0       |
|    mul_9s_5s_12_1_1_U489               |     |        | mul_ln144_149 | mul | auto      | 0       |
|    mac_muladd_9s_4ns_13s_13_4_1_U518   | 1   |        | mul_ln144_150 | mul | dsp_slice | 3       |
|    sub_ln144_93_fu_24859_p2            |     |        | sub_ln144_93  | sub | fabric    | 0       |
|    tmp2587_fu_24873_p2                 |     |        | tmp2587       | add | fabric    | 0       |
|    mac_muladd_9s_4ns_13s_13_4_1_U518   | 1   |        | tmp2586       | add | dsp_slice | 3       |
|    tmp1628275_fu_32222_p2              |     |        | tmp1628275    | add | fabric    | 0       |
|    mac_muladd_9s_4ns_11s_13_4_1_U519   | 1   |        | mul_ln144_151 | mul | dsp_slice | 3       |
|    sub_ln144_497_fu_24919_p2           |     |        | sub_ln144_497 | sub | fabric    | 0       |
|    sub_ln144_334_fu_24933_p2           |     |        | sub_ln144_334 | sub | fabric    | 0       |
|    mac_muladd_9s_4ns_11s_13_4_1_U519   | 1   |        | tmp2592       | add | dsp_slice | 3       |
|    tmp2591_fu_32270_p2                 |     |        | tmp2591       | add | fabric    | 0       |
|    tmp2595_fu_24979_p2                 |     |        | tmp2595       | sub | fabric    | 0       |
|    tmp2593_fu_24989_p2                 |     |        | tmp2593       | add | fabric    | 0       |
|    tmp1635265_fu_32282_p2              |     |        | tmp1635265    | add | fabric    | 0       |
|    add_ln144_469_fu_24995_p2           |     |        | add_ln144_469 | add | fabric    | 0       |
|    add_ln144_470_fu_32303_p2           |     |        | add_ln144_470 | add | fabric    | 0       |
|    sub_ln144_94_fu_25013_p2            |     |        | sub_ln144_94  | sub | fabric    | 0       |
|    sub_ln144_498_fu_25035_p2           |     |        | sub_ln144_498 | sub | fabric    | 0       |
|    sub_ln144_336_fu_25059_p2           |     |        | sub_ln144_336 | sub | fabric    | 0       |
|    sub_ln144_95_fu_25065_p2            |     |        | sub_ln144_95  | sub | fabric    | 0       |
|    sub_ln144_337_fu_25083_p2           |     |        | sub_ln144_337 | sub | fabric    | 0       |
|    addconv4244_fu_25097_p2             |     |        | addconv4244   | sub | fabric    | 0       |
|    addconv4245_fu_25117_p2             |     |        | addconv4245   | sub | fabric    | 0       |
|    tmp1642251_fu_25143_p2              |     |        | tmp1642251    | add | fabric    | 0       |
|    add_ln144_473_fu_25161_p2           |     |        | add_ln144_473 | add | fabric    | 0       |
|    sub_ln144_500_fu_25210_p2           |     |        | sub_ln144_500 | sub | fabric    | 0       |
|    sub_ln144_338_fu_25224_p2           |     |        | sub_ln144_338 | sub | fabric    | 0       |
|    sub_ln144_340_fu_25244_p2           |     |        | sub_ln144_340 | sub | fabric    | 0       |
|    tmp2606_fu_25304_p2                 |     |        | tmp2606       | add | fabric    | 0       |
|    tmp2611_fu_25320_p2                 |     |        | tmp2611       | add | fabric    | 0       |
|    tmp1650239_fu_25340_p2              |     |        | tmp1650239    | add | fabric    | 0       |
|    add_ln144_477_fu_25358_p2           |     |        | add_ln144_477 | add | fabric    | 0       |
|    idx_11_fu_25401_p2                  |     |        | idx_11        | add | fabric    | 0       |
|    hist_11_d0                          |     |        | add_ln157_11  | add | fabric    | 0       |
|    add_ln144_456_fu_25431_p2           |     |        | add_ln144_456 | add | fabric    | 0       |
|    add_ln144_457_fu_25463_p2           |     |        | add_ln144_457 | add | fabric    | 0       |
|    sub_ln144_96_fu_25473_p2            |     |        | sub_ln144_96  | sub | fabric    | 0       |
|    add_ln144_458_fu_25503_p2           |     |        | add_ln144_458 | add | fabric    | 0       |
|    sub_ln144_501_fu_25529_p2           |     |        | sub_ln144_501 | sub | fabric    | 0       |
|    add_ln144_459_fu_25539_p2           |     |        | add_ln144_459 | add | fabric    | 0       |
|    add_ln144_460_fu_25569_p2           |     |        | add_ln144_460 | add | fabric    | 0       |
|    add_ln144_461_fu_25611_p2           |     |        | add_ln144_461 | add | fabric    | 0       |
|    sub_ln144_345_fu_25641_p2           |     |        | sub_ln144_345 | sub | fabric    | 0       |
|    add_ln144_462_fu_25655_p2           |     |        | add_ln144_462 | add | fabric    | 0       |
|    add_ln144_463_fu_25681_p2           |     |        | add_ln144_463 | add | fabric    | 0       |
|    tmp2614_fu_25717_p2                 |     |        | tmp2614       | add | fabric    | 0       |
|    addconv4248_fu_25727_p2             |     |        | addconv4248   | add | fabric    | 0       |
|    tmp2618_fu_25737_p2                 |     |        | tmp2618       | sub | fabric    | 0       |
|    sum_108_fu_25771_p2                 |     |        | sum_108       | add | fabric    | 0       |
|    add_ln144_465_fu_25800_p2           |     |        | add_ln144_465 | add | fabric    | 0       |
|    sub_ln144_97_fu_25826_p2            |     |        | sub_ln144_97  | sub | fabric    | 0       |
|    add_ln144_466_fu_25860_p2           |     |        | add_ln144_466 | add | fabric    | 0       |
|    sub_ln144_502_fu_25886_p2           |     |        | sub_ln144_502 | sub | fabric    | 0       |
|    mul_9s_5s_12_1_1_U490               |     |        | mul_ln144_159 | mul | auto      | 0       |
|    add_ln144_467_fu_25902_p2           |     |        | add_ln144_467 | add | fabric    | 0       |
|    tmp2624_fu_26002_p2                 |     |        | tmp2624       | add | fabric    | 0       |
|    tmp1665214_fu_26022_p2              |     |        | tmp1665214    | add | fabric    | 0       |
|    add_ln144_481_fu_26040_p2           |     |        | add_ln144_481 | add | fabric    | 0       |
|    sub_ln144_350_fu_26097_p2           |     |        | sub_ln144_350 | sub | fabric    | 0       |
|    sub_ln144_504_fu_26127_p2           |     |        | sub_ln144_504 | sub | fabric    | 0       |
|    sub_ln144_351_fu_26145_p2           |     |        | sub_ln144_351 | sub | fabric    | 0       |
|    sub_ln144_352_fu_26171_p2           |     |        | sub_ln144_352 | sub | fabric    | 0       |
|    add_ln144_485_fu_26249_p2           |     |        | add_ln144_485 | add | fabric    | 0       |
|    sub_ln144_99_fu_26286_p2            |     |        | sub_ln144_99  | sub | fabric    | 0       |
|    add_ln144_488_fu_26362_p2           |     |        | add_ln144_488 | add | fabric    | 0       |
|    add_ln144_475_fu_26372_p2           |     |        | add_ln144_475 | add | fabric    | 0       |
|    add_ln144_491_fu_26420_p2           |     |        | add_ln144_491 | add | fabric    | 0       |
|    add_ln144_492_fu_26426_p2           |     |        | add_ln144_492 | add | fabric    | 0       |
|    sub_ln144_353_fu_26475_p2           |     |        | sub_ln144_353 | sub | fabric    | 0       |
|    sub_ln144_354_fu_26493_p2           |     |        | sub_ln144_354 | sub | fabric    | 0       |
|    mul_9s_5s_12_1_1_U491               |     |        | mul_ln144_162 | mul | auto      | 0       |
|    mac_muladd_9s_4ns_13s_13_4_1_U520   | 1   |        | mul_ln144_163 | mul | dsp_slice | 3       |
|    sub_ln144_101_fu_26509_p2           |     |        | sub_ln144_101 | sub | fabric    | 0       |
|    tmp2638_fu_26523_p2                 |     |        | tmp2638       | add | fabric    | 0       |
|    mac_muladd_9s_4ns_13s_13_4_1_U520   | 1   |        | tmp2637       | add | dsp_slice | 3       |
|    tmp1677195_fu_32354_p2              |     |        | tmp1677195    | add | fabric    | 0       |
|    mac_muladd_9s_4ns_11s_13_4_1_U521   | 1   |        | mul_ln144_164 | mul | dsp_slice | 3       |
|    sub_ln144_505_fu_26569_p2           |     |        | sub_ln144_505 | sub | fabric    | 0       |
|    sub_ln144_355_fu_26583_p2           |     |        | sub_ln144_355 | sub | fabric    | 0       |
|    mac_muladd_9s_4ns_11s_13_4_1_U521   | 1   |        | tmp2643       | add | dsp_slice | 3       |
|    tmp2642_fu_32402_p2                 |     |        | tmp2642       | add | fabric    | 0       |
|    tmp2646_fu_26629_p2                 |     |        | tmp2646       | sub | fabric    | 0       |
|    tmp2644_fu_26639_p2                 |     |        | tmp2644       | add | fabric    | 0       |
|    tmp1684185_fu_32414_p2              |     |        | tmp1684185    | add | fabric    | 0       |
|    add_ln144_508_fu_26645_p2           |     |        | add_ln144_508 | add | fabric    | 0       |
|    add_ln144_509_fu_32435_p2           |     |        | add_ln144_509 | add | fabric    | 0       |
|    sub_ln144_102_fu_26663_p2           |     |        | sub_ln144_102 | sub | fabric    | 0       |
|    sub_ln144_506_fu_26685_p2           |     |        | sub_ln144_506 | sub | fabric    | 0       |
|    sub_ln144_357_fu_26709_p2           |     |        | sub_ln144_357 | sub | fabric    | 0       |
|    sub_ln144_103_fu_26715_p2           |     |        | sub_ln144_103 | sub | fabric    | 0       |
|    sub_ln144_358_fu_26733_p2           |     |        | sub_ln144_358 | sub | fabric    | 0       |
|    addconv4254_fu_26747_p2             |     |        | addconv4254   | sub | fabric    | 0       |
|    addconv4255_fu_26767_p2             |     |        | addconv4255   | sub | fabric    | 0       |
|    tmp1691171_fu_26793_p2              |     |        | tmp1691171    | add | fabric    | 0       |
|    add_ln144_512_fu_26811_p2           |     |        | add_ln144_512 | add | fabric    | 0       |
|    sub_ln144_508_fu_26860_p2           |     |        | sub_ln144_508 | sub | fabric    | 0       |
|    sub_ln144_359_fu_26874_p2           |     |        | sub_ln144_359 | sub | fabric    | 0       |
|    sub_ln144_361_fu_26894_p2           |     |        | sub_ln144_361 | sub | fabric    | 0       |
|    tmp2657_fu_26954_p2                 |     |        | tmp2657       | add | fabric    | 0       |
|    tmp2662_fu_26970_p2                 |     |        | tmp2662       | add | fabric    | 0       |
|    tmp1699159_fu_26990_p2              |     |        | tmp1699159    | add | fabric    | 0       |
|    add_ln144_516_fu_27008_p2           |     |        | add_ln144_516 | add | fabric    | 0       |
|    idx_12_fu_27051_p2                  |     |        | idx_12        | add | fabric    | 0       |
|    hist_12_d0                          |     |        | add_ln157_12  | add | fabric    | 0       |
|    add_ln144_494_fu_27081_p2           |     |        | add_ln144_494 | add | fabric    | 0       |
|    add_ln144_495_fu_27113_p2           |     |        | add_ln144_495 | add | fabric    | 0       |
|    sub_ln144_104_fu_27123_p2           |     |        | sub_ln144_104 | sub | fabric    | 0       |
|    add_ln144_496_fu_27153_p2           |     |        | add_ln144_496 | add | fabric    | 0       |
|    sub_ln144_509_fu_27179_p2           |     |        | sub_ln144_509 | sub | fabric    | 0       |
|    add_ln144_497_fu_27189_p2           |     |        | add_ln144_497 | add | fabric    | 0       |
|    add_ln144_498_fu_27219_p2           |     |        | add_ln144_498 | add | fabric    | 0       |
|    add_ln144_499_fu_27261_p2           |     |        | add_ln144_499 | add | fabric    | 0       |
|    sub_ln144_366_fu_27291_p2           |     |        | sub_ln144_366 | sub | fabric    | 0       |
|    add_ln144_500_fu_27305_p2           |     |        | add_ln144_500 | add | fabric    | 0       |
|    add_ln144_501_fu_27331_p2           |     |        | add_ln144_501 | add | fabric    | 0       |
|    tmp2665_fu_27367_p2                 |     |        | tmp2665       | add | fabric    | 0       |
|    addconv4258_fu_27377_p2             |     |        | addconv4258   | add | fabric    | 0       |
|    tmp2669_fu_27387_p2                 |     |        | tmp2669       | sub | fabric    | 0       |
|    sum_117_fu_27421_p2                 |     |        | sum_117       | add | fabric    | 0       |
|    add_ln144_503_fu_27450_p2           |     |        | add_ln144_503 | add | fabric    | 0       |
|    sub_ln144_105_fu_27476_p2           |     |        | sub_ln144_105 | sub | fabric    | 0       |
|    add_ln144_504_fu_27510_p2           |     |        | add_ln144_504 | add | fabric    | 0       |
|    sub_ln144_510_fu_27536_p2           |     |        | sub_ln144_510 | sub | fabric    | 0       |
|    mul_9s_5s_12_1_1_U492               |     |        | mul_ln144_172 | mul | auto      | 0       |
|    add_ln144_505_fu_27552_p2           |     |        | add_ln144_505 | add | fabric    | 0       |
|    tmp2675_fu_27652_p2                 |     |        | tmp2675       | add | fabric    | 0       |
|    tmp1714134_fu_27672_p2              |     |        | tmp1714134    | add | fabric    | 0       |
|    add_ln144_520_fu_27690_p2           |     |        | add_ln144_520 | add | fabric    | 0       |
|    sub_ln144_371_fu_27747_p2           |     |        | sub_ln144_371 | sub | fabric    | 0       |
|    sub_ln144_512_fu_27777_p2           |     |        | sub_ln144_512 | sub | fabric    | 0       |
|    sub_ln144_372_fu_27795_p2           |     |        | sub_ln144_372 | sub | fabric    | 0       |
|    sub_ln144_373_fu_27821_p2           |     |        | sub_ln144_373 | sub | fabric    | 0       |
|    add_ln144_524_fu_27899_p2           |     |        | add_ln144_524 | add | fabric    | 0       |
|    sub_ln144_107_fu_27936_p2           |     |        | sub_ln144_107 | sub | fabric    | 0       |
|    add_ln144_527_fu_28012_p2           |     |        | add_ln144_527 | add | fabric    | 0       |
|    add_ln144_513_fu_28022_p2           |     |        | add_ln144_513 | add | fabric    | 0       |
|    add_ln144_530_fu_28070_p2           |     |        | add_ln144_530 | add | fabric    | 0       |
|    add_ln144_531_fu_28076_p2           |     |        | add_ln144_531 | add | fabric    | 0       |
|    sub_ln144_374_fu_28125_p2           |     |        | sub_ln144_374 | sub | fabric    | 0       |
|    sub_ln144_375_fu_28143_p2           |     |        | sub_ln144_375 | sub | fabric    | 0       |
|    mul_9s_5s_12_1_1_U493               |     |        | mul_ln144_175 | mul | auto      | 0       |
|    mac_muladd_9s_4ns_13s_13_4_1_U522   | 1   |        | mul_ln144_176 | mul | dsp_slice | 3       |
|    sub_ln144_109_fu_28159_p2           |     |        | sub_ln144_109 | sub | fabric    | 0       |
|    tmp2689_fu_28173_p2                 |     |        | tmp2689       | add | fabric    | 0       |
|    mac_muladd_9s_4ns_13s_13_4_1_U522   | 1   |        | tmp2688       | add | dsp_slice | 3       |
|    tmp1726115_fu_32486_p2              |     |        | tmp1726115    | add | fabric    | 0       |
|    mac_muladd_9s_4ns_11s_13_4_1_U523   | 1   |        | mul_ln144_177 | mul | dsp_slice | 3       |
|    sub_ln144_513_fu_28219_p2           |     |        | sub_ln144_513 | sub | fabric    | 0       |
|    sub_ln144_376_fu_28233_p2           |     |        | sub_ln144_376 | sub | fabric    | 0       |
|    mac_muladd_9s_4ns_11s_13_4_1_U523   | 1   |        | tmp2694       | add | dsp_slice | 3       |
|    tmp2693_fu_32534_p2                 |     |        | tmp2693       | add | fabric    | 0       |
|    tmp2697_fu_28279_p2                 |     |        | tmp2697       | sub | fabric    | 0       |
|    tmp2695_fu_28289_p2                 |     |        | tmp2695       | add | fabric    | 0       |
|    tmp1733105_fu_32546_p2              |     |        | tmp1733105    | add | fabric    | 0       |
|    add_ln144_547_fu_28295_p2           |     |        | add_ln144_547 | add | fabric    | 0       |
|    add_ln144_548_fu_32567_p2           |     |        | add_ln144_548 | add | fabric    | 0       |
|    sub_ln144_110_fu_28313_p2           |     |        | sub_ln144_110 | sub | fabric    | 0       |
|    sub_ln144_514_fu_28335_p2           |     |        | sub_ln144_514 | sub | fabric    | 0       |
|    sub_ln144_378_fu_28359_p2           |     |        | sub_ln144_378 | sub | fabric    | 0       |
|    sub_ln144_111_fu_28365_p2           |     |        | sub_ln144_111 | sub | fabric    | 0       |
|    sub_ln144_379_fu_28383_p2           |     |        | sub_ln144_379 | sub | fabric    | 0       |
|    addconv4264_fu_28397_p2             |     |        | addconv4264   | sub | fabric    | 0       |
|    addconv4265_fu_28417_p2             |     |        | addconv4265   | sub | fabric    | 0       |
|    tmp174091_fu_28443_p2               |     |        | tmp174091     | add | fabric    | 0       |
|    add_ln144_552_fu_28461_p2           |     |        | add_ln144_552 | add | fabric    | 0       |
|    sub_ln144_516_fu_28510_p2           |     |        | sub_ln144_516 | sub | fabric    | 0       |
|    sub_ln144_380_fu_28524_p2           |     |        | sub_ln144_380 | sub | fabric    | 0       |
|    sub_ln144_382_fu_28544_p2           |     |        | sub_ln144_382 | sub | fabric    | 0       |
|    tmp2708_fu_28604_p2                 |     |        | tmp2708       | add | fabric    | 0       |
|    tmp2713_fu_28620_p2                 |     |        | tmp2713       | add | fabric    | 0       |
|    tmp174879_fu_28640_p2               |     |        | tmp174879     | add | fabric    | 0       |
|    add_ln144_555_fu_28658_p2           |     |        | add_ln144_555 | add | fabric    | 0       |
|    idx_13_fu_28701_p2                  |     |        | idx_13        | add | fabric    | 0       |
|    hist_13_d0                          |     |        | add_ln157_13  | add | fabric    | 0       |
|    add_ln144_532_fu_28731_p2           |     |        | add_ln144_532 | add | fabric    | 0       |
|    add_ln144_533_fu_28763_p2           |     |        | add_ln144_533 | add | fabric    | 0       |
|    sub_ln144_112_fu_28773_p2           |     |        | sub_ln144_112 | sub | fabric    | 0       |
|    add_ln144_534_fu_28803_p2           |     |        | add_ln144_534 | add | fabric    | 0       |
|    sub_ln144_517_fu_28829_p2           |     |        | sub_ln144_517 | sub | fabric    | 0       |
|    add_ln144_535_fu_28839_p2           |     |        | add_ln144_535 | add | fabric    | 0       |
|    add_ln144_536_fu_28869_p2           |     |        | add_ln144_536 | add | fabric    | 0       |
|    add_ln144_537_fu_28911_p2           |     |        | add_ln144_537 | add | fabric    | 0       |
|    sub_ln144_387_fu_28941_p2           |     |        | sub_ln144_387 | sub | fabric    | 0       |
|    add_ln144_538_fu_28955_p2           |     |        | add_ln144_538 | add | fabric    | 0       |
|    add_ln144_539_fu_28981_p2           |     |        | add_ln144_539 | add | fabric    | 0       |
|    tmp2716_fu_29017_p2                 |     |        | tmp2716       | add | fabric    | 0       |
|    addconv4268_fu_29027_p2             |     |        | addconv4268   | add | fabric    | 0       |
|    tmp2720_fu_29037_p2                 |     |        | tmp2720       | sub | fabric    | 0       |
|    sum_126_fu_29071_p2                 |     |        | sum_126       | add | fabric    | 0       |
|    add_ln144_541_fu_29100_p2           |     |        | add_ln144_541 | add | fabric    | 0       |
|    sub_ln144_113_fu_29126_p2           |     |        | sub_ln144_113 | sub | fabric    | 0       |
|    add_ln144_542_fu_29160_p2           |     |        | add_ln144_542 | add | fabric    | 0       |
|    sub_ln144_518_fu_29186_p2           |     |        | sub_ln144_518 | sub | fabric    | 0       |
|    mul_9s_5s_12_1_1_U494               |     |        | mul_ln144_185 | mul | auto      | 0       |
|    add_ln144_543_fu_29202_p2           |     |        | add_ln144_543 | add | fabric    | 0       |
|    tmp2726_fu_29302_p2                 |     |        | tmp2726       | add | fabric    | 0       |
|    tmp176354_fu_29322_p2               |     |        | tmp176354     | add | fabric    | 0       |
|    add_ln144_559_fu_29340_p2           |     |        | add_ln144_559 | add | fabric    | 0       |
|    sub_ln144_392_fu_29397_p2           |     |        | sub_ln144_392 | sub | fabric    | 0       |
|    sub_ln144_520_fu_29427_p2           |     |        | sub_ln144_520 | sub | fabric    | 0       |
|    sub_ln144_393_fu_29445_p2           |     |        | sub_ln144_393 | sub | fabric    | 0       |
|    sub_ln144_394_fu_29471_p2           |     |        | sub_ln144_394 | sub | fabric    | 0       |
|    add_ln144_563_fu_29549_p2           |     |        | add_ln144_563 | add | fabric    | 0       |
|    sub_ln144_115_fu_29586_p2           |     |        | sub_ln144_115 | sub | fabric    | 0       |
|    add_ln144_566_fu_29662_p2           |     |        | add_ln144_566 | add | fabric    | 0       |
|    add_ln144_551_fu_29672_p2           |     |        | add_ln144_551 | add | fabric    | 0       |
|    add_ln144_569_fu_29720_p2           |     |        | add_ln144_569 | add | fabric    | 0       |
|    add_ln144_570_fu_29726_p2           |     |        | add_ln144_570 | add | fabric    | 0       |
|    sub_ln144_395_fu_29775_p2           |     |        | sub_ln144_395 | sub | fabric    | 0       |
|    sub_ln144_396_fu_29793_p2           |     |        | sub_ln144_396 | sub | fabric    | 0       |
|    mul_9s_5s_12_1_1_U495               |     |        | mul_ln144_188 | mul | auto      | 0       |
|    mac_muladd_9s_4ns_13s_13_4_1_U524   | 1   |        | mul_ln144_189 | mul | dsp_slice | 3       |
|    sub_ln144_117_fu_29809_p2           |     |        | sub_ln144_117 | sub | fabric    | 0       |
|    tmp2740_fu_29823_p2                 |     |        | tmp2740       | add | fabric    | 0       |
|    mac_muladd_9s_4ns_13s_13_4_1_U524   | 1   |        | tmp2739       | add | dsp_slice | 3       |
|    tmp177535_fu_32618_p2               |     |        | tmp177535     | add | fabric    | 0       |
|    mac_muladd_9s_4ns_11s_13_4_1_U525   | 1   |        | mul_ln144_190 | mul | dsp_slice | 3       |
|    sub_ln144_521_fu_29869_p2           |     |        | sub_ln144_521 | sub | fabric    | 0       |
|    sub_ln144_397_fu_29883_p2           |     |        | sub_ln144_397 | sub | fabric    | 0       |
|    mac_muladd_9s_4ns_11s_13_4_1_U525   | 1   |        | tmp2745       | add | dsp_slice | 3       |
|    tmp2744_fu_32666_p2                 |     |        | tmp2744       | add | fabric    | 0       |
|    tmp2748_fu_29929_p2                 |     |        | tmp2748       | sub | fabric    | 0       |
|    tmp2746_fu_29939_p2                 |     |        | tmp2746       | add | fabric    | 0       |
|    tmp178225_fu_32678_p2               |     |        | tmp178225     | add | fabric    | 0       |
|    add_ln144_575_fu_29945_p2           |     |        | add_ln144_575 | add | fabric    | 0       |
|    add_ln144_576_fu_32699_p2           |     |        | add_ln144_576 | add | fabric    | 0       |
|    sub_ln144_118_fu_29963_p2           |     |        | sub_ln144_118 | sub | fabric    | 0       |
|    sub_ln144_522_fu_29985_p2           |     |        | sub_ln144_522 | sub | fabric    | 0       |
|    sub_ln144_399_fu_30009_p2           |     |        | sub_ln144_399 | sub | fabric    | 0       |
|    sub_ln144_119_fu_30015_p2           |     |        | sub_ln144_119 | sub | fabric    | 0       |
|    sub_ln144_400_fu_30033_p2           |     |        | sub_ln144_400 | sub | fabric    | 0       |
|    addconv4274_fu_30047_p2             |     |        | addconv4274   | sub | fabric    | 0       |
|    addconv4275_fu_30067_p2             |     |        | addconv4275   | sub | fabric    | 0       |
|    tmp178911_fu_30093_p2               |     |        | tmp178911     | add | fabric    | 0       |
|    add_ln144_579_fu_30111_p2           |     |        | add_ln144_579 | add | fabric    | 0       |
|    sub_ln144_524_fu_30160_p2           |     |        | sub_ln144_524 | sub | fabric    | 0       |
|    sub_ln144_401_fu_30174_p2           |     |        | sub_ln144_401 | sub | fabric    | 0       |
|    sub_ln144_403_fu_30194_p2           |     |        | sub_ln144_403 | sub | fabric    | 0       |
|    tmp2759_fu_30254_p2                 |     |        | tmp2759       | add | fabric    | 0       |
|    tmp2764_fu_30270_p2                 |     |        | tmp2764       | add | fabric    | 0       |
|    tmp17971_fu_30290_p2                |     |        | tmp17971      | add | fabric    | 0       |
|    add_ln144_582_fu_30308_p2           |     |        | add_ln144_582 | add | fabric    | 0       |
|    idx_14_fu_30351_p2                  |     |        | idx_14        | add | fabric    | 0       |
|    hist_14_d0                          |     |        | add_ln157_14  | add | fabric    | 0       |
|  + my_window_Pipeline_BASE             | 0   |        |               |     |           |         |
|    s0_14_fu_3736_p2                    |     |        | s0_14         | add | fabric    | 0       |
|    s0_15_fu_3743_p2                    |     |        | s0_15         | add | fabric    | 0       |
|    s0_16_fu_3750_p2                    |     |        | s0_16         | add | fabric    | 0       |
|    s0_17_fu_3757_p2                    |     |        | s0_17         | add | fabric    | 0       |
|    s0_18_fu_3764_p2                    |     |        | s0_18         | add | fabric    | 0       |
|    s0_19_fu_3771_p2                    |     |        | s0_19         | add | fabric    | 0       |
|    s0_20_fu_3778_p2                    |     |        | s0_20         | add | fabric    | 0       |
|    s0_21_fu_3784_p2                    |     |        | s0_21         | add | fabric    | 0       |
|    s0_22_fu_3841_p2                    |     |        | s0_22         | add | fabric    | 0       |
|    s0_23_fu_3847_p2                    |     |        | s0_23         | add | fabric    | 0       |
|    s0_24_fu_3854_p2                    |     |        | s0_24         | add | fabric    | 0       |
|    s0_25_fu_3861_p2                    |     |        | s0_25         | add | fabric    | 0       |
|    s0_26_fu_3868_p2                    |     |        | s0_26         | add | fabric    | 0       |
|    s1_14_fu_3790_p2                    |     |        | s1_14         | add | fabric    | 0       |
|    s1_15_fu_3797_p2                    |     |        | s1_15         | add | fabric    | 0       |
|    s1_16_fu_3804_p2                    |     |        | s1_16         | add | fabric    | 0       |
|    s1_17_fu_3811_p2                    |     |        | s1_17         | add | fabric    | 0       |
|    s1_18_fu_3818_p2                    |     |        | s1_18         | add | fabric    | 0       |
|    s1_19_fu_3825_p2                    |     |        | s1_19         | add | fabric    | 0       |
|    s1_20_fu_3832_p2                    |     |        | s1_20         | add | fabric    | 0       |
|    s1_21_fu_3875_p2                    |     |        | s1_21         | add | fabric    | 0       |
|    s1_22_fu_3881_p2                    |     |        | s1_22         | add | fabric    | 0       |
|    s1_23_fu_3888_p2                    |     |        | s1_23         | add | fabric    | 0       |
|    s1_24_fu_3895_p2                    |     |        | s1_24         | add | fabric    | 0       |
|    s1_25_fu_3902_p2                    |     |        | s1_25         | add | fabric    | 0       |
|    s1_26_fu_3909_p2                    |     |        | s1_26         | add | fabric    | 0       |
|    add_ln182_fu_3725_p2                |     |        | add_ln182     | add | fabric    | 0       |
|  + my_window_Pipeline_RANK             | 15  |        |               |     |           |         |
|    t_fu_17675_p2                       |     |        | t             | add | fabric    | 0       |
|    mul_11ns_13ns_23_1_1_U1087          | 1   |        | mul_ln234     | mul | auto      | 0       |
|    lane_cur_d0                         |     |        | add_ln235     | add | fabric    | 0       |
|    add_ln242_fu_27217_p2               |     |        | add_ln242     | add | fabric    | 0       |
|    add_ln242_1_fu_27238_p2             |     |        | add_ln242_1   | add | fabric    | 0       |
|    add_ln242_2_fu_27259_p2             |     |        | add_ln242_2   | add | fabric    | 0       |
|    add_ln242_3_fu_27280_p2             |     |        | add_ln242_3   | add | fabric    | 0       |
|    add_ln242_4_fu_27301_p2             |     |        | add_ln242_4   | add | fabric    | 0       |
|    add_ln242_5_fu_27322_p2             |     |        | add_ln242_5   | add | fabric    | 0       |
|    add_ln242_6_fu_27343_p2             |     |        | add_ln242_6   | add | fabric    | 0       |
|    add_ln242_7_fu_27386_p2             |     |        | add_ln242_7   | add | fabric    | 0       |
|    add_ln242_8_fu_27407_p2             |     |        | add_ln242_8   | add | fabric    | 0       |
|    add_ln242_9_fu_27428_p2             |     |        | add_ln242_9   | add | fabric    | 0       |
|    add_ln242_10_fu_27449_p2            |     |        | add_ln242_10  | add | fabric    | 0       |
|    add_ln242_11_fu_27470_p2            |     |        | add_ln242_11  | add | fabric    | 0       |
|    add_ln234_2_fu_26117_p2             |     |        | add_ln234_2   | add | fabric    | 0       |
|    add_ln234_3_fu_26131_p2             |     |        | add_ln234_3   | add | fabric    | 0       |
|    add_ln234_4_fu_26145_p2             |     |        | add_ln234_4   | add | fabric    | 0       |
|    add_ln234_5_fu_26159_p2             |     |        | add_ln234_5   | add | fabric    | 0       |
|    add_ln234_6_fu_26173_p2             |     |        | add_ln234_6   | add | fabric    | 0       |
|    add_ln234_7_fu_26187_p2             |     |        | add_ln234_7   | add | fabric    | 0       |
|    add_ln234_8_fu_26201_p2             |     |        | add_ln234_8   | add | fabric    | 0       |
|    add_ln234_9_fu_26215_p2             |     |        | add_ln234_9   | add | fabric    | 0       |
|    add_ln234_10_fu_26229_p2            |     |        | add_ln234_10  | add | fabric    | 0       |
|    add_ln234_11_fu_26243_p2            |     |        | add_ln234_11  | add | fabric    | 0       |
|    add_ln234_12_fu_26257_p2            |     |        | add_ln234_12  | add | fabric    | 0       |
|    add_ln234_13_fu_26271_p2            |     |        | add_ln234_13  | add | fabric    | 0       |
|    add_ln234_14_fu_26285_p2            |     |        | add_ln234_14  | add | fabric    | 0       |
|    add_ln234_15_fu_26299_p2            |     |        | add_ln234_15  | add | fabric    | 0       |
|    add_ln242_12_fu_27599_p2            |     |        | add_ln242_12  | add | fabric    | 0       |
|    add_ln234_16_fu_26328_p2            |     |        | add_ln234_16  | add | fabric    | 0       |
|    mul_12ns_14ns_25_1_1_U1089          | 1   |        | mul_ln235     | mul | auto      | 0       |
|    lane_cur_1_d0                       |     |        | add_ln235_1   | add | fabric    | 0       |
|    add_ln234_17_fu_26386_p2            |     |        | add_ln234_17  | add | fabric    | 0       |
|    mul_12ns_14ns_25_1_1_U1091          | 1   |        | mul_ln235_1   | mul | auto      | 0       |
|    lane_cur_2_d0                       |     |        | add_ln235_2   | add | fabric    | 0       |
|    add_ln234_18_fu_26444_p2            |     |        | add_ln234_18  | add | fabric    | 0       |
|    mul_12ns_14ns_25_1_1_U1093          | 1   |        | mul_ln235_2   | mul | auto      | 0       |
|    lane_cur_3_d0                       |     |        | add_ln235_3   | add | fabric    | 0       |
|    add_ln234_19_fu_26502_p2            |     |        | add_ln234_19  | add | fabric    | 0       |
|    mul_12ns_14ns_25_1_1_U1095          | 1   |        | mul_ln235_3   | mul | auto      | 0       |
|    lane_cur_4_d0                       |     |        | add_ln235_4   | add | fabric    | 0       |
|    add_ln234_20_fu_26560_p2            |     |        | add_ln234_20  | add | fabric    | 0       |
|    mul_12ns_14ns_25_1_1_U1097          | 1   |        | mul_ln235_4   | mul | auto      | 0       |
|    lane_cur_5_d0                       |     |        | add_ln235_5   | add | fabric    | 0       |
|    add_ln234_21_fu_26618_p2            |     |        | add_ln234_21  | add | fabric    | 0       |
|    mul_12ns_14ns_25_1_1_U1099          | 1   |        | mul_ln235_5   | mul | auto      | 0       |
|    lane_cur_6_d0                       |     |        | add_ln235_6   | add | fabric    | 0       |
|    add_ln234_22_fu_26676_p2            |     |        | add_ln234_22  | add | fabric    | 0       |
|    mul_12ns_14ns_25_1_1_U1101          | 1   |        | mul_ln235_6   | mul | auto      | 0       |
|    lane_cur_7_d0                       |     |        | add_ln235_7   | add | fabric    | 0       |
|    add_ln234_23_fu_26734_p2            |     |        | add_ln234_23  | add | fabric    | 0       |
|    mul_12ns_14ns_25_1_1_U1103          | 1   |        | mul_ln235_7   | mul | auto      | 0       |
|    lane_cur_8_d0                       |     |        | add_ln235_8   | add | fabric    | 0       |
|    add_ln234_24_fu_26792_p2            |     |        | add_ln234_24  | add | fabric    | 0       |
|    mul_12ns_14ns_25_1_1_U1105          | 1   |        | mul_ln235_8   | mul | auto      | 0       |
|    lane_cur_9_d0                       |     |        | add_ln235_9   | add | fabric    | 0       |
|    add_ln234_25_fu_26850_p2            |     |        | add_ln234_25  | add | fabric    | 0       |
|    mul_12ns_14ns_25_1_1_U1107          | 1   |        | mul_ln235_9   | mul | auto      | 0       |
|    lane_cur_10_d0                      |     |        | add_ln235_10  | add | fabric    | 0       |
|    add_ln234_26_fu_26908_p2            |     |        | add_ln234_26  | add | fabric    | 0       |
|    mul_12ns_14ns_25_1_1_U1109          | 1   |        | mul_ln235_10  | mul | auto      | 0       |
|    lane_cur_11_d0                      |     |        | add_ln235_11  | add | fabric    | 0       |
|    add_ln234_27_fu_26966_p2            |     |        | add_ln234_27  | add | fabric    | 0       |
|    mul_12ns_14ns_25_1_1_U1111          | 1   |        | mul_ln235_11  | mul | auto      | 0       |
|    lane_cur_12_d0                      |     |        | add_ln235_12  | add | fabric    | 0       |
|    add_ln234_28_fu_27024_p2            |     |        | add_ln234_28  | add | fabric    | 0       |
|    mul_12ns_14ns_25_1_1_U1113          | 1   |        | mul_ln235_12  | mul | auto      | 0       |
|    lane_cur_13_d0                      |     |        | add_ln235_13  | add | fabric    | 0       |
|    add_ln234_29_fu_27082_p2            |     |        | add_ln234_29  | add | fabric    | 0       |
|    mul_12ns_14ns_25_1_1_U1115          | 1   |        | mul_ln235_13  | mul | auto      | 0       |
|    lane_cur_14_d0                      |     |        | add_ln235_14  | add | fabric    | 0       |
|  + my_window_Pipeline_EMIT_EDGE_SPLIT  | 720 |        |               |     |           |         |
|    add_ln316_fu_18457_p2               |     |        | add_ln316     | add | fabric    | 0       |
|    sub_ln335_fu_19183_p2               |     |        | sub_ln335     | sub | fabric    | 0       |
|    comp_a_1_d0                         |     |        | add_ln335     | add | fabric    | 0       |
|    comp_a_2_d0                         |     |        | add_ln335_1   | add | fabric    | 0       |
|    comp_a_3_d0                         |     |        | add_ln335_2   | add | fabric    | 0       |
|    comp_a_4_d0                         |     |        | add_ln335_3   | add | fabric    | 0       |
|    comp_a_5_d0                         |     |        | add_ln335_4   | add | fabric    | 0       |
|    comp_a_6_d0                         |     |        | add_ln335_5   | add | fabric    | 0       |
|    comp_a_7_d0                         |     |        | add_ln335_6   | add | fabric    | 0       |
|    comp_a_8_d0                         |     |        | add_ln335_7   | add | fabric    | 0       |
|    comp_a_9_d0                         |     |        | add_ln335_8   | add | fabric    | 0       |
|    comp_a_10_d0                        |     |        | add_ln335_9   | add | fabric    | 0       |
|    comp_a_11_d0                        |     |        | add_ln335_10  | add | fabric    | 0       |
|    comp_a_12_d0                        |     |        | add_ln335_11  | add | fabric    | 0       |
|    comp_a_13_d0                        |     |        | add_ln335_12  | add | fabric    | 0       |
|    comp_a_14_d0                        |     |        | add_ln335_13  | add | fabric    | 0       |
|    add_ln338_fu_19288_p2               |     |        | add_ln338     | add | fabric    | 0       |
|    i_2_fu_25780_p2                     |     |        | i_2           | sub | fabric    | 0       |
|    i_fu_25790_p2                       |     |        | i             | add | fabric    | 0       |
|    empty_35_fu_25796_p2                |     |        | empty_35      | add | fabric    | 0       |
|    empty_36_fu_25802_p2                |     |        | empty_36      | add | fabric    | 0       |
|    empty_37_fu_25808_p2                |     |        | empty_37      | add | fabric    | 0       |
|    empty_38_fu_25814_p2                |     |        | empty_38      | add | fabric    | 0       |
|    empty_39_fu_25820_p2                |     |        | empty_39      | add | fabric    | 0       |
|    empty_40_fu_25826_p2                |     |        | empty_40      | add | fabric    | 0       |
|    empty_41_fu_25832_p2                |     |        | empty_41      | add | fabric    | 0       |
|    empty_42_fu_25838_p2                |     |        | empty_42      | add | fabric    | 0       |
|    empty_43_fu_25844_p2                |     |        | empty_43      | add | fabric    | 0       |
|    empty_44_fu_25850_p2                |     |        | empty_44      | add | fabric    | 0       |
|    empty_45_fu_25856_p2                |     |        | empty_45      | add | fabric    | 0       |
|    empty_46_fu_25862_p2                |     |        | empty_46      | add | fabric    | 0       |
|    diff_fu_26209_p2                    |     |        | diff          | sub | fabric    | 0       |
|    mac_muladd_15s_15s_30s_31_4_1_U2490 | 1   |        | partial       | mul | dsp_slice | 3       |
|    diff_1_fu_30548_p2                  |     |        | diff_1        | sub | fabric    | 0       |
|    mul_15s_15s_30_1_1_U2130            | 1   |        | mul_ln353     | mul | auto      | 0       |
|    diff_2_fu_26233_p2                  |     |        | diff_2        | sub | fabric    | 0       |
|    mul_15s_15s_30_1_1_U2131            | 1   |        | mul_ln353_1   | mul | auto      | 0       |
|    diff_3_fu_26246_p2                  |     |        | diff_3        | sub | fabric    | 0       |
|    mac_muladd_15s_15s_30s_31_4_1_U2491 | 1   |        | mul_ln353_2   | mul | dsp_slice | 3       |
|    mac_muladd_15s_15s_30s_31_4_1_U2490 | 1   |        | add_ln353     | add | dsp_slice | 3       |
|    mac_muladd_15s_15s_30s_31_4_1_U2491 | 1   |        | add_ln353_1   | add | dsp_slice | 3       |
|    partial_1_fu_37019_p2               |     |        | partial_1     | add | fabric    | 0       |
|    diff_4_fu_30579_p2                  |     |        | diff_4        | sub | fabric    | 0       |
|    mul_15s_15s_30_1_1_U2132            | 1   |        | partial_3     | mul | auto      | 0       |
|    diff_5_fu_30597_p2                  |     |        | diff_5        | sub | fabric    | 0       |
|    mul_15s_15s_30_1_1_U2133            | 1   |        | mul_ln353_4   | mul | auto      | 0       |
|    diff_6_fu_26277_p2                  |     |        | diff_6        | sub | fabric    | 0       |
|    mac_muladd_15s_15s_30s_31_4_1_U2492 | 1   |        | mul_ln353_5   | mul | dsp_slice | 3       |
|    diff_7_fu_26294_p2                  |     |        | diff_7        | sub | fabric    | 0       |
|    mac_muladd_15s_15s_30s_31_4_1_U2493 | 1   |        | mul_ln353_6   | mul | dsp_slice | 3       |
|    mac_muladd_15s_15s_30s_31_4_1_U2492 | 1   |        | add_ln353_3   | add | dsp_slice | 3       |
|    mac_muladd_15s_15s_30s_31_4_1_U2493 | 1   |        | add_ln353_4   | add | dsp_slice | 3       |
|    partial_4_fu_37038_p2               |     |        | partial_4     | add | fabric    | 0       |
|    diff_8_fu_30615_p2                  |     |        | diff_8        | sub | fabric    | 0       |
|    mul_15s_15s_30_1_1_U2134            | 1   |        | partial_5     | mul | auto      | 0       |
|    diff_9_fu_30633_p2                  |     |        | diff_9        | sub | fabric    | 0       |
|    mul_15s_15s_30_1_1_U2135            | 1   |        | mul_ln353_8   | mul | auto      | 0       |
|    diff_10_fu_26325_p2                 |     |        | diff_10       | sub | fabric    | 0       |
|    mac_muladd_15s_15s_30s_31_4_1_U2494 | 1   |        | mul_ln353_9   | mul | dsp_slice | 3       |
|    diff_11_fu_26342_p2                 |     |        | diff_11       | sub | fabric    | 0       |
|    mac_muladd_15s_15s_30s_31_4_1_U2495 | 1   |        | mul_ln353_10  | mul | dsp_slice | 3       |
|    mac_muladd_15s_15s_30s_31_4_1_U2494 | 1   |        | add_ln353_6   | add | dsp_slice | 3       |
|    mac_muladd_15s_15s_30s_31_4_1_U2495 | 1   |        | add_ln353_7   | add | dsp_slice | 3       |
|    partial_6_fu_37050_p2               |     |        | partial_6     | add | fabric    | 0       |
|    diff_12_fu_30651_p2                 |     |        | diff_12       | sub | fabric    | 0       |
|    mul_15s_15s_30_1_1_U2136            | 1   |        | partial_7     | mul | auto      | 0       |
|    diff_13_fu_30669_p2                 |     |        | diff_13       | sub | fabric    | 0       |
|    mul_15s_15s_30_1_1_U2137            | 1   |        | mul_ln353_12  | mul | auto      | 0       |
|    diff_14_fu_26373_p2                 |     |        | diff_14       | sub | fabric    | 0       |
|    mac_muladd_15s_15s_30s_31_4_1_U2496 | 1   |        | mul_ln353_13  | mul | dsp_slice | 3       |
|    diff_15_fu_26390_p2                 |     |        | diff_15       | sub | fabric    | 0       |
|    mac_muladd_15s_15s_30s_31_4_1_U2497 | 1   |        | mul_ln353_14  | mul | dsp_slice | 3       |
|    mac_muladd_15s_15s_30s_31_4_1_U2496 | 1   |        | add_ln353_9   | add | dsp_slice | 3       |
|    mac_muladd_15s_15s_30s_31_4_1_U2497 | 1   |        | add_ln353_10  | add | dsp_slice | 3       |
|    partial_8_fu_37062_p2               |     |        | partial_8     | add | fabric    | 0       |
|    diff_16_fu_30687_p2                 |     |        | diff_16       | sub | fabric    | 0       |
|    mul_15s_15s_30_1_1_U2138            | 1   |        | partial_9     | mul | auto      | 0       |
|    diff_17_fu_30705_p2                 |     |        | diff_17       | sub | fabric    | 0       |
|    mul_15s_15s_30_1_1_U2139            | 1   |        | mul_ln353_16  | mul | auto      | 0       |
|    diff_18_fu_26421_p2                 |     |        | diff_18       | sub | fabric    | 0       |
|    mac_muladd_15s_15s_30s_31_4_1_U2498 | 1   |        | mul_ln353_17  | mul | dsp_slice | 3       |
|    diff_19_fu_26438_p2                 |     |        | diff_19       | sub | fabric    | 0       |
|    mac_muladd_15s_15s_30s_31_4_1_U2499 | 1   |        | mul_ln353_18  | mul | dsp_slice | 3       |
|    mac_muladd_15s_15s_30s_31_4_1_U2498 | 1   |        | add_ln353_12  | add | dsp_slice | 3       |
|    mac_muladd_15s_15s_30s_31_4_1_U2499 | 1   |        | add_ln353_13  | add | dsp_slice | 3       |
|    partial_10_fu_37074_p2              |     |        | partial_10    | add | fabric    | 0       |
|    diff_20_fu_30723_p2                 |     |        | diff_20       | sub | fabric    | 0       |
|    mul_15s_15s_30_1_1_U2140            | 1   |        | partial_11    | mul | auto      | 0       |
|    diff_21_fu_30741_p2                 |     |        | diff_21       | sub | fabric    | 0       |
|    mul_15s_15s_30_1_1_U2141            | 1   |        | mul_ln353_20  | mul | auto      | 0       |
|    diff_22_fu_26469_p2                 |     |        | diff_22       | sub | fabric    | 0       |
|    mac_muladd_15s_15s_30s_31_4_1_U2500 | 1   |        | mul_ln353_21  | mul | dsp_slice | 3       |
|    diff_23_fu_26486_p2                 |     |        | diff_23       | sub | fabric    | 0       |
|    mac_muladd_15s_15s_30s_31_4_1_U2501 | 1   |        | mul_ln353_22  | mul | dsp_slice | 3       |
|    mac_muladd_15s_15s_30s_31_4_1_U2500 | 1   |        | add_ln353_15  | add | dsp_slice | 3       |
|    mac_muladd_15s_15s_30s_31_4_1_U2501 | 1   |        | add_ln353_16  | add | dsp_slice | 3       |
|    partial_12_fu_37086_p2              |     |        | partial_12    | add | fabric    | 0       |
|    diff_24_fu_30759_p2                 |     |        | diff_24       | sub | fabric    | 0       |
|    mul_15s_15s_30_1_1_U2142            | 1   |        | partial_13    | mul | auto      | 0       |
|    diff_25_fu_30777_p2                 |     |        | diff_25       | sub | fabric    | 0       |
|    mul_15s_15s_30_1_1_U2143            | 1   |        | mul_ln353_24  | mul | auto      | 0       |
|    diff_26_fu_26517_p2                 |     |        | diff_26       | sub | fabric    | 0       |
|    mac_muladd_15s_15s_30s_31_4_1_U2502 | 1   |        | mul_ln353_25  | mul | dsp_slice | 3       |
|    diff_27_fu_26534_p2                 |     |        | diff_27       | sub | fabric    | 0       |
|    mac_muladd_15s_15s_30s_31_4_1_U2503 | 1   |        | mul_ln353_26  | mul | dsp_slice | 3       |
|    mac_muladd_15s_15s_30s_31_4_1_U2502 | 1   |        | add_ln353_18  | add | dsp_slice | 3       |
|    mac_muladd_15s_15s_30s_31_4_1_U2503 | 1   |        | add_ln353_19  | add | dsp_slice | 3       |
|    partial_14_fu_37098_p2              |     |        | partial_14    | add | fabric    | 0       |
|    diff_28_fu_30795_p2                 |     |        | diff_28       | sub | fabric    | 0       |
|    mul_15s_15s_30_1_1_U2144            | 1   |        | partial_15    | mul | auto      | 0       |
|    diff_29_fu_30813_p2                 |     |        | diff_29       | sub | fabric    | 0       |
|    mul_15s_15s_30_1_1_U2145            | 1   |        | mul_ln353_28  | mul | auto      | 0       |
|    diff_30_fu_26565_p2                 |     |        | diff_30       | sub | fabric    | 0       |
|    mac_muladd_15s_15s_30s_31_4_1_U2504 | 1   |        | mul_ln353_29  | mul | dsp_slice | 3       |
|    diff_31_fu_26582_p2                 |     |        | diff_31       | sub | fabric    | 0       |
|    mac_muladd_15s_15s_30s_31_4_1_U2505 | 1   |        | mul_ln353_30  | mul | dsp_slice | 3       |
|    mac_muladd_15s_15s_30s_31_4_1_U2504 | 1   |        | add_ln353_21  | add | dsp_slice | 3       |
|    mac_muladd_15s_15s_30s_31_4_1_U2505 | 1   |        | add_ln353_22  | add | dsp_slice | 3       |
|    partial_16_fu_37110_p2              |     |        | partial_16    | add | fabric    | 0       |
|    diff_32_fu_30831_p2                 |     |        | diff_32       | sub | fabric    | 0       |
|    mul_15s_15s_30_1_1_U2146            | 1   |        | partial_17    | mul | auto      | 0       |
|    diff_33_fu_30849_p2                 |     |        | diff_33       | sub | fabric    | 0       |
|    mul_15s_15s_30_1_1_U2147            | 1   |        | mul_ln353_32  | mul | auto      | 0       |
|    diff_34_fu_26613_p2                 |     |        | diff_34       | sub | fabric    | 0       |
|    mac_muladd_15s_15s_30s_31_4_1_U2506 | 1   |        | mul_ln353_33  | mul | dsp_slice | 3       |
|    diff_35_fu_26630_p2                 |     |        | diff_35       | sub | fabric    | 0       |
|    mac_muladd_15s_15s_30s_31_4_1_U2507 | 1   |        | mul_ln353_34  | mul | dsp_slice | 3       |
|    mac_muladd_15s_15s_30s_31_4_1_U2506 | 1   |        | add_ln353_24  | add | dsp_slice | 3       |
|    mac_muladd_15s_15s_30s_31_4_1_U2507 | 1   |        | add_ln353_25  | add | dsp_slice | 3       |
|    partial_18_fu_37122_p2              |     |        | partial_18    | add | fabric    | 0       |
|    diff_36_fu_30867_p2                 |     |        | diff_36       | sub | fabric    | 0       |
|    mul_15s_15s_30_1_1_U2148            | 1   |        | partial_19    | mul | auto      | 0       |
|    diff_37_fu_30885_p2                 |     |        | diff_37       | sub | fabric    | 0       |
|    mul_15s_15s_30_1_1_U2149            | 1   |        | mul_ln353_36  | mul | auto      | 0       |
|    diff_38_fu_26661_p2                 |     |        | diff_38       | sub | fabric    | 0       |
|    mac_muladd_15s_15s_30s_31_4_1_U2508 | 1   |        | mul_ln353_37  | mul | dsp_slice | 3       |
|    diff_39_fu_26678_p2                 |     |        | diff_39       | sub | fabric    | 0       |
|    mac_muladd_15s_15s_30s_31_4_1_U2509 | 1   |        | mul_ln353_38  | mul | dsp_slice | 3       |
|    mac_muladd_15s_15s_30s_31_4_1_U2508 | 1   |        | add_ln353_27  | add | dsp_slice | 3       |
|    mac_muladd_15s_15s_30s_31_4_1_U2509 | 1   |        | add_ln353_28  | add | dsp_slice | 3       |
|    partial_20_fu_37134_p2              |     |        | partial_20    | add | fabric    | 0       |
|    diff_40_fu_30903_p2                 |     |        | diff_40       | sub | fabric    | 0       |
|    mul_15s_15s_30_1_1_U2150            | 1   |        | partial_21    | mul | auto      | 0       |
|    diff_41_fu_30921_p2                 |     |        | diff_41       | sub | fabric    | 0       |
|    mul_15s_15s_30_1_1_U2151            | 1   |        | mul_ln353_40  | mul | auto      | 0       |
|    diff_42_fu_26709_p2                 |     |        | diff_42       | sub | fabric    | 0       |
|    mac_muladd_15s_15s_30s_31_4_1_U2510 | 1   |        | mul_ln353_41  | mul | dsp_slice | 3       |
|    diff_43_fu_26726_p2                 |     |        | diff_43       | sub | fabric    | 0       |
|    mac_muladd_15s_15s_30s_31_4_1_U2511 | 1   |        | mul_ln353_42  | mul | dsp_slice | 3       |
|    mac_muladd_15s_15s_30s_31_4_1_U2510 | 1   |        | add_ln353_30  | add | dsp_slice | 3       |
|    mac_muladd_15s_15s_30s_31_4_1_U2511 | 1   |        | add_ln353_31  | add | dsp_slice | 3       |
|    partial_22_fu_37146_p2              |     |        | partial_22    | add | fabric    | 0       |
|    diff_44_fu_30939_p2                 |     |        | diff_44       | sub | fabric    | 0       |
|    mul_15s_15s_30_1_1_U2152            | 1   |        | partial_23    | mul | auto      | 0       |
|    diff_45_fu_30957_p2                 |     |        | diff_45       | sub | fabric    | 0       |
|    mul_15s_15s_30_1_1_U2153            | 1   |        | mul_ln353_44  | mul | auto      | 0       |
|    diff_46_fu_26757_p2                 |     |        | diff_46       | sub | fabric    | 0       |
|    mac_muladd_15s_15s_30s_31_4_1_U2512 | 1   |        | mul_ln353_45  | mul | dsp_slice | 3       |
|    diff_47_fu_26774_p2                 |     |        | diff_47       | sub | fabric    | 0       |
|    mac_muladd_15s_15s_30s_31_4_1_U2513 | 1   |        | mul_ln353_46  | mul | dsp_slice | 3       |
|    mac_muladd_15s_15s_30s_31_4_1_U2512 | 1   |        | add_ln353_33  | add | dsp_slice | 3       |
|    mac_muladd_15s_15s_30s_31_4_1_U2513 | 1   |        | add_ln353_34  | add | dsp_slice | 3       |
|    partial_24_fu_37158_p2              |     |        | partial_24    | add | fabric    | 0       |
|    diff_48_fu_30975_p2                 |     |        | diff_48       | sub | fabric    | 0       |
|    mul_15s_15s_30_1_1_U2154            | 1   |        | partial_25    | mul | auto      | 0       |
|    diff_49_fu_30993_p2                 |     |        | diff_49       | sub | fabric    | 0       |
|    mul_15s_15s_30_1_1_U2155            | 1   |        | mul_ln353_48  | mul | auto      | 0       |
|    diff_50_fu_26784_p2                 |     |        | diff_50       | sub | fabric    | 0       |
|    mac_muladd_15s_15s_30s_31_4_1_U2514 | 1   |        | mul_ln353_49  | mul | dsp_slice | 3       |
|    diff_51_fu_26794_p2                 |     |        | diff_51       | sub | fabric    | 0       |
|    mac_muladd_15s_15s_30s_31_4_1_U2515 | 1   |        | mul_ln353_50  | mul | dsp_slice | 3       |
|    mac_muladd_15s_15s_30s_31_4_1_U2514 | 1   |        | add_ln353_36  | add | dsp_slice | 3       |
|    mac_muladd_15s_15s_30s_31_4_1_U2515 | 1   |        | add_ln353_37  | add | dsp_slice | 3       |
|    partial_26_fu_37170_p2              |     |        | partial_26    | add | fabric    | 0       |
|    diff_52_fu_31011_p2                 |     |        | diff_52       | sub | fabric    | 0       |
|    mul_15s_15s_30_1_1_U2156            | 1   |        | partial_27    | mul | auto      | 0       |
|    diff_53_fu_31029_p2                 |     |        | diff_53       | sub | fabric    | 0       |
|    mul_15s_15s_30_1_1_U2157            | 1   |        | mul_ln353_52  | mul | auto      | 0       |
|    diff_54_fu_26804_p2                 |     |        | diff_54       | sub | fabric    | 0       |
|    mac_muladd_15s_15s_30s_31_4_1_U2516 | 1   |        | mul_ln353_53  | mul | dsp_slice | 3       |
|    diff_55_fu_26814_p2                 |     |        | diff_55       | sub | fabric    | 0       |
|    mac_muladd_15s_15s_30s_31_4_1_U2517 | 1   |        | mul_ln353_54  | mul | dsp_slice | 3       |
|    mac_muladd_15s_15s_30s_31_4_1_U2516 | 1   |        | add_ln353_39  | add | dsp_slice | 3       |
|    mac_muladd_15s_15s_30s_31_4_1_U2517 | 1   |        | add_ln353_40  | add | dsp_slice | 3       |
|    partial_28_fu_37182_p2              |     |        | partial_28    | add | fabric    | 0       |
|    diff_56_fu_31047_p2                 |     |        | diff_56       | sub | fabric    | 0       |
|    mul_15s_15s_30_1_1_U2158            | 1   |        | partial_29    | mul | auto      | 0       |
|    diff_57_fu_31065_p2                 |     |        | diff_57       | sub | fabric    | 0       |
|    mul_15s_15s_30_1_1_U2159            | 1   |        | mul_ln353_56  | mul | auto      | 0       |
|    diff_58_fu_26824_p2                 |     |        | diff_58       | sub | fabric    | 0       |
|    mac_muladd_15s_15s_30s_31_4_1_U2518 | 1   |        | mul_ln353_57  | mul | dsp_slice | 3       |
|    diff_59_fu_26834_p2                 |     |        | diff_59       | sub | fabric    | 0       |
|    mac_muladd_15s_15s_30s_31_4_1_U2519 | 1   |        | mul_ln353_58  | mul | dsp_slice | 3       |
|    mac_muladd_15s_15s_30s_31_4_1_U2518 | 1   |        | add_ln353_42  | add | dsp_slice | 3       |
|    mac_muladd_15s_15s_30s_31_4_1_U2519 | 1   |        | add_ln353_43  | add | dsp_slice | 3       |
|    partial_30_fu_37194_p2              |     |        | partial_30    | add | fabric    | 0       |
|    diff_60_fu_31083_p2                 |     |        | diff_60       | sub | fabric    | 0       |
|    mul_15s_15s_30_1_1_U2160            | 1   |        | partial_31    | mul | auto      | 0       |
|    diff_61_fu_31101_p2                 |     |        | diff_61       | sub | fabric    | 0       |
|    mul_15s_15s_30_1_1_U2161            | 1   |        | mul_ln353_60  | mul | auto      | 0       |
|    diff_62_fu_26844_p2                 |     |        | diff_62       | sub | fabric    | 0       |
|    mac_muladd_15s_15s_30s_31_4_1_U2520 | 1   |        | mul_ln353_61  | mul | dsp_slice | 3       |
|    diff_63_fu_26854_p2                 |     |        | diff_63       | sub | fabric    | 0       |
|    mac_muladd_15s_15s_30s_31_4_1_U2521 | 1   |        | mul_ln353_62  | mul | dsp_slice | 3       |
|    mac_muladd_15s_15s_30s_31_4_1_U2520 | 1   |        | add_ln353_45  | add | dsp_slice | 3       |
|    mac_muladd_15s_15s_30s_31_4_1_U2521 | 1   |        | add_ln353_46  | add | dsp_slice | 3       |
|    partial_32_fu_37206_p2              |     |        | partial_32    | add | fabric    | 0       |
|    diff_64_fu_31119_p2                 |     |        | diff_64       | sub | fabric    | 0       |
|    mul_15s_15s_30_1_1_U2162            | 1   |        | partial_33    | mul | auto      | 0       |
|    diff_65_fu_31137_p2                 |     |        | diff_65       | sub | fabric    | 0       |
|    mul_15s_15s_30_1_1_U2163            | 1   |        | mul_ln353_64  | mul | auto      | 0       |
|    diff_66_fu_26864_p2                 |     |        | diff_66       | sub | fabric    | 0       |
|    mac_muladd_15s_15s_30s_31_4_1_U2522 | 1   |        | mul_ln353_65  | mul | dsp_slice | 3       |
|    diff_67_fu_26874_p2                 |     |        | diff_67       | sub | fabric    | 0       |
|    mac_muladd_15s_15s_30s_31_4_1_U2523 | 1   |        | mul_ln353_66  | mul | dsp_slice | 3       |
|    mac_muladd_15s_15s_30s_31_4_1_U2522 | 1   |        | add_ln353_48  | add | dsp_slice | 3       |
|    mac_muladd_15s_15s_30s_31_4_1_U2523 | 1   |        | add_ln353_49  | add | dsp_slice | 3       |
|    partial_34_fu_37218_p2              |     |        | partial_34    | add | fabric    | 0       |
|    diff_68_fu_31155_p2                 |     |        | diff_68       | sub | fabric    | 0       |
|    mul_15s_15s_30_1_1_U2164            | 1   |        | partial_35    | mul | auto      | 0       |
|    diff_69_fu_31173_p2                 |     |        | diff_69       | sub | fabric    | 0       |
|    mul_15s_15s_30_1_1_U2165            | 1   |        | mul_ln353_68  | mul | auto      | 0       |
|    diff_70_fu_26884_p2                 |     |        | diff_70       | sub | fabric    | 0       |
|    mac_muladd_15s_15s_30s_31_4_1_U2524 | 1   |        | mul_ln353_69  | mul | dsp_slice | 3       |
|    diff_71_fu_26894_p2                 |     |        | diff_71       | sub | fabric    | 0       |
|    mac_muladd_15s_15s_30s_31_4_1_U2525 | 1   |        | mul_ln353_70  | mul | dsp_slice | 3       |
|    mac_muladd_15s_15s_30s_31_4_1_U2524 | 1   |        | add_ln353_51  | add | dsp_slice | 3       |
|    mac_muladd_15s_15s_30s_31_4_1_U2525 | 1   |        | add_ln353_52  | add | dsp_slice | 3       |
|    partial_36_fu_37230_p2              |     |        | partial_36    | add | fabric    | 0       |
|    diff_72_fu_31191_p2                 |     |        | diff_72       | sub | fabric    | 0       |
|    mul_15s_15s_30_1_1_U2166            | 1   |        | partial_37    | mul | auto      | 0       |
|    diff_73_fu_31209_p2                 |     |        | diff_73       | sub | fabric    | 0       |
|    mul_15s_15s_30_1_1_U2167            | 1   |        | mul_ln353_72  | mul | auto      | 0       |
|    diff_74_fu_26904_p2                 |     |        | diff_74       | sub | fabric    | 0       |
|    mac_muladd_15s_15s_30s_31_4_1_U2526 | 1   |        | mul_ln353_73  | mul | dsp_slice | 3       |
|    diff_75_fu_26914_p2                 |     |        | diff_75       | sub | fabric    | 0       |
|    mac_muladd_15s_15s_30s_31_4_1_U2527 | 1   |        | mul_ln353_74  | mul | dsp_slice | 3       |
|    mac_muladd_15s_15s_30s_31_4_1_U2526 | 1   |        | add_ln353_54  | add | dsp_slice | 3       |
|    mac_muladd_15s_15s_30s_31_4_1_U2527 | 1   |        | add_ln353_55  | add | dsp_slice | 3       |
|    partial_38_fu_37242_p2              |     |        | partial_38    | add | fabric    | 0       |
|    diff_76_fu_31227_p2                 |     |        | diff_76       | sub | fabric    | 0       |
|    mul_15s_15s_30_1_1_U2168            | 1   |        | partial_39    | mul | auto      | 0       |
|    diff_77_fu_31245_p2                 |     |        | diff_77       | sub | fabric    | 0       |
|    mul_15s_15s_30_1_1_U2169            | 1   |        | mul_ln353_76  | mul | auto      | 0       |
|    diff_78_fu_26924_p2                 |     |        | diff_78       | sub | fabric    | 0       |
|    mac_muladd_15s_15s_30s_31_4_1_U2528 | 1   |        | mul_ln353_77  | mul | dsp_slice | 3       |
|    diff_79_fu_26934_p2                 |     |        | diff_79       | sub | fabric    | 0       |
|    mac_muladd_15s_15s_30s_31_4_1_U2529 | 1   |        | mul_ln353_78  | mul | dsp_slice | 3       |
|    mac_muladd_15s_15s_30s_31_4_1_U2528 | 1   |        | add_ln353_57  | add | dsp_slice | 3       |
|    mac_muladd_15s_15s_30s_31_4_1_U2529 | 1   |        | add_ln353_58  | add | dsp_slice | 3       |
|    partial_40_fu_37254_p2              |     |        | partial_40    | add | fabric    | 0       |
|    diff_80_fu_31263_p2                 |     |        | diff_80       | sub | fabric    | 0       |
|    mul_15s_15s_30_1_1_U2170            | 1   |        | partial_41    | mul | auto      | 0       |
|    diff_81_fu_31281_p2                 |     |        | diff_81       | sub | fabric    | 0       |
|    mul_15s_15s_30_1_1_U2171            | 1   |        | mul_ln353_80  | mul | auto      | 0       |
|    diff_82_fu_26944_p2                 |     |        | diff_82       | sub | fabric    | 0       |
|    mac_muladd_15s_15s_30s_31_4_1_U2530 | 1   |        | mul_ln353_81  | mul | dsp_slice | 3       |
|    diff_83_fu_26954_p2                 |     |        | diff_83       | sub | fabric    | 0       |
|    mac_muladd_15s_15s_30s_31_4_1_U2531 | 1   |        | mul_ln353_82  | mul | dsp_slice | 3       |
|    mac_muladd_15s_15s_30s_31_4_1_U2530 | 1   |        | add_ln353_60  | add | dsp_slice | 3       |
|    mac_muladd_15s_15s_30s_31_4_1_U2531 | 1   |        | add_ln353_61  | add | dsp_slice | 3       |
|    partial_42_fu_37266_p2              |     |        | partial_42    | add | fabric    | 0       |
|    diff_84_fu_31299_p2                 |     |        | diff_84       | sub | fabric    | 0       |
|    mul_15s_15s_30_1_1_U2172            | 1   |        | partial_43    | mul | auto      | 0       |
|    diff_85_fu_31317_p2                 |     |        | diff_85       | sub | fabric    | 0       |
|    mul_15s_15s_30_1_1_U2173            | 1   |        | mul_ln353_84  | mul | auto      | 0       |
|    diff_86_fu_26964_p2                 |     |        | diff_86       | sub | fabric    | 0       |
|    mac_muladd_15s_15s_30s_31_4_1_U2532 | 1   |        | mul_ln353_85  | mul | dsp_slice | 3       |
|    diff_87_fu_26974_p2                 |     |        | diff_87       | sub | fabric    | 0       |
|    mac_muladd_15s_15s_30s_31_4_1_U2533 | 1   |        | mul_ln353_86  | mul | dsp_slice | 3       |
|    mac_muladd_15s_15s_30s_31_4_1_U2532 | 1   |        | add_ln353_63  | add | dsp_slice | 3       |
|    mac_muladd_15s_15s_30s_31_4_1_U2533 | 1   |        | add_ln353_64  | add | dsp_slice | 3       |
|    partial_44_fu_37278_p2              |     |        | partial_44    | add | fabric    | 0       |
|    diff_88_fu_31335_p2                 |     |        | diff_88       | sub | fabric    | 0       |
|    mul_15s_15s_30_1_1_U2174            | 1   |        | partial_45    | mul | auto      | 0       |
|    diff_89_fu_31353_p2                 |     |        | diff_89       | sub | fabric    | 0       |
|    mul_15s_15s_30_1_1_U2175            | 1   |        | mul_ln353_88  | mul | auto      | 0       |
|    diff_90_fu_26984_p2                 |     |        | diff_90       | sub | fabric    | 0       |
|    mac_muladd_15s_15s_30s_31_4_1_U2534 | 1   |        | mul_ln353_89  | mul | dsp_slice | 3       |
|    diff_91_fu_26994_p2                 |     |        | diff_91       | sub | fabric    | 0       |
|    mac_muladd_15s_15s_30s_31_4_1_U2535 | 1   |        | mul_ln353_90  | mul | dsp_slice | 3       |
|    mac_muladd_15s_15s_30s_31_4_1_U2534 | 1   |        | add_ln353_66  | add | dsp_slice | 3       |
|    mac_muladd_15s_15s_30s_31_4_1_U2535 | 1   |        | add_ln353_67  | add | dsp_slice | 3       |
|    partial_46_fu_37290_p2              |     |        | partial_46    | add | fabric    | 0       |
|    diff_92_fu_31371_p2                 |     |        | diff_92       | sub | fabric    | 0       |
|    mul_15s_15s_30_1_1_U2176            | 1   |        | partial_47    | mul | auto      | 0       |
|    diff_93_fu_31389_p2                 |     |        | diff_93       | sub | fabric    | 0       |
|    mul_15s_15s_30_1_1_U2177            | 1   |        | mul_ln353_92  | mul | auto      | 0       |
|    diff_94_fu_27025_p2                 |     |        | diff_94       | sub | fabric    | 0       |
|    mac_muladd_15s_15s_30s_31_4_1_U2536 | 1   |        | mul_ln353_93  | mul | dsp_slice | 3       |
|    diff_95_fu_27042_p2                 |     |        | diff_95       | sub | fabric    | 0       |
|    mac_muladd_15s_15s_30s_31_4_1_U2537 | 1   |        | mul_ln353_94  | mul | dsp_slice | 3       |
|    mac_muladd_15s_15s_30s_31_4_1_U2536 | 1   |        | add_ln353_69  | add | dsp_slice | 3       |
|    mac_muladd_15s_15s_30s_31_4_1_U2537 | 1   |        | add_ln353_70  | add | dsp_slice | 3       |
|    partial_48_fu_37302_p2              |     |        | partial_48    | add | fabric    | 0       |
|    diff_96_fu_31407_p2                 |     |        | diff_96       | sub | fabric    | 0       |
|    mul_15s_15s_30_1_1_U2178            | 1   |        | partial_49    | mul | auto      | 0       |
|    diff_97_fu_31425_p2                 |     |        | diff_97       | sub | fabric    | 0       |
|    mul_15s_15s_30_1_1_U2179            | 1   |        | mul_ln353_96  | mul | auto      | 0       |
|    diff_98_fu_27052_p2                 |     |        | diff_98       | sub | fabric    | 0       |
|    mac_muladd_15s_15s_30s_31_4_1_U2538 | 1   |        | mul_ln353_97  | mul | dsp_slice | 3       |
|    diff_99_fu_27062_p2                 |     |        | diff_99       | sub | fabric    | 0       |
|    mac_muladd_15s_15s_30s_31_4_1_U2539 | 1   |        | mul_ln353_98  | mul | dsp_slice | 3       |
|    mac_muladd_15s_15s_30s_31_4_1_U2538 | 1   |        | add_ln353_72  | add | dsp_slice | 3       |
|    mac_muladd_15s_15s_30s_31_4_1_U2539 | 1   |        | add_ln353_73  | add | dsp_slice | 3       |
|    partial_50_fu_37314_p2              |     |        | partial_50    | add | fabric    | 0       |
|    diff_100_fu_31443_p2                |     |        | diff_100      | sub | fabric    | 0       |
|    mul_15s_15s_30_1_1_U2180            | 1   |        | partial_51    | mul | auto      | 0       |
|    diff_101_fu_31461_p2                |     |        | diff_101      | sub | fabric    | 0       |
|    mul_15s_15s_30_1_1_U2181            | 1   |        | mul_ln353_100 | mul | auto      | 0       |
|    diff_102_fu_27072_p2                |     |        | diff_102      | sub | fabric    | 0       |
|    mac_muladd_15s_15s_30s_31_4_1_U2540 | 1   |        | mul_ln353_101 | mul | dsp_slice | 3       |
|    diff_103_fu_27082_p2                |     |        | diff_103      | sub | fabric    | 0       |
|    mac_muladd_15s_15s_30s_31_4_1_U2541 | 1   |        | mul_ln353_102 | mul | dsp_slice | 3       |
|    mac_muladd_15s_15s_30s_31_4_1_U2540 | 1   |        | add_ln353_75  | add | dsp_slice | 3       |
|    mac_muladd_15s_15s_30s_31_4_1_U2541 | 1   |        | add_ln353_76  | add | dsp_slice | 3       |
|    partial_52_fu_37326_p2              |     |        | partial_52    | add | fabric    | 0       |
|    diff_104_fu_31479_p2                |     |        | diff_104      | sub | fabric    | 0       |
|    mul_15s_15s_30_1_1_U2182            | 1   |        | partial_53    | mul | auto      | 0       |
|    diff_105_fu_31497_p2                |     |        | diff_105      | sub | fabric    | 0       |
|    mul_15s_15s_30_1_1_U2183            | 1   |        | mul_ln353_104 | mul | auto      | 0       |
|    diff_106_fu_27092_p2                |     |        | diff_106      | sub | fabric    | 0       |
|    mac_muladd_15s_15s_30s_31_4_1_U2542 | 1   |        | mul_ln353_105 | mul | dsp_slice | 3       |
|    diff_107_fu_27102_p2                |     |        | diff_107      | sub | fabric    | 0       |
|    mac_muladd_15s_15s_30s_31_4_1_U2543 | 1   |        | mul_ln353_106 | mul | dsp_slice | 3       |
|    mac_muladd_15s_15s_30s_31_4_1_U2542 | 1   |        | add_ln353_78  | add | dsp_slice | 3       |
|    mac_muladd_15s_15s_30s_31_4_1_U2543 | 1   |        | add_ln353_79  | add | dsp_slice | 3       |
|    partial_54_fu_37338_p2              |     |        | partial_54    | add | fabric    | 0       |
|    diff_108_fu_31515_p2                |     |        | diff_108      | sub | fabric    | 0       |
|    mul_15s_15s_30_1_1_U2184            | 1   |        | partial_55    | mul | auto      | 0       |
|    diff_109_fu_31533_p2                |     |        | diff_109      | sub | fabric    | 0       |
|    mul_15s_15s_30_1_1_U2185            | 1   |        | mul_ln353_108 | mul | auto      | 0       |
|    diff_110_fu_27112_p2                |     |        | diff_110      | sub | fabric    | 0       |
|    mac_muladd_15s_15s_30s_31_4_1_U2544 | 1   |        | mul_ln353_109 | mul | dsp_slice | 3       |
|    diff_111_fu_27122_p2                |     |        | diff_111      | sub | fabric    | 0       |
|    mac_muladd_15s_15s_30s_31_4_1_U2545 | 1   |        | mul_ln353_110 | mul | dsp_slice | 3       |
|    mac_muladd_15s_15s_30s_31_4_1_U2544 | 1   |        | add_ln353_81  | add | dsp_slice | 3       |
|    mac_muladd_15s_15s_30s_31_4_1_U2545 | 1   |        | add_ln353_82  | add | dsp_slice | 3       |
|    partial_56_fu_37350_p2              |     |        | partial_56    | add | fabric    | 0       |
|    diff_112_fu_31551_p2                |     |        | diff_112      | sub | fabric    | 0       |
|    mul_15s_15s_30_1_1_U2186            | 1   |        | partial_57    | mul | auto      | 0       |
|    diff_113_fu_31569_p2                |     |        | diff_113      | sub | fabric    | 0       |
|    mul_15s_15s_30_1_1_U2187            | 1   |        | mul_ln353_112 | mul | auto      | 0       |
|    diff_114_fu_27132_p2                |     |        | diff_114      | sub | fabric    | 0       |
|    mac_muladd_15s_15s_30s_31_4_1_U2546 | 1   |        | mul_ln353_113 | mul | dsp_slice | 3       |
|    diff_115_fu_27142_p2                |     |        | diff_115      | sub | fabric    | 0       |
|    mac_muladd_15s_15s_30s_31_4_1_U2547 | 1   |        | mul_ln353_114 | mul | dsp_slice | 3       |
|    mac_muladd_15s_15s_30s_31_4_1_U2546 | 1   |        | add_ln353_84  | add | dsp_slice | 3       |
|    mac_muladd_15s_15s_30s_31_4_1_U2547 | 1   |        | add_ln353_85  | add | dsp_slice | 3       |
|    partial_58_fu_37362_p2              |     |        | partial_58    | add | fabric    | 0       |
|    diff_116_fu_31587_p2                |     |        | diff_116      | sub | fabric    | 0       |
|    mul_15s_15s_30_1_1_U2188            | 1   |        | partial_59    | mul | auto      | 0       |
|    diff_117_fu_31605_p2                |     |        | diff_117      | sub | fabric    | 0       |
|    mul_15s_15s_30_1_1_U2189            | 1   |        | mul_ln353_116 | mul | auto      | 0       |
|    diff_118_fu_27152_p2                |     |        | diff_118      | sub | fabric    | 0       |
|    mac_muladd_15s_15s_30s_31_4_1_U2548 | 1   |        | mul_ln353_117 | mul | dsp_slice | 3       |
|    diff_119_fu_27162_p2                |     |        | diff_119      | sub | fabric    | 0       |
|    mac_muladd_15s_15s_30s_31_4_1_U2549 | 1   |        | mul_ln353_118 | mul | dsp_slice | 3       |
|    mac_muladd_15s_15s_30s_31_4_1_U2548 | 1   |        | add_ln353_87  | add | dsp_slice | 3       |
|    mac_muladd_15s_15s_30s_31_4_1_U2549 | 1   |        | add_ln353_88  | add | dsp_slice | 3       |
|    partial_60_fu_37374_p2              |     |        | partial_60    | add | fabric    | 0       |
|    diff_120_fu_31623_p2                |     |        | diff_120      | sub | fabric    | 0       |
|    mul_15s_15s_30_1_1_U2190            | 1   |        | partial_61    | mul | auto      | 0       |
|    diff_121_fu_31641_p2                |     |        | diff_121      | sub | fabric    | 0       |
|    mul_15s_15s_30_1_1_U2191            | 1   |        | mul_ln353_120 | mul | auto      | 0       |
|    diff_122_fu_27172_p2                |     |        | diff_122      | sub | fabric    | 0       |
|    mac_muladd_15s_15s_30s_31_4_1_U2550 | 1   |        | mul_ln353_121 | mul | dsp_slice | 3       |
|    diff_123_fu_27182_p2                |     |        | diff_123      | sub | fabric    | 0       |
|    mac_muladd_15s_15s_30s_31_4_1_U2551 | 1   |        | mul_ln353_122 | mul | dsp_slice | 3       |
|    mac_muladd_15s_15s_30s_31_4_1_U2550 | 1   |        | add_ln353_90  | add | dsp_slice | 3       |
|    mac_muladd_15s_15s_30s_31_4_1_U2551 | 1   |        | add_ln353_91  | add | dsp_slice | 3       |
|    partial_62_fu_37386_p2              |     |        | partial_62    | add | fabric    | 0       |
|    diff_124_fu_31659_p2                |     |        | diff_124      | sub | fabric    | 0       |
|    mul_15s_15s_30_1_1_U2192            | 1   |        | partial_63    | mul | auto      | 0       |
|    diff_125_fu_31677_p2                |     |        | diff_125      | sub | fabric    | 0       |
|    mul_15s_15s_30_1_1_U2193            | 1   |        | mul_ln353_124 | mul | auto      | 0       |
|    diff_126_fu_27192_p2                |     |        | diff_126      | sub | fabric    | 0       |
|    mac_muladd_15s_15s_30s_31_4_1_U2552 | 1   |        | mul_ln353_125 | mul | dsp_slice | 3       |
|    diff_127_fu_27202_p2                |     |        | diff_127      | sub | fabric    | 0       |
|    mac_muladd_15s_15s_30s_31_4_1_U2553 | 1   |        | mul_ln353_126 | mul | dsp_slice | 3       |
|    mac_muladd_15s_15s_30s_31_4_1_U2552 | 1   |        | add_ln353_93  | add | dsp_slice | 3       |
|    mac_muladd_15s_15s_30s_31_4_1_U2553 | 1   |        | add_ln353_94  | add | dsp_slice | 3       |
|    partial_64_fu_37398_p2              |     |        | partial_64    | add | fabric    | 0       |
|    diff_128_fu_31695_p2                |     |        | diff_128      | sub | fabric    | 0       |
|    mul_15s_15s_30_1_1_U2194            | 1   |        | partial_65    | mul | auto      | 0       |
|    diff_129_fu_31713_p2                |     |        | diff_129      | sub | fabric    | 0       |
|    mul_15s_15s_30_1_1_U2195            | 1   |        | mul_ln353_128 | mul | auto      | 0       |
|    diff_130_fu_27212_p2                |     |        | diff_130      | sub | fabric    | 0       |
|    mac_muladd_15s_15s_30s_31_4_1_U2554 | 1   |        | mul_ln353_129 | mul | dsp_slice | 3       |
|    diff_131_fu_27222_p2                |     |        | diff_131      | sub | fabric    | 0       |
|    mac_muladd_15s_15s_30s_31_4_1_U2555 | 1   |        | mul_ln353_130 | mul | dsp_slice | 3       |
|    mac_muladd_15s_15s_30s_31_4_1_U2554 | 1   |        | add_ln353_96  | add | dsp_slice | 3       |
|    mac_muladd_15s_15s_30s_31_4_1_U2555 | 1   |        | add_ln353_97  | add | dsp_slice | 3       |
|    partial_66_fu_37410_p2              |     |        | partial_66    | add | fabric    | 0       |
|    diff_132_fu_31731_p2                |     |        | diff_132      | sub | fabric    | 0       |
|    mul_15s_15s_30_1_1_U2196            | 1   |        | partial_67    | mul | auto      | 0       |
|    diff_133_fu_31749_p2                |     |        | diff_133      | sub | fabric    | 0       |
|    mul_15s_15s_30_1_1_U2197            | 1   |        | mul_ln353_132 | mul | auto      | 0       |
|    diff_134_fu_27232_p2                |     |        | diff_134      | sub | fabric    | 0       |
|    mac_muladd_15s_15s_30s_31_4_1_U2556 | 1   |        | mul_ln353_133 | mul | dsp_slice | 3       |
|    diff_135_fu_27242_p2                |     |        | diff_135      | sub | fabric    | 0       |
|    mac_muladd_15s_15s_30s_31_4_1_U2557 | 1   |        | mul_ln353_134 | mul | dsp_slice | 3       |
|    mac_muladd_15s_15s_30s_31_4_1_U2556 | 1   |        | add_ln353_99  | add | dsp_slice | 3       |
|    mac_muladd_15s_15s_30s_31_4_1_U2557 | 1   |        | add_ln353_100 | add | dsp_slice | 3       |
|    partial_68_fu_37422_p2              |     |        | partial_68    | add | fabric    | 0       |
|    diff_136_fu_31767_p2                |     |        | diff_136      | sub | fabric    | 0       |
|    mul_15s_15s_30_1_1_U2198            | 1   |        | partial_69    | mul | auto      | 0       |
|    diff_137_fu_31785_p2                |     |        | diff_137      | sub | fabric    | 0       |
|    mul_15s_15s_30_1_1_U2199            | 1   |        | mul_ln353_136 | mul | auto      | 0       |
|    diff_138_fu_27252_p2                |     |        | diff_138      | sub | fabric    | 0       |
|    mac_muladd_15s_15s_30s_31_4_1_U2558 | 1   |        | mul_ln353_137 | mul | dsp_slice | 3       |
|    diff_139_fu_27262_p2                |     |        | diff_139      | sub | fabric    | 0       |
|    mac_muladd_15s_15s_30s_31_4_1_U2559 | 1   |        | mul_ln353_138 | mul | dsp_slice | 3       |
|    mac_muladd_15s_15s_30s_31_4_1_U2558 | 1   |        | add_ln353_102 | add | dsp_slice | 3       |
|    mac_muladd_15s_15s_30s_31_4_1_U2559 | 1   |        | add_ln353_103 | add | dsp_slice | 3       |
|    partial_70_fu_37434_p2              |     |        | partial_70    | add | fabric    | 0       |
|    diff_140_fu_31803_p2                |     |        | diff_140      | sub | fabric    | 0       |
|    mul_15s_15s_30_1_1_U2200            | 1   |        | partial_71    | mul | auto      | 0       |
|    diff_141_fu_31821_p2                |     |        | diff_141      | sub | fabric    | 0       |
|    mul_15s_15s_30_1_1_U2201            | 1   |        | mul_ln353_140 | mul | auto      | 0       |
|    diff_142_fu_27293_p2                |     |        | diff_142      | sub | fabric    | 0       |
|    mac_muladd_15s_15s_30s_31_4_1_U2560 | 1   |        | mul_ln353_141 | mul | dsp_slice | 3       |
|    diff_143_fu_27310_p2                |     |        | diff_143      | sub | fabric    | 0       |
|    mac_muladd_15s_15s_30s_31_4_1_U2561 | 1   |        | mul_ln353_142 | mul | dsp_slice | 3       |
|    mac_muladd_15s_15s_30s_31_4_1_U2560 | 1   |        | add_ln353_105 | add | dsp_slice | 3       |
|    mac_muladd_15s_15s_30s_31_4_1_U2561 | 1   |        | add_ln353_106 | add | dsp_slice | 3       |
|    partial_72_fu_37446_p2              |     |        | partial_72    | add | fabric    | 0       |
|    diff_144_fu_31839_p2                |     |        | diff_144      | sub | fabric    | 0       |
|    mul_15s_15s_30_1_1_U2202            | 1   |        | partial_73    | mul | auto      | 0       |
|    diff_145_fu_31857_p2                |     |        | diff_145      | sub | fabric    | 0       |
|    mul_15s_15s_30_1_1_U2203            | 1   |        | mul_ln353_144 | mul | auto      | 0       |
|    diff_146_fu_27320_p2                |     |        | diff_146      | sub | fabric    | 0       |
|    mac_muladd_15s_15s_30s_31_4_1_U2562 | 1   |        | mul_ln353_145 | mul | dsp_slice | 3       |
|    diff_147_fu_27330_p2                |     |        | diff_147      | sub | fabric    | 0       |
|    mac_muladd_15s_15s_30s_31_4_1_U2563 | 1   |        | mul_ln353_146 | mul | dsp_slice | 3       |
|    mac_muladd_15s_15s_30s_31_4_1_U2562 | 1   |        | add_ln353_108 | add | dsp_slice | 3       |
|    mac_muladd_15s_15s_30s_31_4_1_U2563 | 1   |        | add_ln353_109 | add | dsp_slice | 3       |
|    partial_74_fu_37458_p2              |     |        | partial_74    | add | fabric    | 0       |
|    diff_148_fu_31875_p2                |     |        | diff_148      | sub | fabric    | 0       |
|    mul_15s_15s_30_1_1_U2204            | 1   |        | partial_75    | mul | auto      | 0       |
|    diff_149_fu_31893_p2                |     |        | diff_149      | sub | fabric    | 0       |
|    mul_15s_15s_30_1_1_U2205            | 1   |        | mul_ln353_148 | mul | auto      | 0       |
|    diff_150_fu_27340_p2                |     |        | diff_150      | sub | fabric    | 0       |
|    mac_muladd_15s_15s_30s_31_4_1_U2564 | 1   |        | mul_ln353_149 | mul | dsp_slice | 3       |
|    diff_151_fu_27350_p2                |     |        | diff_151      | sub | fabric    | 0       |
|    mac_muladd_15s_15s_30s_31_4_1_U2565 | 1   |        | mul_ln353_150 | mul | dsp_slice | 3       |
|    mac_muladd_15s_15s_30s_31_4_1_U2564 | 1   |        | add_ln353_111 | add | dsp_slice | 3       |
|    mac_muladd_15s_15s_30s_31_4_1_U2565 | 1   |        | add_ln353_112 | add | dsp_slice | 3       |
|    partial_76_fu_37470_p2              |     |        | partial_76    | add | fabric    | 0       |
|    diff_152_fu_31911_p2                |     |        | diff_152      | sub | fabric    | 0       |
|    mul_15s_15s_30_1_1_U2206            | 1   |        | partial_77    | mul | auto      | 0       |
|    diff_153_fu_31929_p2                |     |        | diff_153      | sub | fabric    | 0       |
|    mul_15s_15s_30_1_1_U2207            | 1   |        | mul_ln353_152 | mul | auto      | 0       |
|    diff_154_fu_27360_p2                |     |        | diff_154      | sub | fabric    | 0       |
|    mac_muladd_15s_15s_30s_31_4_1_U2566 | 1   |        | mul_ln353_153 | mul | dsp_slice | 3       |
|    diff_155_fu_27370_p2                |     |        | diff_155      | sub | fabric    | 0       |
|    mac_muladd_15s_15s_30s_31_4_1_U2567 | 1   |        | mul_ln353_154 | mul | dsp_slice | 3       |
|    mac_muladd_15s_15s_30s_31_4_1_U2566 | 1   |        | add_ln353_114 | add | dsp_slice | 3       |
|    mac_muladd_15s_15s_30s_31_4_1_U2567 | 1   |        | add_ln353_115 | add | dsp_slice | 3       |
|    partial_78_fu_37482_p2              |     |        | partial_78    | add | fabric    | 0       |
|    diff_156_fu_31947_p2                |     |        | diff_156      | sub | fabric    | 0       |
|    mul_15s_15s_30_1_1_U2208            | 1   |        | partial_79    | mul | auto      | 0       |
|    diff_157_fu_31965_p2                |     |        | diff_157      | sub | fabric    | 0       |
|    mul_15s_15s_30_1_1_U2209            | 1   |        | mul_ln353_156 | mul | auto      | 0       |
|    diff_158_fu_27380_p2                |     |        | diff_158      | sub | fabric    | 0       |
|    mac_muladd_15s_15s_30s_31_4_1_U2568 | 1   |        | mul_ln353_157 | mul | dsp_slice | 3       |
|    diff_159_fu_27390_p2                |     |        | diff_159      | sub | fabric    | 0       |
|    mac_muladd_15s_15s_30s_31_4_1_U2569 | 1   |        | mul_ln353_158 | mul | dsp_slice | 3       |
|    mac_muladd_15s_15s_30s_31_4_1_U2568 | 1   |        | add_ln353_117 | add | dsp_slice | 3       |
|    mac_muladd_15s_15s_30s_31_4_1_U2569 | 1   |        | add_ln353_118 | add | dsp_slice | 3       |
|    partial_80_fu_37494_p2              |     |        | partial_80    | add | fabric    | 0       |
|    diff_160_fu_31983_p2                |     |        | diff_160      | sub | fabric    | 0       |
|    mul_15s_15s_30_1_1_U2210            | 1   |        | partial_81    | mul | auto      | 0       |
|    diff_161_fu_32001_p2                |     |        | diff_161      | sub | fabric    | 0       |
|    mul_15s_15s_30_1_1_U2211            | 1   |        | mul_ln353_160 | mul | auto      | 0       |
|    diff_162_fu_27400_p2                |     |        | diff_162      | sub | fabric    | 0       |
|    mac_muladd_15s_15s_30s_31_4_1_U2570 | 1   |        | mul_ln353_161 | mul | dsp_slice | 3       |
|    diff_163_fu_27410_p2                |     |        | diff_163      | sub | fabric    | 0       |
|    mac_muladd_15s_15s_30s_31_4_1_U2571 | 1   |        | mul_ln353_162 | mul | dsp_slice | 3       |
|    mac_muladd_15s_15s_30s_31_4_1_U2570 | 1   |        | add_ln353_120 | add | dsp_slice | 3       |
|    mac_muladd_15s_15s_30s_31_4_1_U2571 | 1   |        | add_ln353_121 | add | dsp_slice | 3       |
|    partial_82_fu_37506_p2              |     |        | partial_82    | add | fabric    | 0       |
|    diff_164_fu_32019_p2                |     |        | diff_164      | sub | fabric    | 0       |
|    mul_15s_15s_30_1_1_U2212            | 1   |        | partial_83    | mul | auto      | 0       |
|    diff_165_fu_32037_p2                |     |        | diff_165      | sub | fabric    | 0       |
|    mul_15s_15s_30_1_1_U2213            | 1   |        | mul_ln353_164 | mul | auto      | 0       |
|    diff_166_fu_27420_p2                |     |        | diff_166      | sub | fabric    | 0       |
|    mac_muladd_15s_15s_30s_31_4_1_U2572 | 1   |        | mul_ln353_165 | mul | dsp_slice | 3       |
|    diff_167_fu_27430_p2                |     |        | diff_167      | sub | fabric    | 0       |
|    mac_muladd_15s_15s_30s_31_4_1_U2573 | 1   |        | mul_ln353_166 | mul | dsp_slice | 3       |
|    mac_muladd_15s_15s_30s_31_4_1_U2572 | 1   |        | add_ln353_123 | add | dsp_slice | 3       |
|    mac_muladd_15s_15s_30s_31_4_1_U2573 | 1   |        | add_ln353_124 | add | dsp_slice | 3       |
|    partial_84_fu_37518_p2              |     |        | partial_84    | add | fabric    | 0       |
|    diff_168_fu_32055_p2                |     |        | diff_168      | sub | fabric    | 0       |
|    mul_15s_15s_30_1_1_U2214            | 1   |        | partial_85    | mul | auto      | 0       |
|    diff_169_fu_32073_p2                |     |        | diff_169      | sub | fabric    | 0       |
|    mul_15s_15s_30_1_1_U2215            | 1   |        | mul_ln353_168 | mul | auto      | 0       |
|    diff_170_fu_27440_p2                |     |        | diff_170      | sub | fabric    | 0       |
|    mac_muladd_15s_15s_30s_31_4_1_U2574 | 1   |        | mul_ln353_169 | mul | dsp_slice | 3       |
|    diff_171_fu_27450_p2                |     |        | diff_171      | sub | fabric    | 0       |
|    mac_muladd_15s_15s_30s_31_4_1_U2575 | 1   |        | mul_ln353_170 | mul | dsp_slice | 3       |
|    mac_muladd_15s_15s_30s_31_4_1_U2574 | 1   |        | add_ln353_126 | add | dsp_slice | 3       |
|    mac_muladd_15s_15s_30s_31_4_1_U2575 | 1   |        | add_ln353_127 | add | dsp_slice | 3       |
|    partial_86_fu_37530_p2              |     |        | partial_86    | add | fabric    | 0       |
|    diff_172_fu_32091_p2                |     |        | diff_172      | sub | fabric    | 0       |
|    mul_15s_15s_30_1_1_U2216            | 1   |        | partial_87    | mul | auto      | 0       |
|    diff_173_fu_32109_p2                |     |        | diff_173      | sub | fabric    | 0       |
|    mul_15s_15s_30_1_1_U2217            | 1   |        | mul_ln353_172 | mul | auto      | 0       |
|    diff_174_fu_27460_p2                |     |        | diff_174      | sub | fabric    | 0       |
|    mac_muladd_15s_15s_30s_31_4_1_U2576 | 1   |        | mul_ln353_173 | mul | dsp_slice | 3       |
|    diff_175_fu_27470_p2                |     |        | diff_175      | sub | fabric    | 0       |
|    mac_muladd_15s_15s_30s_31_4_1_U2577 | 1   |        | mul_ln353_174 | mul | dsp_slice | 3       |
|    mac_muladd_15s_15s_30s_31_4_1_U2576 | 1   |        | add_ln353_129 | add | dsp_slice | 3       |
|    mac_muladd_15s_15s_30s_31_4_1_U2577 | 1   |        | add_ln353_130 | add | dsp_slice | 3       |
|    partial_88_fu_37542_p2              |     |        | partial_88    | add | fabric    | 0       |
|    diff_176_fu_32127_p2                |     |        | diff_176      | sub | fabric    | 0       |
|    mul_15s_15s_30_1_1_U2218            | 1   |        | partial_89    | mul | auto      | 0       |
|    diff_177_fu_32145_p2                |     |        | diff_177      | sub | fabric    | 0       |
|    mul_15s_15s_30_1_1_U2219            | 1   |        | mul_ln353_176 | mul | auto      | 0       |
|    diff_178_fu_27480_p2                |     |        | diff_178      | sub | fabric    | 0       |
|    mac_muladd_15s_15s_30s_31_4_1_U2578 | 1   |        | mul_ln353_177 | mul | dsp_slice | 3       |
|    diff_179_fu_27490_p2                |     |        | diff_179      | sub | fabric    | 0       |
|    mac_muladd_15s_15s_30s_31_4_1_U2579 | 1   |        | mul_ln353_178 | mul | dsp_slice | 3       |
|    mac_muladd_15s_15s_30s_31_4_1_U2578 | 1   |        | add_ln353_132 | add | dsp_slice | 3       |
|    mac_muladd_15s_15s_30s_31_4_1_U2579 | 1   |        | add_ln353_133 | add | dsp_slice | 3       |
|    partial_90_fu_37554_p2              |     |        | partial_90    | add | fabric    | 0       |
|    diff_180_fu_32163_p2                |     |        | diff_180      | sub | fabric    | 0       |
|    mul_15s_15s_30_1_1_U2220            | 1   |        | partial_91    | mul | auto      | 0       |
|    diff_181_fu_32181_p2                |     |        | diff_181      | sub | fabric    | 0       |
|    mul_15s_15s_30_1_1_U2221            | 1   |        | mul_ln353_180 | mul | auto      | 0       |
|    diff_182_fu_27500_p2                |     |        | diff_182      | sub | fabric    | 0       |
|    mac_muladd_15s_15s_30s_31_4_1_U2580 | 1   |        | mul_ln353_181 | mul | dsp_slice | 3       |
|    diff_183_fu_27510_p2                |     |        | diff_183      | sub | fabric    | 0       |
|    mac_muladd_15s_15s_30s_31_4_1_U2581 | 1   |        | mul_ln353_182 | mul | dsp_slice | 3       |
|    mac_muladd_15s_15s_30s_31_4_1_U2580 | 1   |        | add_ln353_135 | add | dsp_slice | 3       |
|    mac_muladd_15s_15s_30s_31_4_1_U2581 | 1   |        | add_ln353_136 | add | dsp_slice | 3       |
|    partial_92_fu_37566_p2              |     |        | partial_92    | add | fabric    | 0       |
|    diff_184_fu_32199_p2                |     |        | diff_184      | sub | fabric    | 0       |
|    mul_15s_15s_30_1_1_U2222            | 1   |        | partial_93    | mul | auto      | 0       |
|    diff_185_fu_32217_p2                |     |        | diff_185      | sub | fabric    | 0       |
|    mul_15s_15s_30_1_1_U2223            | 1   |        | mul_ln353_184 | mul | auto      | 0       |
|    diff_186_fu_27520_p2                |     |        | diff_186      | sub | fabric    | 0       |
|    mac_muladd_15s_15s_30s_31_4_1_U2582 | 1   |        | mul_ln353_185 | mul | dsp_slice | 3       |
|    diff_187_fu_27530_p2                |     |        | diff_187      | sub | fabric    | 0       |
|    mac_muladd_15s_15s_30s_31_4_1_U2583 | 1   |        | mul_ln353_186 | mul | dsp_slice | 3       |
|    mac_muladd_15s_15s_30s_31_4_1_U2582 | 1   |        | add_ln353_138 | add | dsp_slice | 3       |
|    mac_muladd_15s_15s_30s_31_4_1_U2583 | 1   |        | add_ln353_139 | add | dsp_slice | 3       |
|    partial_94_fu_37578_p2              |     |        | partial_94    | add | fabric    | 0       |
|    d2_fu_37960_p2                      |     |        | d2            | add | fabric    | 0       |
|    d2_1_fu_37978_p2                    |     |        | d2_1          | add | fabric    | 0       |
|    d2_2_fu_37991_p2                    |     |        | d2_2          | add | fabric    | 0       |
|    d2_3_fu_38004_p2                    |     |        | d2_3          | add | fabric    | 0       |
|    d2_4_fu_38017_p2                    |     |        | d2_4          | add | fabric    | 0       |
|    d2_5_fu_38030_p2                    |     |        | d2_5          | add | fabric    | 0       |
|    d2_6_fu_38043_p2                    |     |        | d2_6          | add | fabric    | 0       |
|    d2_7_fu_38056_p2                    |     |        | d2_7          | add | fabric    | 0       |
|    d2_8_fu_38069_p2                    |     |        | d2_8          | add | fabric    | 0       |
|    d2_9_fu_38082_p2                    |     |        | d2_9          | add | fabric    | 0       |
|    d2_10_fu_38095_p2                   |     |        | d2_10         | add | fabric    | 0       |
|    d2_11_fu_38108_p2                   |     |        | d2_11         | add | fabric    | 0       |
|    d2_12_fu_38121_p2                   |     |        | d2_12         | add | fabric    | 0       |
|    d2_13_fu_38134_p2                   |     |        | d2_13         | add | fabric    | 0       |
|    d2_14_fu_38147_p2                   |     |        | d2_14         | add | fabric    | 0       |
|    d2_15_fu_38160_p2                   |     |        | d2_15         | add | fabric    | 0       |
|    d2_16_fu_38173_p2                   |     |        | d2_16         | add | fabric    | 0       |
|    d2_17_fu_38186_p2                   |     |        | d2_17         | add | fabric    | 0       |
|    d2_18_fu_38199_p2                   |     |        | d2_18         | add | fabric    | 0       |
|    d2_19_fu_38212_p2                   |     |        | d2_19         | add | fabric    | 0       |
|    d2_20_fu_38225_p2                   |     |        | d2_20         | add | fabric    | 0       |
|    d2_21_fu_38238_p2                   |     |        | d2_21         | add | fabric    | 0       |
|    d2_22_fu_38251_p2                   |     |        | d2_22         | add | fabric    | 0       |
|    d2_23_fu_38264_p2                   |     |        | d2_23         | add | fabric    | 0       |
|    d2_24_fu_38277_p2                   |     |        | d2_24         | add | fabric    | 0       |
|    d2_25_fu_38290_p2                   |     |        | d2_25         | add | fabric    | 0       |
|    d2_26_fu_38303_p2                   |     |        | d2_26         | add | fabric    | 0       |
|    d2_27_fu_38316_p2                   |     |        | d2_27         | add | fabric    | 0       |
|    d2_28_fu_38329_p2                   |     |        | d2_28         | add | fabric    | 0       |
|    d2_29_fu_38342_p2                   |     |        | d2_29         | add | fabric    | 0       |
|    d2_30_fu_38355_p2                   |     |        | d2_30         | add | fabric    | 0       |
|    d2_31_fu_38368_p2                   |     |        | d2_31         | add | fabric    | 0       |
|    d2_32_fu_38381_p2                   |     |        | d2_32         | add | fabric    | 0       |
|    d2_33_fu_38394_p2                   |     |        | d2_33         | add | fabric    | 0       |
|    d2_34_fu_38407_p2                   |     |        | d2_34         | add | fabric    | 0       |
|    d2_35_fu_38420_p2                   |     |        | d2_35         | add | fabric    | 0       |
|    d2_36_fu_38433_p2                   |     |        | d2_36         | add | fabric    | 0       |
|    d2_37_fu_38446_p2                   |     |        | d2_37         | add | fabric    | 0       |
|    d2_38_fu_38459_p2                   |     |        | d2_38         | add | fabric    | 0       |
|    d2_39_fu_38472_p2                   |     |        | d2_39         | add | fabric    | 0       |
|    d2_40_fu_38485_p2                   |     |        | d2_40         | add | fabric    | 0       |
|    d2_41_fu_38498_p2                   |     |        | d2_41         | add | fabric    | 0       |
|    d2_42_fu_38511_p2                   |     |        | d2_42         | add | fabric    | 0       |
|    d2_43_fu_38524_p2                   |     |        | d2_43         | add | fabric    | 0       |
|    d2_44_fu_38537_p2                   |     |        | d2_44         | add | fabric    | 0       |
|    d2_45_fu_38550_p2                   |     |        | d2_45         | add | fabric    | 0       |
|    d2_46_fu_38563_p2                   |     |        | d2_46         | add | fabric    | 0       |
|    add_ln347_fu_26069_p2               |     |        | add_ln347     | add | fabric    | 0       |
|    diff_188_fu_27547_p2                |     |        | diff_188      | sub | fabric    | 0       |
|    mac_muladd_15s_15s_30s_31_4_1_U2584 | 1   |        | partial_95    | mul | dsp_slice | 3       |
|    diff_189_fu_32235_p2                |     |        | diff_189      | sub | fabric    | 0       |
|    mul_15s_15s_30_1_1_U2224            | 1   |        | mul_ln353_188 | mul | auto      | 0       |
|    diff_190_fu_32253_p2                |     |        | diff_190      | sub | fabric    | 0       |
|    mul_15s_15s_30_1_1_U2225            | 1   |        | mul_ln353_189 | mul | auto      | 0       |
|    diff_191_fu_27578_p2                |     |        | diff_191      | sub | fabric    | 0       |
|    mac_muladd_15s_15s_30s_31_4_1_U2585 | 1   |        | mul_ln353_190 | mul | dsp_slice | 3       |
|    mac_muladd_15s_15s_30s_31_4_1_U2584 | 1   |        | add_ln353_141 | add | dsp_slice | 3       |
|    mac_muladd_15s_15s_30s_31_4_1_U2585 | 1   |        | add_ln353_142 | add | dsp_slice | 3       |
|    partial_96_fu_38582_p2              |     |        | partial_96    | add | fabric    | 0       |
|    diff_192_fu_32271_p2                |     |        | diff_192      | sub | fabric    | 0       |
|    mul_15s_15s_30_1_1_U2226            | 1   |        | partial_98    | mul | auto      | 0       |
|    diff_193_fu_32289_p2                |     |        | diff_193      | sub | fabric    | 0       |
|    mul_15s_15s_30_1_1_U2227            | 1   |        | mul_ln353_192 | mul | auto      | 0       |
|    diff_194_fu_27588_p2                |     |        | diff_194      | sub | fabric    | 0       |
|    mac_muladd_15s_15s_30s_31_4_1_U2586 | 1   |        | mul_ln353_193 | mul | dsp_slice | 3       |
|    diff_195_fu_27598_p2                |     |        | diff_195      | sub | fabric    | 0       |
|    mac_muladd_15s_15s_30s_31_4_1_U2587 | 1   |        | mul_ln353_194 | mul | dsp_slice | 3       |
|    mac_muladd_15s_15s_30s_31_4_1_U2586 | 1   |        | add_ln353_144 | add | dsp_slice | 3       |
|    mac_muladd_15s_15s_30s_31_4_1_U2587 | 1   |        | add_ln353_145 | add | dsp_slice | 3       |
|    partial_99_fu_38601_p2              |     |        | partial_99    | add | fabric    | 0       |
|    diff_196_fu_32307_p2                |     |        | diff_196      | sub | fabric    | 0       |
|    mul_15s_15s_30_1_1_U2228            | 1   |        | partial_100   | mul | auto      | 0       |
|    diff_197_fu_32325_p2                |     |        | diff_197      | sub | fabric    | 0       |
|    mul_15s_15s_30_1_1_U2229            | 1   |        | mul_ln353_196 | mul | auto      | 0       |
|    diff_198_fu_27608_p2                |     |        | diff_198      | sub | fabric    | 0       |
|    mac_muladd_15s_15s_30s_31_4_1_U2588 | 1   |        | mul_ln353_197 | mul | dsp_slice | 3       |
|    diff_199_fu_27618_p2                |     |        | diff_199      | sub | fabric    | 0       |
|    mac_muladd_15s_15s_30s_31_4_1_U2589 | 1   |        | mul_ln353_198 | mul | dsp_slice | 3       |
|    mac_muladd_15s_15s_30s_31_4_1_U2588 | 1   |        | add_ln353_147 | add | dsp_slice | 3       |
|    mac_muladd_15s_15s_30s_31_4_1_U2589 | 1   |        | add_ln353_148 | add | dsp_slice | 3       |
|    partial_101_fu_38613_p2             |     |        | partial_101   | add | fabric    | 0       |
|    diff_200_fu_32343_p2                |     |        | diff_200      | sub | fabric    | 0       |
|    mul_15s_15s_30_1_1_U2230            | 1   |        | partial_102   | mul | auto      | 0       |
|    diff_201_fu_32361_p2                |     |        | diff_201      | sub | fabric    | 0       |
|    mul_15s_15s_30_1_1_U2231            | 1   |        | mul_ln353_200 | mul | auto      | 0       |
|    diff_202_fu_27628_p2                |     |        | diff_202      | sub | fabric    | 0       |
|    mac_muladd_15s_15s_30s_31_4_1_U2590 | 1   |        | mul_ln353_201 | mul | dsp_slice | 3       |
|    diff_203_fu_27638_p2                |     |        | diff_203      | sub | fabric    | 0       |
|    mac_muladd_15s_15s_30s_31_4_1_U2591 | 1   |        | mul_ln353_202 | mul | dsp_slice | 3       |
|    mac_muladd_15s_15s_30s_31_4_1_U2590 | 1   |        | add_ln353_150 | add | dsp_slice | 3       |
|    mac_muladd_15s_15s_30s_31_4_1_U2591 | 1   |        | add_ln353_151 | add | dsp_slice | 3       |
|    partial_103_fu_38625_p2             |     |        | partial_103   | add | fabric    | 0       |
|    diff_204_fu_32379_p2                |     |        | diff_204      | sub | fabric    | 0       |
|    mul_15s_15s_30_1_1_U2232            | 1   |        | partial_104   | mul | auto      | 0       |
|    diff_205_fu_32397_p2                |     |        | diff_205      | sub | fabric    | 0       |
|    mul_15s_15s_30_1_1_U2233            | 1   |        | mul_ln353_204 | mul | auto      | 0       |
|    diff_206_fu_27648_p2                |     |        | diff_206      | sub | fabric    | 0       |
|    mac_muladd_15s_15s_30s_31_4_1_U2592 | 1   |        | mul_ln353_205 | mul | dsp_slice | 3       |
|    diff_207_fu_27658_p2                |     |        | diff_207      | sub | fabric    | 0       |
|    mac_muladd_15s_15s_30s_31_4_1_U2593 | 1   |        | mul_ln353_206 | mul | dsp_slice | 3       |
|    mac_muladd_15s_15s_30s_31_4_1_U2592 | 1   |        | add_ln353_153 | add | dsp_slice | 3       |
|    mac_muladd_15s_15s_30s_31_4_1_U2593 | 1   |        | add_ln353_154 | add | dsp_slice | 3       |
|    partial_105_fu_38637_p2             |     |        | partial_105   | add | fabric    | 0       |
|    diff_208_fu_32415_p2                |     |        | diff_208      | sub | fabric    | 0       |
|    mul_15s_15s_30_1_1_U2234            | 1   |        | partial_106   | mul | auto      | 0       |
|    diff_209_fu_32433_p2                |     |        | diff_209      | sub | fabric    | 0       |
|    mul_15s_15s_30_1_1_U2235            | 1   |        | mul_ln353_208 | mul | auto      | 0       |
|    diff_210_fu_27668_p2                |     |        | diff_210      | sub | fabric    | 0       |
|    mac_muladd_15s_15s_30s_31_4_1_U2594 | 1   |        | mul_ln353_209 | mul | dsp_slice | 3       |
|    diff_211_fu_27678_p2                |     |        | diff_211      | sub | fabric    | 0       |
|    mac_muladd_15s_15s_30s_31_4_1_U2595 | 1   |        | mul_ln353_210 | mul | dsp_slice | 3       |
|    mac_muladd_15s_15s_30s_31_4_1_U2594 | 1   |        | add_ln353_156 | add | dsp_slice | 3       |
|    mac_muladd_15s_15s_30s_31_4_1_U2595 | 1   |        | add_ln353_157 | add | dsp_slice | 3       |
|    partial_107_fu_38649_p2             |     |        | partial_107   | add | fabric    | 0       |
|    diff_212_fu_32451_p2                |     |        | diff_212      | sub | fabric    | 0       |
|    mul_15s_15s_30_1_1_U2236            | 1   |        | partial_108   | mul | auto      | 0       |
|    diff_213_fu_32469_p2                |     |        | diff_213      | sub | fabric    | 0       |
|    mul_15s_15s_30_1_1_U2237            | 1   |        | mul_ln353_212 | mul | auto      | 0       |
|    diff_214_fu_27688_p2                |     |        | diff_214      | sub | fabric    | 0       |
|    mac_muladd_15s_15s_30s_31_4_1_U2596 | 1   |        | mul_ln353_213 | mul | dsp_slice | 3       |
|    diff_215_fu_27698_p2                |     |        | diff_215      | sub | fabric    | 0       |
|    mac_muladd_15s_15s_30s_31_4_1_U2597 | 1   |        | mul_ln353_214 | mul | dsp_slice | 3       |
|    mac_muladd_15s_15s_30s_31_4_1_U2596 | 1   |        | add_ln353_159 | add | dsp_slice | 3       |
|    mac_muladd_15s_15s_30s_31_4_1_U2597 | 1   |        | add_ln353_160 | add | dsp_slice | 3       |
|    partial_109_fu_38661_p2             |     |        | partial_109   | add | fabric    | 0       |
|    diff_216_fu_32487_p2                |     |        | diff_216      | sub | fabric    | 0       |
|    mul_15s_15s_30_1_1_U2238            | 1   |        | partial_110   | mul | auto      | 0       |
|    diff_217_fu_32505_p2                |     |        | diff_217      | sub | fabric    | 0       |
|    mul_15s_15s_30_1_1_U2239            | 1   |        | mul_ln353_216 | mul | auto      | 0       |
|    diff_218_fu_27708_p2                |     |        | diff_218      | sub | fabric    | 0       |
|    mac_muladd_15s_15s_30s_31_4_1_U2598 | 1   |        | mul_ln353_217 | mul | dsp_slice | 3       |
|    diff_219_fu_27718_p2                |     |        | diff_219      | sub | fabric    | 0       |
|    mac_muladd_15s_15s_30s_31_4_1_U2599 | 1   |        | mul_ln353_218 | mul | dsp_slice | 3       |
|    mac_muladd_15s_15s_30s_31_4_1_U2598 | 1   |        | add_ln353_162 | add | dsp_slice | 3       |
|    mac_muladd_15s_15s_30s_31_4_1_U2599 | 1   |        | add_ln353_163 | add | dsp_slice | 3       |
|    partial_111_fu_38673_p2             |     |        | partial_111   | add | fabric    | 0       |
|    diff_220_fu_32523_p2                |     |        | diff_220      | sub | fabric    | 0       |
|    mul_15s_15s_30_1_1_U2240            | 1   |        | partial_112   | mul | auto      | 0       |
|    diff_221_fu_32541_p2                |     |        | diff_221      | sub | fabric    | 0       |
|    mul_15s_15s_30_1_1_U2241            | 1   |        | mul_ln353_220 | mul | auto      | 0       |
|    diff_222_fu_27728_p2                |     |        | diff_222      | sub | fabric    | 0       |
|    mac_muladd_15s_15s_30s_31_4_1_U2600 | 1   |        | mul_ln353_221 | mul | dsp_slice | 3       |
|    diff_223_fu_27738_p2                |     |        | diff_223      | sub | fabric    | 0       |
|    mac_muladd_15s_15s_30s_31_4_1_U2601 | 1   |        | mul_ln353_222 | mul | dsp_slice | 3       |
|    mac_muladd_15s_15s_30s_31_4_1_U2600 | 1   |        | add_ln353_165 | add | dsp_slice | 3       |
|    mac_muladd_15s_15s_30s_31_4_1_U2601 | 1   |        | add_ln353_166 | add | dsp_slice | 3       |
|    partial_113_fu_38685_p2             |     |        | partial_113   | add | fabric    | 0       |
|    diff_224_fu_32559_p2                |     |        | diff_224      | sub | fabric    | 0       |
|    mul_15s_15s_30_1_1_U2242            | 1   |        | partial_114   | mul | auto      | 0       |
|    diff_225_fu_32577_p2                |     |        | diff_225      | sub | fabric    | 0       |
|    mul_15s_15s_30_1_1_U2243            | 1   |        | mul_ln353_224 | mul | auto      | 0       |
|    diff_226_fu_27748_p2                |     |        | diff_226      | sub | fabric    | 0       |
|    mac_muladd_15s_15s_30s_31_4_1_U2602 | 1   |        | mul_ln353_225 | mul | dsp_slice | 3       |
|    diff_227_fu_27758_p2                |     |        | diff_227      | sub | fabric    | 0       |
|    mac_muladd_15s_15s_30s_31_4_1_U2603 | 1   |        | mul_ln353_226 | mul | dsp_slice | 3       |
|    mac_muladd_15s_15s_30s_31_4_1_U2602 | 1   |        | add_ln353_168 | add | dsp_slice | 3       |
|    mac_muladd_15s_15s_30s_31_4_1_U2603 | 1   |        | add_ln353_169 | add | dsp_slice | 3       |
|    partial_115_fu_38697_p2             |     |        | partial_115   | add | fabric    | 0       |
|    diff_228_fu_32595_p2                |     |        | diff_228      | sub | fabric    | 0       |
|    mul_15s_15s_30_1_1_U2244            | 1   |        | partial_116   | mul | auto      | 0       |
|    diff_229_fu_32613_p2                |     |        | diff_229      | sub | fabric    | 0       |
|    mul_15s_15s_30_1_1_U2245            | 1   |        | mul_ln353_228 | mul | auto      | 0       |
|    diff_230_fu_27768_p2                |     |        | diff_230      | sub | fabric    | 0       |
|    mac_muladd_15s_15s_30s_31_4_1_U2604 | 1   |        | mul_ln353_229 | mul | dsp_slice | 3       |
|    diff_231_fu_27778_p2                |     |        | diff_231      | sub | fabric    | 0       |
|    mac_muladd_15s_15s_30s_31_4_1_U2605 | 1   |        | mul_ln353_230 | mul | dsp_slice | 3       |
|    mac_muladd_15s_15s_30s_31_4_1_U2604 | 1   |        | add_ln353_171 | add | dsp_slice | 3       |
|    mac_muladd_15s_15s_30s_31_4_1_U2605 | 1   |        | add_ln353_172 | add | dsp_slice | 3       |
|    partial_117_fu_38709_p2             |     |        | partial_117   | add | fabric    | 0       |
|    d2_47_fu_38803_p2                   |     |        | d2_47         | add | fabric    | 0       |
|    d2_48_fu_38821_p2                   |     |        | d2_48         | add | fabric    | 0       |
|    d2_49_fu_38834_p2                   |     |        | d2_49         | add | fabric    | 0       |
|    d2_50_fu_38847_p2                   |     |        | d2_50         | add | fabric    | 0       |
|    d2_51_fu_38860_p2                   |     |        | d2_51         | add | fabric    | 0       |
|    d2_52_fu_38873_p2                   |     |        | d2_52         | add | fabric    | 0       |
|    d2_53_fu_38886_p2                   |     |        | d2_53         | add | fabric    | 0       |
|    d2_54_fu_38899_p2                   |     |        | d2_54         | add | fabric    | 0       |
|    d2_55_fu_38912_p2                   |     |        | d2_55         | add | fabric    | 0       |
|    d2_56_fu_38925_p2                   |     |        | d2_56         | add | fabric    | 0       |
|    d2_57_fu_38938_p2                   |     |        | d2_57         | add | fabric    | 0       |
|    diff_232_fu_27788_p2                |     |        | diff_232      | sub | fabric    | 0       |
|    mac_muladd_15s_15s_30s_31_4_1_U2606 | 1   |        | partial_118   | mul | dsp_slice | 3       |
|    diff_233_fu_32631_p2                |     |        | diff_233      | sub | fabric    | 0       |
|    mul_15s_15s_30_1_1_U2246            | 1   |        | mul_ln353_232 | mul | auto      | 0       |
|    diff_234_fu_32649_p2                |     |        | diff_234      | sub | fabric    | 0       |
|    mul_15s_15s_30_1_1_U2247            | 1   |        | mul_ln353_233 | mul | auto      | 0       |
|    diff_235_fu_27798_p2                |     |        | diff_235      | sub | fabric    | 0       |
|    mac_muladd_15s_15s_30s_31_4_1_U2607 | 1   |        | mul_ln353_234 | mul | dsp_slice | 3       |
|    mac_muladd_15s_15s_30s_31_4_1_U2606 | 1   |        | add_ln353_174 | add | dsp_slice | 3       |
|    mac_muladd_15s_15s_30s_31_4_1_U2607 | 1   |        | add_ln353_175 | add | dsp_slice | 3       |
|    partial_119_fu_38957_p2             |     |        | partial_119   | add | fabric    | 0       |
|    d2_58_fu_38978_p2                   |     |        | d2_58         | add | fabric    | 0       |
|    diff_236_fu_27815_p2                |     |        | diff_236      | sub | fabric    | 0       |
|    mac_muladd_15s_15s_30s_31_4_1_U2608 | 1   |        | partial_121   | mul | dsp_slice | 3       |
|    diff_237_fu_32667_p2                |     |        | diff_237      | sub | fabric    | 0       |
|    mul_15s_15s_30_1_1_U2248            | 1   |        | mul_ln353_236 | mul | auto      | 0       |
|    diff_238_fu_32685_p2                |     |        | diff_238      | sub | fabric    | 0       |
|    mul_15s_15s_30_1_1_U2249            | 1   |        | mul_ln353_237 | mul | auto      | 0       |
|    diff_239_fu_27846_p2                |     |        | diff_239      | sub | fabric    | 0       |
|    mac_muladd_15s_15s_30s_31_4_1_U2609 | 1   |        | mul_ln353_238 | mul | dsp_slice | 3       |
|    mac_muladd_15s_15s_30s_31_4_1_U2608 | 1   |        | add_ln353_177 | add | dsp_slice | 3       |
|    mac_muladd_15s_15s_30s_31_4_1_U2609 | 1   |        | add_ln353_178 | add | dsp_slice | 3       |
|    partial_122_fu_39002_p2             |     |        | partial_122   | add | fabric    | 0       |
|    diff_240_fu_32703_p2                |     |        | diff_240      | sub | fabric    | 0       |
|    mul_15s_15s_30_1_1_U2250            | 1   |        | partial_124   | mul | auto      | 0       |
|    diff_241_fu_32721_p2                |     |        | diff_241      | sub | fabric    | 0       |
|    mul_15s_15s_30_1_1_U2251            | 1   |        | mul_ln353_240 | mul | auto      | 0       |
|    diff_242_fu_27856_p2                |     |        | diff_242      | sub | fabric    | 0       |
|    mac_muladd_15s_15s_30s_31_4_1_U2610 | 1   |        | mul_ln353_241 | mul | dsp_slice | 3       |
|    diff_243_fu_27866_p2                |     |        | diff_243      | sub | fabric    | 0       |
|    mac_muladd_15s_15s_30s_31_4_1_U2611 | 1   |        | mul_ln353_242 | mul | dsp_slice | 3       |
|    mac_muladd_15s_15s_30s_31_4_1_U2610 | 1   |        | add_ln353_180 | add | dsp_slice | 3       |
|    mac_muladd_15s_15s_30s_31_4_1_U2611 | 1   |        | add_ln353_181 | add | dsp_slice | 3       |
|    partial_125_fu_39021_p2             |     |        | partial_125   | add | fabric    | 0       |
|    diff_244_fu_32739_p2                |     |        | diff_244      | sub | fabric    | 0       |
|    mul_15s_15s_30_1_1_U2252            | 1   |        | partial_126   | mul | auto      | 0       |
|    diff_245_fu_32757_p2                |     |        | diff_245      | sub | fabric    | 0       |
|    mul_15s_15s_30_1_1_U2253            | 1   |        | mul_ln353_244 | mul | auto      | 0       |
|    diff_246_fu_27876_p2                |     |        | diff_246      | sub | fabric    | 0       |
|    mac_muladd_15s_15s_30s_31_4_1_U2612 | 1   |        | mul_ln353_245 | mul | dsp_slice | 3       |
|    diff_247_fu_27886_p2                |     |        | diff_247      | sub | fabric    | 0       |
|    mac_muladd_15s_15s_30s_31_4_1_U2613 | 1   |        | mul_ln353_246 | mul | dsp_slice | 3       |
|    mac_muladd_15s_15s_30s_31_4_1_U2612 | 1   |        | add_ln353_183 | add | dsp_slice | 3       |
|    mac_muladd_15s_15s_30s_31_4_1_U2613 | 1   |        | add_ln353_184 | add | dsp_slice | 3       |
|    partial_127_fu_39033_p2             |     |        | partial_127   | add | fabric    | 0       |
|    diff_248_fu_32775_p2                |     |        | diff_248      | sub | fabric    | 0       |
|    mul_15s_15s_30_1_1_U2254            | 1   |        | partial_128   | mul | auto      | 0       |
|    diff_249_fu_32793_p2                |     |        | diff_249      | sub | fabric    | 0       |
|    mul_15s_15s_30_1_1_U2255            | 1   |        | mul_ln353_248 | mul | auto      | 0       |
|    diff_250_fu_27896_p2                |     |        | diff_250      | sub | fabric    | 0       |
|    mac_muladd_15s_15s_30s_31_4_1_U2614 | 1   |        | mul_ln353_249 | mul | dsp_slice | 3       |
|    diff_251_fu_27906_p2                |     |        | diff_251      | sub | fabric    | 0       |
|    mac_muladd_15s_15s_30s_31_4_1_U2615 | 1   |        | mul_ln353_250 | mul | dsp_slice | 3       |
|    mac_muladd_15s_15s_30s_31_4_1_U2614 | 1   |        | add_ln353_186 | add | dsp_slice | 3       |
|    mac_muladd_15s_15s_30s_31_4_1_U2615 | 1   |        | add_ln353_187 | add | dsp_slice | 3       |
|    partial_129_fu_39045_p2             |     |        | partial_129   | add | fabric    | 0       |
|    diff_252_fu_32811_p2                |     |        | diff_252      | sub | fabric    | 0       |
|    mul_15s_15s_30_1_1_U2256            | 1   |        | partial_130   | mul | auto      | 0       |
|    diff_253_fu_32829_p2                |     |        | diff_253      | sub | fabric    | 0       |
|    mul_15s_15s_30_1_1_U2257            | 1   |        | mul_ln353_252 | mul | auto      | 0       |
|    diff_254_fu_27916_p2                |     |        | diff_254      | sub | fabric    | 0       |
|    mac_muladd_15s_15s_30s_31_4_1_U2616 | 1   |        | mul_ln353_253 | mul | dsp_slice | 3       |
|    diff_255_fu_27926_p2                |     |        | diff_255      | sub | fabric    | 0       |
|    mac_muladd_15s_15s_30s_31_4_1_U2617 | 1   |        | mul_ln353_254 | mul | dsp_slice | 3       |
|    mac_muladd_15s_15s_30s_31_4_1_U2616 | 1   |        | add_ln353_189 | add | dsp_slice | 3       |
|    mac_muladd_15s_15s_30s_31_4_1_U2617 | 1   |        | add_ln353_190 | add | dsp_slice | 3       |
|    partial_131_fu_39057_p2             |     |        | partial_131   | add | fabric    | 0       |
|    diff_256_fu_32847_p2                |     |        | diff_256      | sub | fabric    | 0       |
|    mul_15s_15s_30_1_1_U2258            | 1   |        | partial_132   | mul | auto      | 0       |
|    diff_257_fu_32865_p2                |     |        | diff_257      | sub | fabric    | 0       |
|    mul_15s_15s_30_1_1_U2259            | 1   |        | mul_ln353_256 | mul | auto      | 0       |
|    diff_258_fu_27936_p2                |     |        | diff_258      | sub | fabric    | 0       |
|    mac_muladd_15s_15s_30s_31_4_1_U2618 | 1   |        | mul_ln353_257 | mul | dsp_slice | 3       |
|    diff_259_fu_27946_p2                |     |        | diff_259      | sub | fabric    | 0       |
|    mac_muladd_15s_15s_30s_31_4_1_U2619 | 1   |        | mul_ln353_258 | mul | dsp_slice | 3       |
|    mac_muladd_15s_15s_30s_31_4_1_U2618 | 1   |        | add_ln353_192 | add | dsp_slice | 3       |
|    mac_muladd_15s_15s_30s_31_4_1_U2619 | 1   |        | add_ln353_193 | add | dsp_slice | 3       |
|    partial_133_fu_39069_p2             |     |        | partial_133   | add | fabric    | 0       |
|    diff_260_fu_32883_p2                |     |        | diff_260      | sub | fabric    | 0       |
|    mul_15s_15s_30_1_1_U2260            | 1   |        | partial_134   | mul | auto      | 0       |
|    diff_261_fu_32901_p2                |     |        | diff_261      | sub | fabric    | 0       |
|    mul_15s_15s_30_1_1_U2261            | 1   |        | mul_ln353_260 | mul | auto      | 0       |
|    diff_262_fu_27956_p2                |     |        | diff_262      | sub | fabric    | 0       |
|    mac_muladd_15s_15s_30s_31_4_1_U2620 | 1   |        | mul_ln353_261 | mul | dsp_slice | 3       |
|    diff_263_fu_27966_p2                |     |        | diff_263      | sub | fabric    | 0       |
|    mac_muladd_15s_15s_30s_31_4_1_U2621 | 1   |        | mul_ln353_262 | mul | dsp_slice | 3       |
|    mac_muladd_15s_15s_30s_31_4_1_U2620 | 1   |        | add_ln353_195 | add | dsp_slice | 3       |
|    mac_muladd_15s_15s_30s_31_4_1_U2621 | 1   |        | add_ln353_196 | add | dsp_slice | 3       |
|    partial_135_fu_39081_p2             |     |        | partial_135   | add | fabric    | 0       |
|    diff_264_fu_32919_p2                |     |        | diff_264      | sub | fabric    | 0       |
|    mul_15s_15s_30_1_1_U2262            | 1   |        | partial_136   | mul | auto      | 0       |
|    diff_265_fu_32937_p2                |     |        | diff_265      | sub | fabric    | 0       |
|    mul_15s_15s_30_1_1_U2263            | 1   |        | mul_ln353_264 | mul | auto      | 0       |
|    diff_266_fu_27976_p2                |     |        | diff_266      | sub | fabric    | 0       |
|    mac_muladd_15s_15s_30s_31_4_1_U2622 | 1   |        | mul_ln353_265 | mul | dsp_slice | 3       |
|    diff_267_fu_27986_p2                |     |        | diff_267      | sub | fabric    | 0       |
|    mac_muladd_15s_15s_30s_31_4_1_U2623 | 1   |        | mul_ln353_266 | mul | dsp_slice | 3       |
|    mac_muladd_15s_15s_30s_31_4_1_U2622 | 1   |        | add_ln353_198 | add | dsp_slice | 3       |
|    mac_muladd_15s_15s_30s_31_4_1_U2623 | 1   |        | add_ln353_199 | add | dsp_slice | 3       |
|    partial_137_fu_39093_p2             |     |        | partial_137   | add | fabric    | 0       |
|    diff_268_fu_32955_p2                |     |        | diff_268      | sub | fabric    | 0       |
|    mul_15s_15s_30_1_1_U2264            | 1   |        | partial_138   | mul | auto      | 0       |
|    diff_269_fu_32973_p2                |     |        | diff_269      | sub | fabric    | 0       |
|    mul_15s_15s_30_1_1_U2265            | 1   |        | mul_ln353_268 | mul | auto      | 0       |
|    diff_270_fu_27996_p2                |     |        | diff_270      | sub | fabric    | 0       |
|    mac_muladd_15s_15s_30s_31_4_1_U2624 | 1   |        | mul_ln353_269 | mul | dsp_slice | 3       |
|    diff_271_fu_28006_p2                |     |        | diff_271      | sub | fabric    | 0       |
|    mac_muladd_15s_15s_30s_31_4_1_U2625 | 1   |        | mul_ln353_270 | mul | dsp_slice | 3       |
|    mac_muladd_15s_15s_30s_31_4_1_U2624 | 1   |        | add_ln353_201 | add | dsp_slice | 3       |
|    mac_muladd_15s_15s_30s_31_4_1_U2625 | 1   |        | add_ln353_202 | add | dsp_slice | 3       |
|    partial_139_fu_39105_p2             |     |        | partial_139   | add | fabric    | 0       |
|    diff_272_fu_32991_p2                |     |        | diff_272      | sub | fabric    | 0       |
|    mul_15s_15s_30_1_1_U2266            | 1   |        | partial_140   | mul | auto      | 0       |
|    diff_273_fu_33009_p2                |     |        | diff_273      | sub | fabric    | 0       |
|    mul_15s_15s_30_1_1_U2267            | 1   |        | mul_ln353_272 | mul | auto      | 0       |
|    diff_274_fu_28016_p2                |     |        | diff_274      | sub | fabric    | 0       |
|    mac_muladd_15s_15s_30s_31_4_1_U2626 | 1   |        | mul_ln353_273 | mul | dsp_slice | 3       |
|    diff_275_fu_28026_p2                |     |        | diff_275      | sub | fabric    | 0       |
|    mac_muladd_15s_15s_30s_31_4_1_U2627 | 1   |        | mul_ln353_274 | mul | dsp_slice | 3       |
|    mac_muladd_15s_15s_30s_31_4_1_U2626 | 1   |        | add_ln353_204 | add | dsp_slice | 3       |
|    mac_muladd_15s_15s_30s_31_4_1_U2627 | 1   |        | add_ln353_205 | add | dsp_slice | 3       |
|    partial_141_fu_39117_p2             |     |        | partial_141   | add | fabric    | 0       |
|    d2_59_fu_39203_p2                   |     |        | d2_59         | add | fabric    | 0       |
|    d2_60_fu_39221_p2                   |     |        | d2_60         | add | fabric    | 0       |
|    d2_61_fu_39234_p2                   |     |        | d2_61         | add | fabric    | 0       |
|    d2_62_fu_39247_p2                   |     |        | d2_62         | add | fabric    | 0       |
|    d2_63_fu_39260_p2                   |     |        | d2_63         | add | fabric    | 0       |
|    d2_64_fu_39273_p2                   |     |        | d2_64         | add | fabric    | 0       |
|    d2_65_fu_39286_p2                   |     |        | d2_65         | add | fabric    | 0       |
|    d2_66_fu_39299_p2                   |     |        | d2_66         | add | fabric    | 0       |
|    d2_67_fu_39312_p2                   |     |        | d2_67         | add | fabric    | 0       |
|    d2_68_fu_39325_p2                   |     |        | d2_68         | add | fabric    | 0       |
|    diff_276_fu_28036_p2                |     |        | diff_276      | sub | fabric    | 0       |
|    mac_muladd_15s_15s_30s_31_4_1_U2628 | 1   |        | partial_142   | mul | dsp_slice | 3       |
|    diff_277_fu_33027_p2                |     |        | diff_277      | sub | fabric    | 0       |
|    mul_15s_15s_30_1_1_U2268            | 1   |        | mul_ln353_276 | mul | auto      | 0       |
|    diff_278_fu_33045_p2                |     |        | diff_278      | sub | fabric    | 0       |
|    mul_15s_15s_30_1_1_U2269            | 1   |        | mul_ln353_277 | mul | auto      | 0       |
|    diff_279_fu_28046_p2                |     |        | diff_279      | sub | fabric    | 0       |
|    mac_muladd_15s_15s_30s_31_4_1_U2629 | 1   |        | mul_ln353_278 | mul | dsp_slice | 3       |
|    mac_muladd_15s_15s_30s_31_4_1_U2628 | 1   |        | add_ln353_207 | add | dsp_slice | 3       |
|    mac_muladd_15s_15s_30s_31_4_1_U2629 | 1   |        | add_ln353_208 | add | dsp_slice | 3       |
|    partial_143_fu_39344_p2             |     |        | partial_143   | add | fabric    | 0       |
|    d2_69_fu_39365_p2                   |     |        | d2_69         | add | fabric    | 0       |
|    diff_280_fu_28056_p2                |     |        | diff_280      | sub | fabric    | 0       |
|    mac_muladd_15s_15s_30s_31_4_1_U2630 | 1   |        | partial_145   | mul | dsp_slice | 3       |
|    diff_281_fu_33063_p2                |     |        | diff_281      | sub | fabric    | 0       |
|    mul_15s_15s_30_1_1_U2270            | 1   |        | mul_ln353_280 | mul | auto      | 0       |
|    diff_282_fu_33081_p2                |     |        | diff_282      | sub | fabric    | 0       |
|    mul_15s_15s_30_1_1_U2271            | 1   |        | mul_ln353_281 | mul | auto      | 0       |
|    diff_283_fu_28066_p2                |     |        | diff_283      | sub | fabric    | 0       |
|    mac_muladd_15s_15s_30s_31_4_1_U2631 | 1   |        | mul_ln353_282 | mul | dsp_slice | 3       |
|    mac_muladd_15s_15s_30s_31_4_1_U2630 | 1   |        | add_ln353_210 | add | dsp_slice | 3       |
|    mac_muladd_15s_15s_30s_31_4_1_U2631 | 1   |        | add_ln353_211 | add | dsp_slice | 3       |
|    partial_146_fu_39389_p2             |     |        | partial_146   | add | fabric    | 0       |
|    d2_70_fu_39410_p2                   |     |        | d2_70         | add | fabric    | 0       |
|    diff_284_fu_28083_p2                |     |        | diff_284      | sub | fabric    | 0       |
|    mac_muladd_15s_15s_30s_31_4_1_U2632 | 1   |        | partial_148   | mul | dsp_slice | 3       |
|    diff_285_fu_33099_p2                |     |        | diff_285      | sub | fabric    | 0       |
|    mul_15s_15s_30_1_1_U2272            | 1   |        | mul_ln353_284 | mul | auto      | 0       |
|    diff_286_fu_33117_p2                |     |        | diff_286      | sub | fabric    | 0       |
|    mul_15s_15s_30_1_1_U2273            | 1   |        | mul_ln353_285 | mul | auto      | 0       |
|    diff_287_fu_28114_p2                |     |        | diff_287      | sub | fabric    | 0       |
|    mac_muladd_15s_15s_30s_31_4_1_U2633 | 1   |        | mul_ln353_286 | mul | dsp_slice | 3       |
|    mac_muladd_15s_15s_30s_31_4_1_U2632 | 1   |        | add_ln353_213 | add | dsp_slice | 3       |
|    mac_muladd_15s_15s_30s_31_4_1_U2633 | 1   |        | add_ln353_214 | add | dsp_slice | 3       |
|    partial_149_fu_39434_p2             |     |        | partial_149   | add | fabric    | 0       |
|    diff_288_fu_33135_p2                |     |        | diff_288      | sub | fabric    | 0       |
|    mul_15s_15s_30_1_1_U2274            | 1   |        | partial_151   | mul | auto      | 0       |
|    diff_289_fu_33153_p2                |     |        | diff_289      | sub | fabric    | 0       |
|    mul_15s_15s_30_1_1_U2275            | 1   |        | mul_ln353_288 | mul | auto      | 0       |
|    diff_290_fu_28124_p2                |     |        | diff_290      | sub | fabric    | 0       |
|    mac_muladd_15s_15s_30s_31_4_1_U2634 | 1   |        | mul_ln353_289 | mul | dsp_slice | 3       |
|    diff_291_fu_28134_p2                |     |        | diff_291      | sub | fabric    | 0       |
|    mac_muladd_15s_15s_30s_31_4_1_U2635 | 1   |        | mul_ln353_290 | mul | dsp_slice | 3       |
|    mac_muladd_15s_15s_30s_31_4_1_U2634 | 1   |        | add_ln353_216 | add | dsp_slice | 3       |
|    mac_muladd_15s_15s_30s_31_4_1_U2635 | 1   |        | add_ln353_217 | add | dsp_slice | 3       |
|    partial_152_fu_39453_p2             |     |        | partial_152   | add | fabric    | 0       |
|    diff_292_fu_33171_p2                |     |        | diff_292      | sub | fabric    | 0       |
|    mul_15s_15s_30_1_1_U2276            | 1   |        | partial_153   | mul | auto      | 0       |
|    diff_293_fu_33189_p2                |     |        | diff_293      | sub | fabric    | 0       |
|    mul_15s_15s_30_1_1_U2277            | 1   |        | mul_ln353_292 | mul | auto      | 0       |
|    diff_294_fu_28144_p2                |     |        | diff_294      | sub | fabric    | 0       |
|    mac_muladd_15s_15s_30s_31_4_1_U2636 | 1   |        | mul_ln353_293 | mul | dsp_slice | 3       |
|    diff_295_fu_28154_p2                |     |        | diff_295      | sub | fabric    | 0       |
|    mac_muladd_15s_15s_30s_31_4_1_U2637 | 1   |        | mul_ln353_294 | mul | dsp_slice | 3       |
|    mac_muladd_15s_15s_30s_31_4_1_U2636 | 1   |        | add_ln353_219 | add | dsp_slice | 3       |
|    mac_muladd_15s_15s_30s_31_4_1_U2637 | 1   |        | add_ln353_220 | add | dsp_slice | 3       |
|    partial_154_fu_39465_p2             |     |        | partial_154   | add | fabric    | 0       |
|    diff_296_fu_33207_p2                |     |        | diff_296      | sub | fabric    | 0       |
|    mul_15s_15s_30_1_1_U2278            | 1   |        | partial_155   | mul | auto      | 0       |
|    diff_297_fu_33225_p2                |     |        | diff_297      | sub | fabric    | 0       |
|    mul_15s_15s_30_1_1_U2279            | 1   |        | mul_ln353_296 | mul | auto      | 0       |
|    diff_298_fu_28164_p2                |     |        | diff_298      | sub | fabric    | 0       |
|    mac_muladd_15s_15s_30s_31_4_1_U2638 | 1   |        | mul_ln353_297 | mul | dsp_slice | 3       |
|    diff_299_fu_28174_p2                |     |        | diff_299      | sub | fabric    | 0       |
|    mac_muladd_15s_15s_30s_31_4_1_U2639 | 1   |        | mul_ln353_298 | mul | dsp_slice | 3       |
|    mac_muladd_15s_15s_30s_31_4_1_U2638 | 1   |        | add_ln353_222 | add | dsp_slice | 3       |
|    mac_muladd_15s_15s_30s_31_4_1_U2639 | 1   |        | add_ln353_223 | add | dsp_slice | 3       |
|    partial_156_fu_39477_p2             |     |        | partial_156   | add | fabric    | 0       |
|    diff_300_fu_33243_p2                |     |        | diff_300      | sub | fabric    | 0       |
|    mul_15s_15s_30_1_1_U2280            | 1   |        | partial_157   | mul | auto      | 0       |
|    diff_301_fu_33261_p2                |     |        | diff_301      | sub | fabric    | 0       |
|    mul_15s_15s_30_1_1_U2281            | 1   |        | mul_ln353_300 | mul | auto      | 0       |
|    diff_302_fu_28184_p2                |     |        | diff_302      | sub | fabric    | 0       |
|    mac_muladd_15s_15s_30s_31_4_1_U2640 | 1   |        | mul_ln353_301 | mul | dsp_slice | 3       |
|    diff_303_fu_28194_p2                |     |        | diff_303      | sub | fabric    | 0       |
|    mac_muladd_15s_15s_30s_31_4_1_U2641 | 1   |        | mul_ln353_302 | mul | dsp_slice | 3       |
|    mac_muladd_15s_15s_30s_31_4_1_U2640 | 1   |        | add_ln353_225 | add | dsp_slice | 3       |
|    mac_muladd_15s_15s_30s_31_4_1_U2641 | 1   |        | add_ln353_226 | add | dsp_slice | 3       |
|    partial_158_fu_39489_p2             |     |        | partial_158   | add | fabric    | 0       |
|    diff_304_fu_33279_p2                |     |        | diff_304      | sub | fabric    | 0       |
|    mul_15s_15s_30_1_1_U2282            | 1   |        | partial_159   | mul | auto      | 0       |
|    diff_305_fu_33297_p2                |     |        | diff_305      | sub | fabric    | 0       |
|    mul_15s_15s_30_1_1_U2283            | 1   |        | mul_ln353_304 | mul | auto      | 0       |
|    diff_306_fu_28204_p2                |     |        | diff_306      | sub | fabric    | 0       |
|    mac_muladd_15s_15s_30s_31_4_1_U2642 | 1   |        | mul_ln353_305 | mul | dsp_slice | 3       |
|    diff_307_fu_28214_p2                |     |        | diff_307      | sub | fabric    | 0       |
|    mac_muladd_15s_15s_30s_31_4_1_U2643 | 1   |        | mul_ln353_306 | mul | dsp_slice | 3       |
|    mac_muladd_15s_15s_30s_31_4_1_U2642 | 1   |        | add_ln353_228 | add | dsp_slice | 3       |
|    mac_muladd_15s_15s_30s_31_4_1_U2643 | 1   |        | add_ln353_229 | add | dsp_slice | 3       |
|    partial_160_fu_39501_p2             |     |        | partial_160   | add | fabric    | 0       |
|    diff_308_fu_33315_p2                |     |        | diff_308      | sub | fabric    | 0       |
|    mul_15s_15s_30_1_1_U2284            | 1   |        | partial_161   | mul | auto      | 0       |
|    diff_309_fu_33333_p2                |     |        | diff_309      | sub | fabric    | 0       |
|    mul_15s_15s_30_1_1_U2285            | 1   |        | mul_ln353_308 | mul | auto      | 0       |
|    diff_310_fu_28224_p2                |     |        | diff_310      | sub | fabric    | 0       |
|    mac_muladd_15s_15s_30s_31_4_1_U2644 | 1   |        | mul_ln353_309 | mul | dsp_slice | 3       |
|    diff_311_fu_28234_p2                |     |        | diff_311      | sub | fabric    | 0       |
|    mac_muladd_15s_15s_30s_31_4_1_U2645 | 1   |        | mul_ln353_310 | mul | dsp_slice | 3       |
|    mac_muladd_15s_15s_30s_31_4_1_U2644 | 1   |        | add_ln353_231 | add | dsp_slice | 3       |
|    mac_muladd_15s_15s_30s_31_4_1_U2645 | 1   |        | add_ln353_232 | add | dsp_slice | 3       |
|    partial_162_fu_39513_p2             |     |        | partial_162   | add | fabric    | 0       |
|    diff_312_fu_33351_p2                |     |        | diff_312      | sub | fabric    | 0       |
|    mul_15s_15s_30_1_1_U2286            | 1   |        | partial_163   | mul | auto      | 0       |
|    diff_313_fu_33369_p2                |     |        | diff_313      | sub | fabric    | 0       |
|    mul_15s_15s_30_1_1_U2287            | 1   |        | mul_ln353_312 | mul | auto      | 0       |
|    diff_314_fu_28244_p2                |     |        | diff_314      | sub | fabric    | 0       |
|    mac_muladd_15s_15s_30s_31_4_1_U2646 | 1   |        | mul_ln353_313 | mul | dsp_slice | 3       |
|    diff_315_fu_28254_p2                |     |        | diff_315      | sub | fabric    | 0       |
|    mac_muladd_15s_15s_30s_31_4_1_U2647 | 1   |        | mul_ln353_314 | mul | dsp_slice | 3       |
|    mac_muladd_15s_15s_30s_31_4_1_U2646 | 1   |        | add_ln353_234 | add | dsp_slice | 3       |
|    mac_muladd_15s_15s_30s_31_4_1_U2647 | 1   |        | add_ln353_235 | add | dsp_slice | 3       |
|    partial_164_fu_39525_p2             |     |        | partial_164   | add | fabric    | 0       |
|    diff_316_fu_33387_p2                |     |        | diff_316      | sub | fabric    | 0       |
|    mul_15s_15s_30_1_1_U2288            | 1   |        | partial_165   | mul | auto      | 0       |
|    diff_317_fu_33405_p2                |     |        | diff_317      | sub | fabric    | 0       |
|    mul_15s_15s_30_1_1_U2289            | 1   |        | mul_ln353_316 | mul | auto      | 0       |
|    diff_318_fu_28264_p2                |     |        | diff_318      | sub | fabric    | 0       |
|    mac_muladd_15s_15s_30s_31_4_1_U2648 | 1   |        | mul_ln353_317 | mul | dsp_slice | 3       |
|    diff_319_fu_28274_p2                |     |        | diff_319      | sub | fabric    | 0       |
|    mac_muladd_15s_15s_30s_31_4_1_U2649 | 1   |        | mul_ln353_318 | mul | dsp_slice | 3       |
|    mac_muladd_15s_15s_30s_31_4_1_U2648 | 1   |        | add_ln353_237 | add | dsp_slice | 3       |
|    mac_muladd_15s_15s_30s_31_4_1_U2649 | 1   |        | add_ln353_238 | add | dsp_slice | 3       |
|    partial_166_fu_39537_p2             |     |        | partial_166   | add | fabric    | 0       |
|    d2_71_fu_39615_p2                   |     |        | d2_71         | add | fabric    | 0       |
|    d2_72_fu_39633_p2                   |     |        | d2_72         | add | fabric    | 0       |
|    d2_73_fu_39646_p2                   |     |        | d2_73         | add | fabric    | 0       |
|    d2_74_fu_39659_p2                   |     |        | d2_74         | add | fabric    | 0       |
|    d2_75_fu_39672_p2                   |     |        | d2_75         | add | fabric    | 0       |
|    d2_76_fu_39685_p2                   |     |        | d2_76         | add | fabric    | 0       |
|    d2_77_fu_39698_p2                   |     |        | d2_77         | add | fabric    | 0       |
|    d2_78_fu_39711_p2                   |     |        | d2_78         | add | fabric    | 0       |
|    d2_79_fu_39724_p2                   |     |        | d2_79         | add | fabric    | 0       |
|    diff_320_fu_28284_p2                |     |        | diff_320      | sub | fabric    | 0       |
|    mac_muladd_15s_15s_30s_31_4_1_U2650 | 1   |        | partial_167   | mul | dsp_slice | 3       |
|    diff_321_fu_33423_p2                |     |        | diff_321      | sub | fabric    | 0       |
|    mul_15s_15s_30_1_1_U2290            | 1   |        | mul_ln353_320 | mul | auto      | 0       |
|    diff_322_fu_33441_p2                |     |        | diff_322      | sub | fabric    | 0       |
|    mul_15s_15s_30_1_1_U2291            | 1   |        | mul_ln353_321 | mul | auto      | 0       |
|    diff_323_fu_28294_p2                |     |        | diff_323      | sub | fabric    | 0       |
|    mac_muladd_15s_15s_30s_31_4_1_U2651 | 1   |        | mul_ln353_322 | mul | dsp_slice | 3       |
|    mac_muladd_15s_15s_30s_31_4_1_U2650 | 1   |        | add_ln353_240 | add | dsp_slice | 3       |
|    mac_muladd_15s_15s_30s_31_4_1_U2651 | 1   |        | add_ln353_241 | add | dsp_slice | 3       |
|    partial_168_fu_39743_p2             |     |        | partial_168   | add | fabric    | 0       |
|    d2_80_fu_39764_p2                   |     |        | d2_80         | add | fabric    | 0       |
|    diff_324_fu_28304_p2                |     |        | diff_324      | sub | fabric    | 0       |
|    mac_muladd_15s_15s_30s_31_4_1_U2652 | 1   |        | partial_170   | mul | dsp_slice | 3       |
|    diff_325_fu_33459_p2                |     |        | diff_325      | sub | fabric    | 0       |
|    mul_15s_15s_30_1_1_U2292            | 1   |        | mul_ln353_324 | mul | auto      | 0       |
|    diff_326_fu_33477_p2                |     |        | diff_326      | sub | fabric    | 0       |
|    mul_15s_15s_30_1_1_U2293            | 1   |        | mul_ln353_325 | mul | auto      | 0       |
|    diff_327_fu_28314_p2                |     |        | diff_327      | sub | fabric    | 0       |
|    mac_muladd_15s_15s_30s_31_4_1_U2653 | 1   |        | mul_ln353_326 | mul | dsp_slice | 3       |
|    mac_muladd_15s_15s_30s_31_4_1_U2652 | 1   |        | add_ln353_243 | add | dsp_slice | 3       |
|    mac_muladd_15s_15s_30s_31_4_1_U2653 | 1   |        | add_ln353_244 | add | dsp_slice | 3       |
|    partial_171_fu_39788_p2             |     |        | partial_171   | add | fabric    | 0       |
|    d2_81_fu_39809_p2                   |     |        | d2_81         | add | fabric    | 0       |
|    diff_328_fu_28324_p2                |     |        | diff_328      | sub | fabric    | 0       |
|    mac_muladd_15s_15s_30s_31_4_1_U2654 | 1   |        | partial_173   | mul | dsp_slice | 3       |
|    diff_329_fu_33495_p2                |     |        | diff_329      | sub | fabric    | 0       |
|    mul_15s_15s_30_1_1_U2294            | 1   |        | mul_ln353_328 | mul | auto      | 0       |
|    diff_330_fu_33513_p2                |     |        | diff_330      | sub | fabric    | 0       |
|    mul_15s_15s_30_1_1_U2295            | 1   |        | mul_ln353_329 | mul | auto      | 0       |
|    diff_331_fu_28334_p2                |     |        | diff_331      | sub | fabric    | 0       |
|    mac_muladd_15s_15s_30s_31_4_1_U2655 | 1   |        | mul_ln353_330 | mul | dsp_slice | 3       |
|    mac_muladd_15s_15s_30s_31_4_1_U2654 | 1   |        | add_ln353_246 | add | dsp_slice | 3       |
|    mac_muladd_15s_15s_30s_31_4_1_U2655 | 1   |        | add_ln353_247 | add | dsp_slice | 3       |
|    partial_174_fu_39833_p2             |     |        | partial_174   | add | fabric    | 0       |
|    d2_82_fu_39854_p2                   |     |        | d2_82         | add | fabric    | 0       |
|    diff_332_fu_28351_p2                |     |        | diff_332      | sub | fabric    | 0       |
|    mac_muladd_15s_15s_30s_31_4_1_U2656 | 1   |        | partial_176   | mul | dsp_slice | 3       |
|    diff_333_fu_33531_p2                |     |        | diff_333      | sub | fabric    | 0       |
|    mul_15s_15s_30_1_1_U2296            | 1   |        | mul_ln353_332 | mul | auto      | 0       |
|    diff_334_fu_33549_p2                |     |        | diff_334      | sub | fabric    | 0       |
|    mul_15s_15s_30_1_1_U2297            | 1   |        | mul_ln353_333 | mul | auto      | 0       |
|    diff_335_fu_28382_p2                |     |        | diff_335      | sub | fabric    | 0       |
|    mac_muladd_15s_15s_30s_31_4_1_U2657 | 1   |        | mul_ln353_334 | mul | dsp_slice | 3       |
|    mac_muladd_15s_15s_30s_31_4_1_U2656 | 1   |        | add_ln353_249 | add | dsp_slice | 3       |
|    mac_muladd_15s_15s_30s_31_4_1_U2657 | 1   |        | add_ln353_250 | add | dsp_slice | 3       |
|    partial_177_fu_39878_p2             |     |        | partial_177   | add | fabric    | 0       |
|    diff_336_fu_33567_p2                |     |        | diff_336      | sub | fabric    | 0       |
|    mul_15s_15s_30_1_1_U2298            | 1   |        | partial_179   | mul | auto      | 0       |
|    diff_337_fu_33585_p2                |     |        | diff_337      | sub | fabric    | 0       |
|    mul_15s_15s_30_1_1_U2299            | 1   |        | mul_ln353_336 | mul | auto      | 0       |
|    diff_338_fu_28392_p2                |     |        | diff_338      | sub | fabric    | 0       |
|    mac_muladd_15s_15s_30s_31_4_1_U2658 | 1   |        | mul_ln353_337 | mul | dsp_slice | 3       |
|    diff_339_fu_28402_p2                |     |        | diff_339      | sub | fabric    | 0       |
|    mac_muladd_15s_15s_30s_31_4_1_U2659 | 1   |        | mul_ln353_338 | mul | dsp_slice | 3       |
|    mac_muladd_15s_15s_30s_31_4_1_U2658 | 1   |        | add_ln353_252 | add | dsp_slice | 3       |
|    mac_muladd_15s_15s_30s_31_4_1_U2659 | 1   |        | add_ln353_253 | add | dsp_slice | 3       |
|    partial_180_fu_39897_p2             |     |        | partial_180   | add | fabric    | 0       |
|    diff_340_fu_33603_p2                |     |        | diff_340      | sub | fabric    | 0       |
|    mul_15s_15s_30_1_1_U2300            | 1   |        | partial_181   | mul | auto      | 0       |
|    diff_341_fu_33621_p2                |     |        | diff_341      | sub | fabric    | 0       |
|    mul_15s_15s_30_1_1_U2301            | 1   |        | mul_ln353_340 | mul | auto      | 0       |
|    diff_342_fu_28412_p2                |     |        | diff_342      | sub | fabric    | 0       |
|    mac_muladd_15s_15s_30s_31_4_1_U2660 | 1   |        | mul_ln353_341 | mul | dsp_slice | 3       |
|    diff_343_fu_28422_p2                |     |        | diff_343      | sub | fabric    | 0       |
|    mac_muladd_15s_15s_30s_31_4_1_U2661 | 1   |        | mul_ln353_342 | mul | dsp_slice | 3       |
|    mac_muladd_15s_15s_30s_31_4_1_U2660 | 1   |        | add_ln353_255 | add | dsp_slice | 3       |
|    mac_muladd_15s_15s_30s_31_4_1_U2661 | 1   |        | add_ln353_256 | add | dsp_slice | 3       |
|    partial_182_fu_39909_p2             |     |        | partial_182   | add | fabric    | 0       |
|    diff_344_fu_33639_p2                |     |        | diff_344      | sub | fabric    | 0       |
|    mul_15s_15s_30_1_1_U2302            | 1   |        | partial_183   | mul | auto      | 0       |
|    diff_345_fu_33657_p2                |     |        | diff_345      | sub | fabric    | 0       |
|    mul_15s_15s_30_1_1_U2303            | 1   |        | mul_ln353_344 | mul | auto      | 0       |
|    diff_346_fu_28432_p2                |     |        | diff_346      | sub | fabric    | 0       |
|    mac_muladd_15s_15s_30s_31_4_1_U2662 | 1   |        | mul_ln353_345 | mul | dsp_slice | 3       |
|    diff_347_fu_28442_p2                |     |        | diff_347      | sub | fabric    | 0       |
|    mac_muladd_15s_15s_30s_31_4_1_U2663 | 1   |        | mul_ln353_346 | mul | dsp_slice | 3       |
|    mac_muladd_15s_15s_30s_31_4_1_U2662 | 1   |        | add_ln353_258 | add | dsp_slice | 3       |
|    mac_muladd_15s_15s_30s_31_4_1_U2663 | 1   |        | add_ln353_259 | add | dsp_slice | 3       |
|    partial_184_fu_39921_p2             |     |        | partial_184   | add | fabric    | 0       |
|    diff_348_fu_33675_p2                |     |        | diff_348      | sub | fabric    | 0       |
|    mul_15s_15s_30_1_1_U2304            | 1   |        | partial_185   | mul | auto      | 0       |
|    diff_349_fu_33693_p2                |     |        | diff_349      | sub | fabric    | 0       |
|    mul_15s_15s_30_1_1_U2305            | 1   |        | mul_ln353_348 | mul | auto      | 0       |
|    diff_350_fu_28452_p2                |     |        | diff_350      | sub | fabric    | 0       |
|    mac_muladd_15s_15s_30s_31_4_1_U2664 | 1   |        | mul_ln353_349 | mul | dsp_slice | 3       |
|    diff_351_fu_28462_p2                |     |        | diff_351      | sub | fabric    | 0       |
|    mac_muladd_15s_15s_30s_31_4_1_U2665 | 1   |        | mul_ln353_350 | mul | dsp_slice | 3       |
|    mac_muladd_15s_15s_30s_31_4_1_U2664 | 1   |        | add_ln353_261 | add | dsp_slice | 3       |
|    mac_muladd_15s_15s_30s_31_4_1_U2665 | 1   |        | add_ln353_262 | add | dsp_slice | 3       |
|    partial_186_fu_39933_p2             |     |        | partial_186   | add | fabric    | 0       |
|    diff_352_fu_33711_p2                |     |        | diff_352      | sub | fabric    | 0       |
|    mul_15s_15s_30_1_1_U2306            | 1   |        | partial_187   | mul | auto      | 0       |
|    diff_353_fu_33729_p2                |     |        | diff_353      | sub | fabric    | 0       |
|    mul_15s_15s_30_1_1_U2307            | 1   |        | mul_ln353_352 | mul | auto      | 0       |
|    diff_354_fu_28472_p2                |     |        | diff_354      | sub | fabric    | 0       |
|    mac_muladd_15s_15s_30s_31_4_1_U2666 | 1   |        | mul_ln353_353 | mul | dsp_slice | 3       |
|    diff_355_fu_28482_p2                |     |        | diff_355      | sub | fabric    | 0       |
|    mac_muladd_15s_15s_30s_31_4_1_U2667 | 1   |        | mul_ln353_354 | mul | dsp_slice | 3       |
|    mac_muladd_15s_15s_30s_31_4_1_U2666 | 1   |        | add_ln353_264 | add | dsp_slice | 3       |
|    mac_muladd_15s_15s_30s_31_4_1_U2667 | 1   |        | add_ln353_265 | add | dsp_slice | 3       |
|    partial_188_fu_39945_p2             |     |        | partial_188   | add | fabric    | 0       |
|    diff_356_fu_33747_p2                |     |        | diff_356      | sub | fabric    | 0       |
|    mul_15s_15s_30_1_1_U2308            | 1   |        | partial_189   | mul | auto      | 0       |
|    diff_357_fu_33765_p2                |     |        | diff_357      | sub | fabric    | 0       |
|    mul_15s_15s_30_1_1_U2309            | 1   |        | mul_ln353_356 | mul | auto      | 0       |
|    diff_358_fu_28492_p2                |     |        | diff_358      | sub | fabric    | 0       |
|    mac_muladd_15s_15s_30s_31_4_1_U2668 | 1   |        | mul_ln353_357 | mul | dsp_slice | 3       |
|    diff_359_fu_28502_p2                |     |        | diff_359      | sub | fabric    | 0       |
|    mac_muladd_15s_15s_30s_31_4_1_U2669 | 1   |        | mul_ln353_358 | mul | dsp_slice | 3       |
|    mac_muladd_15s_15s_30s_31_4_1_U2668 | 1   |        | add_ln353_267 | add | dsp_slice | 3       |
|    mac_muladd_15s_15s_30s_31_4_1_U2669 | 1   |        | add_ln353_268 | add | dsp_slice | 3       |
|    partial_190_fu_39957_p2             |     |        | partial_190   | add | fabric    | 0       |
|    diff_360_fu_33783_p2                |     |        | diff_360      | sub | fabric    | 0       |
|    mul_15s_15s_30_1_1_U2310            | 1   |        | partial_191   | mul | auto      | 0       |
|    diff_361_fu_33801_p2                |     |        | diff_361      | sub | fabric    | 0       |
|    mul_15s_15s_30_1_1_U2311            | 1   |        | mul_ln353_360 | mul | auto      | 0       |
|    diff_362_fu_28512_p2                |     |        | diff_362      | sub | fabric    | 0       |
|    mac_muladd_15s_15s_30s_31_4_1_U2670 | 1   |        | mul_ln353_361 | mul | dsp_slice | 3       |
|    diff_363_fu_28522_p2                |     |        | diff_363      | sub | fabric    | 0       |
|    mac_muladd_15s_15s_30s_31_4_1_U2671 | 1   |        | mul_ln353_362 | mul | dsp_slice | 3       |
|    mac_muladd_15s_15s_30s_31_4_1_U2670 | 1   |        | add_ln353_270 | add | dsp_slice | 3       |
|    mac_muladd_15s_15s_30s_31_4_1_U2671 | 1   |        | add_ln353_271 | add | dsp_slice | 3       |
|    partial_192_fu_39969_p2             |     |        | partial_192   | add | fabric    | 0       |
|    d2_83_fu_40039_p2                   |     |        | d2_83         | add | fabric    | 0       |
|    d2_84_fu_40057_p2                   |     |        | d2_84         | add | fabric    | 0       |
|    d2_85_fu_40070_p2                   |     |        | d2_85         | add | fabric    | 0       |
|    d2_86_fu_40083_p2                   |     |        | d2_86         | add | fabric    | 0       |
|    d2_87_fu_40096_p2                   |     |        | d2_87         | add | fabric    | 0       |
|    d2_88_fu_40109_p2                   |     |        | d2_88         | add | fabric    | 0       |
|    d2_89_fu_40122_p2                   |     |        | d2_89         | add | fabric    | 0       |
|    d2_90_fu_40135_p2                   |     |        | d2_90         | add | fabric    | 0       |
|    diff_364_fu_28532_p2                |     |        | diff_364      | sub | fabric    | 0       |
|    mac_muladd_15s_15s_30s_31_4_1_U2672 | 1   |        | partial_193   | mul | dsp_slice | 3       |
|    diff_365_fu_33819_p2                |     |        | diff_365      | sub | fabric    | 0       |
|    mul_15s_15s_30_1_1_U2312            | 1   |        | mul_ln353_364 | mul | auto      | 0       |
|    diff_366_fu_33837_p2                |     |        | diff_366      | sub | fabric    | 0       |
|    mul_15s_15s_30_1_1_U2313            | 1   |        | mul_ln353_365 | mul | auto      | 0       |
|    diff_367_fu_28542_p2                |     |        | diff_367      | sub | fabric    | 0       |
|    mac_muladd_15s_15s_30s_31_4_1_U2673 | 1   |        | mul_ln353_366 | mul | dsp_slice | 3       |
|    mac_muladd_15s_15s_30s_31_4_1_U2672 | 1   |        | add_ln353_273 | add | dsp_slice | 3       |
|    mac_muladd_15s_15s_30s_31_4_1_U2673 | 1   |        | add_ln353_274 | add | dsp_slice | 3       |
|    partial_194_fu_40154_p2             |     |        | partial_194   | add | fabric    | 0       |
|    d2_91_fu_40175_p2                   |     |        | d2_91         | add | fabric    | 0       |
|    diff_368_fu_28552_p2                |     |        | diff_368      | sub | fabric    | 0       |
|    mac_muladd_15s_15s_30s_31_4_1_U2674 | 1   |        | partial_196   | mul | dsp_slice | 3       |
|    diff_369_fu_33855_p2                |     |        | diff_369      | sub | fabric    | 0       |
|    mul_15s_15s_30_1_1_U2314            | 1   |        | mul_ln353_368 | mul | auto      | 0       |
|    diff_370_fu_33873_p2                |     |        | diff_370      | sub | fabric    | 0       |
|    mul_15s_15s_30_1_1_U2315            | 1   |        | mul_ln353_369 | mul | auto      | 0       |
|    diff_371_fu_28562_p2                |     |        | diff_371      | sub | fabric    | 0       |
|    mac_muladd_15s_15s_30s_31_4_1_U2675 | 1   |        | mul_ln353_370 | mul | dsp_slice | 3       |
|    mac_muladd_15s_15s_30s_31_4_1_U2674 | 1   |        | add_ln353_276 | add | dsp_slice | 3       |
|    mac_muladd_15s_15s_30s_31_4_1_U2675 | 1   |        | add_ln353_277 | add | dsp_slice | 3       |
|    partial_197_fu_40199_p2             |     |        | partial_197   | add | fabric    | 0       |
|    d2_92_fu_40220_p2                   |     |        | d2_92         | add | fabric    | 0       |
|    diff_372_fu_28572_p2                |     |        | diff_372      | sub | fabric    | 0       |
|    mac_muladd_15s_15s_30s_31_4_1_U2676 | 1   |        | partial_199   | mul | dsp_slice | 3       |
|    diff_373_fu_33891_p2                |     |        | diff_373      | sub | fabric    | 0       |
|    mul_15s_15s_30_1_1_U2316            | 1   |        | mul_ln353_372 | mul | auto      | 0       |
|    diff_374_fu_33909_p2                |     |        | diff_374      | sub | fabric    | 0       |
|    mul_15s_15s_30_1_1_U2317            | 1   |        | mul_ln353_373 | mul | auto      | 0       |
|    diff_375_fu_28582_p2                |     |        | diff_375      | sub | fabric    | 0       |
|    mac_muladd_15s_15s_30s_31_4_1_U2677 | 1   |        | mul_ln353_374 | mul | dsp_slice | 3       |
|    mac_muladd_15s_15s_30s_31_4_1_U2676 | 1   |        | add_ln353_279 | add | dsp_slice | 3       |
|    mac_muladd_15s_15s_30s_31_4_1_U2677 | 1   |        | add_ln353_280 | add | dsp_slice | 3       |
|    partial_200_fu_40244_p2             |     |        | partial_200   | add | fabric    | 0       |
|    d2_93_fu_40265_p2                   |     |        | d2_93         | add | fabric    | 0       |
|    diff_376_fu_28592_p2                |     |        | diff_376      | sub | fabric    | 0       |
|    mac_muladd_15s_15s_30s_31_4_1_U2678 | 1   |        | partial_202   | mul | dsp_slice | 3       |
|    diff_377_fu_33927_p2                |     |        | diff_377      | sub | fabric    | 0       |
|    mul_15s_15s_30_1_1_U2318            | 1   |        | mul_ln353_376 | mul | auto      | 0       |
|    diff_378_fu_33945_p2                |     |        | diff_378      | sub | fabric    | 0       |
|    mul_15s_15s_30_1_1_U2319            | 1   |        | mul_ln353_377 | mul | auto      | 0       |
|    diff_379_fu_28602_p2                |     |        | diff_379      | sub | fabric    | 0       |
|    mac_muladd_15s_15s_30s_31_4_1_U2679 | 1   |        | mul_ln353_378 | mul | dsp_slice | 3       |
|    mac_muladd_15s_15s_30s_31_4_1_U2678 | 1   |        | add_ln353_282 | add | dsp_slice | 3       |
|    mac_muladd_15s_15s_30s_31_4_1_U2679 | 1   |        | add_ln353_283 | add | dsp_slice | 3       |
|    partial_203_fu_40289_p2             |     |        | partial_203   | add | fabric    | 0       |
|    d2_94_fu_40310_p2                   |     |        | d2_94         | add | fabric    | 0       |
|    diff_380_fu_28619_p2                |     |        | diff_380      | sub | fabric    | 0       |
|    mac_muladd_15s_15s_30s_31_4_1_U2680 | 1   |        | partial_205   | mul | dsp_slice | 3       |
|    diff_381_fu_33963_p2                |     |        | diff_381      | sub | fabric    | 0       |
|    mul_15s_15s_30_1_1_U2320            | 1   |        | mul_ln353_380 | mul | auto      | 0       |
|    diff_382_fu_33981_p2                |     |        | diff_382      | sub | fabric    | 0       |
|    mul_15s_15s_30_1_1_U2321            | 1   |        | mul_ln353_381 | mul | auto      | 0       |
|    diff_383_fu_28650_p2                |     |        | diff_383      | sub | fabric    | 0       |
|    mac_muladd_15s_15s_30s_31_4_1_U2681 | 1   |        | mul_ln353_382 | mul | dsp_slice | 3       |
|    mac_muladd_15s_15s_30s_31_4_1_U2680 | 1   |        | add_ln353_285 | add | dsp_slice | 3       |
|    mac_muladd_15s_15s_30s_31_4_1_U2681 | 1   |        | add_ln353_286 | add | dsp_slice | 3       |
|    partial_206_fu_40334_p2             |     |        | partial_206   | add | fabric    | 0       |
|    diff_384_fu_33999_p2                |     |        | diff_384      | sub | fabric    | 0       |
|    mul_15s_15s_30_1_1_U2322            | 1   |        | partial_208   | mul | auto      | 0       |
|    diff_385_fu_34017_p2                |     |        | diff_385      | sub | fabric    | 0       |
|    mul_15s_15s_30_1_1_U2323            | 1   |        | mul_ln353_384 | mul | auto      | 0       |
|    diff_386_fu_28660_p2                |     |        | diff_386      | sub | fabric    | 0       |
|    mac_muladd_15s_15s_30s_31_4_1_U2682 | 1   |        | mul_ln353_385 | mul | dsp_slice | 3       |
|    diff_387_fu_28670_p2                |     |        | diff_387      | sub | fabric    | 0       |
|    mac_muladd_15s_15s_30s_31_4_1_U2683 | 1   |        | mul_ln353_386 | mul | dsp_slice | 3       |
|    mac_muladd_15s_15s_30s_31_4_1_U2682 | 1   |        | add_ln353_288 | add | dsp_slice | 3       |
|    mac_muladd_15s_15s_30s_31_4_1_U2683 | 1   |        | add_ln353_289 | add | dsp_slice | 3       |
|    partial_209_fu_40353_p2             |     |        | partial_209   | add | fabric    | 0       |
|    diff_388_fu_34035_p2                |     |        | diff_388      | sub | fabric    | 0       |
|    mul_15s_15s_30_1_1_U2324            | 1   |        | partial_210   | mul | auto      | 0       |
|    diff_389_fu_34053_p2                |     |        | diff_389      | sub | fabric    | 0       |
|    mul_15s_15s_30_1_1_U2325            | 1   |        | mul_ln353_388 | mul | auto      | 0       |
|    diff_390_fu_28680_p2                |     |        | diff_390      | sub | fabric    | 0       |
|    mac_muladd_15s_15s_30s_31_4_1_U2684 | 1   |        | mul_ln353_389 | mul | dsp_slice | 3       |
|    diff_391_fu_28690_p2                |     |        | diff_391      | sub | fabric    | 0       |
|    mac_muladd_15s_15s_30s_31_4_1_U2685 | 1   |        | mul_ln353_390 | mul | dsp_slice | 3       |
|    mac_muladd_15s_15s_30s_31_4_1_U2684 | 1   |        | add_ln353_291 | add | dsp_slice | 3       |
|    mac_muladd_15s_15s_30s_31_4_1_U2685 | 1   |        | add_ln353_292 | add | dsp_slice | 3       |
|    partial_211_fu_40365_p2             |     |        | partial_211   | add | fabric    | 0       |
|    diff_392_fu_34071_p2                |     |        | diff_392      | sub | fabric    | 0       |
|    mul_15s_15s_30_1_1_U2326            | 1   |        | partial_212   | mul | auto      | 0       |
|    diff_393_fu_34089_p2                |     |        | diff_393      | sub | fabric    | 0       |
|    mul_15s_15s_30_1_1_U2327            | 1   |        | mul_ln353_392 | mul | auto      | 0       |
|    diff_394_fu_28700_p2                |     |        | diff_394      | sub | fabric    | 0       |
|    mac_muladd_15s_15s_30s_31_4_1_U2686 | 1   |        | mul_ln353_393 | mul | dsp_slice | 3       |
|    diff_395_fu_28710_p2                |     |        | diff_395      | sub | fabric    | 0       |
|    mac_muladd_15s_15s_30s_31_4_1_U2687 | 1   |        | mul_ln353_394 | mul | dsp_slice | 3       |
|    mac_muladd_15s_15s_30s_31_4_1_U2686 | 1   |        | add_ln353_294 | add | dsp_slice | 3       |
|    mac_muladd_15s_15s_30s_31_4_1_U2687 | 1   |        | add_ln353_295 | add | dsp_slice | 3       |
|    partial_213_fu_40377_p2             |     |        | partial_213   | add | fabric    | 0       |
|    diff_396_fu_34107_p2                |     |        | diff_396      | sub | fabric    | 0       |
|    mul_15s_15s_30_1_1_U2328            | 1   |        | partial_214   | mul | auto      | 0       |
|    diff_397_fu_34125_p2                |     |        | diff_397      | sub | fabric    | 0       |
|    mul_15s_15s_30_1_1_U2329            | 1   |        | mul_ln353_396 | mul | auto      | 0       |
|    diff_398_fu_28720_p2                |     |        | diff_398      | sub | fabric    | 0       |
|    mac_muladd_15s_15s_30s_31_4_1_U2688 | 1   |        | mul_ln353_397 | mul | dsp_slice | 3       |
|    diff_399_fu_28730_p2                |     |        | diff_399      | sub | fabric    | 0       |
|    mac_muladd_15s_15s_30s_31_4_1_U2689 | 1   |        | mul_ln353_398 | mul | dsp_slice | 3       |
|    mac_muladd_15s_15s_30s_31_4_1_U2688 | 1   |        | add_ln353_297 | add | dsp_slice | 3       |
|    mac_muladd_15s_15s_30s_31_4_1_U2689 | 1   |        | add_ln353_298 | add | dsp_slice | 3       |
|    partial_215_fu_40389_p2             |     |        | partial_215   | add | fabric    | 0       |
|    diff_400_fu_34143_p2                |     |        | diff_400      | sub | fabric    | 0       |
|    mul_15s_15s_30_1_1_U2330            | 1   |        | partial_216   | mul | auto      | 0       |
|    diff_401_fu_34161_p2                |     |        | diff_401      | sub | fabric    | 0       |
|    mul_15s_15s_30_1_1_U2331            | 1   |        | mul_ln353_400 | mul | auto      | 0       |
|    diff_402_fu_28740_p2                |     |        | diff_402      | sub | fabric    | 0       |
|    mac_muladd_15s_15s_30s_31_4_1_U2690 | 1   |        | mul_ln353_401 | mul | dsp_slice | 3       |
|    diff_403_fu_28750_p2                |     |        | diff_403      | sub | fabric    | 0       |
|    mac_muladd_15s_15s_30s_31_4_1_U2691 | 1   |        | mul_ln353_402 | mul | dsp_slice | 3       |
|    mac_muladd_15s_15s_30s_31_4_1_U2690 | 1   |        | add_ln353_300 | add | dsp_slice | 3       |
|    mac_muladd_15s_15s_30s_31_4_1_U2691 | 1   |        | add_ln353_301 | add | dsp_slice | 3       |
|    partial_217_fu_40401_p2             |     |        | partial_217   | add | fabric    | 0       |
|    diff_404_fu_34179_p2                |     |        | diff_404      | sub | fabric    | 0       |
|    mul_15s_15s_30_1_1_U2332            | 1   |        | partial_218   | mul | auto      | 0       |
|    diff_405_fu_34197_p2                |     |        | diff_405      | sub | fabric    | 0       |
|    mul_15s_15s_30_1_1_U2333            | 1   |        | mul_ln353_404 | mul | auto      | 0       |
|    diff_406_fu_28760_p2                |     |        | diff_406      | sub | fabric    | 0       |
|    mac_muladd_15s_15s_30s_31_4_1_U2692 | 1   |        | mul_ln353_405 | mul | dsp_slice | 3       |
|    diff_407_fu_28770_p2                |     |        | diff_407      | sub | fabric    | 0       |
|    mac_muladd_15s_15s_30s_31_4_1_U2693 | 1   |        | mul_ln353_406 | mul | dsp_slice | 3       |
|    mac_muladd_15s_15s_30s_31_4_1_U2692 | 1   |        | add_ln353_303 | add | dsp_slice | 3       |
|    mac_muladd_15s_15s_30s_31_4_1_U2693 | 1   |        | add_ln353_304 | add | dsp_slice | 3       |
|    partial_219_fu_40413_p2             |     |        | partial_219   | add | fabric    | 0       |
|    d2_95_fu_40475_p2                   |     |        | d2_95         | add | fabric    | 0       |
|    d2_96_fu_40493_p2                   |     |        | d2_96         | add | fabric    | 0       |
|    d2_97_fu_40506_p2                   |     |        | d2_97         | add | fabric    | 0       |
|    d2_98_fu_40519_p2                   |     |        | d2_98         | add | fabric    | 0       |
|    d2_99_fu_40532_p2                   |     |        | d2_99         | add | fabric    | 0       |
|    d2_100_fu_40545_p2                  |     |        | d2_100        | add | fabric    | 0       |
|    d2_101_fu_40558_p2                  |     |        | d2_101        | add | fabric    | 0       |
|    diff_408_fu_28780_p2                |     |        | diff_408      | sub | fabric    | 0       |
|    mac_muladd_15s_15s_30s_31_4_1_U2694 | 1   |        | partial_220   | mul | dsp_slice | 3       |
|    diff_409_fu_34215_p2                |     |        | diff_409      | sub | fabric    | 0       |
|    mul_15s_15s_30_1_1_U2334            | 1   |        | mul_ln353_408 | mul | auto      | 0       |
|    diff_410_fu_34233_p2                |     |        | diff_410      | sub | fabric    | 0       |
|    mul_15s_15s_30_1_1_U2335            | 1   |        | mul_ln353_409 | mul | auto      | 0       |
|    diff_411_fu_28790_p2                |     |        | diff_411      | sub | fabric    | 0       |
|    mac_muladd_15s_15s_30s_31_4_1_U2695 | 1   |        | mul_ln353_410 | mul | dsp_slice | 3       |
|    mac_muladd_15s_15s_30s_31_4_1_U2694 | 1   |        | add_ln353_306 | add | dsp_slice | 3       |
|    mac_muladd_15s_15s_30s_31_4_1_U2695 | 1   |        | add_ln353_307 | add | dsp_slice | 3       |
|    partial_221_fu_40577_p2             |     |        | partial_221   | add | fabric    | 0       |
|    d2_102_fu_40598_p2                  |     |        | d2_102        | add | fabric    | 0       |
|    diff_412_fu_28800_p2                |     |        | diff_412      | sub | fabric    | 0       |
|    mac_muladd_15s_15s_30s_31_4_1_U2696 | 1   |        | partial_223   | mul | dsp_slice | 3       |
|    diff_413_fu_34251_p2                |     |        | diff_413      | sub | fabric    | 0       |
|    mul_15s_15s_30_1_1_U2336            | 1   |        | mul_ln353_412 | mul | auto      | 0       |
|    diff_414_fu_34269_p2                |     |        | diff_414      | sub | fabric    | 0       |
|    mul_15s_15s_30_1_1_U2337            | 1   |        | mul_ln353_413 | mul | auto      | 0       |
|    diff_415_fu_28810_p2                |     |        | diff_415      | sub | fabric    | 0       |
|    mac_muladd_15s_15s_30s_31_4_1_U2697 | 1   |        | mul_ln353_414 | mul | dsp_slice | 3       |
|    mac_muladd_15s_15s_30s_31_4_1_U2696 | 1   |        | add_ln353_309 | add | dsp_slice | 3       |
|    mac_muladd_15s_15s_30s_31_4_1_U2697 | 1   |        | add_ln353_310 | add | dsp_slice | 3       |
|    partial_224_fu_40622_p2             |     |        | partial_224   | add | fabric    | 0       |
|    d2_103_fu_40643_p2                  |     |        | d2_103        | add | fabric    | 0       |
|    diff_416_fu_28820_p2                |     |        | diff_416      | sub | fabric    | 0       |
|    mac_muladd_15s_15s_30s_31_4_1_U2698 | 1   |        | partial_226   | mul | dsp_slice | 3       |
|    diff_417_fu_34287_p2                |     |        | diff_417      | sub | fabric    | 0       |
|    mul_15s_15s_30_1_1_U2338            | 1   |        | mul_ln353_416 | mul | auto      | 0       |
|    diff_418_fu_34305_p2                |     |        | diff_418      | sub | fabric    | 0       |
|    mul_15s_15s_30_1_1_U2339            | 1   |        | mul_ln353_417 | mul | auto      | 0       |
|    diff_419_fu_28830_p2                |     |        | diff_419      | sub | fabric    | 0       |
|    mac_muladd_15s_15s_30s_31_4_1_U2699 | 1   |        | mul_ln353_418 | mul | dsp_slice | 3       |
|    mac_muladd_15s_15s_30s_31_4_1_U2698 | 1   |        | add_ln353_312 | add | dsp_slice | 3       |
|    mac_muladd_15s_15s_30s_31_4_1_U2699 | 1   |        | add_ln353_313 | add | dsp_slice | 3       |
|    partial_227_fu_40667_p2             |     |        | partial_227   | add | fabric    | 0       |
|    d2_104_fu_40688_p2                  |     |        | d2_104        | add | fabric    | 0       |
|    diff_420_fu_28840_p2                |     |        | diff_420      | sub | fabric    | 0       |
|    mac_muladd_15s_15s_30s_31_4_1_U2700 | 1   |        | partial_229   | mul | dsp_slice | 3       |
|    diff_421_fu_34323_p2                |     |        | diff_421      | sub | fabric    | 0       |
|    mul_15s_15s_30_1_1_U2340            | 1   |        | mul_ln353_420 | mul | auto      | 0       |
|    diff_422_fu_34341_p2                |     |        | diff_422      | sub | fabric    | 0       |
|    mul_15s_15s_30_1_1_U2341            | 1   |        | mul_ln353_421 | mul | auto      | 0       |
|    diff_423_fu_28850_p2                |     |        | diff_423      | sub | fabric    | 0       |
|    mac_muladd_15s_15s_30s_31_4_1_U2701 | 1   |        | mul_ln353_422 | mul | dsp_slice | 3       |
|    mac_muladd_15s_15s_30s_31_4_1_U2700 | 1   |        | add_ln353_315 | add | dsp_slice | 3       |
|    mac_muladd_15s_15s_30s_31_4_1_U2701 | 1   |        | add_ln353_316 | add | dsp_slice | 3       |
|    partial_230_fu_40712_p2             |     |        | partial_230   | add | fabric    | 0       |
|    d2_105_fu_40733_p2                  |     |        | d2_105        | add | fabric    | 0       |
|    diff_424_fu_28860_p2                |     |        | diff_424      | sub | fabric    | 0       |
|    mac_muladd_15s_15s_30s_31_4_1_U2702 | 1   |        | partial_232   | mul | dsp_slice | 3       |
|    diff_425_fu_34359_p2                |     |        | diff_425      | sub | fabric    | 0       |
|    mul_15s_15s_30_1_1_U2342            | 1   |        | mul_ln353_424 | mul | auto      | 0       |
|    diff_426_fu_34377_p2                |     |        | diff_426      | sub | fabric    | 0       |
|    mul_15s_15s_30_1_1_U2343            | 1   |        | mul_ln353_425 | mul | auto      | 0       |
|    diff_427_fu_28870_p2                |     |        | diff_427      | sub | fabric    | 0       |
|    mac_muladd_15s_15s_30s_31_4_1_U2703 | 1   |        | mul_ln353_426 | mul | dsp_slice | 3       |
|    mac_muladd_15s_15s_30s_31_4_1_U2702 | 1   |        | add_ln353_318 | add | dsp_slice | 3       |
|    mac_muladd_15s_15s_30s_31_4_1_U2703 | 1   |        | add_ln353_319 | add | dsp_slice | 3       |
|    partial_233_fu_40757_p2             |     |        | partial_233   | add | fabric    | 0       |
|    d2_106_fu_40778_p2                  |     |        | d2_106        | add | fabric    | 0       |
|    diff_428_fu_28887_p2                |     |        | diff_428      | sub | fabric    | 0       |
|    mac_muladd_15s_15s_30s_31_4_1_U2704 | 1   |        | partial_235   | mul | dsp_slice | 3       |
|    diff_429_fu_34395_p2                |     |        | diff_429      | sub | fabric    | 0       |
|    mul_15s_15s_30_1_1_U2344            | 1   |        | mul_ln353_428 | mul | auto      | 0       |
|    diff_430_fu_34413_p2                |     |        | diff_430      | sub | fabric    | 0       |
|    mul_15s_15s_30_1_1_U2345            | 1   |        | mul_ln353_429 | mul | auto      | 0       |
|    diff_431_fu_28918_p2                |     |        | diff_431      | sub | fabric    | 0       |
|    mac_muladd_15s_15s_30s_31_4_1_U2705 | 1   |        | mul_ln353_430 | mul | dsp_slice | 3       |
|    mac_muladd_15s_15s_30s_31_4_1_U2704 | 1   |        | add_ln353_321 | add | dsp_slice | 3       |
|    mac_muladd_15s_15s_30s_31_4_1_U2705 | 1   |        | add_ln353_322 | add | dsp_slice | 3       |
|    partial_236_fu_40802_p2             |     |        | partial_236   | add | fabric    | 0       |
|    diff_432_fu_34431_p2                |     |        | diff_432      | sub | fabric    | 0       |
|    mul_15s_15s_30_1_1_U2346            | 1   |        | partial_238   | mul | auto      | 0       |
|    diff_433_fu_34449_p2                |     |        | diff_433      | sub | fabric    | 0       |
|    mul_15s_15s_30_1_1_U2347            | 1   |        | mul_ln353_432 | mul | auto      | 0       |
|    diff_434_fu_28928_p2                |     |        | diff_434      | sub | fabric    | 0       |
|    mac_muladd_15s_15s_30s_31_4_1_U2706 | 1   |        | mul_ln353_433 | mul | dsp_slice | 3       |
|    diff_435_fu_28938_p2                |     |        | diff_435      | sub | fabric    | 0       |
|    mac_muladd_15s_15s_30s_31_4_1_U2707 | 1   |        | mul_ln353_434 | mul | dsp_slice | 3       |
|    mac_muladd_15s_15s_30s_31_4_1_U2706 | 1   |        | add_ln353_324 | add | dsp_slice | 3       |
|    mac_muladd_15s_15s_30s_31_4_1_U2707 | 1   |        | add_ln353_325 | add | dsp_slice | 3       |
|    partial_239_fu_40821_p2             |     |        | partial_239   | add | fabric    | 0       |
|    diff_436_fu_34467_p2                |     |        | diff_436      | sub | fabric    | 0       |
|    mul_15s_15s_30_1_1_U2348            | 1   |        | partial_240   | mul | auto      | 0       |
|    diff_437_fu_34485_p2                |     |        | diff_437      | sub | fabric    | 0       |
|    mul_15s_15s_30_1_1_U2349            | 1   |        | mul_ln353_436 | mul | auto      | 0       |
|    diff_438_fu_28948_p2                |     |        | diff_438      | sub | fabric    | 0       |
|    mac_muladd_15s_15s_30s_31_4_1_U2708 | 1   |        | mul_ln353_437 | mul | dsp_slice | 3       |
|    diff_439_fu_28958_p2                |     |        | diff_439      | sub | fabric    | 0       |
|    mac_muladd_15s_15s_30s_31_4_1_U2709 | 1   |        | mul_ln353_438 | mul | dsp_slice | 3       |
|    mac_muladd_15s_15s_30s_31_4_1_U2708 | 1   |        | add_ln353_327 | add | dsp_slice | 3       |
|    mac_muladd_15s_15s_30s_31_4_1_U2709 | 1   |        | add_ln353_328 | add | dsp_slice | 3       |
|    partial_241_fu_40833_p2             |     |        | partial_241   | add | fabric    | 0       |
|    diff_440_fu_34503_p2                |     |        | diff_440      | sub | fabric    | 0       |
|    mul_15s_15s_30_1_1_U2350            | 1   |        | partial_242   | mul | auto      | 0       |
|    diff_441_fu_34521_p2                |     |        | diff_441      | sub | fabric    | 0       |
|    mul_15s_15s_30_1_1_U2351            | 1   |        | mul_ln353_440 | mul | auto      | 0       |
|    diff_442_fu_28968_p2                |     |        | diff_442      | sub | fabric    | 0       |
|    mac_muladd_15s_15s_30s_31_4_1_U2710 | 1   |        | mul_ln353_441 | mul | dsp_slice | 3       |
|    diff_443_fu_28978_p2                |     |        | diff_443      | sub | fabric    | 0       |
|    mac_muladd_15s_15s_30s_31_4_1_U2711 | 1   |        | mul_ln353_442 | mul | dsp_slice | 3       |
|    mac_muladd_15s_15s_30s_31_4_1_U2710 | 1   |        | add_ln353_330 | add | dsp_slice | 3       |
|    mac_muladd_15s_15s_30s_31_4_1_U2711 | 1   |        | add_ln353_331 | add | dsp_slice | 3       |
|    partial_243_fu_40845_p2             |     |        | partial_243   | add | fabric    | 0       |
|    diff_444_fu_34539_p2                |     |        | diff_444      | sub | fabric    | 0       |
|    mul_15s_15s_30_1_1_U2352            | 1   |        | partial_244   | mul | auto      | 0       |
|    diff_445_fu_34557_p2                |     |        | diff_445      | sub | fabric    | 0       |
|    mul_15s_15s_30_1_1_U2353            | 1   |        | mul_ln353_444 | mul | auto      | 0       |
|    diff_446_fu_28988_p2                |     |        | diff_446      | sub | fabric    | 0       |
|    mac_muladd_15s_15s_30s_31_4_1_U2712 | 1   |        | mul_ln353_445 | mul | dsp_slice | 3       |
|    diff_447_fu_28998_p2                |     |        | diff_447      | sub | fabric    | 0       |
|    mac_muladd_15s_15s_30s_31_4_1_U2713 | 1   |        | mul_ln353_446 | mul | dsp_slice | 3       |
|    mac_muladd_15s_15s_30s_31_4_1_U2712 | 1   |        | add_ln353_333 | add | dsp_slice | 3       |
|    mac_muladd_15s_15s_30s_31_4_1_U2713 | 1   |        | add_ln353_334 | add | dsp_slice | 3       |
|    partial_245_fu_40857_p2             |     |        | partial_245   | add | fabric    | 0       |
|    diff_448_fu_34575_p2                |     |        | diff_448      | sub | fabric    | 0       |
|    mul_15s_15s_30_1_1_U2354            | 1   |        | partial_246   | mul | auto      | 0       |
|    diff_449_fu_34593_p2                |     |        | diff_449      | sub | fabric    | 0       |
|    mul_15s_15s_30_1_1_U2355            | 1   |        | mul_ln353_448 | mul | auto      | 0       |
|    diff_450_fu_29008_p2                |     |        | diff_450      | sub | fabric    | 0       |
|    mac_muladd_15s_15s_30s_31_4_1_U2714 | 1   |        | mul_ln353_449 | mul | dsp_slice | 3       |
|    diff_451_fu_29018_p2                |     |        | diff_451      | sub | fabric    | 0       |
|    mac_muladd_15s_15s_30s_31_4_1_U2715 | 1   |        | mul_ln353_450 | mul | dsp_slice | 3       |
|    mac_muladd_15s_15s_30s_31_4_1_U2714 | 1   |        | add_ln353_336 | add | dsp_slice | 3       |
|    mac_muladd_15s_15s_30s_31_4_1_U2715 | 1   |        | add_ln353_337 | add | dsp_slice | 3       |
|    partial_247_fu_40869_p2             |     |        | partial_247   | add | fabric    | 0       |
|    d2_107_fu_40923_p2                  |     |        | d2_107        | add | fabric    | 0       |
|    d2_108_fu_40941_p2                  |     |        | d2_108        | add | fabric    | 0       |
|    d2_109_fu_40954_p2                  |     |        | d2_109        | add | fabric    | 0       |
|    d2_110_fu_40967_p2                  |     |        | d2_110        | add | fabric    | 0       |
|    d2_111_fu_40980_p2                  |     |        | d2_111        | add | fabric    | 0       |
|    d2_112_fu_40993_p2                  |     |        | d2_112        | add | fabric    | 0       |
|    diff_452_fu_29028_p2                |     |        | diff_452      | sub | fabric    | 0       |
|    mac_muladd_15s_15s_30s_31_4_1_U2716 | 1   |        | partial_248   | mul | dsp_slice | 3       |
|    diff_453_fu_34611_p2                |     |        | diff_453      | sub | fabric    | 0       |
|    mul_15s_15s_30_1_1_U2356            | 1   |        | mul_ln353_452 | mul | auto      | 0       |
|    diff_454_fu_34629_p2                |     |        | diff_454      | sub | fabric    | 0       |
|    mul_15s_15s_30_1_1_U2357            | 1   |        | mul_ln353_453 | mul | auto      | 0       |
|    diff_455_fu_29038_p2                |     |        | diff_455      | sub | fabric    | 0       |
|    mac_muladd_15s_15s_30s_31_4_1_U2717 | 1   |        | mul_ln353_454 | mul | dsp_slice | 3       |
|    mac_muladd_15s_15s_30s_31_4_1_U2716 | 1   |        | add_ln353_339 | add | dsp_slice | 3       |
|    mac_muladd_15s_15s_30s_31_4_1_U2717 | 1   |        | add_ln353_340 | add | dsp_slice | 3       |
|    partial_249_fu_41012_p2             |     |        | partial_249   | add | fabric    | 0       |
|    d2_113_fu_41033_p2                  |     |        | d2_113        | add | fabric    | 0       |
|    diff_456_fu_29048_p2                |     |        | diff_456      | sub | fabric    | 0       |
|    mac_muladd_15s_15s_30s_31_4_1_U2718 | 1   |        | partial_251   | mul | dsp_slice | 3       |
|    diff_457_fu_34647_p2                |     |        | diff_457      | sub | fabric    | 0       |
|    mul_15s_15s_30_1_1_U2358            | 1   |        | mul_ln353_456 | mul | auto      | 0       |
|    diff_458_fu_34665_p2                |     |        | diff_458      | sub | fabric    | 0       |
|    mul_15s_15s_30_1_1_U2359            | 1   |        | mul_ln353_457 | mul | auto      | 0       |
|    diff_459_fu_29058_p2                |     |        | diff_459      | sub | fabric    | 0       |
|    mac_muladd_15s_15s_30s_31_4_1_U2719 | 1   |        | mul_ln353_458 | mul | dsp_slice | 3       |
|    mac_muladd_15s_15s_30s_31_4_1_U2718 | 1   |        | add_ln353_342 | add | dsp_slice | 3       |
|    mac_muladd_15s_15s_30s_31_4_1_U2719 | 1   |        | add_ln353_343 | add | dsp_slice | 3       |
|    partial_252_fu_41057_p2             |     |        | partial_252   | add | fabric    | 0       |
|    d2_114_fu_41078_p2                  |     |        | d2_114        | add | fabric    | 0       |
|    diff_460_fu_29068_p2                |     |        | diff_460      | sub | fabric    | 0       |
|    mac_muladd_15s_15s_30s_31_4_1_U2720 | 1   |        | partial_254   | mul | dsp_slice | 3       |
|    diff_461_fu_34683_p2                |     |        | diff_461      | sub | fabric    | 0       |
|    mul_15s_15s_30_1_1_U2360            | 1   |        | mul_ln353_460 | mul | auto      | 0       |
|    diff_462_fu_34701_p2                |     |        | diff_462      | sub | fabric    | 0       |
|    mul_15s_15s_30_1_1_U2361            | 1   |        | mul_ln353_461 | mul | auto      | 0       |
|    diff_463_fu_29078_p2                |     |        | diff_463      | sub | fabric    | 0       |
|    mac_muladd_15s_15s_30s_31_4_1_U2721 | 1   |        | mul_ln353_462 | mul | dsp_slice | 3       |
|    mac_muladd_15s_15s_30s_31_4_1_U2720 | 1   |        | add_ln353_345 | add | dsp_slice | 3       |
|    mac_muladd_15s_15s_30s_31_4_1_U2721 | 1   |        | add_ln353_346 | add | dsp_slice | 3       |
|    partial_255_fu_41102_p2             |     |        | partial_255   | add | fabric    | 0       |
|    d2_115_fu_41123_p2                  |     |        | d2_115        | add | fabric    | 0       |
|    diff_464_fu_29088_p2                |     |        | diff_464      | sub | fabric    | 0       |
|    mac_muladd_15s_15s_30s_31_4_1_U2722 | 1   |        | partial_257   | mul | dsp_slice | 3       |
|    diff_465_fu_34719_p2                |     |        | diff_465      | sub | fabric    | 0       |
|    mul_15s_15s_30_1_1_U2362            | 1   |        | mul_ln353_464 | mul | auto      | 0       |
|    diff_466_fu_34737_p2                |     |        | diff_466      | sub | fabric    | 0       |
|    mul_15s_15s_30_1_1_U2363            | 1   |        | mul_ln353_465 | mul | auto      | 0       |
|    diff_467_fu_29098_p2                |     |        | diff_467      | sub | fabric    | 0       |
|    mac_muladd_15s_15s_30s_31_4_1_U2723 | 1   |        | mul_ln353_466 | mul | dsp_slice | 3       |
|    mac_muladd_15s_15s_30s_31_4_1_U2722 | 1   |        | add_ln353_348 | add | dsp_slice | 3       |
|    mac_muladd_15s_15s_30s_31_4_1_U2723 | 1   |        | add_ln353_349 | add | dsp_slice | 3       |
|    partial_258_fu_41147_p2             |     |        | partial_258   | add | fabric    | 0       |
|    d2_116_fu_41168_p2                  |     |        | d2_116        | add | fabric    | 0       |
|    diff_468_fu_29108_p2                |     |        | diff_468      | sub | fabric    | 0       |
|    mac_muladd_15s_15s_30s_31_4_1_U2724 | 1   |        | partial_260   | mul | dsp_slice | 3       |
|    diff_469_fu_34755_p2                |     |        | diff_469      | sub | fabric    | 0       |
|    mul_15s_15s_30_1_1_U2364            | 1   |        | mul_ln353_468 | mul | auto      | 0       |
|    diff_470_fu_34773_p2                |     |        | diff_470      | sub | fabric    | 0       |
|    mul_15s_15s_30_1_1_U2365            | 1   |        | mul_ln353_469 | mul | auto      | 0       |
|    diff_471_fu_29118_p2                |     |        | diff_471      | sub | fabric    | 0       |
|    mac_muladd_15s_15s_30s_31_4_1_U2725 | 1   |        | mul_ln353_470 | mul | dsp_slice | 3       |
|    mac_muladd_15s_15s_30s_31_4_1_U2724 | 1   |        | add_ln353_351 | add | dsp_slice | 3       |
|    mac_muladd_15s_15s_30s_31_4_1_U2725 | 1   |        | add_ln353_352 | add | dsp_slice | 3       |
|    partial_261_fu_41192_p2             |     |        | partial_261   | add | fabric    | 0       |
|    d2_117_fu_41213_p2                  |     |        | d2_117        | add | fabric    | 0       |
|    diff_472_fu_29128_p2                |     |        | diff_472      | sub | fabric    | 0       |
|    mac_muladd_15s_15s_30s_31_4_1_U2726 | 1   |        | partial_263   | mul | dsp_slice | 3       |
|    diff_473_fu_34791_p2                |     |        | diff_473      | sub | fabric    | 0       |
|    mul_15s_15s_30_1_1_U2366            | 1   |        | mul_ln353_472 | mul | auto      | 0       |
|    diff_474_fu_34809_p2                |     |        | diff_474      | sub | fabric    | 0       |
|    mul_15s_15s_30_1_1_U2367            | 1   |        | mul_ln353_473 | mul | auto      | 0       |
|    diff_475_fu_29138_p2                |     |        | diff_475      | sub | fabric    | 0       |
|    mac_muladd_15s_15s_30s_31_4_1_U2727 | 1   |        | mul_ln353_474 | mul | dsp_slice | 3       |
|    mac_muladd_15s_15s_30s_31_4_1_U2726 | 1   |        | add_ln353_354 | add | dsp_slice | 3       |
|    mac_muladd_15s_15s_30s_31_4_1_U2727 | 1   |        | add_ln353_355 | add | dsp_slice | 3       |
|    partial_264_fu_41237_p2             |     |        | partial_264   | add | fabric    | 0       |
|    d2_118_fu_41258_p2                  |     |        | d2_118        | add | fabric    | 0       |
|    diff_476_fu_29155_p2                |     |        | diff_476      | sub | fabric    | 0       |
|    mac_muladd_15s_15s_30s_31_4_1_U2728 | 1   |        | partial_266   | mul | dsp_slice | 3       |
|    diff_477_fu_34827_p2                |     |        | diff_477      | sub | fabric    | 0       |
|    mul_15s_15s_30_1_1_U2368            | 1   |        | mul_ln353_476 | mul | auto      | 0       |
|    diff_478_fu_34845_p2                |     |        | diff_478      | sub | fabric    | 0       |
|    mul_15s_15s_30_1_1_U2369            | 1   |        | mul_ln353_477 | mul | auto      | 0       |
|    diff_479_fu_29186_p2                |     |        | diff_479      | sub | fabric    | 0       |
|    mac_muladd_15s_15s_30s_31_4_1_U2729 | 1   |        | mul_ln353_478 | mul | dsp_slice | 3       |
|    mac_muladd_15s_15s_30s_31_4_1_U2728 | 1   |        | add_ln353_357 | add | dsp_slice | 3       |
|    mac_muladd_15s_15s_30s_31_4_1_U2729 | 1   |        | add_ln353_358 | add | dsp_slice | 3       |
|    partial_267_fu_41282_p2             |     |        | partial_267   | add | fabric    | 0       |
|    diff_480_fu_34863_p2                |     |        | diff_480      | sub | fabric    | 0       |
|    mul_15s_15s_30_1_1_U2370            | 1   |        | partial_269   | mul | auto      | 0       |
|    diff_481_fu_34881_p2                |     |        | diff_481      | sub | fabric    | 0       |
|    mul_15s_15s_30_1_1_U2371            | 1   |        | mul_ln353_480 | mul | auto      | 0       |
|    diff_482_fu_29196_p2                |     |        | diff_482      | sub | fabric    | 0       |
|    mac_muladd_15s_15s_30s_31_4_1_U2730 | 1   |        | mul_ln353_481 | mul | dsp_slice | 3       |
|    diff_483_fu_29206_p2                |     |        | diff_483      | sub | fabric    | 0       |
|    mac_muladd_15s_15s_30s_31_4_1_U2731 | 1   |        | mul_ln353_482 | mul | dsp_slice | 3       |
|    mac_muladd_15s_15s_30s_31_4_1_U2730 | 1   |        | add_ln353_360 | add | dsp_slice | 3       |
|    mac_muladd_15s_15s_30s_31_4_1_U2731 | 1   |        | add_ln353_361 | add | dsp_slice | 3       |
|    partial_270_fu_41301_p2             |     |        | partial_270   | add | fabric    | 0       |
|    diff_484_fu_34899_p2                |     |        | diff_484      | sub | fabric    | 0       |
|    mul_15s_15s_30_1_1_U2372            | 1   |        | partial_271   | mul | auto      | 0       |
|    diff_485_fu_34917_p2                |     |        | diff_485      | sub | fabric    | 0       |
|    mul_15s_15s_30_1_1_U2373            | 1   |        | mul_ln353_484 | mul | auto      | 0       |
|    diff_486_fu_29216_p2                |     |        | diff_486      | sub | fabric    | 0       |
|    mac_muladd_15s_15s_30s_31_4_1_U2732 | 1   |        | mul_ln353_485 | mul | dsp_slice | 3       |
|    diff_487_fu_29226_p2                |     |        | diff_487      | sub | fabric    | 0       |
|    mac_muladd_15s_15s_30s_31_4_1_U2733 | 1   |        | mul_ln353_486 | mul | dsp_slice | 3       |
|    mac_muladd_15s_15s_30s_31_4_1_U2732 | 1   |        | add_ln353_363 | add | dsp_slice | 3       |
|    mac_muladd_15s_15s_30s_31_4_1_U2733 | 1   |        | add_ln353_364 | add | dsp_slice | 3       |
|    partial_272_fu_41313_p2             |     |        | partial_272   | add | fabric    | 0       |
|    diff_488_fu_34935_p2                |     |        | diff_488      | sub | fabric    | 0       |
|    mul_15s_15s_30_1_1_U2374            | 1   |        | partial_273   | mul | auto      | 0       |
|    diff_489_fu_34953_p2                |     |        | diff_489      | sub | fabric    | 0       |
|    mul_15s_15s_30_1_1_U2375            | 1   |        | mul_ln353_488 | mul | auto      | 0       |
|    diff_490_fu_29236_p2                |     |        | diff_490      | sub | fabric    | 0       |
|    mac_muladd_15s_15s_30s_31_4_1_U2734 | 1   |        | mul_ln353_489 | mul | dsp_slice | 3       |
|    diff_491_fu_29246_p2                |     |        | diff_491      | sub | fabric    | 0       |
|    mac_muladd_15s_15s_30s_31_4_1_U2735 | 1   |        | mul_ln353_490 | mul | dsp_slice | 3       |
|    mac_muladd_15s_15s_30s_31_4_1_U2734 | 1   |        | add_ln353_366 | add | dsp_slice | 3       |
|    mac_muladd_15s_15s_30s_31_4_1_U2735 | 1   |        | add_ln353_367 | add | dsp_slice | 3       |
|    partial_274_fu_41325_p2             |     |        | partial_274   | add | fabric    | 0       |
|    diff_492_fu_34971_p2                |     |        | diff_492      | sub | fabric    | 0       |
|    mul_15s_15s_30_1_1_U2376            | 1   |        | partial_275   | mul | auto      | 0       |
|    diff_493_fu_34989_p2                |     |        | diff_493      | sub | fabric    | 0       |
|    mul_15s_15s_30_1_1_U2377            | 1   |        | mul_ln353_492 | mul | auto      | 0       |
|    diff_494_fu_29256_p2                |     |        | diff_494      | sub | fabric    | 0       |
|    mac_muladd_15s_15s_30s_31_4_1_U2736 | 1   |        | mul_ln353_493 | mul | dsp_slice | 3       |
|    diff_495_fu_29266_p2                |     |        | diff_495      | sub | fabric    | 0       |
|    mac_muladd_15s_15s_30s_31_4_1_U2737 | 1   |        | mul_ln353_494 | mul | dsp_slice | 3       |
|    mac_muladd_15s_15s_30s_31_4_1_U2736 | 1   |        | add_ln353_369 | add | dsp_slice | 3       |
|    mac_muladd_15s_15s_30s_31_4_1_U2737 | 1   |        | add_ln353_370 | add | dsp_slice | 3       |
|    partial_276_fu_41337_p2             |     |        | partial_276   | add | fabric    | 0       |
|    d2_119_fu_41383_p2                  |     |        | d2_119        | add | fabric    | 0       |
|    d2_120_fu_41401_p2                  |     |        | d2_120        | add | fabric    | 0       |
|    d2_121_fu_41414_p2                  |     |        | d2_121        | add | fabric    | 0       |
|    d2_122_fu_41427_p2                  |     |        | d2_122        | add | fabric    | 0       |
|    d2_123_fu_41440_p2                  |     |        | d2_123        | add | fabric    | 0       |
|    diff_496_fu_29276_p2                |     |        | diff_496      | sub | fabric    | 0       |
|    mac_muladd_15s_15s_30s_31_4_1_U2738 | 1   |        | partial_277   | mul | dsp_slice | 3       |
|    diff_497_fu_35007_p2                |     |        | diff_497      | sub | fabric    | 0       |
|    mul_15s_15s_30_1_1_U2378            | 1   |        | mul_ln353_496 | mul | auto      | 0       |
|    diff_498_fu_35025_p2                |     |        | diff_498      | sub | fabric    | 0       |
|    mul_15s_15s_30_1_1_U2379            | 1   |        | mul_ln353_497 | mul | auto      | 0       |
|    diff_499_fu_29286_p2                |     |        | diff_499      | sub | fabric    | 0       |
|    mac_muladd_15s_15s_30s_31_4_1_U2739 | 1   |        | mul_ln353_498 | mul | dsp_slice | 3       |
|    mac_muladd_15s_15s_30s_31_4_1_U2738 | 1   |        | add_ln353_372 | add | dsp_slice | 3       |
|    mac_muladd_15s_15s_30s_31_4_1_U2739 | 1   |        | add_ln353_373 | add | dsp_slice | 3       |
|    partial_278_fu_41459_p2             |     |        | partial_278   | add | fabric    | 0       |
|    d2_124_fu_41480_p2                  |     |        | d2_124        | add | fabric    | 0       |
|    diff_500_fu_29296_p2                |     |        | diff_500      | sub | fabric    | 0       |
|    mac_muladd_15s_15s_30s_31_4_1_U2740 | 1   |        | partial_280   | mul | dsp_slice | 3       |
|    diff_501_fu_35043_p2                |     |        | diff_501      | sub | fabric    | 0       |
|    mul_15s_15s_30_1_1_U2380            | 1   |        | mul_ln353_500 | mul | auto      | 0       |
|    diff_502_fu_35061_p2                |     |        | diff_502      | sub | fabric    | 0       |
|    mul_15s_15s_30_1_1_U2381            | 1   |        | mul_ln353_501 | mul | auto      | 0       |
|    diff_503_fu_29306_p2                |     |        | diff_503      | sub | fabric    | 0       |
|    mac_muladd_15s_15s_30s_31_4_1_U2741 | 1   |        | mul_ln353_502 | mul | dsp_slice | 3       |
|    mac_muladd_15s_15s_30s_31_4_1_U2740 | 1   |        | add_ln353_375 | add | dsp_slice | 3       |
|    mac_muladd_15s_15s_30s_31_4_1_U2741 | 1   |        | add_ln353_376 | add | dsp_slice | 3       |
|    partial_281_fu_41504_p2             |     |        | partial_281   | add | fabric    | 0       |
|    d2_125_fu_41525_p2                  |     |        | d2_125        | add | fabric    | 0       |
|    diff_504_fu_29316_p2                |     |        | diff_504      | sub | fabric    | 0       |
|    mac_muladd_15s_15s_30s_31_4_1_U2742 | 1   |        | partial_283   | mul | dsp_slice | 3       |
|    diff_505_fu_35079_p2                |     |        | diff_505      | sub | fabric    | 0       |
|    mul_15s_15s_30_1_1_U2382            | 1   |        | mul_ln353_504 | mul | auto      | 0       |
|    diff_506_fu_35097_p2                |     |        | diff_506      | sub | fabric    | 0       |
|    mul_15s_15s_30_1_1_U2383            | 1   |        | mul_ln353_505 | mul | auto      | 0       |
|    diff_507_fu_29326_p2                |     |        | diff_507      | sub | fabric    | 0       |
|    mac_muladd_15s_15s_30s_31_4_1_U2743 | 1   |        | mul_ln353_506 | mul | dsp_slice | 3       |
|    mac_muladd_15s_15s_30s_31_4_1_U2742 | 1   |        | add_ln353_378 | add | dsp_slice | 3       |
|    mac_muladd_15s_15s_30s_31_4_1_U2743 | 1   |        | add_ln353_379 | add | dsp_slice | 3       |
|    partial_284_fu_41549_p2             |     |        | partial_284   | add | fabric    | 0       |
|    d2_126_fu_41570_p2                  |     |        | d2_126        | add | fabric    | 0       |
|    diff_508_fu_29336_p2                |     |        | diff_508      | sub | fabric    | 0       |
|    mac_muladd_15s_15s_30s_31_4_1_U2744 | 1   |        | partial_286   | mul | dsp_slice | 3       |
|    diff_509_fu_35115_p2                |     |        | diff_509      | sub | fabric    | 0       |
|    mul_15s_15s_30_1_1_U2384            | 1   |        | mul_ln353_508 | mul | auto      | 0       |
|    diff_510_fu_35133_p2                |     |        | diff_510      | sub | fabric    | 0       |
|    mul_15s_15s_30_1_1_U2385            | 1   |        | mul_ln353_509 | mul | auto      | 0       |
|    diff_511_fu_29346_p2                |     |        | diff_511      | sub | fabric    | 0       |
|    mac_muladd_15s_15s_30s_31_4_1_U2745 | 1   |        | mul_ln353_510 | mul | dsp_slice | 3       |
|    mac_muladd_15s_15s_30s_31_4_1_U2744 | 1   |        | add_ln353_381 | add | dsp_slice | 3       |
|    mac_muladd_15s_15s_30s_31_4_1_U2745 | 1   |        | add_ln353_382 | add | dsp_slice | 3       |
|    partial_287_fu_41594_p2             |     |        | partial_287   | add | fabric    | 0       |
|    d2_127_fu_41615_p2                  |     |        | d2_127        | add | fabric    | 0       |
|    diff_512_fu_29356_p2                |     |        | diff_512      | sub | fabric    | 0       |
|    mac_muladd_15s_15s_30s_31_4_1_U2746 | 1   |        | partial_289   | mul | dsp_slice | 3       |
|    diff_513_fu_35151_p2                |     |        | diff_513      | sub | fabric    | 0       |
|    mul_15s_15s_30_1_1_U2386            | 1   |        | mul_ln353_512 | mul | auto      | 0       |
|    diff_514_fu_35169_p2                |     |        | diff_514      | sub | fabric    | 0       |
|    mul_15s_15s_30_1_1_U2387            | 1   |        | mul_ln353_513 | mul | auto      | 0       |
|    diff_515_fu_29366_p2                |     |        | diff_515      | sub | fabric    | 0       |
|    mac_muladd_15s_15s_30s_31_4_1_U2747 | 1   |        | mul_ln353_514 | mul | dsp_slice | 3       |
|    mac_muladd_15s_15s_30s_31_4_1_U2746 | 1   |        | add_ln353_384 | add | dsp_slice | 3       |
|    mac_muladd_15s_15s_30s_31_4_1_U2747 | 1   |        | add_ln353_385 | add | dsp_slice | 3       |
|    partial_290_fu_41639_p2             |     |        | partial_290   | add | fabric    | 0       |
|    d2_128_fu_41660_p2                  |     |        | d2_128        | add | fabric    | 0       |
|    diff_516_fu_29376_p2                |     |        | diff_516      | sub | fabric    | 0       |
|    mac_muladd_15s_15s_30s_31_4_1_U2748 | 1   |        | partial_292   | mul | dsp_slice | 3       |
|    diff_517_fu_35187_p2                |     |        | diff_517      | sub | fabric    | 0       |
|    mul_15s_15s_30_1_1_U2388            | 1   |        | mul_ln353_516 | mul | auto      | 0       |
|    diff_518_fu_35205_p2                |     |        | diff_518      | sub | fabric    | 0       |
|    mul_15s_15s_30_1_1_U2389            | 1   |        | mul_ln353_517 | mul | auto      | 0       |
|    diff_519_fu_29386_p2                |     |        | diff_519      | sub | fabric    | 0       |
|    mac_muladd_15s_15s_30s_31_4_1_U2749 | 1   |        | mul_ln353_518 | mul | dsp_slice | 3       |
|    mac_muladd_15s_15s_30s_31_4_1_U2748 | 1   |        | add_ln353_387 | add | dsp_slice | 3       |
|    mac_muladd_15s_15s_30s_31_4_1_U2749 | 1   |        | add_ln353_388 | add | dsp_slice | 3       |
|    partial_293_fu_41684_p2             |     |        | partial_293   | add | fabric    | 0       |
|    d2_129_fu_41705_p2                  |     |        | d2_129        | add | fabric    | 0       |
|    diff_520_fu_29396_p2                |     |        | diff_520      | sub | fabric    | 0       |
|    mac_muladd_15s_15s_30s_31_4_1_U2750 | 1   |        | partial_295   | mul | dsp_slice | 3       |
|    diff_521_fu_35223_p2                |     |        | diff_521      | sub | fabric    | 0       |
|    mul_15s_15s_30_1_1_U2390            | 1   |        | mul_ln353_520 | mul | auto      | 0       |
|    diff_522_fu_35241_p2                |     |        | diff_522      | sub | fabric    | 0       |
|    mul_15s_15s_30_1_1_U2391            | 1   |        | mul_ln353_521 | mul | auto      | 0       |
|    diff_523_fu_29406_p2                |     |        | diff_523      | sub | fabric    | 0       |
|    mac_muladd_15s_15s_30s_31_4_1_U2751 | 1   |        | mul_ln353_522 | mul | dsp_slice | 3       |
|    mac_muladd_15s_15s_30s_31_4_1_U2750 | 1   |        | add_ln353_390 | add | dsp_slice | 3       |
|    mac_muladd_15s_15s_30s_31_4_1_U2751 | 1   |        | add_ln353_391 | add | dsp_slice | 3       |
|    partial_296_fu_41729_p2             |     |        | partial_296   | add | fabric    | 0       |
|    d2_130_fu_41750_p2                  |     |        | d2_130        | add | fabric    | 0       |
|    diff_524_fu_29423_p2                |     |        | diff_524      | sub | fabric    | 0       |
|    mac_muladd_15s_15s_30s_31_4_1_U2752 | 1   |        | partial_298   | mul | dsp_slice | 3       |
|    diff_525_fu_35259_p2                |     |        | diff_525      | sub | fabric    | 0       |
|    mul_15s_15s_30_1_1_U2392            | 1   |        | mul_ln353_524 | mul | auto      | 0       |
|    diff_526_fu_35277_p2                |     |        | diff_526      | sub | fabric    | 0       |
|    mul_15s_15s_30_1_1_U2393            | 1   |        | mul_ln353_525 | mul | auto      | 0       |
|    diff_527_fu_29454_p2                |     |        | diff_527      | sub | fabric    | 0       |
|    mac_muladd_15s_15s_30s_31_4_1_U2753 | 1   |        | mul_ln353_526 | mul | dsp_slice | 3       |
|    mac_muladd_15s_15s_30s_31_4_1_U2752 | 1   |        | add_ln353_393 | add | dsp_slice | 3       |
|    mac_muladd_15s_15s_30s_31_4_1_U2753 | 1   |        | add_ln353_394 | add | dsp_slice | 3       |
|    partial_299_fu_41774_p2             |     |        | partial_299   | add | fabric    | 0       |
|    diff_528_fu_35295_p2                |     |        | diff_528      | sub | fabric    | 0       |
|    mul_15s_15s_30_1_1_U2394            | 1   |        | partial_301   | mul | auto      | 0       |
|    diff_529_fu_35313_p2                |     |        | diff_529      | sub | fabric    | 0       |
|    mul_15s_15s_30_1_1_U2395            | 1   |        | mul_ln353_528 | mul | auto      | 0       |
|    diff_530_fu_29464_p2                |     |        | diff_530      | sub | fabric    | 0       |
|    mac_muladd_15s_15s_30s_31_4_1_U2754 | 1   |        | mul_ln353_529 | mul | dsp_slice | 3       |
|    diff_531_fu_29474_p2                |     |        | diff_531      | sub | fabric    | 0       |
|    mac_muladd_15s_15s_30s_31_4_1_U2755 | 1   |        | mul_ln353_530 | mul | dsp_slice | 3       |
|    mac_muladd_15s_15s_30s_31_4_1_U2754 | 1   |        | add_ln353_396 | add | dsp_slice | 3       |
|    mac_muladd_15s_15s_30s_31_4_1_U2755 | 1   |        | add_ln353_397 | add | dsp_slice | 3       |
|    partial_302_fu_41793_p2             |     |        | partial_302   | add | fabric    | 0       |
|    diff_532_fu_35331_p2                |     |        | diff_532      | sub | fabric    | 0       |
|    mul_15s_15s_30_1_1_U2396            | 1   |        | partial_303   | mul | auto      | 0       |
|    diff_533_fu_35349_p2                |     |        | diff_533      | sub | fabric    | 0       |
|    mul_15s_15s_30_1_1_U2397            | 1   |        | mul_ln353_532 | mul | auto      | 0       |
|    diff_534_fu_29484_p2                |     |        | diff_534      | sub | fabric    | 0       |
|    mac_muladd_15s_15s_30s_31_4_1_U2756 | 1   |        | mul_ln353_533 | mul | dsp_slice | 3       |
|    diff_535_fu_29494_p2                |     |        | diff_535      | sub | fabric    | 0       |
|    mac_muladd_15s_15s_30s_31_4_1_U2757 | 1   |        | mul_ln353_534 | mul | dsp_slice | 3       |
|    mac_muladd_15s_15s_30s_31_4_1_U2756 | 1   |        | add_ln353_399 | add | dsp_slice | 3       |
|    mac_muladd_15s_15s_30s_31_4_1_U2757 | 1   |        | add_ln353_400 | add | dsp_slice | 3       |
|    partial_304_fu_41805_p2             |     |        | partial_304   | add | fabric    | 0       |
|    diff_536_fu_35367_p2                |     |        | diff_536      | sub | fabric    | 0       |
|    mul_15s_15s_30_1_1_U2398            | 1   |        | partial_305   | mul | auto      | 0       |
|    diff_537_fu_35385_p2                |     |        | diff_537      | sub | fabric    | 0       |
|    mul_15s_15s_30_1_1_U2399            | 1   |        | mul_ln353_536 | mul | auto      | 0       |
|    diff_538_fu_29504_p2                |     |        | diff_538      | sub | fabric    | 0       |
|    mac_muladd_15s_15s_30s_31_4_1_U2758 | 1   |        | mul_ln353_537 | mul | dsp_slice | 3       |
|    diff_539_fu_29514_p2                |     |        | diff_539      | sub | fabric    | 0       |
|    mac_muladd_15s_15s_30s_31_4_1_U2759 | 1   |        | mul_ln353_538 | mul | dsp_slice | 3       |
|    mac_muladd_15s_15s_30s_31_4_1_U2758 | 1   |        | add_ln353_402 | add | dsp_slice | 3       |
|    mac_muladd_15s_15s_30s_31_4_1_U2759 | 1   |        | add_ln353_403 | add | dsp_slice | 3       |
|    partial_306_fu_41817_p2             |     |        | partial_306   | add | fabric    | 0       |
|    d2_131_fu_41855_p2                  |     |        | d2_131        | add | fabric    | 0       |
|    d2_132_fu_41873_p2                  |     |        | d2_132        | add | fabric    | 0       |
|    d2_133_fu_41886_p2                  |     |        | d2_133        | add | fabric    | 0       |
|    d2_134_fu_41899_p2                  |     |        | d2_134        | add | fabric    | 0       |
|    diff_540_fu_29524_p2                |     |        | diff_540      | sub | fabric    | 0       |
|    mac_muladd_15s_15s_30s_31_4_1_U2760 | 1   |        | partial_307   | mul | dsp_slice | 3       |
|    diff_541_fu_35403_p2                |     |        | diff_541      | sub | fabric    | 0       |
|    mul_15s_15s_30_1_1_U2400            | 1   |        | mul_ln353_540 | mul | auto      | 0       |
|    diff_542_fu_35421_p2                |     |        | diff_542      | sub | fabric    | 0       |
|    mul_15s_15s_30_1_1_U2401            | 1   |        | mul_ln353_541 | mul | auto      | 0       |
|    diff_543_fu_29534_p2                |     |        | diff_543      | sub | fabric    | 0       |
|    mac_muladd_15s_15s_30s_31_4_1_U2761 | 1   |        | mul_ln353_542 | mul | dsp_slice | 3       |
|    mac_muladd_15s_15s_30s_31_4_1_U2760 | 1   |        | add_ln353_405 | add | dsp_slice | 3       |
|    mac_muladd_15s_15s_30s_31_4_1_U2761 | 1   |        | add_ln353_406 | add | dsp_slice | 3       |
|    partial_308_fu_41918_p2             |     |        | partial_308   | add | fabric    | 0       |
|    d2_135_fu_41939_p2                  |     |        | d2_135        | add | fabric    | 0       |
|    diff_544_fu_29544_p2                |     |        | diff_544      | sub | fabric    | 0       |
|    mac_muladd_15s_15s_30s_31_4_1_U2762 | 1   |        | partial_310   | mul | dsp_slice | 3       |
|    diff_545_fu_35439_p2                |     |        | diff_545      | sub | fabric    | 0       |
|    mul_15s_15s_30_1_1_U2402            | 1   |        | mul_ln353_544 | mul | auto      | 0       |
|    diff_546_fu_35457_p2                |     |        | diff_546      | sub | fabric    | 0       |
|    mul_15s_15s_30_1_1_U2403            | 1   |        | mul_ln353_545 | mul | auto      | 0       |
|    diff_547_fu_29554_p2                |     |        | diff_547      | sub | fabric    | 0       |
|    mac_muladd_15s_15s_30s_31_4_1_U2763 | 1   |        | mul_ln353_546 | mul | dsp_slice | 3       |
|    mac_muladd_15s_15s_30s_31_4_1_U2762 | 1   |        | add_ln353_408 | add | dsp_slice | 3       |
|    mac_muladd_15s_15s_30s_31_4_1_U2763 | 1   |        | add_ln353_409 | add | dsp_slice | 3       |
|    partial_311_fu_41963_p2             |     |        | partial_311   | add | fabric    | 0       |
|    d2_136_fu_41984_p2                  |     |        | d2_136        | add | fabric    | 0       |
|    diff_548_fu_29564_p2                |     |        | diff_548      | sub | fabric    | 0       |
|    mac_muladd_15s_15s_30s_31_4_1_U2764 | 1   |        | partial_313   | mul | dsp_slice | 3       |
|    diff_549_fu_35475_p2                |     |        | diff_549      | sub | fabric    | 0       |
|    mul_15s_15s_30_1_1_U2404            | 1   |        | mul_ln353_548 | mul | auto      | 0       |
|    diff_550_fu_35493_p2                |     |        | diff_550      | sub | fabric    | 0       |
|    mul_15s_15s_30_1_1_U2405            | 1   |        | mul_ln353_549 | mul | auto      | 0       |
|    diff_551_fu_29574_p2                |     |        | diff_551      | sub | fabric    | 0       |
|    mac_muladd_15s_15s_30s_31_4_1_U2765 | 1   |        | mul_ln353_550 | mul | dsp_slice | 3       |
|    mac_muladd_15s_15s_30s_31_4_1_U2764 | 1   |        | add_ln353_411 | add | dsp_slice | 3       |
|    mac_muladd_15s_15s_30s_31_4_1_U2765 | 1   |        | add_ln353_412 | add | dsp_slice | 3       |
|    partial_314_fu_42008_p2             |     |        | partial_314   | add | fabric    | 0       |
|    d2_137_fu_42029_p2                  |     |        | d2_137        | add | fabric    | 0       |
|    diff_552_fu_29584_p2                |     |        | diff_552      | sub | fabric    | 0       |
|    mac_muladd_15s_15s_30s_31_4_1_U2766 | 1   |        | partial_316   | mul | dsp_slice | 3       |
|    diff_553_fu_35511_p2                |     |        | diff_553      | sub | fabric    | 0       |
|    mul_15s_15s_30_1_1_U2406            | 1   |        | mul_ln353_552 | mul | auto      | 0       |
|    diff_554_fu_35529_p2                |     |        | diff_554      | sub | fabric    | 0       |
|    mul_15s_15s_30_1_1_U2407            | 1   |        | mul_ln353_553 | mul | auto      | 0       |
|    diff_555_fu_29594_p2                |     |        | diff_555      | sub | fabric    | 0       |
|    mac_muladd_15s_15s_30s_31_4_1_U2767 | 1   |        | mul_ln353_554 | mul | dsp_slice | 3       |
|    mac_muladd_15s_15s_30s_31_4_1_U2766 | 1   |        | add_ln353_414 | add | dsp_slice | 3       |
|    mac_muladd_15s_15s_30s_31_4_1_U2767 | 1   |        | add_ln353_415 | add | dsp_slice | 3       |
|    partial_317_fu_42053_p2             |     |        | partial_317   | add | fabric    | 0       |
|    d2_138_fu_42074_p2                  |     |        | d2_138        | add | fabric    | 0       |
|    diff_556_fu_29604_p2                |     |        | diff_556      | sub | fabric    | 0       |
|    mac_muladd_15s_15s_30s_31_4_1_U2768 | 1   |        | partial_319   | mul | dsp_slice | 3       |
|    diff_557_fu_35547_p2                |     |        | diff_557      | sub | fabric    | 0       |
|    mul_15s_15s_30_1_1_U2408            | 1   |        | mul_ln353_556 | mul | auto      | 0       |
|    diff_558_fu_35565_p2                |     |        | diff_558      | sub | fabric    | 0       |
|    mul_15s_15s_30_1_1_U2409            | 1   |        | mul_ln353_557 | mul | auto      | 0       |
|    diff_559_fu_29614_p2                |     |        | diff_559      | sub | fabric    | 0       |
|    mac_muladd_15s_15s_30s_31_4_1_U2769 | 1   |        | mul_ln353_558 | mul | dsp_slice | 3       |
|    mac_muladd_15s_15s_30s_31_4_1_U2768 | 1   |        | add_ln353_417 | add | dsp_slice | 3       |
|    mac_muladd_15s_15s_30s_31_4_1_U2769 | 1   |        | add_ln353_418 | add | dsp_slice | 3       |
|    partial_320_fu_42098_p2             |     |        | partial_320   | add | fabric    | 0       |
|    d2_139_fu_42119_p2                  |     |        | d2_139        | add | fabric    | 0       |
|    diff_560_fu_29624_p2                |     |        | diff_560      | sub | fabric    | 0       |
|    mac_muladd_15s_15s_30s_31_4_1_U2770 | 1   |        | partial_322   | mul | dsp_slice | 3       |
|    diff_561_fu_35583_p2                |     |        | diff_561      | sub | fabric    | 0       |
|    mul_15s_15s_30_1_1_U2410            | 1   |        | mul_ln353_560 | mul | auto      | 0       |
|    diff_562_fu_35601_p2                |     |        | diff_562      | sub | fabric    | 0       |
|    mul_15s_15s_30_1_1_U2411            | 1   |        | mul_ln353_561 | mul | auto      | 0       |
|    diff_563_fu_29634_p2                |     |        | diff_563      | sub | fabric    | 0       |
|    mac_muladd_15s_15s_30s_31_4_1_U2771 | 1   |        | mul_ln353_562 | mul | dsp_slice | 3       |
|    mac_muladd_15s_15s_30s_31_4_1_U2770 | 1   |        | add_ln353_420 | add | dsp_slice | 3       |
|    mac_muladd_15s_15s_30s_31_4_1_U2771 | 1   |        | add_ln353_421 | add | dsp_slice | 3       |
|    partial_323_fu_42143_p2             |     |        | partial_323   | add | fabric    | 0       |
|    d2_140_fu_42164_p2                  |     |        | d2_140        | add | fabric    | 0       |
|    diff_564_fu_29644_p2                |     |        | diff_564      | sub | fabric    | 0       |
|    mac_muladd_15s_15s_30s_31_4_1_U2772 | 1   |        | partial_325   | mul | dsp_slice | 3       |
|    diff_565_fu_35619_p2                |     |        | diff_565      | sub | fabric    | 0       |
|    mul_15s_15s_30_1_1_U2412            | 1   |        | mul_ln353_564 | mul | auto      | 0       |
|    diff_566_fu_35637_p2                |     |        | diff_566      | sub | fabric    | 0       |
|    mul_15s_15s_30_1_1_U2413            | 1   |        | mul_ln353_565 | mul | auto      | 0       |
|    diff_567_fu_29654_p2                |     |        | diff_567      | sub | fabric    | 0       |
|    mac_muladd_15s_15s_30s_31_4_1_U2773 | 1   |        | mul_ln353_566 | mul | dsp_slice | 3       |
|    mac_muladd_15s_15s_30s_31_4_1_U2772 | 1   |        | add_ln353_423 | add | dsp_slice | 3       |
|    mac_muladd_15s_15s_30s_31_4_1_U2773 | 1   |        | add_ln353_424 | add | dsp_slice | 3       |
|    partial_326_fu_42188_p2             |     |        | partial_326   | add | fabric    | 0       |
|    d2_141_fu_42209_p2                  |     |        | d2_141        | add | fabric    | 0       |
|    diff_568_fu_29664_p2                |     |        | diff_568      | sub | fabric    | 0       |
|    mac_muladd_15s_15s_30s_31_4_1_U2774 | 1   |        | partial_328   | mul | dsp_slice | 3       |
|    diff_569_fu_35655_p2                |     |        | diff_569      | sub | fabric    | 0       |
|    mul_15s_15s_30_1_1_U2414            | 1   |        | mul_ln353_568 | mul | auto      | 0       |
|    diff_570_fu_35673_p2                |     |        | diff_570      | sub | fabric    | 0       |
|    mul_15s_15s_30_1_1_U2415            | 1   |        | mul_ln353_569 | mul | auto      | 0       |
|    diff_571_fu_29674_p2                |     |        | diff_571      | sub | fabric    | 0       |
|    mac_muladd_15s_15s_30s_31_4_1_U2775 | 1   |        | mul_ln353_570 | mul | dsp_slice | 3       |
|    mac_muladd_15s_15s_30s_31_4_1_U2774 | 1   |        | add_ln353_426 | add | dsp_slice | 3       |
|    mac_muladd_15s_15s_30s_31_4_1_U2775 | 1   |        | add_ln353_427 | add | dsp_slice | 3       |
|    partial_329_fu_42233_p2             |     |        | partial_329   | add | fabric    | 0       |
|    d2_142_fu_42254_p2                  |     |        | d2_142        | add | fabric    | 0       |
|    diff_572_fu_29691_p2                |     |        | diff_572      | sub | fabric    | 0       |
|    mac_muladd_15s_15s_30s_31_4_1_U2776 | 1   |        | partial_331   | mul | dsp_slice | 3       |
|    diff_573_fu_35691_p2                |     |        | diff_573      | sub | fabric    | 0       |
|    mul_15s_15s_30_1_1_U2416            | 1   |        | mul_ln353_572 | mul | auto      | 0       |
|    diff_574_fu_35709_p2                |     |        | diff_574      | sub | fabric    | 0       |
|    mul_15s_15s_30_1_1_U2417            | 1   |        | mul_ln353_573 | mul | auto      | 0       |
|    diff_575_fu_29722_p2                |     |        | diff_575      | sub | fabric    | 0       |
|    mac_muladd_15s_15s_30s_31_4_1_U2777 | 1   |        | mul_ln353_574 | mul | dsp_slice | 3       |
|    mac_muladd_15s_15s_30s_31_4_1_U2776 | 1   |        | add_ln353_429 | add | dsp_slice | 3       |
|    mac_muladd_15s_15s_30s_31_4_1_U2777 | 1   |        | add_ln353_430 | add | dsp_slice | 3       |
|    partial_332_fu_42278_p2             |     |        | partial_332   | add | fabric    | 0       |
|    diff_576_fu_35727_p2                |     |        | diff_576      | sub | fabric    | 0       |
|    mul_15s_15s_30_1_1_U2418            | 1   |        | partial_334   | mul | auto      | 0       |
|    diff_577_fu_35745_p2                |     |        | diff_577      | sub | fabric    | 0       |
|    mul_15s_15s_30_1_1_U2419            | 1   |        | mul_ln353_576 | mul | auto      | 0       |
|    diff_578_fu_29732_p2                |     |        | diff_578      | sub | fabric    | 0       |
|    mac_muladd_15s_15s_30s_31_4_1_U2778 | 1   |        | mul_ln353_577 | mul | dsp_slice | 3       |
|    diff_579_fu_29742_p2                |     |        | diff_579      | sub | fabric    | 0       |
|    mac_muladd_15s_15s_30s_31_4_1_U2779 | 1   |        | mul_ln353_578 | mul | dsp_slice | 3       |
|    mac_muladd_15s_15s_30s_31_4_1_U2778 | 1   |        | add_ln353_432 | add | dsp_slice | 3       |
|    mac_muladd_15s_15s_30s_31_4_1_U2779 | 1   |        | add_ln353_433 | add | dsp_slice | 3       |
|    partial_335_fu_42297_p2             |     |        | partial_335   | add | fabric    | 0       |
|    diff_580_fu_35763_p2                |     |        | diff_580      | sub | fabric    | 0       |
|    mul_15s_15s_30_1_1_U2420            | 1   |        | partial_336   | mul | auto      | 0       |
|    diff_581_fu_35781_p2                |     |        | diff_581      | sub | fabric    | 0       |
|    mul_15s_15s_30_1_1_U2421            | 1   |        | mul_ln353_580 | mul | auto      | 0       |
|    diff_582_fu_29752_p2                |     |        | diff_582      | sub | fabric    | 0       |
|    mac_muladd_15s_15s_30s_31_4_1_U2780 | 1   |        | mul_ln353_581 | mul | dsp_slice | 3       |
|    diff_583_fu_29762_p2                |     |        | diff_583      | sub | fabric    | 0       |
|    mac_muladd_15s_15s_30s_31_4_1_U2781 | 1   |        | mul_ln353_582 | mul | dsp_slice | 3       |
|    mac_muladd_15s_15s_30s_31_4_1_U2780 | 1   |        | add_ln353_435 | add | dsp_slice | 3       |
|    mac_muladd_15s_15s_30s_31_4_1_U2781 | 1   |        | add_ln353_436 | add | dsp_slice | 3       |
|    partial_337_fu_42309_p2             |     |        | partial_337   | add | fabric    | 0       |
|    d2_143_fu_42339_p2                  |     |        | d2_143        | add | fabric    | 0       |
|    d2_144_fu_42357_p2                  |     |        | d2_144        | add | fabric    | 0       |
|    d2_145_fu_42370_p2                  |     |        | d2_145        | add | fabric    | 0       |
|    diff_584_fu_29772_p2                |     |        | diff_584      | sub | fabric    | 0       |
|    mac_muladd_15s_15s_30s_31_4_1_U2782 | 1   |        | partial_338   | mul | dsp_slice | 3       |
|    diff_585_fu_35799_p2                |     |        | diff_585      | sub | fabric    | 0       |
|    mul_15s_15s_30_1_1_U2422            | 1   |        | mul_ln353_584 | mul | auto      | 0       |
|    diff_586_fu_35817_p2                |     |        | diff_586      | sub | fabric    | 0       |
|    mul_15s_15s_30_1_1_U2423            | 1   |        | mul_ln353_585 | mul | auto      | 0       |
|    diff_587_fu_29782_p2                |     |        | diff_587      | sub | fabric    | 0       |
|    mac_muladd_15s_15s_30s_31_4_1_U2783 | 1   |        | mul_ln353_586 | mul | dsp_slice | 3       |
|    mac_muladd_15s_15s_30s_31_4_1_U2782 | 1   |        | add_ln353_438 | add | dsp_slice | 3       |
|    mac_muladd_15s_15s_30s_31_4_1_U2783 | 1   |        | add_ln353_439 | add | dsp_slice | 3       |
|    partial_339_fu_42389_p2             |     |        | partial_339   | add | fabric    | 0       |
|    d2_146_fu_42410_p2                  |     |        | d2_146        | add | fabric    | 0       |
|    diff_588_fu_29792_p2                |     |        | diff_588      | sub | fabric    | 0       |
|    mac_muladd_15s_15s_30s_31_4_1_U2784 | 1   |        | partial_341   | mul | dsp_slice | 3       |
|    diff_589_fu_35835_p2                |     |        | diff_589      | sub | fabric    | 0       |
|    mul_15s_15s_30_1_1_U2424            | 1   |        | mul_ln353_588 | mul | auto      | 0       |
|    diff_590_fu_35853_p2                |     |        | diff_590      | sub | fabric    | 0       |
|    mul_15s_15s_30_1_1_U2425            | 1   |        | mul_ln353_589 | mul | auto      | 0       |
|    diff_591_fu_29802_p2                |     |        | diff_591      | sub | fabric    | 0       |
|    mac_muladd_15s_15s_30s_31_4_1_U2785 | 1   |        | mul_ln353_590 | mul | dsp_slice | 3       |
|    mac_muladd_15s_15s_30s_31_4_1_U2784 | 1   |        | add_ln353_441 | add | dsp_slice | 3       |
|    mac_muladd_15s_15s_30s_31_4_1_U2785 | 1   |        | add_ln353_442 | add | dsp_slice | 3       |
|    partial_342_fu_42434_p2             |     |        | partial_342   | add | fabric    | 0       |
|    d2_147_fu_42455_p2                  |     |        | d2_147        | add | fabric    | 0       |
|    diff_592_fu_29812_p2                |     |        | diff_592      | sub | fabric    | 0       |
|    mac_muladd_15s_15s_30s_31_4_1_U2786 | 1   |        | partial_344   | mul | dsp_slice | 3       |
|    diff_593_fu_35871_p2                |     |        | diff_593      | sub | fabric    | 0       |
|    mul_15s_15s_30_1_1_U2426            | 1   |        | mul_ln353_592 | mul | auto      | 0       |
|    diff_594_fu_35889_p2                |     |        | diff_594      | sub | fabric    | 0       |
|    mul_15s_15s_30_1_1_U2427            | 1   |        | mul_ln353_593 | mul | auto      | 0       |
|    diff_595_fu_29822_p2                |     |        | diff_595      | sub | fabric    | 0       |
|    mac_muladd_15s_15s_30s_31_4_1_U2787 | 1   |        | mul_ln353_594 | mul | dsp_slice | 3       |
|    mac_muladd_15s_15s_30s_31_4_1_U2786 | 1   |        | add_ln353_444 | add | dsp_slice | 3       |
|    mac_muladd_15s_15s_30s_31_4_1_U2787 | 1   |        | add_ln353_445 | add | dsp_slice | 3       |
|    partial_345_fu_42479_p2             |     |        | partial_345   | add | fabric    | 0       |
|    d2_148_fu_42500_p2                  |     |        | d2_148        | add | fabric    | 0       |
|    diff_596_fu_29832_p2                |     |        | diff_596      | sub | fabric    | 0       |
|    mac_muladd_15s_15s_30s_31_4_1_U2788 | 1   |        | partial_347   | mul | dsp_slice | 3       |
|    diff_597_fu_35907_p2                |     |        | diff_597      | sub | fabric    | 0       |
|    mul_15s_15s_30_1_1_U2428            | 1   |        | mul_ln353_596 | mul | auto      | 0       |
|    diff_598_fu_35925_p2                |     |        | diff_598      | sub | fabric    | 0       |
|    mul_15s_15s_30_1_1_U2429            | 1   |        | mul_ln353_597 | mul | auto      | 0       |
|    diff_599_fu_29842_p2                |     |        | diff_599      | sub | fabric    | 0       |
|    mac_muladd_15s_15s_30s_31_4_1_U2789 | 1   |        | mul_ln353_598 | mul | dsp_slice | 3       |
|    mac_muladd_15s_15s_30s_31_4_1_U2788 | 1   |        | add_ln353_447 | add | dsp_slice | 3       |
|    mac_muladd_15s_15s_30s_31_4_1_U2789 | 1   |        | add_ln353_448 | add | dsp_slice | 3       |
|    partial_348_fu_42524_p2             |     |        | partial_348   | add | fabric    | 0       |
|    d2_149_fu_42545_p2                  |     |        | d2_149        | add | fabric    | 0       |
|    diff_600_fu_29852_p2                |     |        | diff_600      | sub | fabric    | 0       |
|    mac_muladd_15s_15s_30s_31_4_1_U2790 | 1   |        | partial_350   | mul | dsp_slice | 3       |
|    diff_601_fu_35943_p2                |     |        | diff_601      | sub | fabric    | 0       |
|    mul_15s_15s_30_1_1_U2430            | 1   |        | mul_ln353_600 | mul | auto      | 0       |
|    diff_602_fu_35961_p2                |     |        | diff_602      | sub | fabric    | 0       |
|    mul_15s_15s_30_1_1_U2431            | 1   |        | mul_ln353_601 | mul | auto      | 0       |
|    diff_603_fu_29862_p2                |     |        | diff_603      | sub | fabric    | 0       |
|    mac_muladd_15s_15s_30s_31_4_1_U2791 | 1   |        | mul_ln353_602 | mul | dsp_slice | 3       |
|    mac_muladd_15s_15s_30s_31_4_1_U2790 | 1   |        | add_ln353_450 | add | dsp_slice | 3       |
|    mac_muladd_15s_15s_30s_31_4_1_U2791 | 1   |        | add_ln353_451 | add | dsp_slice | 3       |
|    partial_351_fu_42569_p2             |     |        | partial_351   | add | fabric    | 0       |
|    d2_150_fu_42590_p2                  |     |        | d2_150        | add | fabric    | 0       |
|    diff_604_fu_29872_p2                |     |        | diff_604      | sub | fabric    | 0       |
|    mac_muladd_15s_15s_30s_31_4_1_U2792 | 1   |        | partial_353   | mul | dsp_slice | 3       |
|    diff_605_fu_35979_p2                |     |        | diff_605      | sub | fabric    | 0       |
|    mul_15s_15s_30_1_1_U2432            | 1   |        | mul_ln353_604 | mul | auto      | 0       |
|    diff_606_fu_35997_p2                |     |        | diff_606      | sub | fabric    | 0       |
|    mul_15s_15s_30_1_1_U2433            | 1   |        | mul_ln353_605 | mul | auto      | 0       |
|    diff_607_fu_29882_p2                |     |        | diff_607      | sub | fabric    | 0       |
|    mac_muladd_15s_15s_30s_31_4_1_U2793 | 1   |        | mul_ln353_606 | mul | dsp_slice | 3       |
|    mac_muladd_15s_15s_30s_31_4_1_U2792 | 1   |        | add_ln353_453 | add | dsp_slice | 3       |
|    mac_muladd_15s_15s_30s_31_4_1_U2793 | 1   |        | add_ln353_454 | add | dsp_slice | 3       |
|    partial_354_fu_42614_p2             |     |        | partial_354   | add | fabric    | 0       |
|    d2_151_fu_42635_p2                  |     |        | d2_151        | add | fabric    | 0       |
|    diff_608_fu_29892_p2                |     |        | diff_608      | sub | fabric    | 0       |
|    mac_muladd_15s_15s_30s_31_4_1_U2794 | 1   |        | partial_356   | mul | dsp_slice | 3       |
|    diff_609_fu_36015_p2                |     |        | diff_609      | sub | fabric    | 0       |
|    mul_15s_15s_30_1_1_U2434            | 1   |        | mul_ln353_608 | mul | auto      | 0       |
|    diff_610_fu_36033_p2                |     |        | diff_610      | sub | fabric    | 0       |
|    mul_15s_15s_30_1_1_U2435            | 1   |        | mul_ln353_609 | mul | auto      | 0       |
|    diff_611_fu_29902_p2                |     |        | diff_611      | sub | fabric    | 0       |
|    mac_muladd_15s_15s_30s_31_4_1_U2795 | 1   |        | mul_ln353_610 | mul | dsp_slice | 3       |
|    mac_muladd_15s_15s_30s_31_4_1_U2794 | 1   |        | add_ln353_456 | add | dsp_slice | 3       |
|    mac_muladd_15s_15s_30s_31_4_1_U2795 | 1   |        | add_ln353_457 | add | dsp_slice | 3       |
|    partial_357_fu_42659_p2             |     |        | partial_357   | add | fabric    | 0       |
|    d2_152_fu_42680_p2                  |     |        | d2_152        | add | fabric    | 0       |
|    diff_612_fu_29912_p2                |     |        | diff_612      | sub | fabric    | 0       |
|    mac_muladd_15s_15s_30s_31_4_1_U2796 | 1   |        | partial_359   | mul | dsp_slice | 3       |
|    diff_613_fu_36051_p2                |     |        | diff_613      | sub | fabric    | 0       |
|    mul_15s_15s_30_1_1_U2436            | 1   |        | mul_ln353_612 | mul | auto      | 0       |
|    diff_614_fu_36069_p2                |     |        | diff_614      | sub | fabric    | 0       |
|    mul_15s_15s_30_1_1_U2437            | 1   |        | mul_ln353_613 | mul | auto      | 0       |
|    diff_615_fu_29922_p2                |     |        | diff_615      | sub | fabric    | 0       |
|    mac_muladd_15s_15s_30s_31_4_1_U2797 | 1   |        | mul_ln353_614 | mul | dsp_slice | 3       |
|    mac_muladd_15s_15s_30s_31_4_1_U2796 | 1   |        | add_ln353_459 | add | dsp_slice | 3       |
|    mac_muladd_15s_15s_30s_31_4_1_U2797 | 1   |        | add_ln353_460 | add | dsp_slice | 3       |
|    partial_360_fu_42704_p2             |     |        | partial_360   | add | fabric    | 0       |
|    d2_153_fu_42725_p2                  |     |        | d2_153        | add | fabric    | 0       |
|    diff_616_fu_29932_p2                |     |        | diff_616      | sub | fabric    | 0       |
|    mac_muladd_15s_15s_30s_31_4_1_U2798 | 1   |        | partial_362   | mul | dsp_slice | 3       |
|    diff_617_fu_36087_p2                |     |        | diff_617      | sub | fabric    | 0       |
|    mul_15s_15s_30_1_1_U2438            | 1   |        | mul_ln353_616 | mul | auto      | 0       |
|    diff_618_fu_36105_p2                |     |        | diff_618      | sub | fabric    | 0       |
|    mul_15s_15s_30_1_1_U2439            | 1   |        | mul_ln353_617 | mul | auto      | 0       |
|    diff_619_fu_29942_p2                |     |        | diff_619      | sub | fabric    | 0       |
|    mac_muladd_15s_15s_30s_31_4_1_U2799 | 1   |        | mul_ln353_618 | mul | dsp_slice | 3       |
|    mac_muladd_15s_15s_30s_31_4_1_U2798 | 1   |        | add_ln353_462 | add | dsp_slice | 3       |
|    mac_muladd_15s_15s_30s_31_4_1_U2799 | 1   |        | add_ln353_463 | add | dsp_slice | 3       |
|    partial_363_fu_42749_p2             |     |        | partial_363   | add | fabric    | 0       |
|    d2_154_fu_42770_p2                  |     |        | d2_154        | add | fabric    | 0       |
|    diff_620_fu_29959_p2                |     |        | diff_620      | sub | fabric    | 0       |
|    mac_muladd_15s_15s_30s_31_4_1_U2800 | 1   |        | partial_365   | mul | dsp_slice | 3       |
|    diff_621_fu_36123_p2                |     |        | diff_621      | sub | fabric    | 0       |
|    mul_15s_15s_30_1_1_U2440            | 1   |        | mul_ln353_620 | mul | auto      | 0       |
|    diff_622_fu_36141_p2                |     |        | diff_622      | sub | fabric    | 0       |
|    mul_15s_15s_30_1_1_U2441            | 1   |        | mul_ln353_621 | mul | auto      | 0       |
|    diff_623_fu_29990_p2                |     |        | diff_623      | sub | fabric    | 0       |
|    mac_muladd_15s_15s_30s_31_4_1_U2801 | 1   |        | mul_ln353_622 | mul | dsp_slice | 3       |
|    mac_muladd_15s_15s_30s_31_4_1_U2800 | 1   |        | add_ln353_465 | add | dsp_slice | 3       |
|    mac_muladd_15s_15s_30s_31_4_1_U2801 | 1   |        | add_ln353_466 | add | dsp_slice | 3       |
|    partial_366_fu_42794_p2             |     |        | partial_366   | add | fabric    | 0       |
|    diff_624_fu_36159_p2                |     |        | diff_624      | sub | fabric    | 0       |
|    mul_15s_15s_30_1_1_U2442            | 1   |        | partial_368   | mul | auto      | 0       |
|    diff_625_fu_36177_p2                |     |        | diff_625      | sub | fabric    | 0       |
|    mul_15s_15s_30_1_1_U2443            | 1   |        | mul_ln353_624 | mul | auto      | 0       |
|    diff_626_fu_30000_p2                |     |        | diff_626      | sub | fabric    | 0       |
|    mac_muladd_15s_15s_30s_31_4_1_U2802 | 1   |        | mul_ln353_625 | mul | dsp_slice | 3       |
|    diff_627_fu_30010_p2                |     |        | diff_627      | sub | fabric    | 0       |
|    mac_muladd_15s_15s_30s_31_4_1_U2803 | 1   |        | mul_ln353_626 | mul | dsp_slice | 3       |
|    mac_muladd_15s_15s_30s_31_4_1_U2802 | 1   |        | add_ln353_468 | add | dsp_slice | 3       |
|    mac_muladd_15s_15s_30s_31_4_1_U2803 | 1   |        | add_ln353_469 | add | dsp_slice | 3       |
|    partial_369_fu_42813_p2             |     |        | partial_369   | add | fabric    | 0       |
|    d2_155_fu_42835_p2                  |     |        | d2_155        | add | fabric    | 0       |
|    d2_156_fu_42853_p2                  |     |        | d2_156        | add | fabric    | 0       |
|    diff_628_fu_30020_p2                |     |        | diff_628      | sub | fabric    | 0       |
|    mac_muladd_15s_15s_30s_31_4_1_U2804 | 1   |        | partial_370   | mul | dsp_slice | 3       |
|    diff_629_fu_36195_p2                |     |        | diff_629      | sub | fabric    | 0       |
|    mul_15s_15s_30_1_1_U2444            | 1   |        | mul_ln353_628 | mul | auto      | 0       |
|    diff_630_fu_36213_p2                |     |        | diff_630      | sub | fabric    | 0       |
|    mul_15s_15s_30_1_1_U2445            | 1   |        | mul_ln353_629 | mul | auto      | 0       |
|    diff_631_fu_30030_p2                |     |        | diff_631      | sub | fabric    | 0       |
|    mac_muladd_15s_15s_30s_31_4_1_U2805 | 1   |        | mul_ln353_630 | mul | dsp_slice | 3       |
|    mac_muladd_15s_15s_30s_31_4_1_U2804 | 1   |        | add_ln353_471 | add | dsp_slice | 3       |
|    mac_muladd_15s_15s_30s_31_4_1_U2805 | 1   |        | add_ln353_472 | add | dsp_slice | 3       |
|    partial_371_fu_42872_p2             |     |        | partial_371   | add | fabric    | 0       |
|    d2_157_fu_42893_p2                  |     |        | d2_157        | add | fabric    | 0       |
|    diff_632_fu_30040_p2                |     |        | diff_632      | sub | fabric    | 0       |
|    mac_muladd_15s_15s_30s_31_4_1_U2806 | 1   |        | partial_373   | mul | dsp_slice | 3       |
|    diff_633_fu_36231_p2                |     |        | diff_633      | sub | fabric    | 0       |
|    mul_15s_15s_30_1_1_U2446            | 1   |        | mul_ln353_632 | mul | auto      | 0       |
|    diff_634_fu_36249_p2                |     |        | diff_634      | sub | fabric    | 0       |
|    mul_15s_15s_30_1_1_U2447            | 1   |        | mul_ln353_633 | mul | auto      | 0       |
|    diff_635_fu_30050_p2                |     |        | diff_635      | sub | fabric    | 0       |
|    mac_muladd_15s_15s_30s_31_4_1_U2807 | 1   |        | mul_ln353_634 | mul | dsp_slice | 3       |
|    mac_muladd_15s_15s_30s_31_4_1_U2806 | 1   |        | add_ln353_474 | add | dsp_slice | 3       |
|    mac_muladd_15s_15s_30s_31_4_1_U2807 | 1   |        | add_ln353_475 | add | dsp_slice | 3       |
|    partial_374_fu_42917_p2             |     |        | partial_374   | add | fabric    | 0       |
|    d2_158_fu_42938_p2                  |     |        | d2_158        | add | fabric    | 0       |
|    diff_636_fu_30060_p2                |     |        | diff_636      | sub | fabric    | 0       |
|    mac_muladd_15s_15s_30s_31_4_1_U2808 | 1   |        | partial_376   | mul | dsp_slice | 3       |
|    diff_637_fu_36267_p2                |     |        | diff_637      | sub | fabric    | 0       |
|    mul_15s_15s_30_1_1_U2448            | 1   |        | mul_ln353_636 | mul | auto      | 0       |
|    diff_638_fu_36285_p2                |     |        | diff_638      | sub | fabric    | 0       |
|    mul_15s_15s_30_1_1_U2449            | 1   |        | mul_ln353_637 | mul | auto      | 0       |
|    diff_639_fu_30070_p2                |     |        | diff_639      | sub | fabric    | 0       |
|    mac_muladd_15s_15s_30s_31_4_1_U2809 | 1   |        | mul_ln353_638 | mul | dsp_slice | 3       |
|    mac_muladd_15s_15s_30s_31_4_1_U2808 | 1   |        | add_ln353_477 | add | dsp_slice | 3       |
|    mac_muladd_15s_15s_30s_31_4_1_U2809 | 1   |        | add_ln353_478 | add | dsp_slice | 3       |
|    partial_377_fu_42962_p2             |     |        | partial_377   | add | fabric    | 0       |
|    d2_159_fu_42983_p2                  |     |        | d2_159        | add | fabric    | 0       |
|    diff_640_fu_30080_p2                |     |        | diff_640      | sub | fabric    | 0       |
|    mac_muladd_15s_15s_30s_31_4_1_U2810 | 1   |        | partial_379   | mul | dsp_slice | 3       |
|    diff_641_fu_36303_p2                |     |        | diff_641      | sub | fabric    | 0       |
|    mul_15s_15s_30_1_1_U2450            | 1   |        | mul_ln353_640 | mul | auto      | 0       |
|    diff_642_fu_36321_p2                |     |        | diff_642      | sub | fabric    | 0       |
|    mul_15s_15s_30_1_1_U2451            | 1   |        | mul_ln353_641 | mul | auto      | 0       |
|    diff_643_fu_30090_p2                |     |        | diff_643      | sub | fabric    | 0       |
|    mac_muladd_15s_15s_30s_31_4_1_U2811 | 1   |        | mul_ln353_642 | mul | dsp_slice | 3       |
|    mac_muladd_15s_15s_30s_31_4_1_U2810 | 1   |        | add_ln353_480 | add | dsp_slice | 3       |
|    mac_muladd_15s_15s_30s_31_4_1_U2811 | 1   |        | add_ln353_481 | add | dsp_slice | 3       |
|    partial_380_fu_43007_p2             |     |        | partial_380   | add | fabric    | 0       |
|    d2_160_fu_43028_p2                  |     |        | d2_160        | add | fabric    | 0       |
|    diff_644_fu_30100_p2                |     |        | diff_644      | sub | fabric    | 0       |
|    mac_muladd_15s_15s_30s_31_4_1_U2812 | 1   |        | partial_382   | mul | dsp_slice | 3       |
|    diff_645_fu_36339_p2                |     |        | diff_645      | sub | fabric    | 0       |
|    mul_15s_15s_30_1_1_U2452            | 1   |        | mul_ln353_644 | mul | auto      | 0       |
|    diff_646_fu_36357_p2                |     |        | diff_646      | sub | fabric    | 0       |
|    mul_15s_15s_30_1_1_U2453            | 1   |        | mul_ln353_645 | mul | auto      | 0       |
|    diff_647_fu_30110_p2                |     |        | diff_647      | sub | fabric    | 0       |
|    mac_muladd_15s_15s_30s_31_4_1_U2813 | 1   |        | mul_ln353_646 | mul | dsp_slice | 3       |
|    mac_muladd_15s_15s_30s_31_4_1_U2812 | 1   |        | add_ln353_483 | add | dsp_slice | 3       |
|    mac_muladd_15s_15s_30s_31_4_1_U2813 | 1   |        | add_ln353_484 | add | dsp_slice | 3       |
|    partial_383_fu_43052_p2             |     |        | partial_383   | add | fabric    | 0       |
|    d2_161_fu_43073_p2                  |     |        | d2_161        | add | fabric    | 0       |
|    diff_648_fu_30120_p2                |     |        | diff_648      | sub | fabric    | 0       |
|    mac_muladd_15s_15s_30s_31_4_1_U2814 | 1   |        | partial_385   | mul | dsp_slice | 3       |
|    diff_649_fu_36375_p2                |     |        | diff_649      | sub | fabric    | 0       |
|    mul_15s_15s_30_1_1_U2454            | 1   |        | mul_ln353_648 | mul | auto      | 0       |
|    diff_650_fu_36393_p2                |     |        | diff_650      | sub | fabric    | 0       |
|    mul_15s_15s_30_1_1_U2455            | 1   |        | mul_ln353_649 | mul | auto      | 0       |
|    diff_651_fu_30130_p2                |     |        | diff_651      | sub | fabric    | 0       |
|    mac_muladd_15s_15s_30s_31_4_1_U2815 | 1   |        | mul_ln353_650 | mul | dsp_slice | 3       |
|    mac_muladd_15s_15s_30s_31_4_1_U2814 | 1   |        | add_ln353_486 | add | dsp_slice | 3       |
|    mac_muladd_15s_15s_30s_31_4_1_U2815 | 1   |        | add_ln353_487 | add | dsp_slice | 3       |
|    partial_386_fu_43097_p2             |     |        | partial_386   | add | fabric    | 0       |
|    d2_162_fu_43118_p2                  |     |        | d2_162        | add | fabric    | 0       |
|    diff_652_fu_30140_p2                |     |        | diff_652      | sub | fabric    | 0       |
|    mac_muladd_15s_15s_30s_31_4_1_U2816 | 1   |        | partial_388   | mul | dsp_slice | 3       |
|    diff_653_fu_36411_p2                |     |        | diff_653      | sub | fabric    | 0       |
|    mul_15s_15s_30_1_1_U2456            | 1   |        | mul_ln353_652 | mul | auto      | 0       |
|    diff_654_fu_36429_p2                |     |        | diff_654      | sub | fabric    | 0       |
|    mul_15s_15s_30_1_1_U2457            | 1   |        | mul_ln353_653 | mul | auto      | 0       |
|    diff_655_fu_30150_p2                |     |        | diff_655      | sub | fabric    | 0       |
|    mac_muladd_15s_15s_30s_31_4_1_U2817 | 1   |        | mul_ln353_654 | mul | dsp_slice | 3       |
|    mac_muladd_15s_15s_30s_31_4_1_U2816 | 1   |        | add_ln353_489 | add | dsp_slice | 3       |
|    mac_muladd_15s_15s_30s_31_4_1_U2817 | 1   |        | add_ln353_490 | add | dsp_slice | 3       |
|    partial_389_fu_43142_p2             |     |        | partial_389   | add | fabric    | 0       |
|    d2_163_fu_43163_p2                  |     |        | d2_163        | add | fabric    | 0       |
|    diff_656_fu_30160_p2                |     |        | diff_656      | sub | fabric    | 0       |
|    mac_muladd_15s_15s_30s_31_4_1_U2818 | 1   |        | partial_391   | mul | dsp_slice | 3       |
|    diff_657_fu_36447_p2                |     |        | diff_657      | sub | fabric    | 0       |
|    mul_15s_15s_30_1_1_U2458            | 1   |        | mul_ln353_656 | mul | auto      | 0       |
|    diff_658_fu_36465_p2                |     |        | diff_658      | sub | fabric    | 0       |
|    mul_15s_15s_30_1_1_U2459            | 1   |        | mul_ln353_657 | mul | auto      | 0       |
|    diff_659_fu_30170_p2                |     |        | diff_659      | sub | fabric    | 0       |
|    mac_muladd_15s_15s_30s_31_4_1_U2819 | 1   |        | mul_ln353_658 | mul | dsp_slice | 3       |
|    mac_muladd_15s_15s_30s_31_4_1_U2818 | 1   |        | add_ln353_492 | add | dsp_slice | 3       |
|    mac_muladd_15s_15s_30s_31_4_1_U2819 | 1   |        | add_ln353_493 | add | dsp_slice | 3       |
|    partial_392_fu_43187_p2             |     |        | partial_392   | add | fabric    | 0       |
|    d2_164_fu_43208_p2                  |     |        | d2_164        | add | fabric    | 0       |
|    diff_660_fu_30180_p2                |     |        | diff_660      | sub | fabric    | 0       |
|    mac_muladd_15s_15s_30s_31_4_1_U2820 | 1   |        | partial_394   | mul | dsp_slice | 3       |
|    diff_661_fu_36483_p2                |     |        | diff_661      | sub | fabric    | 0       |
|    mul_15s_15s_30_1_1_U2460            | 1   |        | mul_ln353_660 | mul | auto      | 0       |
|    diff_662_fu_36501_p2                |     |        | diff_662      | sub | fabric    | 0       |
|    mul_15s_15s_30_1_1_U2461            | 1   |        | mul_ln353_661 | mul | auto      | 0       |
|    diff_663_fu_30190_p2                |     |        | diff_663      | sub | fabric    | 0       |
|    mac_muladd_15s_15s_30s_31_4_1_U2821 | 1   |        | mul_ln353_662 | mul | dsp_slice | 3       |
|    mac_muladd_15s_15s_30s_31_4_1_U2820 | 1   |        | add_ln353_495 | add | dsp_slice | 3       |
|    mac_muladd_15s_15s_30s_31_4_1_U2821 | 1   |        | add_ln353_496 | add | dsp_slice | 3       |
|    partial_395_fu_43232_p2             |     |        | partial_395   | add | fabric    | 0       |
|    d2_165_fu_43253_p2                  |     |        | d2_165        | add | fabric    | 0       |
|    diff_664_fu_30200_p2                |     |        | diff_664      | sub | fabric    | 0       |
|    mac_muladd_15s_15s_30s_31_4_1_U2822 | 1   |        | partial_397   | mul | dsp_slice | 3       |
|    diff_665_fu_36519_p2                |     |        | diff_665      | sub | fabric    | 0       |
|    mul_15s_15s_30_1_1_U2462            | 1   |        | mul_ln353_664 | mul | auto      | 0       |
|    diff_666_fu_36537_p2                |     |        | diff_666      | sub | fabric    | 0       |
|    mul_15s_15s_30_1_1_U2463            | 1   |        | mul_ln353_665 | mul | auto      | 0       |
|    diff_667_fu_30210_p2                |     |        | diff_667      | sub | fabric    | 0       |
|    mac_muladd_15s_15s_30s_31_4_1_U2823 | 1   |        | mul_ln353_666 | mul | dsp_slice | 3       |
|    mac_muladd_15s_15s_30s_31_4_1_U2822 | 1   |        | add_ln353_498 | add | dsp_slice | 3       |
|    mac_muladd_15s_15s_30s_31_4_1_U2823 | 1   |        | add_ln353_499 | add | dsp_slice | 3       |
|    partial_398_fu_43277_p2             |     |        | partial_398   | add | fabric    | 0       |
|    d2_166_fu_43298_p2                  |     |        | d2_166        | add | fabric    | 0       |
|    diff_668_fu_30227_p2                |     |        | diff_668      | sub | fabric    | 0       |
|    mac_muladd_15s_15s_30s_31_4_1_U2824 | 1   |        | partial_400   | mul | dsp_slice | 3       |
|    diff_669_fu_36555_p2                |     |        | diff_669      | sub | fabric    | 0       |
|    mul_15s_15s_30_1_1_U2464            | 1   |        | mul_ln353_668 | mul | auto      | 0       |
|    diff_670_fu_36573_p2                |     |        | diff_670      | sub | fabric    | 0       |
|    mul_15s_15s_30_1_1_U2465            | 1   |        | mul_ln353_669 | mul | auto      | 0       |
|    diff_671_fu_30258_p2                |     |        | diff_671      | sub | fabric    | 0       |
|    mac_muladd_15s_15s_30s_31_4_1_U2825 | 1   |        | mul_ln353_670 | mul | dsp_slice | 3       |
|    mac_muladd_15s_15s_30s_31_4_1_U2824 | 1   |        | add_ln353_501 | add | dsp_slice | 3       |
|    mac_muladd_15s_15s_30s_31_4_1_U2825 | 1   |        | add_ln353_502 | add | dsp_slice | 3       |
|    partial_401_fu_43322_p2             |     |        | partial_401   | add | fabric    | 0       |
|    d2_167_fu_43343_p2                  |     |        | d2_167        | add | fabric    | 0       |
|    diff_672_fu_30268_p2                |     |        | diff_672      | sub | fabric    | 0       |
|    mac_muladd_15s_15s_30s_31_4_1_U2826 | 1   |        | partial_403   | mul | dsp_slice | 3       |
|    diff_673_fu_36591_p2                |     |        | diff_673      | sub | fabric    | 0       |
|    mul_15s_15s_30_1_1_U2466            | 1   |        | mul_ln353_672 | mul | auto      | 0       |
|    diff_674_fu_36609_p2                |     |        | diff_674      | sub | fabric    | 0       |
|    mul_15s_15s_30_1_1_U2467            | 1   |        | mul_ln353_673 | mul | auto      | 0       |
|    diff_675_fu_30278_p2                |     |        | diff_675      | sub | fabric    | 0       |
|    mac_muladd_15s_15s_30s_31_4_1_U2827 | 1   |        | mul_ln353_674 | mul | dsp_slice | 3       |
|    mac_muladd_15s_15s_30s_31_4_1_U2826 | 1   |        | add_ln353_504 | add | dsp_slice | 3       |
|    mac_muladd_15s_15s_30s_31_4_1_U2827 | 1   |        | add_ln353_505 | add | dsp_slice | 3       |
|    partial_404_fu_43367_p2             |     |        | partial_404   | add | fabric    | 0       |
|    d2_168_fu_43388_p2                  |     |        | d2_168        | add | fabric    | 0       |
|    diff_676_fu_30288_p2                |     |        | diff_676      | sub | fabric    | 0       |
|    mac_muladd_15s_15s_30s_31_4_1_U2828 | 1   |        | partial_406   | mul | dsp_slice | 3       |
|    diff_677_fu_36627_p2                |     |        | diff_677      | sub | fabric    | 0       |
|    mul_15s_15s_30_1_1_U2468            | 1   |        | mul_ln353_676 | mul | auto      | 0       |
|    diff_678_fu_36645_p2                |     |        | diff_678      | sub | fabric    | 0       |
|    mul_15s_15s_30_1_1_U2469            | 1   |        | mul_ln353_677 | mul | auto      | 0       |
|    diff_679_fu_30298_p2                |     |        | diff_679      | sub | fabric    | 0       |
|    mac_muladd_15s_15s_30s_31_4_1_U2829 | 1   |        | mul_ln353_678 | mul | dsp_slice | 3       |
|    mac_muladd_15s_15s_30s_31_4_1_U2828 | 1   |        | add_ln353_507 | add | dsp_slice | 3       |
|    mac_muladd_15s_15s_30s_31_4_1_U2829 | 1   |        | add_ln353_508 | add | dsp_slice | 3       |
|    partial_407_fu_43412_p2             |     |        | partial_407   | add | fabric    | 0       |
|    d2_169_fu_43433_p2                  |     |        | d2_169        | add | fabric    | 0       |
|    diff_680_fu_30308_p2                |     |        | diff_680      | sub | fabric    | 0       |
|    mac_muladd_15s_15s_30s_31_4_1_U2830 | 1   |        | partial_409   | mul | dsp_slice | 3       |
|    diff_681_fu_36663_p2                |     |        | diff_681      | sub | fabric    | 0       |
|    mul_15s_15s_30_1_1_U2470            | 1   |        | mul_ln353_680 | mul | auto      | 0       |
|    diff_682_fu_36681_p2                |     |        | diff_682      | sub | fabric    | 0       |
|    mul_15s_15s_30_1_1_U2471            | 1   |        | mul_ln353_681 | mul | auto      | 0       |
|    diff_683_fu_30318_p2                |     |        | diff_683      | sub | fabric    | 0       |
|    mac_muladd_15s_15s_30s_31_4_1_U2831 | 1   |        | mul_ln353_682 | mul | dsp_slice | 3       |
|    mac_muladd_15s_15s_30s_31_4_1_U2830 | 1   |        | add_ln353_510 | add | dsp_slice | 3       |
|    mac_muladd_15s_15s_30s_31_4_1_U2831 | 1   |        | add_ln353_511 | add | dsp_slice | 3       |
|    partial_410_fu_43457_p2             |     |        | partial_410   | add | fabric    | 0       |
|    d2_170_fu_43478_p2                  |     |        | d2_170        | add | fabric    | 0       |
|    diff_684_fu_30328_p2                |     |        | diff_684      | sub | fabric    | 0       |
|    mac_muladd_15s_15s_30s_31_4_1_U2832 | 1   |        | partial_412   | mul | dsp_slice | 3       |
|    diff_685_fu_36699_p2                |     |        | diff_685      | sub | fabric    | 0       |
|    mul_15s_15s_30_1_1_U2472            | 1   |        | mul_ln353_684 | mul | auto      | 0       |
|    diff_686_fu_36717_p2                |     |        | diff_686      | sub | fabric    | 0       |
|    mul_15s_15s_30_1_1_U2473            | 1   |        | mul_ln353_685 | mul | auto      | 0       |
|    diff_687_fu_30338_p2                |     |        | diff_687      | sub | fabric    | 0       |
|    mac_muladd_15s_15s_30s_31_4_1_U2833 | 1   |        | mul_ln353_686 | mul | dsp_slice | 3       |
|    mac_muladd_15s_15s_30s_31_4_1_U2832 | 1   |        | add_ln353_513 | add | dsp_slice | 3       |
|    mac_muladd_15s_15s_30s_31_4_1_U2833 | 1   |        | add_ln353_514 | add | dsp_slice | 3       |
|    partial_413_fu_43502_p2             |     |        | partial_413   | add | fabric    | 0       |
|    d2_171_fu_43523_p2                  |     |        | d2_171        | add | fabric    | 0       |
|    diff_688_fu_30348_p2                |     |        | diff_688      | sub | fabric    | 0       |
|    mac_muladd_15s_15s_30s_31_4_1_U2834 | 1   |        | partial_415   | mul | dsp_slice | 3       |
|    diff_689_fu_36735_p2                |     |        | diff_689      | sub | fabric    | 0       |
|    mul_15s_15s_30_1_1_U2474            | 1   |        | mul_ln353_688 | mul | auto      | 0       |
|    diff_690_fu_36753_p2                |     |        | diff_690      | sub | fabric    | 0       |
|    mul_15s_15s_30_1_1_U2475            | 1   |        | mul_ln353_689 | mul | auto      | 0       |
|    diff_691_fu_30358_p2                |     |        | diff_691      | sub | fabric    | 0       |
|    mac_muladd_15s_15s_30s_31_4_1_U2835 | 1   |        | mul_ln353_690 | mul | dsp_slice | 3       |
|    mac_muladd_15s_15s_30s_31_4_1_U2834 | 1   |        | add_ln353_516 | add | dsp_slice | 3       |
|    mac_muladd_15s_15s_30s_31_4_1_U2835 | 1   |        | add_ln353_517 | add | dsp_slice | 3       |
|    partial_416_fu_43547_p2             |     |        | partial_416   | add | fabric    | 0       |
|    d2_172_fu_43568_p2                  |     |        | d2_172        | add | fabric    | 0       |
|    diff_692_fu_30368_p2                |     |        | diff_692      | sub | fabric    | 0       |
|    mac_muladd_15s_15s_30s_31_4_1_U2836 | 1   |        | partial_418   | mul | dsp_slice | 3       |
|    diff_693_fu_36771_p2                |     |        | diff_693      | sub | fabric    | 0       |
|    mul_15s_15s_30_1_1_U2476            | 1   |        | mul_ln353_692 | mul | auto      | 0       |
|    diff_694_fu_36789_p2                |     |        | diff_694      | sub | fabric    | 0       |
|    mul_15s_15s_30_1_1_U2477            | 1   |        | mul_ln353_693 | mul | auto      | 0       |
|    diff_695_fu_30378_p2                |     |        | diff_695      | sub | fabric    | 0       |
|    mac_muladd_15s_15s_30s_31_4_1_U2837 | 1   |        | mul_ln353_694 | mul | dsp_slice | 3       |
|    mac_muladd_15s_15s_30s_31_4_1_U2836 | 1   |        | add_ln353_519 | add | dsp_slice | 3       |
|    mac_muladd_15s_15s_30s_31_4_1_U2837 | 1   |        | add_ln353_520 | add | dsp_slice | 3       |
|    partial_419_fu_43592_p2             |     |        | partial_419   | add | fabric    | 0       |
|    d2_173_fu_43613_p2                  |     |        | d2_173        | add | fabric    | 0       |
|    diff_696_fu_30388_p2                |     |        | diff_696      | sub | fabric    | 0       |
|    mac_muladd_15s_15s_30s_31_4_1_U2838 | 1   |        | partial_421   | mul | dsp_slice | 3       |
|    diff_697_fu_36807_p2                |     |        | diff_697      | sub | fabric    | 0       |
|    mul_15s_15s_30_1_1_U2478            | 1   |        | mul_ln353_696 | mul | auto      | 0       |
|    diff_698_fu_36825_p2                |     |        | diff_698      | sub | fabric    | 0       |
|    mul_15s_15s_30_1_1_U2479            | 1   |        | mul_ln353_697 | mul | auto      | 0       |
|    diff_699_fu_30398_p2                |     |        | diff_699      | sub | fabric    | 0       |
|    mac_muladd_15s_15s_30s_31_4_1_U2839 | 1   |        | mul_ln353_698 | mul | dsp_slice | 3       |
|    mac_muladd_15s_15s_30s_31_4_1_U2838 | 1   |        | add_ln353_522 | add | dsp_slice | 3       |
|    mac_muladd_15s_15s_30s_31_4_1_U2839 | 1   |        | add_ln353_523 | add | dsp_slice | 3       |
|    partial_422_fu_43637_p2             |     |        | partial_422   | add | fabric    | 0       |
|    d2_174_fu_43658_p2                  |     |        | d2_174        | add | fabric    | 0       |
|    diff_700_fu_30408_p2                |     |        | diff_700      | sub | fabric    | 0       |
|    mac_muladd_15s_15s_30s_31_4_1_U2840 | 1   |        | partial_424   | mul | dsp_slice | 3       |
|    diff_701_fu_36843_p2                |     |        | diff_701      | sub | fabric    | 0       |
|    mul_15s_15s_30_1_1_U2480            | 1   |        | mul_ln353_700 | mul | auto      | 0       |
|    diff_702_fu_36861_p2                |     |        | diff_702      | sub | fabric    | 0       |
|    mul_15s_15s_30_1_1_U2481            | 1   |        | mul_ln353_701 | mul | auto      | 0       |
|    diff_703_fu_30418_p2                |     |        | diff_703      | sub | fabric    | 0       |
|    mac_muladd_15s_15s_30s_31_4_1_U2841 | 1   |        | mul_ln353_702 | mul | dsp_slice | 3       |
|    mac_muladd_15s_15s_30s_31_4_1_U2840 | 1   |        | add_ln353_525 | add | dsp_slice | 3       |
|    mac_muladd_15s_15s_30s_31_4_1_U2841 | 1   |        | add_ln353_526 | add | dsp_slice | 3       |
|    partial_425_fu_43682_p2             |     |        | partial_425   | add | fabric    | 0       |
|    d2_175_fu_43703_p2                  |     |        | d2_175        | add | fabric    | 0       |
|    diff_704_fu_30428_p2                |     |        | diff_704      | sub | fabric    | 0       |
|    mac_muladd_15s_15s_30s_31_4_1_U2842 | 1   |        | partial_427   | mul | dsp_slice | 3       |
|    diff_705_fu_36879_p2                |     |        | diff_705      | sub | fabric    | 0       |
|    mul_15s_15s_30_1_1_U2482            | 1   |        | mul_ln353_704 | mul | auto      | 0       |
|    diff_706_fu_36897_p2                |     |        | diff_706      | sub | fabric    | 0       |
|    mul_15s_15s_30_1_1_U2483            | 1   |        | mul_ln353_705 | mul | auto      | 0       |
|    diff_707_fu_30438_p2                |     |        | diff_707      | sub | fabric    | 0       |
|    mac_muladd_15s_15s_30s_31_4_1_U2843 | 1   |        | mul_ln353_706 | mul | dsp_slice | 3       |
|    mac_muladd_15s_15s_30s_31_4_1_U2842 | 1   |        | add_ln353_528 | add | dsp_slice | 3       |
|    mac_muladd_15s_15s_30s_31_4_1_U2843 | 1   |        | add_ln353_529 | add | dsp_slice | 3       |
|    partial_428_fu_43727_p2             |     |        | partial_428   | add | fabric    | 0       |
|    d2_176_fu_43748_p2                  |     |        | d2_176        | add | fabric    | 0       |
|    diff_708_fu_30448_p2                |     |        | diff_708      | sub | fabric    | 0       |
|    mac_muladd_15s_15s_30s_31_4_1_U2844 | 1   |        | partial_430   | mul | dsp_slice | 3       |
|    diff_709_fu_36915_p2                |     |        | diff_709      | sub | fabric    | 0       |
|    mul_15s_15s_30_1_1_U2484            | 1   |        | mul_ln353_708 | mul | auto      | 0       |
|    diff_710_fu_36933_p2                |     |        | diff_710      | sub | fabric    | 0       |
|    mul_15s_15s_30_1_1_U2485            | 1   |        | mul_ln353_709 | mul | auto      | 0       |
|    diff_711_fu_30458_p2                |     |        | diff_711      | sub | fabric    | 0       |
|    mac_muladd_15s_15s_30s_31_4_1_U2845 | 1   |        | mul_ln353_710 | mul | dsp_slice | 3       |
|    mac_muladd_15s_15s_30s_31_4_1_U2844 | 1   |        | add_ln353_531 | add | dsp_slice | 3       |
|    mac_muladd_15s_15s_30s_31_4_1_U2845 | 1   |        | add_ln353_532 | add | dsp_slice | 3       |
|    partial_431_fu_43772_p2             |     |        | partial_431   | add | fabric    | 0       |
|    d2_177_fu_43793_p2                  |     |        | d2_177        | add | fabric    | 0       |
|    diff_712_fu_30468_p2                |     |        | diff_712      | sub | fabric    | 0       |
|    mac_muladd_15s_15s_30s_31_4_1_U2846 | 1   |        | partial_433   | mul | dsp_slice | 3       |
|    diff_713_fu_36951_p2                |     |        | diff_713      | sub | fabric    | 0       |
|    mul_15s_15s_30_1_1_U2486            | 1   |        | mul_ln353_712 | mul | auto      | 0       |
|    diff_714_fu_36969_p2                |     |        | diff_714      | sub | fabric    | 0       |
|    mul_15s_15s_30_1_1_U2487            | 1   |        | mul_ln353_713 | mul | auto      | 0       |
|    diff_715_fu_30478_p2                |     |        | diff_715      | sub | fabric    | 0       |
|    mac_muladd_15s_15s_30s_31_4_1_U2847 | 1   |        | mul_ln353_714 | mul | dsp_slice | 3       |
|    mac_muladd_15s_15s_30s_31_4_1_U2846 | 1   |        | add_ln353_534 | add | dsp_slice | 3       |
|    mac_muladd_15s_15s_30s_31_4_1_U2847 | 1   |        | add_ln353_535 | add | dsp_slice | 3       |
|    partial_434_fu_43817_p2             |     |        | partial_434   | add | fabric    | 0       |
|    d2_178_fu_43838_p2                  |     |        | d2_178        | add | fabric    | 0       |
|    diff_716_fu_30495_p2                |     |        | diff_716      | sub | fabric    | 0       |
|    mac_muladd_15s_15s_30s_31_4_1_U2848 | 1   |        | partial_436   | mul | dsp_slice | 3       |
|    diff_717_fu_30512_p2                |     |        | diff_717      | sub | fabric    | 0       |
|    mul_15s_15s_30_1_1_U2488            | 1   |        | mul_ln353_716 | mul | auto      | 0       |
|    diff_718_fu_30525_p2                |     |        | diff_718      | sub | fabric    | 0       |
|    mul_15s_15s_30_1_1_U2489            | 1   |        | mul_ln353_717 | mul | auto      | 0       |
|    diff_719_fu_30538_p2                |     |        | diff_719      | sub | fabric    | 0       |
|    mac_muladd_15s_15s_30s_31_4_1_U2849 | 1   |        | mul_ln353_718 | mul | dsp_slice | 3       |
|    mac_muladd_15s_15s_30s_31_4_1_U2848 | 1   |        | add_ln353_537 | add | dsp_slice | 3       |
|    mac_muladd_15s_15s_30s_31_4_1_U2849 | 1   |        | add_ln353_538 | add | dsp_slice | 3       |
|    partial_437_fu_43862_p2             |     |        | partial_437   | add | fabric    | 0       |
|    d2_179_fu_43883_p2                  |     |        | d2_179        | add | fabric    | 0       |
|  + my_window_Pipeline_FW1_BW1_FW2_BW2  | 0   |        |               |     |           |         |
|    add_ln397_fu_43840_p2               |     |        | add_ln397     | add | fabric    | 0       |
|    empty_fu_44148_p2                   |     |        | empty         | sub | fabric    | 0       |
|    add_ln402_fu_44154_p2               |     |        | add_ln402     | add | fabric    | 0       |
|    add_ln402_1_fu_44160_p2             |     |        | add_ln402_1   | add | fabric    | 0       |
|    add_ln402_2_fu_44166_p2             |     |        | add_ln402_2   | add | fabric    | 0       |
|    add_ln402_3_fu_44172_p2             |     |        | add_ln402_3   | add | fabric    | 0       |
|    add_ln402_4_fu_44178_p2             |     |        | add_ln402_4   | add | fabric    | 0       |
|    add_ln402_5_fu_49172_p2             |     |        | add_ln402_5   | add | fabric    | 0       |
|    add_ln402_6_fu_49177_p2             |     |        | add_ln402_6   | add | fabric    | 0       |
|    add_ln402_7_fu_49182_p2             |     |        | add_ln402_7   | add | fabric    | 0       |
|    add_ln402_8_fu_49187_p2             |     |        | add_ln402_8   | add | fabric    | 0       |
|    add_ln402_9_fu_49192_p2             |     |        | add_ln402_9   | add | fabric    | 0       |
|    add_ln404_fu_49389_p2               |     |        | add_ln404     | add | fabric    | 0       |
|    add_ln410_fu_43997_p2               |     |        | add_ln410     | add | fabric    | 0       |
|    empty_30_fu_44027_p2                |     |        | empty_30      | sub | fabric    | 0       |
|    add_ln416_fu_46366_p2               |     |        | add_ln416     | add | fabric    | 0       |
|    add_ln416_1_fu_46405_p2             |     |        | add_ln416_1   | add | fabric    | 0       |
|    add_ln416_2_fu_46444_p2             |     |        | add_ln416_2   | add | fabric    | 0       |
|    add_ln416_3_fu_46483_p2             |     |        | add_ln416_3   | add | fabric    | 0       |
|    add_ln416_4_fu_46522_p2             |     |        | add_ln416_4   | add | fabric    | 0       |
|    add_ln416_5_fu_46561_p2             |     |        | add_ln416_5   | add | fabric    | 0       |
|    add_ln416_6_fu_46600_p2             |     |        | add_ln416_6   | add | fabric    | 0       |
|    add_ln416_7_fu_46611_p2             |     |        | add_ln416_7   | add | fabric    | 0       |
|    add_ln416_8_fu_46622_p2             |     |        | add_ln416_8   | add | fabric    | 0       |
|    add_ln416_9_fu_46633_p2             |     |        | add_ln416_9   | add | fabric    | 0       |
|    add_ln416_10_fu_46644_p2            |     |        | add_ln416_10  | add | fabric    | 0       |
|    add_ln416_11_fu_46655_p2            |     |        | add_ln416_11  | add | fabric    | 0       |
|    add_ln416_12_fu_46834_p2            |     |        | add_ln416_12  | add | fabric    | 0       |
|    add_ln416_13_fu_47013_p2            |     |        | add_ln416_13  | add | fabric    | 0       |
|    add_ln416_14_fu_47192_p2            |     |        | add_ln416_14  | add | fabric    | 0       |
|    add_ln416_15_fu_47371_p2            |     |        | add_ln416_15  | add | fabric    | 0       |
|    add_ln416_16_fu_47550_p2            |     |        | add_ln416_16  | add | fabric    | 0       |
|    add_ln416_17_fu_47729_p2            |     |        | add_ln416_17  | add | fabric    | 0       |
|    add_ln416_18_fu_47908_p2            |     |        | add_ln416_18  | add | fabric    | 0       |
|    add_ln416_19_fu_48087_p2            |     |        | add_ln416_19  | add | fabric    | 0       |
|    add_ln416_20_fu_48266_p2            |     |        | add_ln416_20  | add | fabric    | 0       |
|    add_ln416_21_fu_48445_p2            |     |        | add_ln416_21  | add | fabric    | 0       |
|    add_ln416_22_fu_48624_p2            |     |        | add_ln416_22  | add | fabric    | 0       |
|    add_ln416_23_fu_48803_p2            |     |        | add_ln416_23  | add | fabric    | 0       |
|    add_ln416_24_fu_48982_p2            |     |        | add_ln416_24  | add | fabric    | 0       |
|    add_ln416_25_fu_49161_p2            |     |        | add_ln416_25  | add | fabric    | 0       |
|    add_ln422_fu_44039_p2               |     |        | add_ln422     | add | fabric    | 0       |
|    empty_31_fu_53412_p2                |     |        | empty_31      | sub | fabric    | 0       |
|    add_ln428_fu_53449_p2               |     |        | add_ln428     | add | fabric    | 0       |
|    add_ln428_1_fu_53494_p2             |     |        | add_ln428_1   | add | fabric    | 0       |
|    add_ln428_2_fu_53539_p2             |     |        | add_ln428_2   | add | fabric    | 0       |
|    add_ln428_3_fu_53584_p2             |     |        | add_ln428_3   | add | fabric    | 0       |
|    add_ln428_4_fu_53629_p2             |     |        | add_ln428_4   | add | fabric    | 0       |
|    add_ln428_5_fu_56189_p2             |     |        | add_ln428_5   | add | fabric    | 0       |
|    add_ln428_6_fu_56230_p2             |     |        | add_ln428_6   | add | fabric    | 0       |
|    add_ln428_7_fu_56274_p2             |     |        | add_ln428_7   | add | fabric    | 0       |
|    add_ln428_8_fu_56318_p2             |     |        | add_ln428_8   | add | fabric    | 0       |
|    add_ln428_9_fu_56362_p2             |     |        | add_ln428_9   | add | fabric    | 0       |
|    add_ln428_10_fu_56406_p2            |     |        | add_ln428_10  | add | fabric    | 0       |
|    add_ln425_fu_53674_p2               |     |        | add_ln425     | add | fabric    | 0       |
|    add_ln425_1_fu_53846_p2             |     |        | add_ln425_1   | add | fabric    | 0       |
|    add_ln425_2_fu_54020_p2             |     |        | add_ln425_2   | add | fabric    | 0       |
|    add_ln425_3_fu_54196_p2             |     |        | add_ln425_3   | add | fabric    | 0       |
|    add_ln425_4_fu_54374_p2             |     |        | add_ln425_4   | add | fabric    | 0       |
|    add_ln425_5_fu_54554_p2             |     |        | add_ln425_5   | add | fabric    | 0       |
|    add_ln425_6_fu_54736_p2             |     |        | add_ln425_6   | add | fabric    | 0       |
|    add_ln425_7_fu_54918_p2             |     |        | add_ln425_7   | add | fabric    | 0       |
|    add_ln425_8_fu_55100_p2             |     |        | add_ln425_8   | add | fabric    | 0       |
|    add_ln425_9_fu_55282_p2             |     |        | add_ln425_9   | add | fabric    | 0       |
|    add_ln425_10_fu_55464_p2            |     |        | add_ln425_10  | add | fabric    | 0       |
|    add_ln425_11_fu_55646_p2            |     |        | add_ln425_11  | add | fabric    | 0       |
|    add_ln425_12_fu_55828_p2            |     |        | add_ln425_12  | add | fabric    | 0       |
|    empty_32_fu_58461_p2                |     |        | empty_32      | sub | fabric    | 0       |
|    empty_33_fu_62190_p2                |     |        | empty_33      | add | fabric    | 0       |
|    add_ln440_fu_62449_p2               |     |        | add_ln440     | add | fabric    | 0       |
|    add_ln440_1_fu_62708_p2             |     |        | add_ln440_1   | add | fabric    | 0       |
|    add_ln440_2_fu_62967_p2             |     |        | add_ln440_2   | add | fabric    | 0       |
|    add_ln440_3_fu_63226_p2             |     |        | add_ln440_3   | add | fabric    | 0       |
|    add_ln440_4_fu_63485_p2             |     |        | add_ln440_4   | add | fabric    | 0       |
|    add_ln440_5_fu_63744_p2             |     |        | add_ln440_5   | add | fabric    | 0       |
|    add_ln440_6_fu_64003_p2             |     |        | add_ln440_6   | add | fabric    | 0       |
|    add_ln440_7_fu_64262_p2             |     |        | add_ln440_7   | add | fabric    | 0       |
|    add_ln440_8_fu_64521_p2             |     |        | add_ln440_8   | add | fabric    | 0       |
|    add_ln440_9_fu_64780_p2             |     |        | add_ln440_9   | add | fabric    | 0       |
|    add_ln440_10_fu_65039_p2            |     |        | add_ln440_10  | add | fabric    | 0       |
|    add_ln440_11_fu_65298_p2            |     |        | add_ln440_11  | add | fabric    | 0       |
|    add_ln440_12_fu_65557_p2            |     |        | add_ln440_12  | add | fabric    | 0       |
|    add_ln440_13_fu_65816_p2            |     |        | add_ln440_13  | add | fabric    | 0       |
|    add_ln440_14_fu_60326_p2            |     |        | add_ln440_14  | add | fabric    | 0       |
|    add_ln440_15_fu_60466_p2            |     |        | add_ln440_15  | add | fabric    | 0       |
|    add_ln440_16_fu_60614_p2            |     |        | add_ln440_16  | add | fabric    | 0       |
|    add_ln440_17_fu_60770_p2            |     |        | add_ln440_17  | add | fabric    | 0       |
|    add_ln440_18_fu_60934_p2            |     |        | add_ln440_18  | add | fabric    | 0       |
|    add_ln440_19_fu_61106_p2            |     |        | add_ln440_19  | add | fabric    | 0       |
|    add_ln440_20_fu_61304_p2            |     |        | add_ln440_20  | add | fabric    | 0       |
|    add_ln440_21_fu_61475_p2            |     |        | add_ln440_21  | add | fabric    | 0       |
|    add_ln440_22_fu_61646_p2            |     |        | add_ln440_22  | add | fabric    | 0       |
|    add_ln440_23_fu_61817_p2            |     |        | add_ln440_23  | add | fabric    | 0       |
|    add_ln440_24_fu_62007_p2            |     |        | add_ln440_24  | add | fabric    | 0       |
|    add_ln440_25_fu_62178_p2            |     |        | add_ln440_25  | add | fabric    | 0       |
|    add_ln397_1_fu_44063_p2             |     |        | add_ln397_1   | add | fabric    | 0       |
|    add_ln397_2_fu_44069_p2             |     |        | add_ln397_2   | add | fabric    | 0       |
|    add_ln397_3_fu_44075_p2             |     |        | add_ln397_3   | add | fabric    | 0       |
|    add_ln397_4_fu_44081_p2             |     |        | add_ln397_4   | add | fabric    | 0       |
|    add_ln397_5_fu_44087_p2             |     |        | add_ln397_5   | add | fabric    | 0       |
|    add_ln397_6_fu_44093_p2             |     |        | add_ln397_6   | add | fabric    | 0       |
|  + my_window_Pipeline_JUMP1            | 0   |        |               |     |           |         |
|    add_ln449_fu_35612_p2               |     |        | add_ln449     | add | fabric    | 0       |
|    empty_fu_36166_p2                   |     |        | empty         | sub | fabric    | 0       |
|    add_ln453_fu_36172_p2               |     |        | add_ln453     | add | fabric    | 0       |
|    add_ln453_1_fu_36178_p2             |     |        | add_ln453_1   | add | fabric    | 0       |
|    add_ln453_2_fu_36184_p2             |     |        | add_ln453_2   | add | fabric    | 0       |
|    add_ln453_3_fu_36190_p2             |     |        | add_ln453_3   | add | fabric    | 0       |
|    add_ln453_4_fu_36196_p2             |     |        | add_ln453_4   | add | fabric    | 0       |
|    add_ln453_5_fu_36202_p2             |     |        | add_ln453_5   | add | fabric    | 0       |
|    add_ln453_6_fu_36208_p2             |     |        | add_ln453_6   | add | fabric    | 0       |
|    add_ln453_7_fu_36214_p2             |     |        | add_ln453_7   | add | fabric    | 0       |
|    add_ln453_8_fu_36220_p2             |     |        | add_ln453_8   | add | fabric    | 0       |
|    add_ln453_9_fu_36226_p2             |     |        | add_ln453_9   | add | fabric    | 0       |
|    add_ln453_10_fu_36232_p2            |     |        | add_ln453_10  | add | fabric    | 0       |
|    add_ln453_11_fu_36238_p2            |     |        | add_ln453_11  | add | fabric    | 0       |
|    add_ln453_12_fu_36244_p2            |     |        | add_ln453_12  | add | fabric    | 0       |
|    add_ln453_13_fu_36250_p2            |     |        | add_ln453_13  | add | fabric    | 0       |
|  + my_window_Pipeline_JUMP2            | 15  |        |               |     |           |         |
|    add_ln472_fu_13154_p2               |     |        | add_ln472     | add | fabric    | 0       |
|    mul_10ns_12ns_21_1_1_U4717          | 1   |        | mul_ln479     | mul | auto      | 0       |
|    mul_10ns_12ns_21_1_1_U4719          | 1   |        | mul_ln479_1   | mul | auto      | 0       |
|    mul_10ns_12ns_21_1_1_U4721          | 1   |        | mul_ln479_2   | mul | auto      | 0       |
|    mul_10ns_12ns_21_1_1_U4723          | 1   |        | mul_ln479_3   | mul | auto      | 0       |
|    mul_10ns_12ns_21_1_1_U4725          | 1   |        | mul_ln479_4   | mul | auto      | 0       |
|    mul_10ns_12ns_21_1_1_U4727          | 1   |        | mul_ln479_5   | mul | auto      | 0       |
|    mul_10ns_12ns_21_1_1_U4729          | 1   |        | mul_ln479_6   | mul | auto      | 0       |
|    mul_10ns_12ns_21_1_1_U4731          | 1   |        | mul_ln479_7   | mul | auto      | 0       |
|    mul_10ns_12ns_21_1_1_U4733          | 1   |        | mul_ln479_8   | mul | auto      | 0       |
|    mul_10ns_12ns_21_1_1_U4735          | 1   |        | mul_ln479_9   | mul | auto      | 0       |
|    mul_10ns_12ns_21_1_1_U4737          | 1   |        | mul_ln479_10  | mul | auto      | 0       |
|    mul_10ns_12ns_21_1_1_U4739          | 1   |        | mul_ln479_11  | mul | auto      | 0       |
|    mul_10ns_12ns_21_1_1_U4741          | 1   |        | mul_ln479_12  | mul | auto      | 0       |
|    mul_10ns_12ns_21_1_1_U4743          | 1   |        | mul_ln479_13  | mul | auto      | 0       |
|    mul_10ns_12ns_21_1_1_U4745          | 1   |        | mul_ln478     | mul | auto      | 0       |
|  + my_window_Pipeline_UNSORT_EM        | 0   |        |               |     |           |         |
|    add_ln492_fu_7033_p2                |     |        | add_ln492     | add | fabric    | 0       |
+----------------------------------------+-----+--------+---------------+-----+-----------+---------+


================================================================
== Storage Report
================================================================
+---------------------------------------+---------------+------+------+------+--------+-----------------+--------+---------+------------------+
| Name                                  | Usage         | Type | BRAM | URAM | Pragma | Variable        | Impl   | Latency | Bitwidth, Depth, |
|                                       |               |      |      |      |        |                 |        |         | Banks            |
+---------------------------------------+---------------+------+------+------+--------+-----------------+--------+---------+------------------+
| + my_window                           |               |      | 945  | 0    |        |                 |        |         |                  |
|   pca8_U                              | ram_1p array  |      |      |      |        | pca8            | auto   | 1       | 16, 40, 1        |
|   pca8_1_U                            | ram_1p array  |      |      |      |        | pca8_1          | auto   | 1       | 16, 40, 1        |
|   pca8_2_U                            | ram_1p array  |      |      |      |        | pca8_2          | auto   | 1       | 16, 40, 1        |
|   pca8_3_U                            | ram_1p array  |      |      |      |        | pca8_3          | auto   | 1       | 16, 40, 1        |
|   pca8_4_U                            | ram_1p array  |      |      |      |        | pca8_4          | auto   | 1       | 16, 40, 1        |
|   pca8_5_U                            | ram_1p array  |      |      |      |        | pca8_5          | auto   | 1       | 16, 40, 1        |
|   pca8_6_U                            | ram_1p array  |      |      |      |        | pca8_6          | auto   | 1       | 16, 40, 1        |
|   pca8_7_U                            | ram_1p array  |      |      |      |        | pca8_7          | auto   | 1       | 15, 40, 1        |
|   pca8_8_U                            | ram_1p array  |      |      |      |        | pca8_8          | auto   | 1       | 16, 40, 1        |
|   pca8_9_U                            | ram_1p array  |      |      |      |        | pca8_9          | auto   | 1       | 16, 40, 1        |
|   pca8_10_U                           | ram_1p array  |      |      |      |        | pca8_10         | auto   | 1       | 16, 40, 1        |
|   pca8_11_U                           | ram_1p array  |      |      |      |        | pca8_11         | auto   | 1       | 16, 40, 1        |
|   pca8_12_U                           | ram_1p array  |      |      |      |        | pca8_12         | auto   | 1       | 16, 40, 1        |
|   pca8_13_U                           | ram_1p array  |      |      |      |        | pca8_13         | auto   | 1       | 16, 40, 1        |
|   pca8_14_U                           | ram_1p array  |      |      |      |        | pca8_14         | auto   | 1       | 16, 40, 1        |
|   pca8_15_U                           | ram_1p array  |      |      |      |        | pca8_15         | auto   | 1       | 15, 40, 1        |
|   pca8_16_U                           | ram_1p array  |      |      |      |        | pca8_16         | auto   | 1       | 16, 40, 1        |
|   pca8_17_U                           | ram_1p array  |      |      |      |        | pca8_17         | auto   | 1       | 16, 40, 1        |
|   pca8_18_U                           | ram_1p array  |      |      |      |        | pca8_18         | auto   | 1       | 16, 40, 1        |
|   pca8_19_U                           | ram_1p array  |      |      |      |        | pca8_19         | auto   | 1       | 16, 40, 1        |
|   pca8_20_U                           | ram_1p array  |      |      |      |        | pca8_20         | auto   | 1       | 16, 40, 1        |
|   pca8_21_U                           | ram_1p array  |      |      |      |        | pca8_21         | auto   | 1       | 16, 40, 1        |
|   pca8_22_U                           | ram_1p array  |      |      |      |        | pca8_22         | auto   | 1       | 16, 40, 1        |
|   pca8_23_U                           | ram_1p array  |      |      |      |        | pca8_23         | auto   | 1       | 15, 40, 1        |
|   pca8_24_U                           | ram_1p array  |      |      |      |        | pca8_24         | auto   | 1       | 16, 40, 1        |
|   pca8_25_U                           | ram_1p array  |      |      |      |        | pca8_25         | auto   | 1       | 16, 40, 1        |
|   pca8_26_U                           | ram_1p array  |      |      |      |        | pca8_26         | auto   | 1       | 16, 40, 1        |
|   pca8_27_U                           | ram_1p array  |      |      |      |        | pca8_27         | auto   | 1       | 16, 40, 1        |
|   pca8_28_U                           | ram_1p array  |      |      |      |        | pca8_28         | auto   | 1       | 16, 40, 1        |
|   pca8_29_U                           | ram_1p array  |      |      |      |        | pca8_29         | auto   | 1       | 16, 40, 1        |
|   pca8_30_U                           | ram_1p array  |      |      |      |        | pca8_30         | auto   | 1       | 16, 40, 1        |
|   pca8_31_U                           | ram_1p array  |      |      |      |        | pca8_31         | auto   | 1       | 15, 40, 1        |
|   pca8_32_U                           | ram_1p array  |      |      |      |        | pca8_32         | auto   | 1       | 16, 40, 1        |
|   pca8_33_U                           | ram_1p array  |      |      |      |        | pca8_33         | auto   | 1       | 16, 40, 1        |
|   pca8_34_U                           | ram_1p array  |      |      |      |        | pca8_34         | auto   | 1       | 16, 40, 1        |
|   pca8_35_U                           | ram_1p array  |      |      |      |        | pca8_35         | auto   | 1       | 16, 40, 1        |
|   pca8_36_U                           | ram_1p array  |      |      |      |        | pca8_36         | auto   | 1       | 16, 40, 1        |
|   pca8_37_U                           | ram_1p array  |      |      |      |        | pca8_37         | auto   | 1       | 16, 40, 1        |
|   pca8_38_U                           | ram_1p array  |      |      |      |        | pca8_38         | auto   | 1       | 16, 40, 1        |
|   pca8_39_U                           | ram_1p array  |      |      |      |        | pca8_39         | auto   | 1       | 15, 40, 1        |
|   pca8_40_U                           | ram_1p array  |      |      |      |        | pca8_40         | auto   | 1       | 16, 40, 1        |
|   pca8_41_U                           | ram_1p array  |      |      |      |        | pca8_41         | auto   | 1       | 16, 40, 1        |
|   pca8_42_U                           | ram_1p array  |      |      |      |        | pca8_42         | auto   | 1       | 16, 40, 1        |
|   pca8_43_U                           | ram_1p array  |      |      |      |        | pca8_43         | auto   | 1       | 16, 40, 1        |
|   pca8_44_U                           | ram_1p array  |      |      |      |        | pca8_44         | auto   | 1       | 16, 40, 1        |
|   pca8_45_U                           | ram_1p array  |      |      |      |        | pca8_45         | auto   | 1       | 16, 40, 1        |
|   pca8_46_U                           | ram_1p array  |      |      |      |        | pca8_46         | auto   | 1       | 16, 40, 1        |
|   pca8_47_U                           | ram_1p array  |      |      |      |        | pca8_47         | auto   | 1       | 15, 40, 1        |
|   pca8_48_U                           | ram_1p array  |      |      |      |        | pca8_48         | auto   | 1       | 16, 40, 1        |
|   pca8_49_U                           | ram_1p array  |      |      |      |        | pca8_49         | auto   | 1       | 16, 40, 1        |
|   pca8_50_U                           | ram_1p array  |      |      |      |        | pca8_50         | auto   | 1       | 16, 40, 1        |
|   pca8_51_U                           | ram_1p array  |      |      |      |        | pca8_51         | auto   | 1       | 16, 40, 1        |
|   pca8_52_U                           | ram_1p array  |      |      |      |        | pca8_52         | auto   | 1       | 16, 40, 1        |
|   pca8_53_U                           | ram_1p array  |      |      |      |        | pca8_53         | auto   | 1       | 16, 40, 1        |
|   pca8_54_U                           | ram_1p array  |      |      |      |        | pca8_54         | auto   | 1       | 16, 40, 1        |
|   pca8_55_U                           | ram_1p array  |      |      |      |        | pca8_55         | auto   | 1       | 15, 40, 1        |
|   pca8_56_U                           | ram_1p array  |      |      |      |        | pca8_56         | auto   | 1       | 16, 40, 1        |
|   pca8_57_U                           | ram_1p array  |      |      |      |        | pca8_57         | auto   | 1       | 16, 40, 1        |
|   pca8_58_U                           | ram_1p array  |      |      |      |        | pca8_58         | auto   | 1       | 16, 40, 1        |
|   pca8_59_U                           | ram_1p array  |      |      |      |        | pca8_59         | auto   | 1       | 16, 40, 1        |
|   pca8_60_U                           | ram_1p array  |      |      |      |        | pca8_60         | auto   | 1       | 16, 40, 1        |
|   pca8_61_U                           | ram_1p array  |      |      |      |        | pca8_61         | auto   | 1       | 16, 40, 1        |
|   pca8_62_U                           | ram_1p array  |      |      |      |        | pca8_62         | auto   | 1       | 16, 40, 1        |
|   pca8_63_U                           | ram_1p array  |      |      |      |        | pca8_63         | auto   | 1       | 15, 40, 1        |
|   pca8_64_U                           | ram_1p array  |      |      |      |        | pca8_64         | auto   | 1       | 16, 40, 1        |
|   pca8_65_U                           | ram_1p array  |      |      |      |        | pca8_65         | auto   | 1       | 16, 40, 1        |
|   pca8_66_U                           | ram_1p array  |      |      |      |        | pca8_66         | auto   | 1       | 16, 40, 1        |
|   pca8_67_U                           | ram_1p array  |      |      |      |        | pca8_67         | auto   | 1       | 16, 40, 1        |
|   pca8_68_U                           | ram_1p array  |      |      |      |        | pca8_68         | auto   | 1       | 16, 40, 1        |
|   pca8_69_U                           | ram_1p array  |      |      |      |        | pca8_69         | auto   | 1       | 16, 40, 1        |
|   pca8_70_U                           | ram_1p array  |      |      |      |        | pca8_70         | auto   | 1       | 16, 40, 1        |
|   pca8_71_U                           | ram_1p array  |      |      |      |        | pca8_71         | auto   | 1       | 15, 40, 1        |
|   pca8_72_U                           | ram_1p array  |      |      |      |        | pca8_72         | auto   | 1       | 16, 40, 1        |
|   pca8_73_U                           | ram_1p array  |      |      |      |        | pca8_73         | auto   | 1       | 16, 40, 1        |
|   pca8_74_U                           | ram_1p array  |      |      |      |        | pca8_74         | auto   | 1       | 16, 40, 1        |
|   pca8_75_U                           | ram_1p array  |      |      |      |        | pca8_75         | auto   | 1       | 16, 40, 1        |
|   pca8_76_U                           | ram_1p array  |      |      |      |        | pca8_76         | auto   | 1       | 16, 40, 1        |
|   pca8_77_U                           | ram_1p array  |      |      |      |        | pca8_77         | auto   | 1       | 16, 40, 1        |
|   pca8_78_U                           | ram_1p array  |      |      |      |        | pca8_78         | auto   | 1       | 16, 40, 1        |
|   pca8_79_U                           | ram_1p array  |      |      |      |        | pca8_79         | auto   | 1       | 15, 40, 1        |
|   pca8_80_U                           | ram_1p array  |      |      |      |        | pca8_80         | auto   | 1       | 16, 40, 1        |
|   pca8_81_U                           | ram_1p array  |      |      |      |        | pca8_81         | auto   | 1       | 16, 40, 1        |
|   pca8_82_U                           | ram_1p array  |      |      |      |        | pca8_82         | auto   | 1       | 16, 40, 1        |
|   pca8_83_U                           | ram_1p array  |      |      |      |        | pca8_83         | auto   | 1       | 16, 40, 1        |
|   pca8_84_U                           | ram_1p array  |      |      |      |        | pca8_84         | auto   | 1       | 16, 40, 1        |
|   pca8_85_U                           | ram_1p array  |      |      |      |        | pca8_85         | auto   | 1       | 16, 40, 1        |
|   pca8_86_U                           | ram_1p array  |      |      |      |        | pca8_86         | auto   | 1       | 16, 40, 1        |
|   pca8_87_U                           | ram_1p array  |      |      |      |        | pca8_87         | auto   | 1       | 15, 40, 1        |
|   pca8_88_U                           | ram_1p array  |      |      |      |        | pca8_88         | auto   | 1       | 16, 40, 1        |
|   pca8_89_U                           | ram_1p array  |      |      |      |        | pca8_89         | auto   | 1       | 16, 40, 1        |
|   pca8_90_U                           | ram_1p array  |      |      |      |        | pca8_90         | auto   | 1       | 16, 40, 1        |
|   pca8_91_U                           | ram_1p array  |      |      |      |        | pca8_91         | auto   | 1       | 16, 40, 1        |
|   pca8_92_U                           | ram_1p array  |      |      |      |        | pca8_92         | auto   | 1       | 16, 40, 1        |
|   pca8_93_U                           | ram_1p array  |      |      |      |        | pca8_93         | auto   | 1       | 16, 40, 1        |
|   pca8_94_U                           | ram_1p array  |      |      |      |        | pca8_94         | auto   | 1       | 16, 40, 1        |
|   pca8_95_U                           | ram_1p array  |      |      |      |        | pca8_95         | auto   | 1       | 15, 40, 1        |
|   pca8_96_U                           | ram_1p array  |      |      |      |        | pca8_96         | auto   | 1       | 16, 40, 1        |
|   pca8_97_U                           | ram_1p array  |      |      |      |        | pca8_97         | auto   | 1       | 16, 40, 1        |
|   pca8_98_U                           | ram_1p array  |      |      |      |        | pca8_98         | auto   | 1       | 16, 40, 1        |
|   pca8_99_U                           | ram_1p array  |      |      |      |        | pca8_99         | auto   | 1       | 16, 40, 1        |
|   pca8_100_U                          | ram_1p array  |      |      |      |        | pca8_100        | auto   | 1       | 16, 40, 1        |
|   pca8_101_U                          | ram_1p array  |      |      |      |        | pca8_101        | auto   | 1       | 16, 40, 1        |
|   pca8_102_U                          | ram_1p array  |      |      |      |        | pca8_102        | auto   | 1       | 16, 40, 1        |
|   pca8_103_U                          | ram_1p array  |      |      |      |        | pca8_103        | auto   | 1       | 15, 40, 1        |
|   pca8_104_U                          | ram_1p array  |      |      |      |        | pca8_104        | auto   | 1       | 16, 40, 1        |
|   pca8_105_U                          | ram_1p array  |      |      |      |        | pca8_105        | auto   | 1       | 16, 40, 1        |
|   pca8_106_U                          | ram_1p array  |      |      |      |        | pca8_106        | auto   | 1       | 16, 40, 1        |
|   pca8_107_U                          | ram_1p array  |      |      |      |        | pca8_107        | auto   | 1       | 16, 40, 1        |
|   pca8_108_U                          | ram_1p array  |      |      |      |        | pca8_108        | auto   | 1       | 16, 40, 1        |
|   pca8_109_U                          | ram_1p array  |      |      |      |        | pca8_109        | auto   | 1       | 16, 40, 1        |
|   pca8_110_U                          | ram_1p array  |      |      |      |        | pca8_110        | auto   | 1       | 16, 40, 1        |
|   pca8_111_U                          | ram_1p array  |      |      |      |        | pca8_111        | auto   | 1       | 15, 40, 1        |
|   pca8_112_U                          | ram_1p array  |      |      |      |        | pca8_112        | auto   | 1       | 16, 40, 1        |
|   pca8_113_U                          | ram_1p array  |      |      |      |        | pca8_113        | auto   | 1       | 16, 40, 1        |
|   pca8_114_U                          | ram_1p array  |      |      |      |        | pca8_114        | auto   | 1       | 16, 40, 1        |
|   pca8_115_U                          | ram_1p array  |      |      |      |        | pca8_115        | auto   | 1       | 16, 40, 1        |
|   pca8_116_U                          | ram_1p array  |      |      |      |        | pca8_116        | auto   | 1       | 16, 40, 1        |
|   pca8_117_U                          | ram_1p array  |      |      |      |        | pca8_117        | auto   | 1       | 16, 40, 1        |
|   pca8_118_U                          | ram_1p array  |      |      |      |        | pca8_118        | auto   | 1       | 16, 40, 1        |
|   pca8_119_U                          | ram_1p array  |      |      |      |        | pca8_119        | auto   | 1       | 15, 40, 1        |
|   buck_U                              | ram_1p array  |      |      |      |        | buck            | auto   | 1       | 8, 40, 1         |
|   buck_1_U                            | ram_1p array  |      |      |      |        | buck_1          | auto   | 1       | 8, 40, 1         |
|   buck_2_U                            | ram_1p array  |      |      |      |        | buck_2          | auto   | 1       | 8, 40, 1         |
|   buck_3_U                            | ram_1p array  |      |      |      |        | buck_3          | auto   | 1       | 8, 40, 1         |
|   buck_4_U                            | ram_1p array  |      |      |      |        | buck_4          | auto   | 1       | 8, 40, 1         |
|   buck_5_U                            | ram_1p array  |      |      |      |        | buck_5          | auto   | 1       | 8, 40, 1         |
|   buck_6_U                            | ram_1p array  |      |      |      |        | buck_6          | auto   | 1       | 8, 40, 1         |
|   buck_7_U                            | ram_1p array  |      |      |      |        | buck_7          | auto   | 1       | 8, 40, 1         |
|   buck_8_U                            | ram_1p array  |      |      |      |        | buck_8          | auto   | 1       | 8, 40, 1         |
|   buck_9_U                            | ram_1p array  |      |      |      |        | buck_9          | auto   | 1       | 8, 40, 1         |
|   buck_10_U                           | ram_1p array  |      |      |      |        | buck_10         | auto   | 1       | 8, 40, 1         |
|   buck_11_U                           | ram_1p array  |      |      |      |        | buck_11         | auto   | 1       | 8, 40, 1         |
|   buck_12_U                           | ram_1p array  |      |      |      |        | buck_12         | auto   | 1       | 8, 40, 1         |
|   buck_13_U                           | ram_1p array  |      |      |      |        | buck_13         | auto   | 1       | 8, 40, 1         |
|   buck_14_U                           | ram_1p array  |      |      |      |        | buck_14         | auto   | 1       | 8, 40, 1         |
|   hist_U                              | ram_t2p array |      | 1    |      | yes    | hist            | bram   | 1       | 10, 168, 1       |
|   hist_1_U                            | ram_t2p array |      | 1    |      | yes    | hist_1          | bram   | 1       | 10, 168, 1       |
|   hist_2_U                            | ram_t2p array |      | 1    |      | yes    | hist_2          | bram   | 1       | 10, 168, 1       |
|   hist_3_U                            | ram_t2p array |      | 1    |      | yes    | hist_3          | bram   | 1       | 10, 168, 1       |
|   hist_4_U                            | ram_t2p array |      | 1    |      | yes    | hist_4          | bram   | 1       | 10, 168, 1       |
|   hist_5_U                            | ram_t2p array |      | 1    |      | yes    | hist_5          | bram   | 1       | 10, 168, 1       |
|   hist_6_U                            | ram_t2p array |      | 1    |      | yes    | hist_6          | bram   | 1       | 10, 168, 1       |
|   hist_7_U                            | ram_t2p array |      | 1    |      | yes    | hist_7          | bram   | 1       | 10, 168, 1       |
|   hist_8_U                            | ram_t2p array |      | 1    |      | yes    | hist_8          | bram   | 1       | 10, 168, 1       |
|   hist_9_U                            | ram_t2p array |      | 1    |      | yes    | hist_9          | bram   | 1       | 10, 168, 1       |
|   hist_10_U                           | ram_t2p array |      | 1    |      | yes    | hist_10         | bram   | 1       | 10, 168, 1       |
|   hist_11_U                           | ram_t2p array |      | 1    |      | yes    | hist_11         | bram   | 1       | 10, 168, 1       |
|   hist_12_U                           | ram_t2p array |      | 1    |      | yes    | hist_12         | bram   | 1       | 10, 168, 1       |
|   hist_13_U                           | ram_t2p array |      | 1    |      | yes    | hist_13         | bram   | 1       | 10, 168, 1       |
|   hist_14_U                           | ram_t2p array |      | 1    |      | yes    | hist_14         | bram   | 1       | 10, 168, 1       |
|   srt_pres_U                          | ram_2p array  |      |      |      | yes    | srt_pres        | lutram | 1       | 1, 40, 1         |
|   srt_pres_1_U                        | ram_2p array  |      |      |      | yes    | srt_pres_1      | lutram | 1       | 1, 40, 1         |
|   srt_pres_2_U                        | ram_2p array  |      |      |      | yes    | srt_pres_2      | lutram | 1       | 1, 40, 1         |
|   srt_pres_3_U                        | ram_2p array  |      |      |      | yes    | srt_pres_3      | lutram | 1       | 1, 40, 1         |
|   srt_pres_4_U                        | ram_2p array  |      |      |      | yes    | srt_pres_4      | lutram | 1       | 1, 40, 1         |
|   srt_pres_5_U                        | ram_2p array  |      |      |      | yes    | srt_pres_5      | lutram | 1       | 1, 40, 1         |
|   srt_pres_6_U                        | ram_2p array  |      |      |      | yes    | srt_pres_6      | lutram | 1       | 1, 40, 1         |
|   srt_pres_7_U                        | ram_2p array  |      |      |      | yes    | srt_pres_7      | lutram | 1       | 1, 40, 1         |
|   srt_pres_8_U                        | ram_2p array  |      |      |      | yes    | srt_pres_8      | lutram | 1       | 1, 40, 1         |
|   srt_pres_9_U                        | ram_2p array  |      |      |      | yes    | srt_pres_9      | lutram | 1       | 1, 40, 1         |
|   srt_pres_10_U                       | ram_2p array  |      |      |      | yes    | srt_pres_10     | lutram | 1       | 1, 40, 1         |
|   srt_pres_11_U                       | ram_2p array  |      |      |      | yes    | srt_pres_11     | lutram | 1       | 1, 40, 1         |
|   srt_pres_12_U                       | ram_2p array  |      |      |      | yes    | srt_pres_12     | lutram | 1       | 1, 40, 1         |
|   srt_pres_13_U                       | ram_2p array  |      |      |      | yes    | srt_pres_13     | lutram | 1       | 1, 40, 1         |
|   srt_pres_14_U                       | ram_2p array  |      |      |      | yes    | srt_pres_14     | lutram | 1       | 1, 40, 1         |
|   srt_pres_15_U                       | ram_2p array  |      |      |      | yes    | srt_pres_15     | lutram | 1       | 1, 40, 1         |
|   srt_pres_16_U                       | ram_2p array  |      |      |      | yes    | srt_pres_16     | lutram | 1       | 1, 40, 1         |
|   srt_pres_17_U                       | ram_2p array  |      |      |      | yes    | srt_pres_17     | lutram | 1       | 1, 40, 1         |
|   srt_pres_18_U                       | ram_2p array  |      |      |      | yes    | srt_pres_18     | lutram | 1       | 1, 40, 1         |
|   srt_pres_19_U                       | ram_2p array  |      |      |      | yes    | srt_pres_19     | lutram | 1       | 1, 40, 1         |
|   srt_pres_20_U                       | ram_2p array  |      |      |      | yes    | srt_pres_20     | lutram | 1       | 1, 40, 1         |
|   srt_pres_21_U                       | ram_2p array  |      |      |      | yes    | srt_pres_21     | lutram | 1       | 1, 40, 1         |
|   srt_pres_22_U                       | ram_2p array  |      |      |      | yes    | srt_pres_22     | lutram | 1       | 1, 40, 1         |
|   srt_pres_23_U                       | ram_2p array  |      |      |      | yes    | srt_pres_23     | lutram | 1       | 1, 40, 1         |
|   srt_pres_24_U                       | ram_2p array  |      |      |      | yes    | srt_pres_24     | lutram | 1       | 1, 40, 1         |
|   srt_pres_25_U                       | ram_2p array  |      |      |      | yes    | srt_pres_25     | lutram | 1       | 1, 40, 1         |
|   srt_pres_26_U                       | ram_2p array  |      |      |      | yes    | srt_pres_26     | lutram | 1       | 1, 40, 1         |
|   srt_pres_27_U                       | ram_2p array  |      |      |      | yes    | srt_pres_27     | lutram | 1       | 1, 40, 1         |
|   srt_pres_28_U                       | ram_2p array  |      |      |      | yes    | srt_pres_28     | lutram | 1       | 1, 40, 1         |
|   srt_pres_29_U                       | ram_2p array  |      |      |      | yes    | srt_pres_29     | lutram | 1       | 1, 40, 1         |
|   srt_pres_30_U                       | ram_2p array  |      |      |      | yes    | srt_pres_30     | lutram | 1       | 1, 40, 1         |
|   srt_pres_31_U                       | ram_2p array  |      |      |      | yes    | srt_pres_31     | lutram | 1       | 1, 40, 1         |
|   srt_pres_32_U                       | ram_2p array  |      |      |      | yes    | srt_pres_32     | lutram | 1       | 1, 40, 1         |
|   srt_pres_33_U                       | ram_2p array  |      |      |      | yes    | srt_pres_33     | lutram | 1       | 1, 40, 1         |
|   srt_pres_34_U                       | ram_2p array  |      |      |      | yes    | srt_pres_34     | lutram | 1       | 1, 40, 1         |
|   srt_pres_35_U                       | ram_2p array  |      |      |      | yes    | srt_pres_35     | lutram | 1       | 1, 40, 1         |
|   srt_pres_36_U                       | ram_2p array  |      |      |      | yes    | srt_pres_36     | lutram | 1       | 1, 40, 1         |
|   srt_pres_37_U                       | ram_2p array  |      |      |      | yes    | srt_pres_37     | lutram | 1       | 1, 40, 1         |
|   srt_pres_38_U                       | ram_2p array  |      |      |      | yes    | srt_pres_38     | lutram | 1       | 1, 40, 1         |
|   srt_pres_39_U                       | ram_2p array  |      |      |      | yes    | srt_pres_39     | lutram | 1       | 1, 40, 1         |
|   srt_pres_40_U                       | ram_2p array  |      |      |      | yes    | srt_pres_40     | lutram | 1       | 1, 40, 1         |
|   srt_pres_41_U                       | ram_2p array  |      |      |      | yes    | srt_pres_41     | lutram | 1       | 1, 40, 1         |
|   srt_pres_42_U                       | ram_2p array  |      |      |      | yes    | srt_pres_42     | lutram | 1       | 1, 40, 1         |
|   srt_pres_43_U                       | ram_2p array  |      |      |      | yes    | srt_pres_43     | lutram | 1       | 1, 40, 1         |
|   srt_pres_44_U                       | ram_2p array  |      |      |      | yes    | srt_pres_44     | lutram | 1       | 1, 40, 1         |
|   srt_pres_45_U                       | ram_2p array  |      |      |      | yes    | srt_pres_45     | lutram | 1       | 1, 40, 1         |
|   srt_pres_46_U                       | ram_2p array  |      |      |      | yes    | srt_pres_46     | lutram | 1       | 1, 40, 1         |
|   srt_pres_47_U                       | ram_2p array  |      |      |      | yes    | srt_pres_47     | lutram | 1       | 1, 40, 1         |
|   srt_pres_48_U                       | ram_2p array  |      |      |      | yes    | srt_pres_48     | lutram | 1       | 1, 40, 1         |
|   srt_pres_49_U                       | ram_2p array  |      |      |      | yes    | srt_pres_49     | lutram | 1       | 1, 40, 1         |
|   srt_pres_50_U                       | ram_2p array  |      |      |      | yes    | srt_pres_50     | lutram | 1       | 1, 40, 1         |
|   srt_pres_51_U                       | ram_2p array  |      |      |      | yes    | srt_pres_51     | lutram | 1       | 1, 40, 1         |
|   srt_pres_52_U                       | ram_2p array  |      |      |      | yes    | srt_pres_52     | lutram | 1       | 1, 40, 1         |
|   srt_pres_53_U                       | ram_2p array  |      |      |      | yes    | srt_pres_53     | lutram | 1       | 1, 40, 1         |
|   srt_pres_54_U                       | ram_2p array  |      |      |      | yes    | srt_pres_54     | lutram | 1       | 1, 40, 1         |
|   srt_pres_55_U                       | ram_2p array  |      |      |      | yes    | srt_pres_55     | lutram | 1       | 1, 40, 1         |
|   srt_pres_56_U                       | ram_2p array  |      |      |      | yes    | srt_pres_56     | lutram | 1       | 1, 40, 1         |
|   srt_pres_57_U                       | ram_2p array  |      |      |      | yes    | srt_pres_57     | lutram | 1       | 1, 40, 1         |
|   srt_pres_58_U                       | ram_2p array  |      |      |      | yes    | srt_pres_58     | lutram | 1       | 1, 40, 1         |
|   srt_pres_59_U                       | ram_2p array  |      |      |      | yes    | srt_pres_59     | lutram | 1       | 1, 40, 1         |
|   srt_pres_60_U                       | ram_2p array  |      |      |      | yes    | srt_pres_60     | lutram | 1       | 1, 40, 1         |
|   srt_pres_61_U                       | ram_2p array  |      |      |      | yes    | srt_pres_61     | lutram | 1       | 1, 40, 1         |
|   srt_pres_62_U                       | ram_2p array  |      |      |      | yes    | srt_pres_62     | lutram | 1       | 1, 40, 1         |
|   srt_pres_63_U                       | ram_2p array  |      |      |      | yes    | srt_pres_63     | lutram | 1       | 1, 40, 1         |
|   srt_pres_64_U                       | ram_2p array  |      |      |      | yes    | srt_pres_64     | lutram | 1       | 1, 40, 1         |
|   srt_pres_65_U                       | ram_2p array  |      |      |      | yes    | srt_pres_65     | lutram | 1       | 1, 40, 1         |
|   srt_pres_66_U                       | ram_2p array  |      |      |      | yes    | srt_pres_66     | lutram | 1       | 1, 40, 1         |
|   srt_pres_67_U                       | ram_2p array  |      |      |      | yes    | srt_pres_67     | lutram | 1       | 1, 40, 1         |
|   srt_pres_68_U                       | ram_2p array  |      |      |      | yes    | srt_pres_68     | lutram | 1       | 1, 40, 1         |
|   srt_pres_69_U                       | ram_2p array  |      |      |      | yes    | srt_pres_69     | lutram | 1       | 1, 40, 1         |
|   srt_pres_70_U                       | ram_2p array  |      |      |      | yes    | srt_pres_70     | lutram | 1       | 1, 40, 1         |
|   srt_pres_71_U                       | ram_2p array  |      |      |      | yes    | srt_pres_71     | lutram | 1       | 1, 40, 1         |
|   srt_pres_72_U                       | ram_2p array  |      |      |      | yes    | srt_pres_72     | lutram | 1       | 1, 40, 1         |
|   srt_pres_73_U                       | ram_2p array  |      |      |      | yes    | srt_pres_73     | lutram | 1       | 1, 40, 1         |
|   srt_pres_74_U                       | ram_2p array  |      |      |      | yes    | srt_pres_74     | lutram | 1       | 1, 40, 1         |
|   srt_pres_75_U                       | ram_2p array  |      |      |      | yes    | srt_pres_75     | lutram | 1       | 1, 40, 1         |
|   srt_pres_76_U                       | ram_2p array  |      |      |      | yes    | srt_pres_76     | lutram | 1       | 1, 40, 1         |
|   srt_pres_77_U                       | ram_2p array  |      |      |      | yes    | srt_pres_77     | lutram | 1       | 1, 40, 1         |
|   srt_pres_78_U                       | ram_2p array  |      |      |      | yes    | srt_pres_78     | lutram | 1       | 1, 40, 1         |
|   srt_pres_79_U                       | ram_2p array  |      |      |      | yes    | srt_pres_79     | lutram | 1       | 1, 40, 1         |
|   srt_pres_80_U                       | ram_2p array  |      |      |      | yes    | srt_pres_80     | lutram | 1       | 1, 40, 1         |
|   srt_pres_81_U                       | ram_2p array  |      |      |      | yes    | srt_pres_81     | lutram | 1       | 1, 40, 1         |
|   srt_pres_82_U                       | ram_2p array  |      |      |      | yes    | srt_pres_82     | lutram | 1       | 1, 40, 1         |
|   srt_pres_83_U                       | ram_2p array  |      |      |      | yes    | srt_pres_83     | lutram | 1       | 1, 40, 1         |
|   srt_pres_84_U                       | ram_2p array  |      |      |      | yes    | srt_pres_84     | lutram | 1       | 1, 40, 1         |
|   srt_pres_85_U                       | ram_2p array  |      |      |      | yes    | srt_pres_85     | lutram | 1       | 1, 40, 1         |
|   srt_pres_86_U                       | ram_2p array  |      |      |      | yes    | srt_pres_86     | lutram | 1       | 1, 40, 1         |
|   srt_pres_87_U                       | ram_2p array  |      |      |      | yes    | srt_pres_87     | lutram | 1       | 1, 40, 1         |
|   srt_pres_88_U                       | ram_2p array  |      |      |      | yes    | srt_pres_88     | lutram | 1       | 1, 40, 1         |
|   srt_pres_89_U                       | ram_2p array  |      |      |      | yes    | srt_pres_89     | lutram | 1       | 1, 40, 1         |
|   srt_pres_90_U                       | ram_2p array  |      |      |      | yes    | srt_pres_90     | lutram | 1       | 1, 40, 1         |
|   srt_pres_91_U                       | ram_2p array  |      |      |      | yes    | srt_pres_91     | lutram | 1       | 1, 40, 1         |
|   srt_pres_92_U                       | ram_2p array  |      |      |      | yes    | srt_pres_92     | lutram | 1       | 1, 40, 1         |
|   srt_pres_93_U                       | ram_2p array  |      |      |      | yes    | srt_pres_93     | lutram | 1       | 1, 40, 1         |
|   srt_pres_94_U                       | ram_2p array  |      |      |      | yes    | srt_pres_94     | lutram | 1       | 1, 40, 1         |
|   srt_pres_95_U                       | ram_2p array  |      |      |      | yes    | srt_pres_95     | lutram | 1       | 1, 40, 1         |
|   srt_pres_96_U                       | ram_2p array  |      |      |      | yes    | srt_pres_96     | lutram | 1       | 1, 40, 1         |
|   srt_pres_97_U                       | ram_2p array  |      |      |      | yes    | srt_pres_97     | lutram | 1       | 1, 40, 1         |
|   srt_pres_98_U                       | ram_2p array  |      |      |      | yes    | srt_pres_98     | lutram | 1       | 1, 40, 1         |
|   srt_pres_99_U                       | ram_2p array  |      |      |      | yes    | srt_pres_99     | lutram | 1       | 1, 40, 1         |
|   srt_pres_100_U                      | ram_2p array  |      |      |      | yes    | srt_pres_100    | lutram | 1       | 1, 40, 1         |
|   srt_pres_101_U                      | ram_2p array  |      |      |      | yes    | srt_pres_101    | lutram | 1       | 1, 40, 1         |
|   srt_pres_102_U                      | ram_2p array  |      |      |      | yes    | srt_pres_102    | lutram | 1       | 1, 40, 1         |
|   srt_pres_103_U                      | ram_2p array  |      |      |      | yes    | srt_pres_103    | lutram | 1       | 1, 40, 1         |
|   srt_pres_104_U                      | ram_2p array  |      |      |      | yes    | srt_pres_104    | lutram | 1       | 1, 40, 1         |
|   srt_pres_105_U                      | ram_2p array  |      |      |      | yes    | srt_pres_105    | lutram | 1       | 1, 40, 1         |
|   srt_pres_106_U                      | ram_2p array  |      |      |      | yes    | srt_pres_106    | lutram | 1       | 1, 40, 1         |
|   srt_pres_107_U                      | ram_2p array  |      |      |      | yes    | srt_pres_107    | lutram | 1       | 1, 40, 1         |
|   srt_pres_108_U                      | ram_2p array  |      |      |      | yes    | srt_pres_108    | lutram | 1       | 1, 40, 1         |
|   srt_pres_109_U                      | ram_2p array  |      |      |      | yes    | srt_pres_109    | lutram | 1       | 1, 40, 1         |
|   srt_pres_110_U                      | ram_2p array  |      |      |      | yes    | srt_pres_110    | lutram | 1       | 1, 40, 1         |
|   srt_pres_111_U                      | ram_2p array  |      |      |      | yes    | srt_pres_111    | lutram | 1       | 1, 40, 1         |
|   srt_pres_112_U                      | ram_2p array  |      |      |      | yes    | srt_pres_112    | lutram | 1       | 1, 40, 1         |
|   srt_pres_113_U                      | ram_2p array  |      |      |      | yes    | srt_pres_113    | lutram | 1       | 1, 40, 1         |
|   srt_pres_114_U                      | ram_2p array  |      |      |      | yes    | srt_pres_114    | lutram | 1       | 1, 40, 1         |
|   srt_pres_115_U                      | ram_2p array  |      |      |      | yes    | srt_pres_115    | lutram | 1       | 1, 40, 1         |
|   srt_pres_116_U                      | ram_2p array  |      |      |      | yes    | srt_pres_116    | lutram | 1       | 1, 40, 1         |
|   srt_pres_117_U                      | ram_2p array  |      |      |      | yes    | srt_pres_117    | lutram | 1       | 1, 40, 1         |
|   srt_pres_118_U                      | ram_2p array  |      |      |      | yes    | srt_pres_118    | lutram | 1       | 1, 40, 1         |
|   srt_pres_119_U                      | ram_2p array  |      |      |      | yes    | srt_pres_119    | lutram | 1       | 1, 40, 1         |
|   srt_pres_120_U                      | ram_2p array  |      |      |      | yes    | srt_pres_120    | lutram | 1       | 1, 40, 1         |
|   srt_pres_121_U                      | ram_2p array  |      |      |      | yes    | srt_pres_121    | lutram | 1       | 1, 40, 1         |
|   srt_pres_122_U                      | ram_2p array  |      |      |      | yes    | srt_pres_122    | lutram | 1       | 1, 40, 1         |
|   srt_pres_123_U                      | ram_2p array  |      |      |      | yes    | srt_pres_123    | lutram | 1       | 1, 40, 1         |
|   srt_pres_124_U                      | ram_2p array  |      |      |      | yes    | srt_pres_124    | lutram | 1       | 1, 40, 1         |
|   srt_pres_125_U                      | ram_2p array  |      |      |      | yes    | srt_pres_125    | lutram | 1       | 1, 40, 1         |
|   srt_pres_126_U                      | ram_2p array  |      |      |      | yes    | srt_pres_126    | lutram | 1       | 1, 40, 1         |
|   srt_pres_127_U                      | ram_2p array  |      |      |      | yes    | srt_pres_127    | lutram | 1       | 1, 40, 1         |
|   srt_pres_128_U                      | ram_2p array  |      |      |      | yes    | srt_pres_128    | lutram | 1       | 1, 40, 1         |
|   srt_pres_129_U                      | ram_2p array  |      |      |      | yes    | srt_pres_129    | lutram | 1       | 1, 40, 1         |
|   srt_pres_130_U                      | ram_2p array  |      |      |      | yes    | srt_pres_130    | lutram | 1       | 1, 40, 1         |
|   srt_pres_131_U                      | ram_2p array  |      |      |      | yes    | srt_pres_131    | lutram | 1       | 1, 40, 1         |
|   srt_pres_132_U                      | ram_2p array  |      |      |      | yes    | srt_pres_132    | lutram | 1       | 1, 40, 1         |
|   srt_pres_133_U                      | ram_2p array  |      |      |      | yes    | srt_pres_133    | lutram | 1       | 1, 40, 1         |
|   srt_pres_134_U                      | ram_2p array  |      |      |      | yes    | srt_pres_134    | lutram | 1       | 1, 40, 1         |
|   srt_pres_135_U                      | ram_2p array  |      |      |      | yes    | srt_pres_135    | lutram | 1       | 1, 40, 1         |
|   srt_pres_136_U                      | ram_2p array  |      |      |      | yes    | srt_pres_136    | lutram | 1       | 1, 40, 1         |
|   srt_pres_137_U                      | ram_2p array  |      |      |      | yes    | srt_pres_137    | lutram | 1       | 1, 40, 1         |
|   srt_pres_138_U                      | ram_2p array  |      |      |      | yes    | srt_pres_138    | lutram | 1       | 1, 40, 1         |
|   srt_pres_139_U                      | ram_2p array  |      |      |      | yes    | srt_pres_139    | lutram | 1       | 1, 40, 1         |
|   srt_pres_140_U                      | ram_2p array  |      |      |      | yes    | srt_pres_140    | lutram | 1       | 1, 40, 1         |
|   srt_pres_141_U                      | ram_2p array  |      |      |      | yes    | srt_pres_141    | lutram | 1       | 1, 40, 1         |
|   srt_pres_142_U                      | ram_2p array  |      |      |      | yes    | srt_pres_142    | lutram | 1       | 1, 40, 1         |
|   srt_pres_143_U                      | ram_2p array  |      |      |      | yes    | srt_pres_143    | lutram | 1       | 1, 40, 1         |
|   srt_pres_144_U                      | ram_2p array  |      |      |      | yes    | srt_pres_144    | lutram | 1       | 1, 40, 1         |
|   srt_pres_145_U                      | ram_2p array  |      |      |      | yes    | srt_pres_145    | lutram | 1       | 1, 40, 1         |
|   srt_pres_146_U                      | ram_2p array  |      |      |      | yes    | srt_pres_146    | lutram | 1       | 1, 40, 1         |
|   srt_pres_147_U                      | ram_2p array  |      |      |      | yes    | srt_pres_147    | lutram | 1       | 1, 40, 1         |
|   srt_pres_148_U                      | ram_2p array  |      |      |      | yes    | srt_pres_148    | lutram | 1       | 1, 40, 1         |
|   srt_pres_149_U                      | ram_2p array  |      |      |      | yes    | srt_pres_149    | lutram | 1       | 1, 40, 1         |
|   srt_pres_150_U                      | ram_2p array  |      |      |      | yes    | srt_pres_150    | lutram | 1       | 1, 40, 1         |
|   srt_pres_151_U                      | ram_2p array  |      |      |      | yes    | srt_pres_151    | lutram | 1       | 1, 40, 1         |
|   srt_pres_152_U                      | ram_2p array  |      |      |      | yes    | srt_pres_152    | lutram | 1       | 1, 40, 1         |
|   srt_pres_153_U                      | ram_2p array  |      |      |      | yes    | srt_pres_153    | lutram | 1       | 1, 40, 1         |
|   srt_pres_154_U                      | ram_2p array  |      |      |      | yes    | srt_pres_154    | lutram | 1       | 1, 40, 1         |
|   srt_pres_155_U                      | ram_2p array  |      |      |      | yes    | srt_pres_155    | lutram | 1       | 1, 40, 1         |
|   srt_pres_156_U                      | ram_2p array  |      |      |      | yes    | srt_pres_156    | lutram | 1       | 1, 40, 1         |
|   srt_pres_157_U                      | ram_2p array  |      |      |      | yes    | srt_pres_157    | lutram | 1       | 1, 40, 1         |
|   srt_pres_158_U                      | ram_2p array  |      |      |      | yes    | srt_pres_158    | lutram | 1       | 1, 40, 1         |
|   srt_pres_159_U                      | ram_2p array  |      |      |      | yes    | srt_pres_159    | lutram | 1       | 1, 40, 1         |
|   srt_pres_160_U                      | ram_2p array  |      |      |      | yes    | srt_pres_160    | lutram | 1       | 1, 40, 1         |
|   srt_pres_161_U                      | ram_2p array  |      |      |      | yes    | srt_pres_161    | lutram | 1       | 1, 40, 1         |
|   srt_pres_162_U                      | ram_2p array  |      |      |      | yes    | srt_pres_162    | lutram | 1       | 1, 40, 1         |
|   srt_pres_163_U                      | ram_2p array  |      |      |      | yes    | srt_pres_163    | lutram | 1       | 1, 40, 1         |
|   srt_pres_164_U                      | ram_2p array  |      |      |      | yes    | srt_pres_164    | lutram | 1       | 1, 40, 1         |
|   srt_pres_165_U                      | ram_2p array  |      |      |      | yes    | srt_pres_165    | lutram | 1       | 1, 40, 1         |
|   srt_pres_166_U                      | ram_2p array  |      |      |      | yes    | srt_pres_166    | lutram | 1       | 1, 40, 1         |
|   srt_pres_167_U                      | ram_2p array  |      |      |      | yes    | srt_pres_167    | lutram | 1       | 1, 40, 1         |
|   srt_pres_168_U                      | ram_2p array  |      |      |      | yes    | srt_pres_168    | lutram | 1       | 1, 40, 1         |
|   srt_pres_169_U                      | ram_2p array  |      |      |      | yes    | srt_pres_169    | lutram | 1       | 1, 40, 1         |
|   srt_pres_170_U                      | ram_2p array  |      |      |      | yes    | srt_pres_170    | lutram | 1       | 1, 40, 1         |
|   srt_pres_171_U                      | ram_2p array  |      |      |      | yes    | srt_pres_171    | lutram | 1       | 1, 40, 1         |
|   srt_pres_172_U                      | ram_2p array  |      |      |      | yes    | srt_pres_172    | lutram | 1       | 1, 40, 1         |
|   srt_pres_173_U                      | ram_2p array  |      |      |      | yes    | srt_pres_173    | lutram | 1       | 1, 40, 1         |
|   srt_pres_174_U                      | ram_2p array  |      |      |      | yes    | srt_pres_174    | lutram | 1       | 1, 40, 1         |
|   srt_pres_175_U                      | ram_2p array  |      |      |      | yes    | srt_pres_175    | lutram | 1       | 1, 40, 1         |
|   srt_pres_176_U                      | ram_2p array  |      |      |      | yes    | srt_pres_176    | lutram | 1       | 1, 40, 1         |
|   srt_pres_177_U                      | ram_2p array  |      |      |      | yes    | srt_pres_177    | lutram | 1       | 1, 40, 1         |
|   srt_pres_178_U                      | ram_2p array  |      |      |      | yes    | srt_pres_178    | lutram | 1       | 1, 40, 1         |
|   srt_pres_179_U                      | ram_2p array  |      |      |      | yes    | srt_pres_179    | lutram | 1       | 1, 40, 1         |
|   srt_pres_180_U                      | ram_2p array  |      |      |      | yes    | srt_pres_180    | lutram | 1       | 1, 40, 1         |
|   srt_pres_181_U                      | ram_2p array  |      |      |      | yes    | srt_pres_181    | lutram | 1       | 1, 40, 1         |
|   srt_pres_182_U                      | ram_2p array  |      |      |      | yes    | srt_pres_182    | lutram | 1       | 1, 40, 1         |
|   srt_pres_183_U                      | ram_2p array  |      |      |      | yes    | srt_pres_183    | lutram | 1       | 1, 40, 1         |
|   srt_pres_184_U                      | ram_2p array  |      |      |      | yes    | srt_pres_184    | lutram | 1       | 1, 40, 1         |
|   srt_pres_185_U                      | ram_2p array  |      |      |      | yes    | srt_pres_185    | lutram | 1       | 1, 40, 1         |
|   srt_pres_186_U                      | ram_2p array  |      |      |      | yes    | srt_pres_186    | lutram | 1       | 1, 40, 1         |
|   srt_pres_187_U                      | ram_2p array  |      |      |      | yes    | srt_pres_187    | lutram | 1       | 1, 40, 1         |
|   srt_pres_188_U                      | ram_2p array  |      |      |      | yes    | srt_pres_188    | lutram | 1       | 1, 40, 1         |
|   srt_pres_189_U                      | ram_2p array  |      |      |      | yes    | srt_pres_189    | lutram | 1       | 1, 40, 1         |
|   srt_pres_190_U                      | ram_2p array  |      |      |      | yes    | srt_pres_190    | lutram | 1       | 1, 40, 1         |
|   srt_pres_191_U                      | ram_2p array  |      |      |      | yes    | srt_pres_191    | lutram | 1       | 1, 40, 1         |
|   srt_pres_192_U                      | ram_2p array  |      |      |      | yes    | srt_pres_192    | lutram | 1       | 1, 40, 1         |
|   srt_pres_193_U                      | ram_2p array  |      |      |      | yes    | srt_pres_193    | lutram | 1       | 1, 40, 1         |
|   srt_pres_194_U                      | ram_2p array  |      |      |      | yes    | srt_pres_194    | lutram | 1       | 1, 40, 1         |
|   srt_pres_195_U                      | ram_2p array  |      |      |      | yes    | srt_pres_195    | lutram | 1       | 1, 40, 1         |
|   srt_pres_196_U                      | ram_2p array  |      |      |      | yes    | srt_pres_196    | lutram | 1       | 1, 40, 1         |
|   srt_pres_197_U                      | ram_2p array  |      |      |      | yes    | srt_pres_197    | lutram | 1       | 1, 40, 1         |
|   srt_pres_198_U                      | ram_2p array  |      |      |      | yes    | srt_pres_198    | lutram | 1       | 1, 40, 1         |
|   srt_pres_199_U                      | ram_2p array  |      |      |      | yes    | srt_pres_199    | lutram | 1       | 1, 40, 1         |
|   srt_pres_200_U                      | ram_2p array  |      |      |      | yes    | srt_pres_200    | lutram | 1       | 1, 40, 1         |
|   srt_pres_201_U                      | ram_2p array  |      |      |      | yes    | srt_pres_201    | lutram | 1       | 1, 40, 1         |
|   srt_pres_202_U                      | ram_2p array  |      |      |      | yes    | srt_pres_202    | lutram | 1       | 1, 40, 1         |
|   srt_pres_203_U                      | ram_2p array  |      |      |      | yes    | srt_pres_203    | lutram | 1       | 1, 40, 1         |
|   srt_pres_204_U                      | ram_2p array  |      |      |      | yes    | srt_pres_204    | lutram | 1       | 1, 40, 1         |
|   srt_pres_205_U                      | ram_2p array  |      |      |      | yes    | srt_pres_205    | lutram | 1       | 1, 40, 1         |
|   srt_pres_206_U                      | ram_2p array  |      |      |      | yes    | srt_pres_206    | lutram | 1       | 1, 40, 1         |
|   srt_pres_207_U                      | ram_2p array  |      |      |      | yes    | srt_pres_207    | lutram | 1       | 1, 40, 1         |
|   srt_pres_208_U                      | ram_2p array  |      |      |      | yes    | srt_pres_208    | lutram | 1       | 1, 40, 1         |
|   srt_pres_209_U                      | ram_2p array  |      |      |      | yes    | srt_pres_209    | lutram | 1       | 1, 40, 1         |
|   srt_pres_210_U                      | ram_2p array  |      |      |      | yes    | srt_pres_210    | lutram | 1       | 1, 40, 1         |
|   srt_pres_211_U                      | ram_2p array  |      |      |      | yes    | srt_pres_211    | lutram | 1       | 1, 40, 1         |
|   srt_pres_212_U                      | ram_2p array  |      |      |      | yes    | srt_pres_212    | lutram | 1       | 1, 40, 1         |
|   srt_pres_213_U                      | ram_2p array  |      |      |      | yes    | srt_pres_213    | lutram | 1       | 1, 40, 1         |
|   srt_pres_214_U                      | ram_2p array  |      |      |      | yes    | srt_pres_214    | lutram | 1       | 1, 40, 1         |
|   srt_pres_215_U                      | ram_2p array  |      |      |      | yes    | srt_pres_215    | lutram | 1       | 1, 40, 1         |
|   srt_pres_216_U                      | ram_2p array  |      |      |      | yes    | srt_pres_216    | lutram | 1       | 1, 40, 1         |
|   srt_pres_217_U                      | ram_2p array  |      |      |      | yes    | srt_pres_217    | lutram | 1       | 1, 40, 1         |
|   srt_pres_218_U                      | ram_2p array  |      |      |      | yes    | srt_pres_218    | lutram | 1       | 1, 40, 1         |
|   srt_pres_219_U                      | ram_2p array  |      |      |      | yes    | srt_pres_219    | lutram | 1       | 1, 40, 1         |
|   srt_pres_220_U                      | ram_2p array  |      |      |      | yes    | srt_pres_220    | lutram | 1       | 1, 40, 1         |
|   srt_pres_221_U                      | ram_2p array  |      |      |      | yes    | srt_pres_221    | lutram | 1       | 1, 40, 1         |
|   srt_pres_222_U                      | ram_2p array  |      |      |      | yes    | srt_pres_222    | lutram | 1       | 1, 40, 1         |
|   srt_pres_223_U                      | ram_2p array  |      |      |      | yes    | srt_pres_223    | lutram | 1       | 1, 40, 1         |
|   srt_pres_224_U                      | ram_2p array  |      |      |      | yes    | srt_pres_224    | lutram | 1       | 1, 40, 1         |
|   co_pres_U                           | ram_2p array  |      |      |      | yes    | co_pres         | lutram | 1       | 1, 40, 1         |
|   co_pres_1_U                         | ram_2p array  |      |      |      | yes    | co_pres_1       | lutram | 1       | 1, 40, 1         |
|   co_pres_2_U                         | ram_2p array  |      |      |      | yes    | co_pres_2       | lutram | 1       | 1, 40, 1         |
|   co_pres_3_U                         | ram_2p array  |      |      |      | yes    | co_pres_3       | lutram | 1       | 1, 40, 1         |
|   co_pres_4_U                         | ram_2p array  |      |      |      | yes    | co_pres_4       | lutram | 1       | 1, 40, 1         |
|   co_pres_5_U                         | ram_2p array  |      |      |      | yes    | co_pres_5       | lutram | 1       | 1, 40, 1         |
|   co_pres_6_U                         | ram_2p array  |      |      |      | yes    | co_pres_6       | lutram | 1       | 1, 40, 1         |
|   co_pres_7_U                         | ram_2p array  |      |      |      | yes    | co_pres_7       | lutram | 1       | 1, 40, 1         |
|   co_pres_8_U                         | ram_2p array  |      |      |      | yes    | co_pres_8       | lutram | 1       | 1, 40, 1         |
|   co_pres_9_U                         | ram_2p array  |      |      |      | yes    | co_pres_9       | lutram | 1       | 1, 40, 1         |
|   co_pres_10_U                        | ram_2p array  |      |      |      | yes    | co_pres_10      | lutram | 1       | 1, 40, 1         |
|   co_pres_11_U                        | ram_2p array  |      |      |      | yes    | co_pres_11      | lutram | 1       | 1, 40, 1         |
|   co_pres_12_U                        | ram_2p array  |      |      |      | yes    | co_pres_12      | lutram | 1       | 1, 40, 1         |
|   co_pres_13_U                        | ram_2p array  |      |      |      | yes    | co_pres_13      | lutram | 1       | 1, 40, 1         |
|   co_pres_14_U                        | ram_2p array  |      |      |      | yes    | co_pres_14      | lutram | 1       | 1, 40, 1         |
|   co_pres_15_U                        | ram_2p array  |      |      |      | yes    | co_pres_15      | lutram | 1       | 1, 40, 1         |
|   co_pres_16_U                        | ram_2p array  |      |      |      | yes    | co_pres_16      | lutram | 1       | 1, 40, 1         |
|   co_pres_17_U                        | ram_2p array  |      |      |      | yes    | co_pres_17      | lutram | 1       | 1, 40, 1         |
|   co_pres_18_U                        | ram_2p array  |      |      |      | yes    | co_pres_18      | lutram | 1       | 1, 40, 1         |
|   co_pres_19_U                        | ram_2p array  |      |      |      | yes    | co_pres_19      | lutram | 1       | 1, 40, 1         |
|   co_pres_20_U                        | ram_2p array  |      |      |      | yes    | co_pres_20      | lutram | 1       | 1, 40, 1         |
|   co_pres_21_U                        | ram_2p array  |      |      |      | yes    | co_pres_21      | lutram | 1       | 1, 40, 1         |
|   co_pres_22_U                        | ram_2p array  |      |      |      | yes    | co_pres_22      | lutram | 1       | 1, 40, 1         |
|   co_pres_23_U                        | ram_2p array  |      |      |      | yes    | co_pres_23      | lutram | 1       | 1, 40, 1         |
|   co_pres_24_U                        | ram_2p array  |      |      |      | yes    | co_pres_24      | lutram | 1       | 1, 40, 1         |
|   co_pres_25_U                        | ram_2p array  |      |      |      | yes    | co_pres_25      | lutram | 1       | 1, 40, 1         |
|   co_pres_26_U                        | ram_2p array  |      |      |      | yes    | co_pres_26      | lutram | 1       | 1, 40, 1         |
|   co_pres_27_U                        | ram_2p array  |      |      |      | yes    | co_pres_27      | lutram | 1       | 1, 40, 1         |
|   co_pres_28_U                        | ram_2p array  |      |      |      | yes    | co_pres_28      | lutram | 1       | 1, 40, 1         |
|   co_pres_29_U                        | ram_2p array  |      |      |      | yes    | co_pres_29      | lutram | 1       | 1, 40, 1         |
|   co_pres_30_U                        | ram_2p array  |      |      |      | yes    | co_pres_30      | lutram | 1       | 1, 40, 1         |
|   co_pres_31_U                        | ram_2p array  |      |      |      | yes    | co_pres_31      | lutram | 1       | 1, 40, 1         |
|   co_pres_32_U                        | ram_2p array  |      |      |      | yes    | co_pres_32      | lutram | 1       | 1, 40, 1         |
|   co_pres_33_U                        | ram_2p array  |      |      |      | yes    | co_pres_33      | lutram | 1       | 1, 40, 1         |
|   co_pres_34_U                        | ram_2p array  |      |      |      | yes    | co_pres_34      | lutram | 1       | 1, 40, 1         |
|   co_pres_35_U                        | ram_2p array  |      |      |      | yes    | co_pres_35      | lutram | 1       | 1, 40, 1         |
|   co_pres_36_U                        | ram_2p array  |      |      |      | yes    | co_pres_36      | lutram | 1       | 1, 40, 1         |
|   co_pres_37_U                        | ram_2p array  |      |      |      | yes    | co_pres_37      | lutram | 1       | 1, 40, 1         |
|   co_pres_38_U                        | ram_2p array  |      |      |      | yes    | co_pres_38      | lutram | 1       | 1, 40, 1         |
|   co_pres_39_U                        | ram_2p array  |      |      |      | yes    | co_pres_39      | lutram | 1       | 1, 40, 1         |
|   co_pres_40_U                        | ram_2p array  |      |      |      | yes    | co_pres_40      | lutram | 1       | 1, 40, 1         |
|   co_pres_41_U                        | ram_2p array  |      |      |      | yes    | co_pres_41      | lutram | 1       | 1, 40, 1         |
|   co_pres_42_U                        | ram_2p array  |      |      |      | yes    | co_pres_42      | lutram | 1       | 1, 40, 1         |
|   co_pres_43_U                        | ram_2p array  |      |      |      | yes    | co_pres_43      | lutram | 1       | 1, 40, 1         |
|   co_pres_44_U                        | ram_2p array  |      |      |      | yes    | co_pres_44      | lutram | 1       | 1, 40, 1         |
|   co_pres_45_U                        | ram_2p array  |      |      |      | yes    | co_pres_45      | lutram | 1       | 1, 40, 1         |
|   co_pres_46_U                        | ram_2p array  |      |      |      | yes    | co_pres_46      | lutram | 1       | 1, 40, 1         |
|   co_pres_47_U                        | ram_2p array  |      |      |      | yes    | co_pres_47      | lutram | 1       | 1, 40, 1         |
|   co_pres_48_U                        | ram_2p array  |      |      |      | yes    | co_pres_48      | lutram | 1       | 1, 40, 1         |
|   co_pres_49_U                        | ram_2p array  |      |      |      | yes    | co_pres_49      | lutram | 1       | 1, 40, 1         |
|   co_pres_50_U                        | ram_2p array  |      |      |      | yes    | co_pres_50      | lutram | 1       | 1, 40, 1         |
|   co_pres_51_U                        | ram_2p array  |      |      |      | yes    | co_pres_51      | lutram | 1       | 1, 40, 1         |
|   co_pres_52_U                        | ram_2p array  |      |      |      | yes    | co_pres_52      | lutram | 1       | 1, 40, 1         |
|   co_pres_53_U                        | ram_2p array  |      |      |      | yes    | co_pres_53      | lutram | 1       | 1, 40, 1         |
|   co_pres_54_U                        | ram_2p array  |      |      |      | yes    | co_pres_54      | lutram | 1       | 1, 40, 1         |
|   co_pres_55_U                        | ram_2p array  |      |      |      | yes    | co_pres_55      | lutram | 1       | 1, 40, 1         |
|   co_pres_56_U                        | ram_2p array  |      |      |      | yes    | co_pres_56      | lutram | 1       | 1, 40, 1         |
|   co_pres_57_U                        | ram_2p array  |      |      |      | yes    | co_pres_57      | lutram | 1       | 1, 40, 1         |
|   co_pres_58_U                        | ram_2p array  |      |      |      | yes    | co_pres_58      | lutram | 1       | 1, 40, 1         |
|   co_pres_59_U                        | ram_2p array  |      |      |      | yes    | co_pres_59      | lutram | 1       | 1, 40, 1         |
|   co_pres_60_U                        | ram_2p array  |      |      |      | yes    | co_pres_60      | lutram | 1       | 1, 40, 1         |
|   co_pres_61_U                        | ram_2p array  |      |      |      | yes    | co_pres_61      | lutram | 1       | 1, 40, 1         |
|   co_pres_62_U                        | ram_2p array  |      |      |      | yes    | co_pres_62      | lutram | 1       | 1, 40, 1         |
|   co_pres_63_U                        | ram_2p array  |      |      |      | yes    | co_pres_63      | lutram | 1       | 1, 40, 1         |
|   co_pres_64_U                        | ram_2p array  |      |      |      | yes    | co_pres_64      | lutram | 1       | 1, 40, 1         |
|   co_pres_65_U                        | ram_2p array  |      |      |      | yes    | co_pres_65      | lutram | 1       | 1, 40, 1         |
|   co_pres_66_U                        | ram_2p array  |      |      |      | yes    | co_pres_66      | lutram | 1       | 1, 40, 1         |
|   co_pres_67_U                        | ram_2p array  |      |      |      | yes    | co_pres_67      | lutram | 1       | 1, 40, 1         |
|   co_pres_68_U                        | ram_2p array  |      |      |      | yes    | co_pres_68      | lutram | 1       | 1, 40, 1         |
|   co_pres_69_U                        | ram_2p array  |      |      |      | yes    | co_pres_69      | lutram | 1       | 1, 40, 1         |
|   co_pres_70_U                        | ram_2p array  |      |      |      | yes    | co_pres_70      | lutram | 1       | 1, 40, 1         |
|   co_pres_71_U                        | ram_2p array  |      |      |      | yes    | co_pres_71      | lutram | 1       | 1, 40, 1         |
|   co_pres_72_U                        | ram_2p array  |      |      |      | yes    | co_pres_72      | lutram | 1       | 1, 40, 1         |
|   co_pres_73_U                        | ram_2p array  |      |      |      | yes    | co_pres_73      | lutram | 1       | 1, 40, 1         |
|   co_pres_74_U                        | ram_2p array  |      |      |      | yes    | co_pres_74      | lutram | 1       | 1, 40, 1         |
|   co_pres_75_U                        | ram_2p array  |      |      |      | yes    | co_pres_75      | lutram | 1       | 1, 40, 1         |
|   co_pres_76_U                        | ram_2p array  |      |      |      | yes    | co_pres_76      | lutram | 1       | 1, 40, 1         |
|   co_pres_77_U                        | ram_2p array  |      |      |      | yes    | co_pres_77      | lutram | 1       | 1, 40, 1         |
|   co_pres_78_U                        | ram_2p array  |      |      |      | yes    | co_pres_78      | lutram | 1       | 1, 40, 1         |
|   co_pres_79_U                        | ram_2p array  |      |      |      | yes    | co_pres_79      | lutram | 1       | 1, 40, 1         |
|   co_pres_80_U                        | ram_2p array  |      |      |      | yes    | co_pres_80      | lutram | 1       | 1, 40, 1         |
|   co_pres_81_U                        | ram_2p array  |      |      |      | yes    | co_pres_81      | lutram | 1       | 1, 40, 1         |
|   co_pres_82_U                        | ram_2p array  |      |      |      | yes    | co_pres_82      | lutram | 1       | 1, 40, 1         |
|   co_pres_83_U                        | ram_2p array  |      |      |      | yes    | co_pres_83      | lutram | 1       | 1, 40, 1         |
|   co_pres_84_U                        | ram_2p array  |      |      |      | yes    | co_pres_84      | lutram | 1       | 1, 40, 1         |
|   co_pres_85_U                        | ram_2p array  |      |      |      | yes    | co_pres_85      | lutram | 1       | 1, 40, 1         |
|   co_pres_86_U                        | ram_2p array  |      |      |      | yes    | co_pres_86      | lutram | 1       | 1, 40, 1         |
|   co_pres_87_U                        | ram_2p array  |      |      |      | yes    | co_pres_87      | lutram | 1       | 1, 40, 1         |
|   co_pres_88_U                        | ram_2p array  |      |      |      | yes    | co_pres_88      | lutram | 1       | 1, 40, 1         |
|   co_pres_89_U                        | ram_2p array  |      |      |      | yes    | co_pres_89      | lutram | 1       | 1, 40, 1         |
|   co_pres_90_U                        | ram_2p array  |      |      |      | yes    | co_pres_90      | lutram | 1       | 1, 40, 1         |
|   co_pres_91_U                        | ram_2p array  |      |      |      | yes    | co_pres_91      | lutram | 1       | 1, 40, 1         |
|   co_pres_92_U                        | ram_2p array  |      |      |      | yes    | co_pres_92      | lutram | 1       | 1, 40, 1         |
|   co_pres_93_U                        | ram_2p array  |      |      |      | yes    | co_pres_93      | lutram | 1       | 1, 40, 1         |
|   co_pres_94_U                        | ram_2p array  |      |      |      | yes    | co_pres_94      | lutram | 1       | 1, 40, 1         |
|   co_pres_95_U                        | ram_2p array  |      |      |      | yes    | co_pres_95      | lutram | 1       | 1, 40, 1         |
|   co_pres_96_U                        | ram_2p array  |      |      |      | yes    | co_pres_96      | lutram | 1       | 1, 40, 1         |
|   co_pres_97_U                        | ram_2p array  |      |      |      | yes    | co_pres_97      | lutram | 1       | 1, 40, 1         |
|   co_pres_98_U                        | ram_2p array  |      |      |      | yes    | co_pres_98      | lutram | 1       | 1, 40, 1         |
|   co_pres_99_U                        | ram_2p array  |      |      |      | yes    | co_pres_99      | lutram | 1       | 1, 40, 1         |
|   co_pres_100_U                       | ram_2p array  |      |      |      | yes    | co_pres_100     | lutram | 1       | 1, 40, 1         |
|   co_pres_101_U                       | ram_2p array  |      |      |      | yes    | co_pres_101     | lutram | 1       | 1, 40, 1         |
|   co_pres_102_U                       | ram_2p array  |      |      |      | yes    | co_pres_102     | lutram | 1       | 1, 40, 1         |
|   co_pres_103_U                       | ram_2p array  |      |      |      | yes    | co_pres_103     | lutram | 1       | 1, 40, 1         |
|   co_pres_104_U                       | ram_2p array  |      |      |      | yes    | co_pres_104     | lutram | 1       | 1, 40, 1         |
|   co_pres_105_U                       | ram_2p array  |      |      |      | yes    | co_pres_105     | lutram | 1       | 1, 40, 1         |
|   co_pres_106_U                       | ram_2p array  |      |      |      | yes    | co_pres_106     | lutram | 1       | 1, 40, 1         |
|   co_pres_107_U                       | ram_2p array  |      |      |      | yes    | co_pres_107     | lutram | 1       | 1, 40, 1         |
|   co_pres_108_U                       | ram_2p array  |      |      |      | yes    | co_pres_108     | lutram | 1       | 1, 40, 1         |
|   co_pres_109_U                       | ram_2p array  |      |      |      | yes    | co_pres_109     | lutram | 1       | 1, 40, 1         |
|   co_pres_110_U                       | ram_2p array  |      |      |      | yes    | co_pres_110     | lutram | 1       | 1, 40, 1         |
|   co_pres_111_U                       | ram_2p array  |      |      |      | yes    | co_pres_111     | lutram | 1       | 1, 40, 1         |
|   co_pres_112_U                       | ram_2p array  |      |      |      | yes    | co_pres_112     | lutram | 1       | 1, 40, 1         |
|   co_pres_113_U                       | ram_2p array  |      |      |      | yes    | co_pres_113     | lutram | 1       | 1, 40, 1         |
|   co_pres_114_U                       | ram_2p array  |      |      |      | yes    | co_pres_114     | lutram | 1       | 1, 40, 1         |
|   co_pres_115_U                       | ram_2p array  |      |      |      | yes    | co_pres_115     | lutram | 1       | 1, 40, 1         |
|   co_pres_116_U                       | ram_2p array  |      |      |      | yes    | co_pres_116     | lutram | 1       | 1, 40, 1         |
|   co_pres_117_U                       | ram_2p array  |      |      |      | yes    | co_pres_117     | lutram | 1       | 1, 40, 1         |
|   co_pres_118_U                       | ram_2p array  |      |      |      | yes    | co_pres_118     | lutram | 1       | 1, 40, 1         |
|   co_pres_119_U                       | ram_2p array  |      |      |      | yes    | co_pres_119     | lutram | 1       | 1, 40, 1         |
|   co_pres_120_U                       | ram_2p array  |      |      |      | yes    | co_pres_120     | lutram | 1       | 1, 40, 1         |
|   co_pres_121_U                       | ram_2p array  |      |      |      | yes    | co_pres_121     | lutram | 1       | 1, 40, 1         |
|   co_pres_122_U                       | ram_2p array  |      |      |      | yes    | co_pres_122     | lutram | 1       | 1, 40, 1         |
|   co_pres_123_U                       | ram_2p array  |      |      |      | yes    | co_pres_123     | lutram | 1       | 1, 40, 1         |
|   co_pres_124_U                       | ram_2p array  |      |      |      | yes    | co_pres_124     | lutram | 1       | 1, 40, 1         |
|   co_pres_125_U                       | ram_2p array  |      |      |      | yes    | co_pres_125     | lutram | 1       | 1, 40, 1         |
|   co_pres_126_U                       | ram_2p array  |      |      |      | yes    | co_pres_126     | lutram | 1       | 1, 40, 1         |
|   co_pres_127_U                       | ram_2p array  |      |      |      | yes    | co_pres_127     | lutram | 1       | 1, 40, 1         |
|   co_pres_128_U                       | ram_2p array  |      |      |      | yes    | co_pres_128     | lutram | 1       | 1, 40, 1         |
|   co_pres_129_U                       | ram_2p array  |      |      |      | yes    | co_pres_129     | lutram | 1       | 1, 40, 1         |
|   co_pres_130_U                       | ram_2p array  |      |      |      | yes    | co_pres_130     | lutram | 1       | 1, 40, 1         |
|   co_pres_131_U                       | ram_2p array  |      |      |      | yes    | co_pres_131     | lutram | 1       | 1, 40, 1         |
|   co_pres_132_U                       | ram_2p array  |      |      |      | yes    | co_pres_132     | lutram | 1       | 1, 40, 1         |
|   co_pres_133_U                       | ram_2p array  |      |      |      | yes    | co_pres_133     | lutram | 1       | 1, 40, 1         |
|   co_pres_134_U                       | ram_2p array  |      |      |      | yes    | co_pres_134     | lutram | 1       | 1, 40, 1         |
|   co_pres_135_U                       | ram_2p array  |      |      |      | yes    | co_pres_135     | lutram | 1       | 1, 40, 1         |
|   co_pres_136_U                       | ram_2p array  |      |      |      | yes    | co_pres_136     | lutram | 1       | 1, 40, 1         |
|   co_pres_137_U                       | ram_2p array  |      |      |      | yes    | co_pres_137     | lutram | 1       | 1, 40, 1         |
|   co_pres_138_U                       | ram_2p array  |      |      |      | yes    | co_pres_138     | lutram | 1       | 1, 40, 1         |
|   co_pres_139_U                       | ram_2p array  |      |      |      | yes    | co_pres_139     | lutram | 1       | 1, 40, 1         |
|   co_pres_140_U                       | ram_2p array  |      |      |      | yes    | co_pres_140     | lutram | 1       | 1, 40, 1         |
|   co_pres_141_U                       | ram_2p array  |      |      |      | yes    | co_pres_141     | lutram | 1       | 1, 40, 1         |
|   co_pres_142_U                       | ram_2p array  |      |      |      | yes    | co_pres_142     | lutram | 1       | 1, 40, 1         |
|   co_pres_143_U                       | ram_2p array  |      |      |      | yes    | co_pres_143     | lutram | 1       | 1, 40, 1         |
|   co_pres_144_U                       | ram_2p array  |      |      |      | yes    | co_pres_144     | lutram | 1       | 1, 40, 1         |
|   co_pres_145_U                       | ram_2p array  |      |      |      | yes    | co_pres_145     | lutram | 1       | 1, 40, 1         |
|   co_pres_146_U                       | ram_2p array  |      |      |      | yes    | co_pres_146     | lutram | 1       | 1, 40, 1         |
|   co_pres_147_U                       | ram_2p array  |      |      |      | yes    | co_pres_147     | lutram | 1       | 1, 40, 1         |
|   co_pres_148_U                       | ram_2p array  |      |      |      | yes    | co_pres_148     | lutram | 1       | 1, 40, 1         |
|   co_pres_149_U                       | ram_2p array  |      |      |      | yes    | co_pres_149     | lutram | 1       | 1, 40, 1         |
|   co_pres_150_U                       | ram_2p array  |      |      |      | yes    | co_pres_150     | lutram | 1       | 1, 40, 1         |
|   co_pres_151_U                       | ram_2p array  |      |      |      | yes    | co_pres_151     | lutram | 1       | 1, 40, 1         |
|   co_pres_152_U                       | ram_2p array  |      |      |      | yes    | co_pres_152     | lutram | 1       | 1, 40, 1         |
|   co_pres_153_U                       | ram_2p array  |      |      |      | yes    | co_pres_153     | lutram | 1       | 1, 40, 1         |
|   co_pres_154_U                       | ram_2p array  |      |      |      | yes    | co_pres_154     | lutram | 1       | 1, 40, 1         |
|   co_pres_155_U                       | ram_2p array  |      |      |      | yes    | co_pres_155     | lutram | 1       | 1, 40, 1         |
|   co_pres_156_U                       | ram_2p array  |      |      |      | yes    | co_pres_156     | lutram | 1       | 1, 40, 1         |
|   co_pres_157_U                       | ram_2p array  |      |      |      | yes    | co_pres_157     | lutram | 1       | 1, 40, 1         |
|   co_pres_158_U                       | ram_2p array  |      |      |      | yes    | co_pres_158     | lutram | 1       | 1, 40, 1         |
|   co_pres_159_U                       | ram_2p array  |      |      |      | yes    | co_pres_159     | lutram | 1       | 1, 40, 1         |
|   co_pres_160_U                       | ram_2p array  |      |      |      | yes    | co_pres_160     | lutram | 1       | 1, 40, 1         |
|   co_pres_161_U                       | ram_2p array  |      |      |      | yes    | co_pres_161     | lutram | 1       | 1, 40, 1         |
|   co_pres_162_U                       | ram_2p array  |      |      |      | yes    | co_pres_162     | lutram | 1       | 1, 40, 1         |
|   co_pres_163_U                       | ram_2p array  |      |      |      | yes    | co_pres_163     | lutram | 1       | 1, 40, 1         |
|   co_pres_164_U                       | ram_2p array  |      |      |      | yes    | co_pres_164     | lutram | 1       | 1, 40, 1         |
|   co_pres_165_U                       | ram_2p array  |      |      |      | yes    | co_pres_165     | lutram | 1       | 1, 40, 1         |
|   co_pres_166_U                       | ram_2p array  |      |      |      | yes    | co_pres_166     | lutram | 1       | 1, 40, 1         |
|   co_pres_167_U                       | ram_2p array  |      |      |      | yes    | co_pres_167     | lutram | 1       | 1, 40, 1         |
|   co_pres_168_U                       | ram_2p array  |      |      |      | yes    | co_pres_168     | lutram | 1       | 1, 40, 1         |
|   co_pres_169_U                       | ram_2p array  |      |      |      | yes    | co_pres_169     | lutram | 1       | 1, 40, 1         |
|   co_pres_170_U                       | ram_2p array  |      |      |      | yes    | co_pres_170     | lutram | 1       | 1, 40, 1         |
|   co_pres_171_U                       | ram_2p array  |      |      |      | yes    | co_pres_171     | lutram | 1       | 1, 40, 1         |
|   co_pres_172_U                       | ram_2p array  |      |      |      | yes    | co_pres_172     | lutram | 1       | 1, 40, 1         |
|   co_pres_173_U                       | ram_2p array  |      |      |      | yes    | co_pres_173     | lutram | 1       | 1, 40, 1         |
|   co_pres_174_U                       | ram_2p array  |      |      |      | yes    | co_pres_174     | lutram | 1       | 1, 40, 1         |
|   co_pres_175_U                       | ram_2p array  |      |      |      | yes    | co_pres_175     | lutram | 1       | 1, 40, 1         |
|   co_pres_176_U                       | ram_2p array  |      |      |      | yes    | co_pres_176     | lutram | 1       | 1, 40, 1         |
|   co_pres_177_U                       | ram_2p array  |      |      |      | yes    | co_pres_177     | lutram | 1       | 1, 40, 1         |
|   co_pres_178_U                       | ram_2p array  |      |      |      | yes    | co_pres_178     | lutram | 1       | 1, 40, 1         |
|   co_pres_179_U                       | ram_2p array  |      |      |      | yes    | co_pres_179     | lutram | 1       | 1, 40, 1         |
|   co_pres_180_U                       | ram_2p array  |      |      |      | yes    | co_pres_180     | lutram | 1       | 1, 40, 1         |
|   co_pres_181_U                       | ram_2p array  |      |      |      | yes    | co_pres_181     | lutram | 1       | 1, 40, 1         |
|   co_pres_182_U                       | ram_2p array  |      |      |      | yes    | co_pres_182     | lutram | 1       | 1, 40, 1         |
|   co_pres_183_U                       | ram_2p array  |      |      |      | yes    | co_pres_183     | lutram | 1       | 1, 40, 1         |
|   co_pres_184_U                       | ram_2p array  |      |      |      | yes    | co_pres_184     | lutram | 1       | 1, 40, 1         |
|   co_pres_185_U                       | ram_2p array  |      |      |      | yes    | co_pres_185     | lutram | 1       | 1, 40, 1         |
|   co_pres_186_U                       | ram_2p array  |      |      |      | yes    | co_pres_186     | lutram | 1       | 1, 40, 1         |
|   co_pres_187_U                       | ram_2p array  |      |      |      | yes    | co_pres_187     | lutram | 1       | 1, 40, 1         |
|   co_pres_188_U                       | ram_2p array  |      |      |      | yes    | co_pres_188     | lutram | 1       | 1, 40, 1         |
|   co_pres_189_U                       | ram_2p array  |      |      |      | yes    | co_pres_189     | lutram | 1       | 1, 40, 1         |
|   co_pres_190_U                       | ram_2p array  |      |      |      | yes    | co_pres_190     | lutram | 1       | 1, 40, 1         |
|   co_pres_191_U                       | ram_2p array  |      |      |      | yes    | co_pres_191     | lutram | 1       | 1, 40, 1         |
|   co_pres_192_U                       | ram_2p array  |      |      |      | yes    | co_pres_192     | lutram | 1       | 1, 40, 1         |
|   co_pres_193_U                       | ram_2p array  |      |      |      | yes    | co_pres_193     | lutram | 1       | 1, 40, 1         |
|   co_pres_194_U                       | ram_2p array  |      |      |      | yes    | co_pres_194     | lutram | 1       | 1, 40, 1         |
|   co_pres_195_U                       | ram_2p array  |      |      |      | yes    | co_pres_195     | lutram | 1       | 1, 40, 1         |
|   co_pres_196_U                       | ram_2p array  |      |      |      | yes    | co_pres_196     | lutram | 1       | 1, 40, 1         |
|   co_pres_197_U                       | ram_2p array  |      |      |      | yes    | co_pres_197     | lutram | 1       | 1, 40, 1         |
|   co_pres_198_U                       | ram_2p array  |      |      |      | yes    | co_pres_198     | lutram | 1       | 1, 40, 1         |
|   co_pres_199_U                       | ram_2p array  |      |      |      | yes    | co_pres_199     | lutram | 1       | 1, 40, 1         |
|   co_pres_200_U                       | ram_2p array  |      |      |      | yes    | co_pres_200     | lutram | 1       | 1, 40, 1         |
|   co_pres_201_U                       | ram_2p array  |      |      |      | yes    | co_pres_201     | lutram | 1       | 1, 40, 1         |
|   co_pres_202_U                       | ram_2p array  |      |      |      | yes    | co_pres_202     | lutram | 1       | 1, 40, 1         |
|   co_pres_203_U                       | ram_2p array  |      |      |      | yes    | co_pres_203     | lutram | 1       | 1, 40, 1         |
|   co_pres_204_U                       | ram_2p array  |      |      |      | yes    | co_pres_204     | lutram | 1       | 1, 40, 1         |
|   co_pres_205_U                       | ram_2p array  |      |      |      | yes    | co_pres_205     | lutram | 1       | 1, 40, 1         |
|   co_pres_206_U                       | ram_2p array  |      |      |      | yes    | co_pres_206     | lutram | 1       | 1, 40, 1         |
|   co_pres_207_U                       | ram_2p array  |      |      |      | yes    | co_pres_207     | lutram | 1       | 1, 40, 1         |
|   co_pres_208_U                       | ram_2p array  |      |      |      | yes    | co_pres_208     | lutram | 1       | 1, 40, 1         |
|   co_pres_209_U                       | ram_2p array  |      |      |      | yes    | co_pres_209     | lutram | 1       | 1, 40, 1         |
|   co_pres_210_U                       | ram_2p array  |      |      |      | yes    | co_pres_210     | lutram | 1       | 1, 40, 1         |
|   co_pres_211_U                       | ram_2p array  |      |      |      | yes    | co_pres_211     | lutram | 1       | 1, 40, 1         |
|   co_pres_212_U                       | ram_2p array  |      |      |      | yes    | co_pres_212     | lutram | 1       | 1, 40, 1         |
|   co_pres_213_U                       | ram_2p array  |      |      |      | yes    | co_pres_213     | lutram | 1       | 1, 40, 1         |
|   co_pres_214_U                       | ram_2p array  |      |      |      | yes    | co_pres_214     | lutram | 1       | 1, 40, 1         |
|   co_pres_215_U                       | ram_2p array  |      |      |      | yes    | co_pres_215     | lutram | 1       | 1, 40, 1         |
|   co_pres_216_U                       | ram_2p array  |      |      |      | yes    | co_pres_216     | lutram | 1       | 1, 40, 1         |
|   co_pres_217_U                       | ram_2p array  |      |      |      | yes    | co_pres_217     | lutram | 1       | 1, 40, 1         |
|   co_pres_218_U                       | ram_2p array  |      |      |      | yes    | co_pres_218     | lutram | 1       | 1, 40, 1         |
|   co_pres_219_U                       | ram_2p array  |      |      |      | yes    | co_pres_219     | lutram | 1       | 1, 40, 1         |
|   co_pres_220_U                       | ram_2p array  |      |      |      | yes    | co_pres_220     | lutram | 1       | 1, 40, 1         |
|   co_pres_221_U                       | ram_2p array  |      |      |      | yes    | co_pres_221     | lutram | 1       | 1, 40, 1         |
|   co_pres_222_U                       | ram_2p array  |      |      |      | yes    | co_pres_222     | lutram | 1       | 1, 40, 1         |
|   co_pres_223_U                       | ram_2p array  |      |      |      | yes    | co_pres_223     | lutram | 1       | 1, 40, 1         |
|   co_pres_224_U                       | ram_2p array  |      |      |      | yes    | co_pres_224     | lutram | 1       | 1, 40, 1         |
|   lane_off_U                          | ram_t2p array |      | 1    |      | yes    | lane_off        | bram   | 1       | 1, 168, 1        |
|   lane_off_1_U                        | ram_t2p array |      | 1    |      | yes    | lane_off_1      | bram   | 1       | 10, 168, 1       |
|   lane_off_2_U                        | ram_t2p array |      | 1    |      | yes    | lane_off_2      | bram   | 1       | 10, 168, 1       |
|   lane_off_3_U                        | ram_t2p array |      | 1    |      | yes    | lane_off_3      | bram   | 1       | 10, 168, 1       |
|   lane_off_4_U                        | ram_t2p array |      | 1    |      | yes    | lane_off_4      | bram   | 1       | 10, 168, 1       |
|   lane_off_5_U                        | ram_t2p array |      | 1    |      | yes    | lane_off_5      | bram   | 1       | 10, 168, 1       |
|   lane_off_6_U                        | ram_t2p array |      | 1    |      | yes    | lane_off_6      | bram   | 1       | 10, 168, 1       |
|   lane_off_7_U                        | ram_t2p array |      | 1    |      | yes    | lane_off_7      | bram   | 1       | 10, 168, 1       |
|   lane_off_8_U                        | ram_t2p array |      | 1    |      | yes    | lane_off_8      | bram   | 1       | 10, 168, 1       |
|   lane_off_9_U                        | ram_t2p array |      | 1    |      | yes    | lane_off_9      | bram   | 1       | 10, 168, 1       |
|   lane_off_10_U                       | ram_t2p array |      | 1    |      | yes    | lane_off_10     | bram   | 1       | 10, 168, 1       |
|   lane_off_11_U                       | ram_t2p array |      | 1    |      | yes    | lane_off_11     | bram   | 1       | 10, 168, 1       |
|   lane_off_12_U                       | ram_t2p array |      | 1    |      | yes    | lane_off_12     | bram   | 1       | 10, 168, 1       |
|   lane_off_13_U                       | ram_t2p array |      | 1    |      | yes    | lane_off_13     | bram   | 1       | 10, 168, 1       |
|   lane_off_14_U                       | ram_t2p array |      | 1    |      | yes    | lane_off_14     | bram   | 1       | 10, 168, 1       |
|   lane_cur_U                          | ram_t2p array |      | 1    |      | yes    | lane_cur        | bram   | 1       | 10, 168, 1       |
|   lane_cur_1_U                        | ram_t2p array |      | 1    |      | yes    | lane_cur_1      | bram   | 1       | 10, 168, 1       |
|   lane_cur_2_U                        | ram_t2p array |      | 1    |      | yes    | lane_cur_2      | bram   | 1       | 10, 168, 1       |
|   lane_cur_3_U                        | ram_t2p array |      | 1    |      | yes    | lane_cur_3      | bram   | 1       | 10, 168, 1       |
|   lane_cur_4_U                        | ram_t2p array |      | 1    |      | yes    | lane_cur_4      | bram   | 1       | 10, 168, 1       |
|   lane_cur_5_U                        | ram_t2p array |      | 1    |      | yes    | lane_cur_5      | bram   | 1       | 10, 168, 1       |
|   lane_cur_6_U                        | ram_t2p array |      | 1    |      | yes    | lane_cur_6      | bram   | 1       | 10, 168, 1       |
|   lane_cur_7_U                        | ram_t2p array |      | 1    |      | yes    | lane_cur_7      | bram   | 1       | 10, 168, 1       |
|   lane_cur_8_U                        | ram_t2p array |      | 1    |      | yes    | lane_cur_8      | bram   | 1       | 10, 168, 1       |
|   lane_cur_9_U                        | ram_t2p array |      | 1    |      | yes    | lane_cur_9      | bram   | 1       | 10, 168, 1       |
|   lane_cur_10_U                       | ram_t2p array |      | 1    |      | yes    | lane_cur_10     | bram   | 1       | 10, 168, 1       |
|   lane_cur_11_U                       | ram_t2p array |      | 1    |      | yes    | lane_cur_11     | bram   | 1       | 10, 168, 1       |
|   lane_cur_12_U                       | ram_t2p array |      | 1    |      | yes    | lane_cur_12     | bram   | 1       | 10, 168, 1       |
|   lane_cur_13_U                       | ram_t2p array |      | 1    |      | yes    | lane_cur_13     | bram   | 1       | 10, 168, 1       |
|   lane_cur_14_U                       | ram_t2p array |      | 1    |      | yes    | lane_cur_14     | bram   | 1       | 10, 168, 1       |
|   srt_val_U                           | ram_2p array  |      | 4    |      | yes    | srt_val         | bram   | 1       | 127, 40, 1       |
|   srt_val_1_U                         | ram_2p array  |      | 4    |      | yes    | srt_val_1       | bram   | 1       | 127, 40, 1       |
|   srt_val_2_U                         | ram_2p array  |      | 4    |      | yes    | srt_val_2       | bram   | 1       | 127, 40, 1       |
|   srt_val_3_U                         | ram_2p array  |      | 4    |      | yes    | srt_val_3       | bram   | 1       | 127, 40, 1       |
|   srt_val_4_U                         | ram_2p array  |      | 4    |      | yes    | srt_val_4       | bram   | 1       | 127, 40, 1       |
|   srt_val_5_U                         | ram_2p array  |      | 4    |      | yes    | srt_val_5       | bram   | 1       | 127, 40, 1       |
|   srt_val_6_U                         | ram_2p array  |      | 4    |      | yes    | srt_val_6       | bram   | 1       | 127, 40, 1       |
|   srt_val_7_U                         | ram_2p array  |      | 4    |      | yes    | srt_val_7       | bram   | 1       | 127, 40, 1       |
|   srt_val_8_U                         | ram_2p array  |      | 4    |      | yes    | srt_val_8       | bram   | 1       | 127, 40, 1       |
|   srt_val_9_U                         | ram_2p array  |      | 4    |      | yes    | srt_val_9       | bram   | 1       | 127, 40, 1       |
|   srt_val_10_U                        | ram_2p array  |      | 4    |      | yes    | srt_val_10      | bram   | 1       | 127, 40, 1       |
|   srt_val_11_U                        | ram_2p array  |      | 4    |      | yes    | srt_val_11      | bram   | 1       | 127, 40, 1       |
|   srt_val_12_U                        | ram_2p array  |      | 4    |      | yes    | srt_val_12      | bram   | 1       | 127, 40, 1       |
|   srt_val_13_U                        | ram_2p array  |      | 4    |      | yes    | srt_val_13      | bram   | 1       | 127, 40, 1       |
|   srt_val_14_U                        | ram_2p array  |      | 4    |      | yes    | srt_val_14      | bram   | 1       | 127, 40, 1       |
|   srt_val_15_U                        | ram_2p array  |      | 4    |      | yes    | srt_val_15      | bram   | 1       | 127, 40, 1       |
|   srt_val_16_U                        | ram_2p array  |      | 4    |      | yes    | srt_val_16      | bram   | 1       | 127, 40, 1       |
|   srt_val_17_U                        | ram_2p array  |      | 4    |      | yes    | srt_val_17      | bram   | 1       | 127, 40, 1       |
|   srt_val_18_U                        | ram_2p array  |      | 4    |      | yes    | srt_val_18      | bram   | 1       | 127, 40, 1       |
|   srt_val_19_U                        | ram_2p array  |      | 4    |      | yes    | srt_val_19      | bram   | 1       | 127, 40, 1       |
|   srt_val_20_U                        | ram_2p array  |      | 4    |      | yes    | srt_val_20      | bram   | 1       | 127, 40, 1       |
|   srt_val_21_U                        | ram_2p array  |      | 4    |      | yes    | srt_val_21      | bram   | 1       | 127, 40, 1       |
|   srt_val_22_U                        | ram_2p array  |      | 4    |      | yes    | srt_val_22      | bram   | 1       | 127, 40, 1       |
|   srt_val_23_U                        | ram_2p array  |      | 4    |      | yes    | srt_val_23      | bram   | 1       | 127, 40, 1       |
|   srt_val_24_U                        | ram_2p array  |      | 4    |      | yes    | srt_val_24      | bram   | 1       | 127, 40, 1       |
|   srt_val_25_U                        | ram_2p array  |      | 4    |      | yes    | srt_val_25      | bram   | 1       | 127, 40, 1       |
|   srt_val_26_U                        | ram_2p array  |      | 4    |      | yes    | srt_val_26      | bram   | 1       | 127, 40, 1       |
|   srt_val_27_U                        | ram_2p array  |      | 4    |      | yes    | srt_val_27      | bram   | 1       | 127, 40, 1       |
|   srt_val_28_U                        | ram_2p array  |      | 4    |      | yes    | srt_val_28      | bram   | 1       | 127, 40, 1       |
|   srt_val_29_U                        | ram_2p array  |      | 4    |      | yes    | srt_val_29      | bram   | 1       | 127, 40, 1       |
|   srt_val_30_U                        | ram_2p array  |      | 4    |      | yes    | srt_val_30      | bram   | 1       | 127, 40, 1       |
|   srt_val_31_U                        | ram_2p array  |      | 4    |      | yes    | srt_val_31      | bram   | 1       | 127, 40, 1       |
|   srt_val_32_U                        | ram_2p array  |      | 4    |      | yes    | srt_val_32      | bram   | 1       | 127, 40, 1       |
|   srt_val_33_U                        | ram_2p array  |      | 4    |      | yes    | srt_val_33      | bram   | 1       | 127, 40, 1       |
|   srt_val_34_U                        | ram_2p array  |      | 4    |      | yes    | srt_val_34      | bram   | 1       | 127, 40, 1       |
|   srt_val_35_U                        | ram_2p array  |      | 4    |      | yes    | srt_val_35      | bram   | 1       | 127, 40, 1       |
|   srt_val_36_U                        | ram_2p array  |      | 4    |      | yes    | srt_val_36      | bram   | 1       | 127, 40, 1       |
|   srt_val_37_U                        | ram_2p array  |      | 4    |      | yes    | srt_val_37      | bram   | 1       | 127, 40, 1       |
|   srt_val_38_U                        | ram_2p array  |      | 4    |      | yes    | srt_val_38      | bram   | 1       | 127, 40, 1       |
|   srt_val_39_U                        | ram_2p array  |      | 4    |      | yes    | srt_val_39      | bram   | 1       | 127, 40, 1       |
|   srt_val_40_U                        | ram_2p array  |      | 4    |      | yes    | srt_val_40      | bram   | 1       | 127, 40, 1       |
|   srt_val_41_U                        | ram_2p array  |      | 4    |      | yes    | srt_val_41      | bram   | 1       | 127, 40, 1       |
|   srt_val_42_U                        | ram_2p array  |      | 4    |      | yes    | srt_val_42      | bram   | 1       | 127, 40, 1       |
|   srt_val_43_U                        | ram_2p array  |      | 4    |      | yes    | srt_val_43      | bram   | 1       | 127, 40, 1       |
|   srt_val_44_U                        | ram_2p array  |      | 4    |      | yes    | srt_val_44      | bram   | 1       | 127, 40, 1       |
|   srt_val_45_U                        | ram_2p array  |      | 4    |      | yes    | srt_val_45      | bram   | 1       | 127, 40, 1       |
|   srt_val_46_U                        | ram_2p array  |      | 4    |      | yes    | srt_val_46      | bram   | 1       | 127, 40, 1       |
|   srt_val_47_U                        | ram_2p array  |      | 4    |      | yes    | srt_val_47      | bram   | 1       | 127, 40, 1       |
|   srt_val_48_U                        | ram_2p array  |      | 4    |      | yes    | srt_val_48      | bram   | 1       | 127, 40, 1       |
|   srt_val_49_U                        | ram_2p array  |      | 4    |      | yes    | srt_val_49      | bram   | 1       | 127, 40, 1       |
|   srt_val_50_U                        | ram_2p array  |      | 4    |      | yes    | srt_val_50      | bram   | 1       | 127, 40, 1       |
|   srt_val_51_U                        | ram_2p array  |      | 4    |      | yes    | srt_val_51      | bram   | 1       | 127, 40, 1       |
|   srt_val_52_U                        | ram_2p array  |      | 4    |      | yes    | srt_val_52      | bram   | 1       | 127, 40, 1       |
|   srt_val_53_U                        | ram_2p array  |      | 4    |      | yes    | srt_val_53      | bram   | 1       | 127, 40, 1       |
|   srt_val_54_U                        | ram_2p array  |      | 4    |      | yes    | srt_val_54      | bram   | 1       | 127, 40, 1       |
|   srt_val_55_U                        | ram_2p array  |      | 4    |      | yes    | srt_val_55      | bram   | 1       | 127, 40, 1       |
|   srt_val_56_U                        | ram_2p array  |      | 4    |      | yes    | srt_val_56      | bram   | 1       | 127, 40, 1       |
|   srt_val_57_U                        | ram_2p array  |      | 4    |      | yes    | srt_val_57      | bram   | 1       | 127, 40, 1       |
|   srt_val_58_U                        | ram_2p array  |      | 4    |      | yes    | srt_val_58      | bram   | 1       | 127, 40, 1       |
|   srt_val_59_U                        | ram_2p array  |      | 4    |      | yes    | srt_val_59      | bram   | 1       | 127, 40, 1       |
|   srt_val_60_U                        | ram_2p array  |      | 4    |      | yes    | srt_val_60      | bram   | 1       | 127, 40, 1       |
|   srt_val_61_U                        | ram_2p array  |      | 4    |      | yes    | srt_val_61      | bram   | 1       | 127, 40, 1       |
|   srt_val_62_U                        | ram_2p array  |      | 4    |      | yes    | srt_val_62      | bram   | 1       | 127, 40, 1       |
|   srt_val_63_U                        | ram_2p array  |      | 4    |      | yes    | srt_val_63      | bram   | 1       | 127, 40, 1       |
|   srt_val_64_U                        | ram_2p array  |      | 4    |      | yes    | srt_val_64      | bram   | 1       | 127, 40, 1       |
|   srt_val_65_U                        | ram_2p array  |      | 4    |      | yes    | srt_val_65      | bram   | 1       | 127, 40, 1       |
|   srt_val_66_U                        | ram_2p array  |      | 4    |      | yes    | srt_val_66      | bram   | 1       | 127, 40, 1       |
|   srt_val_67_U                        | ram_2p array  |      | 4    |      | yes    | srt_val_67      | bram   | 1       | 127, 40, 1       |
|   srt_val_68_U                        | ram_2p array  |      | 4    |      | yes    | srt_val_68      | bram   | 1       | 127, 40, 1       |
|   srt_val_69_U                        | ram_2p array  |      | 4    |      | yes    | srt_val_69      | bram   | 1       | 127, 40, 1       |
|   srt_val_70_U                        | ram_2p array  |      | 4    |      | yes    | srt_val_70      | bram   | 1       | 127, 40, 1       |
|   srt_val_71_U                        | ram_2p array  |      | 4    |      | yes    | srt_val_71      | bram   | 1       | 127, 40, 1       |
|   srt_val_72_U                        | ram_2p array  |      | 4    |      | yes    | srt_val_72      | bram   | 1       | 127, 40, 1       |
|   srt_val_73_U                        | ram_2p array  |      | 4    |      | yes    | srt_val_73      | bram   | 1       | 127, 40, 1       |
|   srt_val_74_U                        | ram_2p array  |      | 4    |      | yes    | srt_val_74      | bram   | 1       | 127, 40, 1       |
|   srt_val_75_U                        | ram_2p array  |      | 4    |      | yes    | srt_val_75      | bram   | 1       | 127, 40, 1       |
|   srt_val_76_U                        | ram_2p array  |      | 4    |      | yes    | srt_val_76      | bram   | 1       | 127, 40, 1       |
|   srt_val_77_U                        | ram_2p array  |      | 4    |      | yes    | srt_val_77      | bram   | 1       | 127, 40, 1       |
|   srt_val_78_U                        | ram_2p array  |      | 4    |      | yes    | srt_val_78      | bram   | 1       | 127, 40, 1       |
|   srt_val_79_U                        | ram_2p array  |      | 4    |      | yes    | srt_val_79      | bram   | 1       | 127, 40, 1       |
|   srt_val_80_U                        | ram_2p array  |      | 4    |      | yes    | srt_val_80      | bram   | 1       | 127, 40, 1       |
|   srt_val_81_U                        | ram_2p array  |      | 4    |      | yes    | srt_val_81      | bram   | 1       | 127, 40, 1       |
|   srt_val_82_U                        | ram_2p array  |      | 4    |      | yes    | srt_val_82      | bram   | 1       | 127, 40, 1       |
|   srt_val_83_U                        | ram_2p array  |      | 4    |      | yes    | srt_val_83      | bram   | 1       | 127, 40, 1       |
|   srt_val_84_U                        | ram_2p array  |      | 4    |      | yes    | srt_val_84      | bram   | 1       | 127, 40, 1       |
|   srt_val_85_U                        | ram_2p array  |      | 4    |      | yes    | srt_val_85      | bram   | 1       | 127, 40, 1       |
|   srt_val_86_U                        | ram_2p array  |      | 4    |      | yes    | srt_val_86      | bram   | 1       | 127, 40, 1       |
|   srt_val_87_U                        | ram_2p array  |      | 4    |      | yes    | srt_val_87      | bram   | 1       | 127, 40, 1       |
|   srt_val_88_U                        | ram_2p array  |      | 4    |      | yes    | srt_val_88      | bram   | 1       | 127, 40, 1       |
|   srt_val_89_U                        | ram_2p array  |      | 4    |      | yes    | srt_val_89      | bram   | 1       | 127, 40, 1       |
|   srt_val_90_U                        | ram_2p array  |      | 4    |      | yes    | srt_val_90      | bram   | 1       | 127, 40, 1       |
|   srt_val_91_U                        | ram_2p array  |      | 4    |      | yes    | srt_val_91      | bram   | 1       | 127, 40, 1       |
|   srt_val_92_U                        | ram_2p array  |      | 4    |      | yes    | srt_val_92      | bram   | 1       | 127, 40, 1       |
|   srt_val_93_U                        | ram_2p array  |      | 4    |      | yes    | srt_val_93      | bram   | 1       | 127, 40, 1       |
|   srt_val_94_U                        | ram_2p array  |      | 4    |      | yes    | srt_val_94      | bram   | 1       | 127, 40, 1       |
|   srt_val_95_U                        | ram_2p array  |      | 4    |      | yes    | srt_val_95      | bram   | 1       | 127, 40, 1       |
|   srt_val_96_U                        | ram_2p array  |      | 4    |      | yes    | srt_val_96      | bram   | 1       | 127, 40, 1       |
|   srt_val_97_U                        | ram_2p array  |      | 4    |      | yes    | srt_val_97      | bram   | 1       | 127, 40, 1       |
|   srt_val_98_U                        | ram_2p array  |      | 4    |      | yes    | srt_val_98      | bram   | 1       | 127, 40, 1       |
|   srt_val_99_U                        | ram_2p array  |      | 4    |      | yes    | srt_val_99      | bram   | 1       | 127, 40, 1       |
|   srt_val_100_U                       | ram_2p array  |      | 4    |      | yes    | srt_val_100     | bram   | 1       | 127, 40, 1       |
|   srt_val_101_U                       | ram_2p array  |      | 4    |      | yes    | srt_val_101     | bram   | 1       | 127, 40, 1       |
|   srt_val_102_U                       | ram_2p array  |      | 4    |      | yes    | srt_val_102     | bram   | 1       | 127, 40, 1       |
|   srt_val_103_U                       | ram_2p array  |      | 4    |      | yes    | srt_val_103     | bram   | 1       | 127, 40, 1       |
|   srt_val_104_U                       | ram_2p array  |      | 4    |      | yes    | srt_val_104     | bram   | 1       | 127, 40, 1       |
|   srt_val_105_U                       | ram_2p array  |      | 4    |      | yes    | srt_val_105     | bram   | 1       | 127, 40, 1       |
|   srt_val_106_U                       | ram_2p array  |      | 4    |      | yes    | srt_val_106     | bram   | 1       | 127, 40, 1       |
|   srt_val_107_U                       | ram_2p array  |      | 4    |      | yes    | srt_val_107     | bram   | 1       | 127, 40, 1       |
|   srt_val_108_U                       | ram_2p array  |      | 4    |      | yes    | srt_val_108     | bram   | 1       | 127, 40, 1       |
|   srt_val_109_U                       | ram_2p array  |      | 4    |      | yes    | srt_val_109     | bram   | 1       | 127, 40, 1       |
|   srt_val_110_U                       | ram_2p array  |      | 4    |      | yes    | srt_val_110     | bram   | 1       | 127, 40, 1       |
|   srt_val_111_U                       | ram_2p array  |      | 4    |      | yes    | srt_val_111     | bram   | 1       | 127, 40, 1       |
|   srt_val_112_U                       | ram_2p array  |      | 4    |      | yes    | srt_val_112     | bram   | 1       | 127, 40, 1       |
|   srt_val_113_U                       | ram_2p array  |      | 4    |      | yes    | srt_val_113     | bram   | 1       | 127, 40, 1       |
|   srt_val_114_U                       | ram_2p array  |      | 4    |      | yes    | srt_val_114     | bram   | 1       | 127, 40, 1       |
|   srt_val_115_U                       | ram_2p array  |      | 4    |      | yes    | srt_val_115     | bram   | 1       | 127, 40, 1       |
|   srt_val_116_U                       | ram_2p array  |      | 4    |      | yes    | srt_val_116     | bram   | 1       | 127, 40, 1       |
|   srt_val_117_U                       | ram_2p array  |      | 4    |      | yes    | srt_val_117     | bram   | 1       | 127, 40, 1       |
|   srt_val_118_U                       | ram_2p array  |      | 4    |      | yes    | srt_val_118     | bram   | 1       | 127, 40, 1       |
|   srt_val_119_U                       | ram_2p array  |      | 4    |      | yes    | srt_val_119     | bram   | 1       | 127, 40, 1       |
|   srt_val_120_U                       | ram_2p array  |      | 4    |      | yes    | srt_val_120     | bram   | 1       | 127, 40, 1       |
|   srt_val_121_U                       | ram_2p array  |      | 4    |      | yes    | srt_val_121     | bram   | 1       | 127, 40, 1       |
|   srt_val_122_U                       | ram_2p array  |      | 4    |      | yes    | srt_val_122     | bram   | 1       | 127, 40, 1       |
|   srt_val_123_U                       | ram_2p array  |      | 4    |      | yes    | srt_val_123     | bram   | 1       | 127, 40, 1       |
|   srt_val_124_U                       | ram_2p array  |      | 4    |      | yes    | srt_val_124     | bram   | 1       | 127, 40, 1       |
|   srt_val_125_U                       | ram_2p array  |      | 4    |      | yes    | srt_val_125     | bram   | 1       | 127, 40, 1       |
|   srt_val_126_U                       | ram_2p array  |      | 4    |      | yes    | srt_val_126     | bram   | 1       | 127, 40, 1       |
|   srt_val_127_U                       | ram_2p array  |      | 4    |      | yes    | srt_val_127     | bram   | 1       | 127, 40, 1       |
|   srt_val_128_U                       | ram_2p array  |      | 4    |      | yes    | srt_val_128     | bram   | 1       | 127, 40, 1       |
|   srt_val_129_U                       | ram_2p array  |      | 4    |      | yes    | srt_val_129     | bram   | 1       | 127, 40, 1       |
|   srt_val_130_U                       | ram_2p array  |      | 4    |      | yes    | srt_val_130     | bram   | 1       | 127, 40, 1       |
|   srt_val_131_U                       | ram_2p array  |      | 4    |      | yes    | srt_val_131     | bram   | 1       | 127, 40, 1       |
|   srt_val_132_U                       | ram_2p array  |      | 4    |      | yes    | srt_val_132     | bram   | 1       | 127, 40, 1       |
|   srt_val_133_U                       | ram_2p array  |      | 4    |      | yes    | srt_val_133     | bram   | 1       | 127, 40, 1       |
|   srt_val_134_U                       | ram_2p array  |      | 4    |      | yes    | srt_val_134     | bram   | 1       | 127, 40, 1       |
|   srt_val_135_U                       | ram_2p array  |      | 4    |      | yes    | srt_val_135     | bram   | 1       | 127, 40, 1       |
|   srt_val_136_U                       | ram_2p array  |      | 4    |      | yes    | srt_val_136     | bram   | 1       | 127, 40, 1       |
|   srt_val_137_U                       | ram_2p array  |      | 4    |      | yes    | srt_val_137     | bram   | 1       | 127, 40, 1       |
|   srt_val_138_U                       | ram_2p array  |      | 4    |      | yes    | srt_val_138     | bram   | 1       | 127, 40, 1       |
|   srt_val_139_U                       | ram_2p array  |      | 4    |      | yes    | srt_val_139     | bram   | 1       | 127, 40, 1       |
|   srt_val_140_U                       | ram_2p array  |      | 4    |      | yes    | srt_val_140     | bram   | 1       | 127, 40, 1       |
|   srt_val_141_U                       | ram_2p array  |      | 4    |      | yes    | srt_val_141     | bram   | 1       | 127, 40, 1       |
|   srt_val_142_U                       | ram_2p array  |      | 4    |      | yes    | srt_val_142     | bram   | 1       | 127, 40, 1       |
|   srt_val_143_U                       | ram_2p array  |      | 4    |      | yes    | srt_val_143     | bram   | 1       | 127, 40, 1       |
|   srt_val_144_U                       | ram_2p array  |      | 4    |      | yes    | srt_val_144     | bram   | 1       | 127, 40, 1       |
|   srt_val_145_U                       | ram_2p array  |      | 4    |      | yes    | srt_val_145     | bram   | 1       | 127, 40, 1       |
|   srt_val_146_U                       | ram_2p array  |      | 4    |      | yes    | srt_val_146     | bram   | 1       | 127, 40, 1       |
|   srt_val_147_U                       | ram_2p array  |      | 4    |      | yes    | srt_val_147     | bram   | 1       | 127, 40, 1       |
|   srt_val_148_U                       | ram_2p array  |      | 4    |      | yes    | srt_val_148     | bram   | 1       | 127, 40, 1       |
|   srt_val_149_U                       | ram_2p array  |      | 4    |      | yes    | srt_val_149     | bram   | 1       | 127, 40, 1       |
|   srt_val_150_U                       | ram_2p array  |      | 4    |      | yes    | srt_val_150     | bram   | 1       | 127, 40, 1       |
|   srt_val_151_U                       | ram_2p array  |      | 4    |      | yes    | srt_val_151     | bram   | 1       | 127, 40, 1       |
|   srt_val_152_U                       | ram_2p array  |      | 4    |      | yes    | srt_val_152     | bram   | 1       | 127, 40, 1       |
|   srt_val_153_U                       | ram_2p array  |      | 4    |      | yes    | srt_val_153     | bram   | 1       | 127, 40, 1       |
|   srt_val_154_U                       | ram_2p array  |      | 4    |      | yes    | srt_val_154     | bram   | 1       | 127, 40, 1       |
|   srt_val_155_U                       | ram_2p array  |      | 4    |      | yes    | srt_val_155     | bram   | 1       | 127, 40, 1       |
|   srt_val_156_U                       | ram_2p array  |      | 4    |      | yes    | srt_val_156     | bram   | 1       | 127, 40, 1       |
|   srt_val_157_U                       | ram_2p array  |      | 4    |      | yes    | srt_val_157     | bram   | 1       | 127, 40, 1       |
|   srt_val_158_U                       | ram_2p array  |      | 4    |      | yes    | srt_val_158     | bram   | 1       | 127, 40, 1       |
|   srt_val_159_U                       | ram_2p array  |      | 4    |      | yes    | srt_val_159     | bram   | 1       | 127, 40, 1       |
|   srt_val_160_U                       | ram_2p array  |      | 4    |      | yes    | srt_val_160     | bram   | 1       | 127, 40, 1       |
|   srt_val_161_U                       | ram_2p array  |      | 4    |      | yes    | srt_val_161     | bram   | 1       | 127, 40, 1       |
|   srt_val_162_U                       | ram_2p array  |      | 4    |      | yes    | srt_val_162     | bram   | 1       | 127, 40, 1       |
|   srt_val_163_U                       | ram_2p array  |      | 4    |      | yes    | srt_val_163     | bram   | 1       | 127, 40, 1       |
|   srt_val_164_U                       | ram_2p array  |      | 4    |      | yes    | srt_val_164     | bram   | 1       | 127, 40, 1       |
|   srt_val_165_U                       | ram_2p array  |      | 4    |      | yes    | srt_val_165     | bram   | 1       | 127, 40, 1       |
|   srt_val_166_U                       | ram_2p array  |      | 4    |      | yes    | srt_val_166     | bram   | 1       | 127, 40, 1       |
|   srt_val_167_U                       | ram_2p array  |      | 4    |      | yes    | srt_val_167     | bram   | 1       | 127, 40, 1       |
|   srt_val_168_U                       | ram_2p array  |      | 4    |      | yes    | srt_val_168     | bram   | 1       | 127, 40, 1       |
|   srt_val_169_U                       | ram_2p array  |      | 4    |      | yes    | srt_val_169     | bram   | 1       | 127, 40, 1       |
|   srt_val_170_U                       | ram_2p array  |      | 4    |      | yes    | srt_val_170     | bram   | 1       | 127, 40, 1       |
|   srt_val_171_U                       | ram_2p array  |      | 4    |      | yes    | srt_val_171     | bram   | 1       | 127, 40, 1       |
|   srt_val_172_U                       | ram_2p array  |      | 4    |      | yes    | srt_val_172     | bram   | 1       | 127, 40, 1       |
|   srt_val_173_U                       | ram_2p array  |      | 4    |      | yes    | srt_val_173     | bram   | 1       | 127, 40, 1       |
|   srt_val_174_U                       | ram_2p array  |      | 4    |      | yes    | srt_val_174     | bram   | 1       | 127, 40, 1       |
|   srt_val_175_U                       | ram_2p array  |      | 4    |      | yes    | srt_val_175     | bram   | 1       | 127, 40, 1       |
|   srt_val_176_U                       | ram_2p array  |      | 4    |      | yes    | srt_val_176     | bram   | 1       | 127, 40, 1       |
|   srt_val_177_U                       | ram_2p array  |      | 4    |      | yes    | srt_val_177     | bram   | 1       | 127, 40, 1       |
|   srt_val_178_U                       | ram_2p array  |      | 4    |      | yes    | srt_val_178     | bram   | 1       | 127, 40, 1       |
|   srt_val_179_U                       | ram_2p array  |      | 4    |      | yes    | srt_val_179     | bram   | 1       | 127, 40, 1       |
|   srt_val_180_U                       | ram_2p array  |      | 4    |      | yes    | srt_val_180     | bram   | 1       | 127, 40, 1       |
|   srt_val_181_U                       | ram_2p array  |      | 4    |      | yes    | srt_val_181     | bram   | 1       | 127, 40, 1       |
|   srt_val_182_U                       | ram_2p array  |      | 4    |      | yes    | srt_val_182     | bram   | 1       | 127, 40, 1       |
|   srt_val_183_U                       | ram_2p array  |      | 4    |      | yes    | srt_val_183     | bram   | 1       | 127, 40, 1       |
|   srt_val_184_U                       | ram_2p array  |      | 4    |      | yes    | srt_val_184     | bram   | 1       | 127, 40, 1       |
|   srt_val_185_U                       | ram_2p array  |      | 4    |      | yes    | srt_val_185     | bram   | 1       | 127, 40, 1       |
|   srt_val_186_U                       | ram_2p array  |      | 4    |      | yes    | srt_val_186     | bram   | 1       | 127, 40, 1       |
|   srt_val_187_U                       | ram_2p array  |      | 4    |      | yes    | srt_val_187     | bram   | 1       | 127, 40, 1       |
|   srt_val_188_U                       | ram_2p array  |      | 4    |      | yes    | srt_val_188     | bram   | 1       | 127, 40, 1       |
|   srt_val_189_U                       | ram_2p array  |      | 4    |      | yes    | srt_val_189     | bram   | 1       | 127, 40, 1       |
|   srt_val_190_U                       | ram_2p array  |      | 4    |      | yes    | srt_val_190     | bram   | 1       | 127, 40, 1       |
|   srt_val_191_U                       | ram_2p array  |      | 4    |      | yes    | srt_val_191     | bram   | 1       | 127, 40, 1       |
|   srt_val_192_U                       | ram_2p array  |      | 4    |      | yes    | srt_val_192     | bram   | 1       | 127, 40, 1       |
|   srt_val_193_U                       | ram_2p array  |      | 4    |      | yes    | srt_val_193     | bram   | 1       | 127, 40, 1       |
|   srt_val_194_U                       | ram_2p array  |      | 4    |      | yes    | srt_val_194     | bram   | 1       | 127, 40, 1       |
|   srt_val_195_U                       | ram_2p array  |      | 4    |      | yes    | srt_val_195     | bram   | 1       | 127, 40, 1       |
|   srt_val_196_U                       | ram_2p array  |      | 4    |      | yes    | srt_val_196     | bram   | 1       | 127, 40, 1       |
|   srt_val_197_U                       | ram_2p array  |      | 4    |      | yes    | srt_val_197     | bram   | 1       | 127, 40, 1       |
|   srt_val_198_U                       | ram_2p array  |      | 4    |      | yes    | srt_val_198     | bram   | 1       | 127, 40, 1       |
|   srt_val_199_U                       | ram_2p array  |      | 4    |      | yes    | srt_val_199     | bram   | 1       | 127, 40, 1       |
|   srt_val_200_U                       | ram_2p array  |      | 4    |      | yes    | srt_val_200     | bram   | 1       | 127, 40, 1       |
|   srt_val_201_U                       | ram_2p array  |      | 4    |      | yes    | srt_val_201     | bram   | 1       | 127, 40, 1       |
|   srt_val_202_U                       | ram_2p array  |      | 4    |      | yes    | srt_val_202     | bram   | 1       | 127, 40, 1       |
|   srt_val_203_U                       | ram_2p array  |      | 4    |      | yes    | srt_val_203     | bram   | 1       | 127, 40, 1       |
|   srt_val_204_U                       | ram_2p array  |      | 4    |      | yes    | srt_val_204     | bram   | 1       | 127, 40, 1       |
|   srt_val_205_U                       | ram_2p array  |      | 4    |      | yes    | srt_val_205     | bram   | 1       | 127, 40, 1       |
|   srt_val_206_U                       | ram_2p array  |      | 4    |      | yes    | srt_val_206     | bram   | 1       | 127, 40, 1       |
|   srt_val_207_U                       | ram_2p array  |      | 4    |      | yes    | srt_val_207     | bram   | 1       | 127, 40, 1       |
|   srt_val_208_U                       | ram_2p array  |      | 4    |      | yes    | srt_val_208     | bram   | 1       | 127, 40, 1       |
|   srt_val_209_U                       | ram_2p array  |      | 4    |      | yes    | srt_val_209     | bram   | 1       | 127, 40, 1       |
|   srt_val_210_U                       | ram_2p array  |      | 4    |      | yes    | srt_val_210     | bram   | 1       | 127, 40, 1       |
|   srt_val_211_U                       | ram_2p array  |      | 4    |      | yes    | srt_val_211     | bram   | 1       | 127, 40, 1       |
|   srt_val_212_U                       | ram_2p array  |      | 4    |      | yes    | srt_val_212     | bram   | 1       | 127, 40, 1       |
|   srt_val_213_U                       | ram_2p array  |      | 4    |      | yes    | srt_val_213     | bram   | 1       | 127, 40, 1       |
|   srt_val_214_U                       | ram_2p array  |      | 4    |      | yes    | srt_val_214     | bram   | 1       | 127, 40, 1       |
|   srt_val_215_U                       | ram_2p array  |      | 4    |      | yes    | srt_val_215     | bram   | 1       | 127, 40, 1       |
|   srt_val_216_U                       | ram_2p array  |      | 4    |      | yes    | srt_val_216     | bram   | 1       | 127, 40, 1       |
|   srt_val_217_U                       | ram_2p array  |      | 4    |      | yes    | srt_val_217     | bram   | 1       | 127, 40, 1       |
|   srt_val_218_U                       | ram_2p array  |      | 4    |      | yes    | srt_val_218     | bram   | 1       | 127, 40, 1       |
|   srt_val_219_U                       | ram_2p array  |      | 4    |      | yes    | srt_val_219     | bram   | 1       | 127, 40, 1       |
|   srt_val_220_U                       | ram_2p array  |      | 4    |      | yes    | srt_val_220     | bram   | 1       | 127, 40, 1       |
|   srt_val_221_U                       | ram_2p array  |      | 4    |      | yes    | srt_val_221     | bram   | 1       | 127, 40, 1       |
|   srt_val_222_U                       | ram_2p array  |      | 4    |      | yes    | srt_val_222     | bram   | 1       | 127, 40, 1       |
|   srt_val_223_U                       | ram_2p array  |      | 4    |      | yes    | srt_val_223     | bram   | 1       | 127, 40, 1       |
|   srt_val_224_U                       | ram_2p array  |      | 4    |      | yes    | srt_val_224     | bram   | 1       | 127, 40, 1       |
|   srt_ord_U                           | ram_2p array  |      |      |      | yes    | srt_ord         | lutram | 1       | 6, 40, 1         |
|   srt_ord_1_U                         | ram_2p array  |      |      |      | yes    | srt_ord_1       | lutram | 1       | 6, 40, 1         |
|   srt_ord_2_U                         | ram_2p array  |      |      |      | yes    | srt_ord_2       | lutram | 1       | 6, 40, 1         |
|   srt_ord_3_U                         | ram_2p array  |      |      |      | yes    | srt_ord_3       | lutram | 1       | 6, 40, 1         |
|   srt_ord_4_U                         | ram_2p array  |      |      |      | yes    | srt_ord_4       | lutram | 1       | 6, 40, 1         |
|   srt_ord_5_U                         | ram_2p array  |      |      |      | yes    | srt_ord_5       | lutram | 1       | 6, 40, 1         |
|   srt_ord_6_U                         | ram_2p array  |      |      |      | yes    | srt_ord_6       | lutram | 1       | 6, 40, 1         |
|   srt_ord_7_U                         | ram_2p array  |      |      |      | yes    | srt_ord_7       | lutram | 1       | 6, 40, 1         |
|   srt_ord_8_U                         | ram_2p array  |      |      |      | yes    | srt_ord_8       | lutram | 1       | 6, 40, 1         |
|   srt_ord_9_U                         | ram_2p array  |      |      |      | yes    | srt_ord_9       | lutram | 1       | 6, 40, 1         |
|   srt_ord_10_U                        | ram_2p array  |      |      |      | yes    | srt_ord_10      | lutram | 1       | 6, 40, 1         |
|   srt_ord_11_U                        | ram_2p array  |      |      |      | yes    | srt_ord_11      | lutram | 1       | 6, 40, 1         |
|   srt_ord_12_U                        | ram_2p array  |      |      |      | yes    | srt_ord_12      | lutram | 1       | 6, 40, 1         |
|   srt_ord_13_U                        | ram_2p array  |      |      |      | yes    | srt_ord_13      | lutram | 1       | 6, 40, 1         |
|   srt_ord_14_U                        | ram_2p array  |      |      |      | yes    | srt_ord_14      | lutram | 1       | 6, 40, 1         |
|   srt_ord_15_U                        | ram_2p array  |      |      |      | yes    | srt_ord_15      | lutram | 1       | 7, 40, 1         |
|   srt_ord_16_U                        | ram_2p array  |      |      |      | yes    | srt_ord_16      | lutram | 1       | 7, 40, 1         |
|   srt_ord_17_U                        | ram_2p array  |      |      |      | yes    | srt_ord_17      | lutram | 1       | 7, 40, 1         |
|   srt_ord_18_U                        | ram_2p array  |      |      |      | yes    | srt_ord_18      | lutram | 1       | 7, 40, 1         |
|   srt_ord_19_U                        | ram_2p array  |      |      |      | yes    | srt_ord_19      | lutram | 1       | 7, 40, 1         |
|   srt_ord_20_U                        | ram_2p array  |      |      |      | yes    | srt_ord_20      | lutram | 1       | 7, 40, 1         |
|   srt_ord_21_U                        | ram_2p array  |      |      |      | yes    | srt_ord_21      | lutram | 1       | 7, 40, 1         |
|   srt_ord_22_U                        | ram_2p array  |      |      |      | yes    | srt_ord_22      | lutram | 1       | 7, 40, 1         |
|   srt_ord_23_U                        | ram_2p array  |      |      |      | yes    | srt_ord_23      | lutram | 1       | 7, 40, 1         |
|   srt_ord_24_U                        | ram_2p array  |      |      |      | yes    | srt_ord_24      | lutram | 1       | 7, 40, 1         |
|   srt_ord_25_U                        | ram_2p array  |      |      |      | yes    | srt_ord_25      | lutram | 1       | 7, 40, 1         |
|   srt_ord_26_U                        | ram_2p array  |      |      |      | yes    | srt_ord_26      | lutram | 1       | 7, 40, 1         |
|   srt_ord_27_U                        | ram_2p array  |      |      |      | yes    | srt_ord_27      | lutram | 1       | 7, 40, 1         |
|   srt_ord_28_U                        | ram_2p array  |      |      |      | yes    | srt_ord_28      | lutram | 1       | 7, 40, 1         |
|   srt_ord_29_U                        | ram_2p array  |      |      |      | yes    | srt_ord_29      | lutram | 1       | 7, 40, 1         |
|   srt_ord_30_U                        | ram_2p array  |      |      |      | yes    | srt_ord_30      | lutram | 1       | 7, 40, 1         |
|   srt_ord_31_U                        | ram_2p array  |      |      |      | yes    | srt_ord_31      | lutram | 1       | 7, 40, 1         |
|   srt_ord_32_U                        | ram_2p array  |      |      |      | yes    | srt_ord_32      | lutram | 1       | 7, 40, 1         |
|   srt_ord_33_U                        | ram_2p array  |      |      |      | yes    | srt_ord_33      | lutram | 1       | 7, 40, 1         |
|   srt_ord_34_U                        | ram_2p array  |      |      |      | yes    | srt_ord_34      | lutram | 1       | 7, 40, 1         |
|   srt_ord_35_U                        | ram_2p array  |      |      |      | yes    | srt_ord_35      | lutram | 1       | 7, 40, 1         |
|   srt_ord_36_U                        | ram_2p array  |      |      |      | yes    | srt_ord_36      | lutram | 1       | 7, 40, 1         |
|   srt_ord_37_U                        | ram_2p array  |      |      |      | yes    | srt_ord_37      | lutram | 1       | 7, 40, 1         |
|   srt_ord_38_U                        | ram_2p array  |      |      |      | yes    | srt_ord_38      | lutram | 1       | 7, 40, 1         |
|   srt_ord_39_U                        | ram_2p array  |      |      |      | yes    | srt_ord_39      | lutram | 1       | 7, 40, 1         |
|   srt_ord_40_U                        | ram_2p array  |      |      |      | yes    | srt_ord_40      | lutram | 1       | 7, 40, 1         |
|   srt_ord_41_U                        | ram_2p array  |      |      |      | yes    | srt_ord_41      | lutram | 1       | 7, 40, 1         |
|   srt_ord_42_U                        | ram_2p array  |      |      |      | yes    | srt_ord_42      | lutram | 1       | 7, 40, 1         |
|   srt_ord_43_U                        | ram_2p array  |      |      |      | yes    | srt_ord_43      | lutram | 1       | 7, 40, 1         |
|   srt_ord_44_U                        | ram_2p array  |      |      |      | yes    | srt_ord_44      | lutram | 1       | 7, 40, 1         |
|   srt_ord_45_U                        | ram_2p array  |      |      |      | yes    | srt_ord_45      | lutram | 1       | 8, 40, 1         |
|   srt_ord_46_U                        | ram_2p array  |      |      |      | yes    | srt_ord_46      | lutram | 1       | 8, 40, 1         |
|   srt_ord_47_U                        | ram_2p array  |      |      |      | yes    | srt_ord_47      | lutram | 1       | 8, 40, 1         |
|   srt_ord_48_U                        | ram_2p array  |      |      |      | yes    | srt_ord_48      | lutram | 1       | 8, 40, 1         |
|   srt_ord_49_U                        | ram_2p array  |      |      |      | yes    | srt_ord_49      | lutram | 1       | 8, 40, 1         |
|   srt_ord_50_U                        | ram_2p array  |      |      |      | yes    | srt_ord_50      | lutram | 1       | 8, 40, 1         |
|   srt_ord_51_U                        | ram_2p array  |      |      |      | yes    | srt_ord_51      | lutram | 1       | 8, 40, 1         |
|   srt_ord_52_U                        | ram_2p array  |      |      |      | yes    | srt_ord_52      | lutram | 1       | 8, 40, 1         |
|   srt_ord_53_U                        | ram_2p array  |      |      |      | yes    | srt_ord_53      | lutram | 1       | 8, 40, 1         |
|   srt_ord_54_U                        | ram_2p array  |      |      |      | yes    | srt_ord_54      | lutram | 1       | 8, 40, 1         |
|   srt_ord_55_U                        | ram_2p array  |      |      |      | yes    | srt_ord_55      | lutram | 1       | 8, 40, 1         |
|   srt_ord_56_U                        | ram_2p array  |      |      |      | yes    | srt_ord_56      | lutram | 1       | 8, 40, 1         |
|   srt_ord_57_U                        | ram_2p array  |      |      |      | yes    | srt_ord_57      | lutram | 1       | 8, 40, 1         |
|   srt_ord_58_U                        | ram_2p array  |      |      |      | yes    | srt_ord_58      | lutram | 1       | 8, 40, 1         |
|   srt_ord_59_U                        | ram_2p array  |      |      |      | yes    | srt_ord_59      | lutram | 1       | 8, 40, 1         |
|   srt_ord_60_U                        | ram_2p array  |      |      |      | yes    | srt_ord_60      | lutram | 1       | 8, 40, 1         |
|   srt_ord_61_U                        | ram_2p array  |      |      |      | yes    | srt_ord_61      | lutram | 1       | 8, 40, 1         |
|   srt_ord_62_U                        | ram_2p array  |      |      |      | yes    | srt_ord_62      | lutram | 1       | 8, 40, 1         |
|   srt_ord_63_U                        | ram_2p array  |      |      |      | yes    | srt_ord_63      | lutram | 1       | 8, 40, 1         |
|   srt_ord_64_U                        | ram_2p array  |      |      |      | yes    | srt_ord_64      | lutram | 1       | 8, 40, 1         |
|   srt_ord_65_U                        | ram_2p array  |      |      |      | yes    | srt_ord_65      | lutram | 1       | 8, 40, 1         |
|   srt_ord_66_U                        | ram_2p array  |      |      |      | yes    | srt_ord_66      | lutram | 1       | 8, 40, 1         |
|   srt_ord_67_U                        | ram_2p array  |      |      |      | yes    | srt_ord_67      | lutram | 1       | 8, 40, 1         |
|   srt_ord_68_U                        | ram_2p array  |      |      |      | yes    | srt_ord_68      | lutram | 1       | 8, 40, 1         |
|   srt_ord_69_U                        | ram_2p array  |      |      |      | yes    | srt_ord_69      | lutram | 1       | 8, 40, 1         |
|   srt_ord_70_U                        | ram_2p array  |      |      |      | yes    | srt_ord_70      | lutram | 1       | 8, 40, 1         |
|   srt_ord_71_U                        | ram_2p array  |      |      |      | yes    | srt_ord_71      | lutram | 1       | 8, 40, 1         |
|   srt_ord_72_U                        | ram_2p array  |      |      |      | yes    | srt_ord_72      | lutram | 1       | 8, 40, 1         |
|   srt_ord_73_U                        | ram_2p array  |      |      |      | yes    | srt_ord_73      | lutram | 1       | 8, 40, 1         |
|   srt_ord_74_U                        | ram_2p array  |      |      |      | yes    | srt_ord_74      | lutram | 1       | 8, 40, 1         |
|   srt_ord_75_U                        | ram_2p array  |      |      |      | yes    | srt_ord_75      | lutram | 1       | 7, 40, 1         |
|   srt_ord_76_U                        | ram_2p array  |      |      |      | yes    | srt_ord_76      | lutram | 1       | 7, 40, 1         |
|   srt_ord_77_U                        | ram_2p array  |      |      |      | yes    | srt_ord_77      | lutram | 1       | 7, 40, 1         |
|   srt_ord_78_U                        | ram_2p array  |      |      |      | yes    | srt_ord_78      | lutram | 1       | 7, 40, 1         |
|   srt_ord_79_U                        | ram_2p array  |      |      |      | yes    | srt_ord_79      | lutram | 1       | 7, 40, 1         |
|   srt_ord_80_U                        | ram_2p array  |      |      |      | yes    | srt_ord_80      | lutram | 1       | 7, 40, 1         |
|   srt_ord_81_U                        | ram_2p array  |      |      |      | yes    | srt_ord_81      | lutram | 1       | 7, 40, 1         |
|   srt_ord_82_U                        | ram_2p array  |      |      |      | yes    | srt_ord_82      | lutram | 1       | 7, 40, 1         |
|   srt_ord_83_U                        | ram_2p array  |      |      |      | yes    | srt_ord_83      | lutram | 1       | 7, 40, 1         |
|   srt_ord_84_U                        | ram_2p array  |      |      |      | yes    | srt_ord_84      | lutram | 1       | 7, 40, 1         |
|   srt_ord_85_U                        | ram_2p array  |      |      |      | yes    | srt_ord_85      | lutram | 1       | 7, 40, 1         |
|   srt_ord_86_U                        | ram_2p array  |      |      |      | yes    | srt_ord_86      | lutram | 1       | 7, 40, 1         |
|   srt_ord_87_U                        | ram_2p array  |      |      |      | yes    | srt_ord_87      | lutram | 1       | 7, 40, 1         |
|   srt_ord_88_U                        | ram_2p array  |      |      |      | yes    | srt_ord_88      | lutram | 1       | 7, 40, 1         |
|   srt_ord_89_U                        | ram_2p array  |      |      |      | yes    | srt_ord_89      | lutram | 1       | 7, 40, 1         |
|   srt_ord_90_U                        | ram_2p array  |      |      |      | yes    | srt_ord_90      | lutram | 1       | 9, 40, 1         |
|   srt_ord_91_U                        | ram_2p array  |      |      |      | yes    | srt_ord_91      | lutram | 1       | 9, 40, 1         |
|   srt_ord_92_U                        | ram_2p array  |      |      |      | yes    | srt_ord_92      | lutram | 1       | 9, 40, 1         |
|   srt_ord_93_U                        | ram_2p array  |      |      |      | yes    | srt_ord_93      | lutram | 1       | 9, 40, 1         |
|   srt_ord_94_U                        | ram_2p array  |      |      |      | yes    | srt_ord_94      | lutram | 1       | 9, 40, 1         |
|   srt_ord_95_U                        | ram_2p array  |      |      |      | yes    | srt_ord_95      | lutram | 1       | 9, 40, 1         |
|   srt_ord_96_U                        | ram_2p array  |      |      |      | yes    | srt_ord_96      | lutram | 1       | 9, 40, 1         |
|   srt_ord_97_U                        | ram_2p array  |      |      |      | yes    | srt_ord_97      | lutram | 1       | 9, 40, 1         |
|   srt_ord_98_U                        | ram_2p array  |      |      |      | yes    | srt_ord_98      | lutram | 1       | 9, 40, 1         |
|   srt_ord_99_U                        | ram_2p array  |      |      |      | yes    | srt_ord_99      | lutram | 1       | 9, 40, 1         |
|   srt_ord_100_U                       | ram_2p array  |      |      |      | yes    | srt_ord_100     | lutram | 1       | 9, 40, 1         |
|   srt_ord_101_U                       | ram_2p array  |      |      |      | yes    | srt_ord_101     | lutram | 1       | 9, 40, 1         |
|   srt_ord_102_U                       | ram_2p array  |      |      |      | yes    | srt_ord_102     | lutram | 1       | 9, 40, 1         |
|   srt_ord_103_U                       | ram_2p array  |      |      |      | yes    | srt_ord_103     | lutram | 1       | 9, 40, 1         |
|   srt_ord_104_U                       | ram_2p array  |      |      |      | yes    | srt_ord_104     | lutram | 1       | 9, 40, 1         |
|   srt_ord_105_U                       | ram_2p array  |      |      |      | yes    | srt_ord_105     | lutram | 1       | 9, 40, 1         |
|   srt_ord_106_U                       | ram_2p array  |      |      |      | yes    | srt_ord_106     | lutram | 1       | 9, 40, 1         |
|   srt_ord_107_U                       | ram_2p array  |      |      |      | yes    | srt_ord_107     | lutram | 1       | 9, 40, 1         |
|   srt_ord_108_U                       | ram_2p array  |      |      |      | yes    | srt_ord_108     | lutram | 1       | 9, 40, 1         |
|   srt_ord_109_U                       | ram_2p array  |      |      |      | yes    | srt_ord_109     | lutram | 1       | 9, 40, 1         |
|   srt_ord_110_U                       | ram_2p array  |      |      |      | yes    | srt_ord_110     | lutram | 1       | 9, 40, 1         |
|   srt_ord_111_U                       | ram_2p array  |      |      |      | yes    | srt_ord_111     | lutram | 1       | 9, 40, 1         |
|   srt_ord_112_U                       | ram_2p array  |      |      |      | yes    | srt_ord_112     | lutram | 1       | 9, 40, 1         |
|   srt_ord_113_U                       | ram_2p array  |      |      |      | yes    | srt_ord_113     | lutram | 1       | 9, 40, 1         |
|   srt_ord_114_U                       | ram_2p array  |      |      |      | yes    | srt_ord_114     | lutram | 1       | 9, 40, 1         |
|   srt_ord_115_U                       | ram_2p array  |      |      |      | yes    | srt_ord_115     | lutram | 1       | 9, 40, 1         |
|   srt_ord_116_U                       | ram_2p array  |      |      |      | yes    | srt_ord_116     | lutram | 1       | 9, 40, 1         |
|   srt_ord_117_U                       | ram_2p array  |      |      |      | yes    | srt_ord_117     | lutram | 1       | 9, 40, 1         |
|   srt_ord_118_U                       | ram_2p array  |      |      |      | yes    | srt_ord_118     | lutram | 1       | 9, 40, 1         |
|   srt_ord_119_U                       | ram_2p array  |      |      |      | yes    | srt_ord_119     | lutram | 1       | 9, 40, 1         |
|   srt_ord_120_U                       | ram_2p array  |      |      |      | yes    | srt_ord_120     | lutram | 1       | 9, 40, 1         |
|   srt_ord_121_U                       | ram_2p array  |      |      |      | yes    | srt_ord_121     | lutram | 1       | 9, 40, 1         |
|   srt_ord_122_U                       | ram_2p array  |      |      |      | yes    | srt_ord_122     | lutram | 1       | 9, 40, 1         |
|   srt_ord_123_U                       | ram_2p array  |      |      |      | yes    | srt_ord_123     | lutram | 1       | 9, 40, 1         |
|   srt_ord_124_U                       | ram_2p array  |      |      |      | yes    | srt_ord_124     | lutram | 1       | 9, 40, 1         |
|   srt_ord_125_U                       | ram_2p array  |      |      |      | yes    | srt_ord_125     | lutram | 1       | 9, 40, 1         |
|   srt_ord_126_U                       | ram_2p array  |      |      |      | yes    | srt_ord_126     | lutram | 1       | 9, 40, 1         |
|   srt_ord_127_U                       | ram_2p array  |      |      |      | yes    | srt_ord_127     | lutram | 1       | 9, 40, 1         |
|   srt_ord_128_U                       | ram_2p array  |      |      |      | yes    | srt_ord_128     | lutram | 1       | 9, 40, 1         |
|   srt_ord_129_U                       | ram_2p array  |      |      |      | yes    | srt_ord_129     | lutram | 1       | 9, 40, 1         |
|   srt_ord_130_U                       | ram_2p array  |      |      |      | yes    | srt_ord_130     | lutram | 1       | 9, 40, 1         |
|   srt_ord_131_U                       | ram_2p array  |      |      |      | yes    | srt_ord_131     | lutram | 1       | 9, 40, 1         |
|   srt_ord_132_U                       | ram_2p array  |      |      |      | yes    | srt_ord_132     | lutram | 1       | 9, 40, 1         |
|   srt_ord_133_U                       | ram_2p array  |      |      |      | yes    | srt_ord_133     | lutram | 1       | 9, 40, 1         |
|   srt_ord_134_U                       | ram_2p array  |      |      |      | yes    | srt_ord_134     | lutram | 1       | 9, 40, 1         |
|   srt_ord_135_U                       | ram_2p array  |      |      |      | yes    | srt_ord_135     | lutram | 1       | 9, 40, 1         |
|   srt_ord_136_U                       | ram_2p array  |      |      |      | yes    | srt_ord_136     | lutram | 1       | 9, 40, 1         |
|   srt_ord_137_U                       | ram_2p array  |      |      |      | yes    | srt_ord_137     | lutram | 1       | 9, 40, 1         |
|   srt_ord_138_U                       | ram_2p array  |      |      |      | yes    | srt_ord_138     | lutram | 1       | 9, 40, 1         |
|   srt_ord_139_U                       | ram_2p array  |      |      |      | yes    | srt_ord_139     | lutram | 1       | 9, 40, 1         |
|   srt_ord_140_U                       | ram_2p array  |      |      |      | yes    | srt_ord_140     | lutram | 1       | 9, 40, 1         |
|   srt_ord_141_U                       | ram_2p array  |      |      |      | yes    | srt_ord_141     | lutram | 1       | 9, 40, 1         |
|   srt_ord_142_U                       | ram_2p array  |      |      |      | yes    | srt_ord_142     | lutram | 1       | 9, 40, 1         |
|   srt_ord_143_U                       | ram_2p array  |      |      |      | yes    | srt_ord_143     | lutram | 1       | 9, 40, 1         |
|   srt_ord_144_U                       | ram_2p array  |      |      |      | yes    | srt_ord_144     | lutram | 1       | 9, 40, 1         |
|   srt_ord_145_U                       | ram_2p array  |      |      |      | yes    | srt_ord_145     | lutram | 1       | 9, 40, 1         |
|   srt_ord_146_U                       | ram_2p array  |      |      |      | yes    | srt_ord_146     | lutram | 1       | 9, 40, 1         |
|   srt_ord_147_U                       | ram_2p array  |      |      |      | yes    | srt_ord_147     | lutram | 1       | 9, 40, 1         |
|   srt_ord_148_U                       | ram_2p array  |      |      |      | yes    | srt_ord_148     | lutram | 1       | 9, 40, 1         |
|   srt_ord_149_U                       | ram_2p array  |      |      |      | yes    | srt_ord_149     | lutram | 1       | 9, 40, 1         |
|   srt_ord_150_U                       | ram_2p array  |      |      |      | yes    | srt_ord_150     | lutram | 1       | 8, 40, 1         |
|   srt_ord_151_U                       | ram_2p array  |      |      |      | yes    | srt_ord_151     | lutram | 1       | 8, 40, 1         |
|   srt_ord_152_U                       | ram_2p array  |      |      |      | yes    | srt_ord_152     | lutram | 1       | 8, 40, 1         |
|   srt_ord_153_U                       | ram_2p array  |      |      |      | yes    | srt_ord_153     | lutram | 1       | 8, 40, 1         |
|   srt_ord_154_U                       | ram_2p array  |      |      |      | yes    | srt_ord_154     | lutram | 1       | 8, 40, 1         |
|   srt_ord_155_U                       | ram_2p array  |      |      |      | yes    | srt_ord_155     | lutram | 1       | 8, 40, 1         |
|   srt_ord_156_U                       | ram_2p array  |      |      |      | yes    | srt_ord_156     | lutram | 1       | 8, 40, 1         |
|   srt_ord_157_U                       | ram_2p array  |      |      |      | yes    | srt_ord_157     | lutram | 1       | 8, 40, 1         |
|   srt_ord_158_U                       | ram_2p array  |      |      |      | yes    | srt_ord_158     | lutram | 1       | 8, 40, 1         |
|   srt_ord_159_U                       | ram_2p array  |      |      |      | yes    | srt_ord_159     | lutram | 1       | 8, 40, 1         |
|   srt_ord_160_U                       | ram_2p array  |      |      |      | yes    | srt_ord_160     | lutram | 1       | 8, 40, 1         |
|   srt_ord_161_U                       | ram_2p array  |      |      |      | yes    | srt_ord_161     | lutram | 1       | 8, 40, 1         |
|   srt_ord_162_U                       | ram_2p array  |      |      |      | yes    | srt_ord_162     | lutram | 1       | 8, 40, 1         |
|   srt_ord_163_U                       | ram_2p array  |      |      |      | yes    | srt_ord_163     | lutram | 1       | 8, 40, 1         |
|   srt_ord_164_U                       | ram_2p array  |      |      |      | yes    | srt_ord_164     | lutram | 1       | 8, 40, 1         |
|   srt_ord_165_U                       | ram_2p array  |      |      |      | yes    | srt_ord_165     | lutram | 1       | 8, 40, 1         |
|   srt_ord_166_U                       | ram_2p array  |      |      |      | yes    | srt_ord_166     | lutram | 1       | 8, 40, 1         |
|   srt_ord_167_U                       | ram_2p array  |      |      |      | yes    | srt_ord_167     | lutram | 1       | 8, 40, 1         |
|   srt_ord_168_U                       | ram_2p array  |      |      |      | yes    | srt_ord_168     | lutram | 1       | 8, 40, 1         |
|   srt_ord_169_U                       | ram_2p array  |      |      |      | yes    | srt_ord_169     | lutram | 1       | 8, 40, 1         |
|   srt_ord_170_U                       | ram_2p array  |      |      |      | yes    | srt_ord_170     | lutram | 1       | 8, 40, 1         |
|   srt_ord_171_U                       | ram_2p array  |      |      |      | yes    | srt_ord_171     | lutram | 1       | 8, 40, 1         |
|   srt_ord_172_U                       | ram_2p array  |      |      |      | yes    | srt_ord_172     | lutram | 1       | 8, 40, 1         |
|   srt_ord_173_U                       | ram_2p array  |      |      |      | yes    | srt_ord_173     | lutram | 1       | 8, 40, 1         |
|   srt_ord_174_U                       | ram_2p array  |      |      |      | yes    | srt_ord_174     | lutram | 1       | 8, 40, 1         |
|   srt_ord_175_U                       | ram_2p array  |      |      |      | yes    | srt_ord_175     | lutram | 1       | 8, 40, 1         |
|   srt_ord_176_U                       | ram_2p array  |      |      |      | yes    | srt_ord_176     | lutram | 1       | 8, 40, 1         |
|   srt_ord_177_U                       | ram_2p array  |      |      |      | yes    | srt_ord_177     | lutram | 1       | 8, 40, 1         |
|   srt_ord_178_U                       | ram_2p array  |      |      |      | yes    | srt_ord_178     | lutram | 1       | 8, 40, 1         |
|   srt_ord_179_U                       | ram_2p array  |      |      |      | yes    | srt_ord_179     | lutram | 1       | 8, 40, 1         |
|   srt_ord_180_U                       | ram_2p array  |      |      |      | yes    | srt_ord_180     | lutram | 1       | 10, 40, 1        |
|   srt_ord_181_U                       | ram_2p array  |      |      |      | yes    | srt_ord_181     | lutram | 1       | 10, 40, 1        |
|   srt_ord_182_U                       | ram_2p array  |      |      |      | yes    | srt_ord_182     | lutram | 1       | 10, 40, 1        |
|   srt_ord_183_U                       | ram_2p array  |      |      |      | yes    | srt_ord_183     | lutram | 1       | 10, 40, 1        |
|   srt_ord_184_U                       | ram_2p array  |      |      |      | yes    | srt_ord_184     | lutram | 1       | 10, 40, 1        |
|   srt_ord_185_U                       | ram_2p array  |      |      |      | yes    | srt_ord_185     | lutram | 1       | 10, 40, 1        |
|   srt_ord_186_U                       | ram_2p array  |      |      |      | yes    | srt_ord_186     | lutram | 1       | 10, 40, 1        |
|   srt_ord_187_U                       | ram_2p array  |      |      |      | yes    | srt_ord_187     | lutram | 1       | 10, 40, 1        |
|   srt_ord_188_U                       | ram_2p array  |      |      |      | yes    | srt_ord_188     | lutram | 1       | 10, 40, 1        |
|   srt_ord_189_U                       | ram_2p array  |      |      |      | yes    | srt_ord_189     | lutram | 1       | 10, 40, 1        |
|   srt_ord_190_U                       | ram_2p array  |      |      |      | yes    | srt_ord_190     | lutram | 1       | 10, 40, 1        |
|   srt_ord_191_U                       | ram_2p array  |      |      |      | yes    | srt_ord_191     | lutram | 1       | 10, 40, 1        |
|   srt_ord_192_U                       | ram_2p array  |      |      |      | yes    | srt_ord_192     | lutram | 1       | 10, 40, 1        |
|   srt_ord_193_U                       | ram_2p array  |      |      |      | yes    | srt_ord_193     | lutram | 1       | 10, 40, 1        |
|   srt_ord_194_U                       | ram_2p array  |      |      |      | yes    | srt_ord_194     | lutram | 1       | 10, 40, 1        |
|   srt_ord_195_U                       | ram_2p array  |      |      |      | yes    | srt_ord_195     | lutram | 1       | 10, 40, 1        |
|   srt_ord_196_U                       | ram_2p array  |      |      |      | yes    | srt_ord_196     | lutram | 1       | 10, 40, 1        |
|   srt_ord_197_U                       | ram_2p array  |      |      |      | yes    | srt_ord_197     | lutram | 1       | 10, 40, 1        |
|   srt_ord_198_U                       | ram_2p array  |      |      |      | yes    | srt_ord_198     | lutram | 1       | 10, 40, 1        |
|   srt_ord_199_U                       | ram_2p array  |      |      |      | yes    | srt_ord_199     | lutram | 1       | 10, 40, 1        |
|   srt_ord_200_U                       | ram_2p array  |      |      |      | yes    | srt_ord_200     | lutram | 1       | 10, 40, 1        |
|   srt_ord_201_U                       | ram_2p array  |      |      |      | yes    | srt_ord_201     | lutram | 1       | 10, 40, 1        |
|   srt_ord_202_U                       | ram_2p array  |      |      |      | yes    | srt_ord_202     | lutram | 1       | 10, 40, 1        |
|   srt_ord_203_U                       | ram_2p array  |      |      |      | yes    | srt_ord_203     | lutram | 1       | 10, 40, 1        |
|   srt_ord_204_U                       | ram_2p array  |      |      |      | yes    | srt_ord_204     | lutram | 1       | 10, 40, 1        |
|   srt_ord_205_U                       | ram_2p array  |      |      |      | yes    | srt_ord_205     | lutram | 1       | 10, 40, 1        |
|   srt_ord_206_U                       | ram_2p array  |      |      |      | yes    | srt_ord_206     | lutram | 1       | 10, 40, 1        |
|   srt_ord_207_U                       | ram_2p array  |      |      |      | yes    | srt_ord_207     | lutram | 1       | 10, 40, 1        |
|   srt_ord_208_U                       | ram_2p array  |      |      |      | yes    | srt_ord_208     | lutram | 1       | 10, 40, 1        |
|   srt_ord_209_U                       | ram_2p array  |      |      |      | yes    | srt_ord_209     | lutram | 1       | 10, 40, 1        |
|   srt_ord_210_U                       | ram_2p array  |      |      |      | yes    | srt_ord_210     | lutram | 1       | 10, 40, 1        |
|   srt_ord_211_U                       | ram_2p array  |      |      |      | yes    | srt_ord_211     | lutram | 1       | 10, 40, 1        |
|   srt_ord_212_U                       | ram_2p array  |      |      |      | yes    | srt_ord_212     | lutram | 1       | 10, 40, 1        |
|   srt_ord_213_U                       | ram_2p array  |      |      |      | yes    | srt_ord_213     | lutram | 1       | 10, 40, 1        |
|   srt_ord_214_U                       | ram_2p array  |      |      |      | yes    | srt_ord_214     | lutram | 1       | 10, 40, 1        |
|   srt_ord_215_U                       | ram_2p array  |      |      |      | yes    | srt_ord_215     | lutram | 1       | 10, 40, 1        |
|   srt_ord_216_U                       | ram_2p array  |      |      |      | yes    | srt_ord_216     | lutram | 1       | 10, 40, 1        |
|   srt_ord_217_U                       | ram_2p array  |      |      |      | yes    | srt_ord_217     | lutram | 1       | 10, 40, 1        |
|   srt_ord_218_U                       | ram_2p array  |      |      |      | yes    | srt_ord_218     | lutram | 1       | 10, 40, 1        |
|   srt_ord_219_U                       | ram_2p array  |      |      |      | yes    | srt_ord_219     | lutram | 1       | 10, 40, 1        |
|   srt_ord_220_U                       | ram_2p array  |      |      |      | yes    | srt_ord_220     | lutram | 1       | 10, 40, 1        |
|   srt_ord_221_U                       | ram_2p array  |      |      |      | yes    | srt_ord_221     | lutram | 1       | 10, 40, 1        |
|   srt_ord_222_U                       | ram_2p array  |      |      |      | yes    | srt_ord_222     | lutram | 1       | 10, 40, 1        |
|   srt_ord_223_U                       | ram_2p array  |      |      |      | yes    | srt_ord_223     | lutram | 1       | 10, 40, 1        |
|   srt_ord_224_U                       | ram_2p array  |      |      |      | yes    | srt_ord_224     | lutram | 1       | 10, 40, 1        |
|   order_U                             | ram_1p array  |      |      |      |        | order           | auto   | 1       | 10, 40, 1        |
|   order_1_U                           | ram_1p array  |      |      |      |        | order_1         | auto   | 1       | 10, 40, 1        |
|   order_2_U                           | ram_1p array  |      |      |      |        | order_2         | auto   | 1       | 10, 40, 1        |
|   order_3_U                           | ram_1p array  |      |      |      |        | order_3         | auto   | 1       | 10, 40, 1        |
|   order_4_U                           | ram_1p array  |      |      |      |        | order_4         | auto   | 1       | 10, 40, 1        |
|   order_5_U                           | ram_1p array  |      |      |      |        | order_5         | auto   | 1       | 10, 40, 1        |
|   order_6_U                           | ram_1p array  |      |      |      |        | order_6         | auto   | 1       | 10, 40, 1        |
|   order_7_U                           | ram_1p array  |      |      |      |        | order_7         | auto   | 1       | 10, 40, 1        |
|   order_8_U                           | ram_1p array  |      |      |      |        | order_8         | auto   | 1       | 10, 40, 1        |
|   order_9_U                           | ram_1p array  |      |      |      |        | order_9         | auto   | 1       | 10, 40, 1        |
|   order_10_U                          | ram_1p array  |      |      |      |        | order_10        | auto   | 1       | 10, 40, 1        |
|   order_11_U                          | ram_1p array  |      |      |      |        | order_11        | auto   | 1       | 10, 40, 1        |
|   order_12_U                          | ram_1p array  |      |      |      |        | order_12        | auto   | 1       | 10, 40, 1        |
|   order_13_U                          | ram_1p array  |      |      |      |        | order_13        | auto   | 1       | 10, 40, 1        |
|   order_14_U                          | ram_1p array  |      |      |      |        | order_14        | auto   | 1       | 10, 40, 1        |
|   comp_a_U                            | ram_1p array  |      |      |      |        | comp_a          | auto   | 1       | 10, 40, 1        |
|   comp_a_1_U                          | ram_1p array  |      |      |      |        | comp_a_1        | auto   | 1       | 10, 40, 1        |
|   comp_a_2_U                          | ram_1p array  |      |      |      |        | comp_a_2        | auto   | 1       | 10, 40, 1        |
|   comp_a_3_U                          | ram_s2p array |      |      |      |        | comp_a_3        | auto   | 1       | 10, 40, 1        |
|   comp_a_4_U                          | ram_s2p array |      |      |      |        | comp_a_4        | auto   | 1       | 10, 40, 1        |
|   comp_a_5_U                          | ram_s2p array |      |      |      |        | comp_a_5        | auto   | 1       | 10, 40, 1        |
|   comp_a_6_U                          | ram_s2p array |      |      |      |        | comp_a_6        | auto   | 1       | 10, 40, 1        |
|   comp_a_7_U                          | ram_s2p array |      |      |      |        | comp_a_7        | auto   | 1       | 10, 40, 1        |
|   comp_a_8_U                          | ram_s2p array |      |      |      |        | comp_a_8        | auto   | 1       | 10, 40, 1        |
|   comp_a_9_U                          | ram_s2p array |      |      |      |        | comp_a_9        | auto   | 1       | 10, 40, 1        |
|   comp_a_10_U                         | ram_s2p array |      |      |      |        | comp_a_10       | auto   | 1       | 10, 40, 1        |
|   comp_a_11_U                         | ram_s2p array |      |      |      |        | comp_a_11       | auto   | 1       | 10, 40, 1        |
|   comp_a_12_U                         | ram_s2p array |      |      |      |        | comp_a_12       | auto   | 1       | 10, 40, 1        |
|   comp_a_13_U                         | ram_s2p array |      |      |      |        | comp_a_13       | auto   | 1       | 10, 40, 1        |
|   comp_a_14_U                         | ram_s2p array |      |      |      |        | comp_a_14       | auto   | 1       | 10, 40, 1        |
|   comp_b_U                            | ram_1p array  |      |      |      |        | comp_b          | auto   | 1       | 10, 40, 1        |
|   comp_b_1_U                          | ram_1p array  |      |      |      |        | comp_b_1        | auto   | 1       | 10, 40, 1        |
|   comp_b_2_U                          | ram_1p array  |      |      |      |        | comp_b_2        | auto   | 1       | 10, 40, 1        |
|   comp_b_3_U                          | ram_1p array  |      |      |      |        | comp_b_3        | auto   | 1       | 10, 40, 1        |
|   comp_b_4_U                          | ram_1p array  |      |      |      |        | comp_b_4        | auto   | 1       | 10, 40, 1        |
|   comp_b_5_U                          | ram_1p array  |      |      |      |        | comp_b_5        | auto   | 1       | 10, 40, 1        |
|   comp_b_6_U                          | ram_1p array  |      |      |      |        | comp_b_6        | auto   | 1       | 10, 40, 1        |
|   comp_b_7_U                          | ram_1p array  |      |      |      |        | comp_b_7        | auto   | 1       | 10, 40, 1        |
|   comp_b_8_U                          | ram_1p array  |      |      |      |        | comp_b_8        | auto   | 1       | 10, 40, 1        |
|   comp_b_9_U                          | ram_1p array  |      |      |      |        | comp_b_9        | auto   | 1       | 10, 40, 1        |
|   comp_b_10_U                         | ram_1p array  |      |      |      |        | comp_b_10       | auto   | 1       | 10, 40, 1        |
|   comp_b_11_U                         | ram_1p array  |      |      |      |        | comp_b_11       | auto   | 1       | 10, 40, 1        |
|   comp_b_12_U                         | ram_1p array  |      |      |      |        | comp_b_12       | auto   | 1       | 10, 40, 1        |
|   comp_b_13_U                         | ram_1p array  |      |      |      |        | comp_b_13       | auto   | 1       | 10, 40, 1        |
|   comp_b_14_U                         | ram_1p array  |      |      |      |        | comp_b_14       | auto   | 1       | 10, 40, 1        |
|   cpy_U                               | ram_2p array  |      |      |      | yes    | cpy             | lutram | 1       | 10, 38, 1        |
|   cpy_1_U                             | ram_2p array  |      |      |      | yes    | cpy_1           | lutram | 1       | 10, 38, 1        |
|   cpy_2_U                             | ram_2p array  |      |      |      | yes    | cpy_2           | lutram | 1       | 10, 38, 1        |
|   cpy_3_U                             | ram_2p array  |      |      |      | yes    | cpy_3           | lutram | 1       | 10, 38, 1        |
|   cpy_4_U                             | ram_2p array  |      |      |      | yes    | cpy_4           | lutram | 1       | 10, 38, 1        |
|   cpy_5_U                             | ram_2p array  |      |      |      | yes    | cpy_5           | lutram | 1       | 10, 38, 1        |
|   cpy_6_U                             | ram_2p array  |      |      |      | yes    | cpy_6           | lutram | 1       | 10, 38, 1        |
|   cpy_7_U                             | ram_2p array  |      |      |      | yes    | cpy_7           | lutram | 1       | 10, 38, 1        |
|   cpy_8_U                             | ram_2p array  |      |      |      | yes    | cpy_8           | lutram | 1       | 10, 38, 1        |
|   cpy_9_U                             | ram_2p array  |      |      |      | yes    | cpy_9           | lutram | 1       | 10, 38, 1        |
|   cpy_10_U                            | ram_2p array  |      |      |      | yes    | cpy_10          | lutram | 1       | 10, 38, 1        |
|   cpy_11_U                            | ram_2p array  |      |      |      | yes    | cpy_11          | lutram | 1       | 10, 38, 1        |
|   cpy_12_U                            | ram_2p array  |      |      |      | yes    | cpy_12          | lutram | 1       | 10, 38, 1        |
|   cpy_13_U                            | ram_2p array  |      |      |      | yes    | cpy_13          | lutram | 1       | 10, 38, 1        |
|   cpy_14_U                            | ram_2p array  |      |      |      | yes    | cpy_14          | lutram | 1       | 10, 38, 1        |
|   cpy_15_U                            | ram_2p array  |      |      |      | yes    | cpy_15          | lutram | 1       | 10, 38, 1        |
|   cpy_16_U                            | ram_2p array  |      |      |      | yes    | cpy_16          | lutram | 1       | 10, 38, 1        |
|   cpy_17_U                            | ram_2p array  |      |      |      | yes    | cpy_17          | lutram | 1       | 10, 38, 1        |
|   cpy_18_U                            | ram_2p array  |      |      |      | yes    | cpy_18          | lutram | 1       | 10, 38, 1        |
|   cpy_19_U                            | ram_2p array  |      |      |      | yes    | cpy_19          | lutram | 1       | 10, 38, 1        |
|   cpy_20_U                            | ram_2p array  |      |      |      | yes    | cpy_20          | lutram | 1       | 10, 38, 1        |
|   cpy_21_U                            | ram_2p array  |      |      |      | yes    | cpy_21          | lutram | 1       | 10, 38, 1        |
|   cpy_22_U                            | ram_2p array  |      |      |      | yes    | cpy_22          | lutram | 1       | 10, 38, 1        |
|   cpy_23_U                            | ram_2p array  |      |      |      | yes    | cpy_23          | lutram | 1       | 10, 38, 1        |
|   cpy_24_U                            | ram_2p array  |      |      |      | yes    | cpy_24          | lutram | 1       | 10, 38, 1        |
|   cpy_25_U                            | ram_2p array  |      |      |      | yes    | cpy_25          | lutram | 1       | 10, 38, 1        |
|   cpy_26_U                            | ram_2p array  |      |      |      | yes    | cpy_26          | lutram | 1       | 10, 38, 1        |
|   cpy_27_U                            | ram_2p array  |      |      |      | yes    | cpy_27          | lutram | 1       | 10, 38, 1        |
|   cpy_28_U                            | ram_2p array  |      |      |      | yes    | cpy_28          | lutram | 1       | 10, 38, 1        |
|   cpy_29_U                            | ram_2p array  |      |      |      | yes    | cpy_29          | lutram | 1       | 10, 38, 1        |
|   cpy_30_U                            | ram_2p array  |      |      |      | yes    | cpy_30          | lutram | 1       | 10, 38, 1        |
|   cpy_31_U                            | ram_2p array  |      |      |      | yes    | cpy_31          | lutram | 1       | 10, 38, 1        |
|   cpy_32_U                            | ram_2p array  |      |      |      | yes    | cpy_32          | lutram | 1       | 10, 38, 1        |
|   cpy_33_U                            | ram_2p array  |      |      |      | yes    | cpy_33          | lutram | 1       | 10, 38, 1        |
|   cpy_34_U                            | ram_2p array  |      |      |      | yes    | cpy_34          | lutram | 1       | 10, 38, 1        |
|   cpy_35_U                            | ram_2p array  |      |      |      | yes    | cpy_35          | lutram | 1       | 10, 38, 1        |
|   cpy_36_U                            | ram_2p array  |      |      |      | yes    | cpy_36          | lutram | 1       | 10, 38, 1        |
|   cpy_37_U                            | ram_2p array  |      |      |      | yes    | cpy_37          | lutram | 1       | 10, 38, 1        |
|   cpy_38_U                            | ram_2p array  |      |      |      | yes    | cpy_38          | lutram | 1       | 10, 38, 1        |
|   cpy_39_U                            | ram_2p array  |      |      |      | yes    | cpy_39          | lutram | 1       | 10, 38, 1        |
|   cpy_40_U                            | ram_2p array  |      |      |      | yes    | cpy_40          | lutram | 1       | 10, 38, 1        |
|   cpy_41_U                            | ram_2p array  |      |      |      | yes    | cpy_41          | lutram | 1       | 10, 38, 1        |
|   cpy_42_U                            | ram_2p array  |      |      |      | yes    | cpy_42          | lutram | 1       | 10, 38, 1        |
|   cpy_43_U                            | ram_2p array  |      |      |      | yes    | cpy_43          | lutram | 1       | 10, 38, 1        |
|   cpy_44_U                            | ram_2p array  |      |      |      | yes    | cpy_44          | lutram | 1       | 10, 38, 1        |
|   cpy_45_U                            | ram_2p array  |      |      |      | yes    | cpy_45          | lutram | 1       | 10, 38, 1        |
|   cpy_46_U                            | ram_2p array  |      |      |      | yes    | cpy_46          | lutram | 1       | 10, 38, 1        |
|   cpy_47_U                            | ram_2p array  |      |      |      | yes    | cpy_47          | lutram | 1       | 10, 38, 1        |
|   cpy_48_U                            | ram_2p array  |      |      |      | yes    | cpy_48          | lutram | 1       | 10, 38, 1        |
|   cpy_49_U                            | ram_2p array  |      |      |      | yes    | cpy_49          | lutram | 1       | 10, 38, 1        |
|   cpy_50_U                            | ram_2p array  |      |      |      | yes    | cpy_50          | lutram | 1       | 10, 38, 1        |
|   cpy_51_U                            | ram_2p array  |      |      |      | yes    | cpy_51          | lutram | 1       | 10, 38, 1        |
|   cpy_52_U                            | ram_2p array  |      |      |      | yes    | cpy_52          | lutram | 1       | 10, 38, 1        |
|   cpy_53_U                            | ram_2p array  |      |      |      | yes    | cpy_53          | lutram | 1       | 10, 38, 1        |
|   cpy_54_U                            | ram_2p array  |      |      |      | yes    | cpy_54          | lutram | 1       | 10, 38, 1        |
|   cpy_55_U                            | ram_2p array  |      |      |      | yes    | cpy_55          | lutram | 1       | 10, 38, 1        |
|   cpy_56_U                            | ram_2p array  |      |      |      | yes    | cpy_56          | lutram | 1       | 10, 38, 1        |
|   cpy_57_U                            | ram_2p array  |      |      |      | yes    | cpy_57          | lutram | 1       | 10, 38, 1        |
|   cpy_58_U                            | ram_2p array  |      |      |      | yes    | cpy_58          | lutram | 1       | 10, 38, 1        |
|   cpy_59_U                            | ram_2p array  |      |      |      | yes    | cpy_59          | lutram | 1       | 10, 38, 1        |
|   cpy_60_U                            | ram_2p array  |      |      |      | yes    | cpy_60          | lutram | 1       | 10, 38, 1        |
|   cpy_61_U                            | ram_2p array  |      |      |      | yes    | cpy_61          | lutram | 1       | 10, 38, 1        |
|   cpy_62_U                            | ram_2p array  |      |      |      | yes    | cpy_62          | lutram | 1       | 10, 38, 1        |
|   cpy_63_U                            | ram_2p array  |      |      |      | yes    | cpy_63          | lutram | 1       | 10, 38, 1        |
|   cpy_64_U                            | ram_2p array  |      |      |      | yes    | cpy_64          | lutram | 1       | 10, 38, 1        |
|   cpy_65_U                            | ram_2p array  |      |      |      | yes    | cpy_65          | lutram | 1       | 10, 38, 1        |
|   cpy_66_U                            | ram_2p array  |      |      |      | yes    | cpy_66          | lutram | 1       | 10, 38, 1        |
|   cpy_67_U                            | ram_2p array  |      |      |      | yes    | cpy_67          | lutram | 1       | 10, 38, 1        |
|   cpy_68_U                            | ram_2p array  |      |      |      | yes    | cpy_68          | lutram | 1       | 10, 38, 1        |
|   cpy_69_U                            | ram_2p array  |      |      |      | yes    | cpy_69          | lutram | 1       | 10, 38, 1        |
|   cpy_70_U                            | ram_2p array  |      |      |      | yes    | cpy_70          | lutram | 1       | 10, 38, 1        |
|   cpy_71_U                            | ram_2p array  |      |      |      | yes    | cpy_71          | lutram | 1       | 10, 38, 1        |
|   cpy_72_U                            | ram_2p array  |      |      |      | yes    | cpy_72          | lutram | 1       | 10, 38, 1        |
|   cpy_73_U                            | ram_2p array  |      |      |      | yes    | cpy_73          | lutram | 1       | 10, 38, 1        |
|   cpy_74_U                            | ram_2p array  |      |      |      | yes    | cpy_74          | lutram | 1       | 10, 38, 1        |
|   cpy_75_U                            | ram_2p array  |      |      |      | yes    | cpy_75          | lutram | 1       | 10, 38, 1        |
|   cpy_76_U                            | ram_2p array  |      |      |      | yes    | cpy_76          | lutram | 1       | 10, 38, 1        |
|   cpy_77_U                            | ram_2p array  |      |      |      | yes    | cpy_77          | lutram | 1       | 10, 38, 1        |
|   cpy_78_U                            | ram_2p array  |      |      |      | yes    | cpy_78          | lutram | 1       | 10, 38, 1        |
|   cpy_79_U                            | ram_2p array  |      |      |      | yes    | cpy_79          | lutram | 1       | 10, 38, 1        |
|   cpy_80_U                            | ram_2p array  |      |      |      | yes    | cpy_80          | lutram | 1       | 10, 38, 1        |
|   cpy_81_U                            | ram_2p array  |      |      |      | yes    | cpy_81          | lutram | 1       | 10, 38, 1        |
|   cpy_82_U                            | ram_2p array  |      |      |      | yes    | cpy_82          | lutram | 1       | 10, 38, 1        |
|   cpy_83_U                            | ram_2p array  |      |      |      | yes    | cpy_83          | lutram | 1       | 10, 38, 1        |
|   cpy_84_U                            | ram_2p array  |      |      |      | yes    | cpy_84          | lutram | 1       | 10, 38, 1        |
|   cpy_85_U                            | ram_2p array  |      |      |      | yes    | cpy_85          | lutram | 1       | 10, 38, 1        |
|   cpy_86_U                            | ram_2p array  |      |      |      | yes    | cpy_86          | lutram | 1       | 10, 38, 1        |
|   cpy_87_U                            | ram_2p array  |      |      |      | yes    | cpy_87          | lutram | 1       | 10, 38, 1        |
|   cpy_88_U                            | ram_2p array  |      |      |      | yes    | cpy_88          | lutram | 1       | 10, 38, 1        |
|   cpy_89_U                            | ram_2p array  |      |      |      | yes    | cpy_89          | lutram | 1       | 10, 38, 1        |
|   cpy_90_U                            | ram_2p array  |      |      |      | yes    | cpy_90          | lutram | 1       | 10, 38, 1        |
|   cpy_91_U                            | ram_2p array  |      |      |      | yes    | cpy_91          | lutram | 1       | 10, 38, 1        |
|   cpy_92_U                            | ram_2p array  |      |      |      | yes    | cpy_92          | lutram | 1       | 10, 38, 1        |
|   cpy_93_U                            | ram_2p array  |      |      |      | yes    | cpy_93          | lutram | 1       | 10, 38, 1        |
|   cpy_94_U                            | ram_2p array  |      |      |      | yes    | cpy_94          | lutram | 1       | 10, 38, 1        |
|   cpy_95_U                            | ram_2p array  |      |      |      | yes    | cpy_95          | lutram | 1       | 10, 38, 1        |
|   cpy_96_U                            | ram_2p array  |      |      |      | yes    | cpy_96          | lutram | 1       | 10, 38, 1        |
|   cpy_97_U                            | ram_2p array  |      |      |      | yes    | cpy_97          | lutram | 1       | 10, 38, 1        |
|   cpy_98_U                            | ram_2p array  |      |      |      | yes    | cpy_98          | lutram | 1       | 10, 38, 1        |
|   cpy_99_U                            | ram_2p array  |      |      |      | yes    | cpy_99          | lutram | 1       | 10, 38, 1        |
|   cpy_100_U                           | ram_2p array  |      |      |      | yes    | cpy_100         | lutram | 1       | 10, 38, 1        |
|   cpy_101_U                           | ram_2p array  |      |      |      | yes    | cpy_101         | lutram | 1       | 10, 38, 1        |
|   cpy_102_U                           | ram_2p array  |      |      |      | yes    | cpy_102         | lutram | 1       | 10, 38, 1        |
|   cpy_103_U                           | ram_2p array  |      |      |      | yes    | cpy_103         | lutram | 1       | 10, 38, 1        |
|   cpy_104_U                           | ram_2p array  |      |      |      | yes    | cpy_104         | lutram | 1       | 10, 38, 1        |
|   cpy_105_U                           | ram_2p array  |      |      |      | yes    | cpy_105         | lutram | 1       | 10, 38, 1        |
|   cpy_106_U                           | ram_2p array  |      |      |      | yes    | cpy_106         | lutram | 1       | 10, 38, 1        |
|   cpy_107_U                           | ram_2p array  |      |      |      | yes    | cpy_107         | lutram | 1       | 10, 38, 1        |
|   cpy_108_U                           | ram_2p array  |      |      |      | yes    | cpy_108         | lutram | 1       | 10, 38, 1        |
|   cpy_109_U                           | ram_2p array  |      |      |      | yes    | cpy_109         | lutram | 1       | 10, 38, 1        |
|   cpy_110_U                           | ram_2p array  |      |      |      | yes    | cpy_110         | lutram | 1       | 10, 38, 1        |
|   cpy_111_U                           | ram_2p array  |      |      |      | yes    | cpy_111         | lutram | 1       | 10, 38, 1        |
|   cpy_112_U                           | ram_2p array  |      |      |      | yes    | cpy_112         | lutram | 1       | 10, 38, 1        |
|   cpy_113_U                           | ram_2p array  |      |      |      | yes    | cpy_113         | lutram | 1       | 10, 38, 1        |
|   cpy_114_U                           | ram_2p array  |      |      |      | yes    | cpy_114         | lutram | 1       | 10, 38, 1        |
|   cpy_115_U                           | ram_2p array  |      |      |      | yes    | cpy_115         | lutram | 1       | 10, 38, 1        |
|   cpy_116_U                           | ram_2p array  |      |      |      | yes    | cpy_116         | lutram | 1       | 10, 38, 1        |
|   cpy_117_U                           | ram_2p array  |      |      |      | yes    | cpy_117         | lutram | 1       | 10, 38, 1        |
|   cpy_118_U                           | ram_2p array  |      |      |      | yes    | cpy_118         | lutram | 1       | 10, 38, 1        |
|   cpy_119_U                           | ram_2p array  |      |      |      | yes    | cpy_119         | lutram | 1       | 10, 38, 1        |
|   cpy_120_U                           | ram_2p array  |      |      |      | yes    | cpy_120         | lutram | 1       | 10, 38, 1        |
|   cpy_121_U                           | ram_2p array  |      |      |      | yes    | cpy_121         | lutram | 1       | 10, 38, 1        |
|   cpy_122_U                           | ram_2p array  |      |      |      | yes    | cpy_122         | lutram | 1       | 10, 38, 1        |
|   cpy_123_U                           | ram_2p array  |      |      |      | yes    | cpy_123         | lutram | 1       | 10, 38, 1        |
|   cpy_124_U                           | ram_2p array  |      |      |      | yes    | cpy_124         | lutram | 1       | 10, 38, 1        |
|   cpy_125_U                           | ram_2p array  |      |      |      | yes    | cpy_125         | lutram | 1       | 10, 38, 1        |
|   cpy_126_U                           | ram_2p array  |      |      |      | yes    | cpy_126         | lutram | 1       | 10, 38, 1        |
|   cpy_127_U                           | ram_2p array  |      |      |      | yes    | cpy_127         | lutram | 1       | 10, 38, 1        |
|   cpy_128_U                           | ram_2p array  |      |      |      | yes    | cpy_128         | lutram | 1       | 10, 38, 1        |
|   cpy_129_U                           | ram_2p array  |      |      |      | yes    | cpy_129         | lutram | 1       | 10, 38, 1        |
|   cpy_130_U                           | ram_2p array  |      |      |      | yes    | cpy_130         | lutram | 1       | 10, 38, 1        |
|   cpy_131_U                           | ram_2p array  |      |      |      | yes    | cpy_131         | lutram | 1       | 10, 38, 1        |
|   cpy_132_U                           | ram_2p array  |      |      |      | yes    | cpy_132         | lutram | 1       | 10, 38, 1        |
|   cpy_133_U                           | ram_2p array  |      |      |      | yes    | cpy_133         | lutram | 1       | 10, 38, 1        |
|   cpy_134_U                           | ram_2p array  |      |      |      | yes    | cpy_134         | lutram | 1       | 10, 38, 1        |
|   cpy_135_U                           | ram_2p array  |      |      |      | yes    | cpy_135         | lutram | 1       | 10, 38, 1        |
|   cpy_136_U                           | ram_2p array  |      |      |      | yes    | cpy_136         | lutram | 1       | 10, 38, 1        |
|   cpy_137_U                           | ram_2p array  |      |      |      | yes    | cpy_137         | lutram | 1       | 10, 38, 1        |
|   cpy_138_U                           | ram_2p array  |      |      |      | yes    | cpy_138         | lutram | 1       | 10, 38, 1        |
|   cpy_139_U                           | ram_2p array  |      |      |      | yes    | cpy_139         | lutram | 1       | 10, 38, 1        |
|   cpy_140_U                           | ram_2p array  |      |      |      | yes    | cpy_140         | lutram | 1       | 10, 38, 1        |
|   cpy_141_U                           | ram_2p array  |      |      |      | yes    | cpy_141         | lutram | 1       | 10, 38, 1        |
|   cpy_142_U                           | ram_2p array  |      |      |      | yes    | cpy_142         | lutram | 1       | 10, 38, 1        |
|   cpy_143_U                           | ram_2p array  |      |      |      | yes    | cpy_143         | lutram | 1       | 10, 38, 1        |
|   cpy_144_U                           | ram_2p array  |      |      |      | yes    | cpy_144         | lutram | 1       | 10, 38, 1        |
|   cpy_145_U                           | ram_2p array  |      |      |      | yes    | cpy_145         | lutram | 1       | 10, 38, 1        |
|   cpy_146_U                           | ram_2p array  |      |      |      | yes    | cpy_146         | lutram | 1       | 10, 38, 1        |
|   cpy_147_U                           | ram_2p array  |      |      |      | yes    | cpy_147         | lutram | 1       | 10, 38, 1        |
|   cpy_148_U                           | ram_2p array  |      |      |      | yes    | cpy_148         | lutram | 1       | 10, 38, 1        |
|   cpy_149_U                           | ram_2p array  |      |      |      | yes    | cpy_149         | lutram | 1       | 10, 38, 1        |
|   cpy_150_U                           | ram_2p array  |      |      |      | yes    | cpy_150         | lutram | 1       | 10, 38, 1        |
|   cpy_151_U                           | ram_2p array  |      |      |      | yes    | cpy_151         | lutram | 1       | 10, 38, 1        |
|   cpy_152_U                           | ram_2p array  |      |      |      | yes    | cpy_152         | lutram | 1       | 10, 38, 1        |
|   cpy_153_U                           | ram_2p array  |      |      |      | yes    | cpy_153         | lutram | 1       | 10, 38, 1        |
|   cpy_154_U                           | ram_2p array  |      |      |      | yes    | cpy_154         | lutram | 1       | 10, 38, 1        |
|   cpy_155_U                           | ram_2p array  |      |      |      | yes    | cpy_155         | lutram | 1       | 10, 38, 1        |
|   cpy_156_U                           | ram_2p array  |      |      |      | yes    | cpy_156         | lutram | 1       | 10, 38, 1        |
|   cpy_157_U                           | ram_2p array  |      |      |      | yes    | cpy_157         | lutram | 1       | 10, 38, 1        |
|   cpy_158_U                           | ram_2p array  |      |      |      | yes    | cpy_158         | lutram | 1       | 10, 38, 1        |
|   cpy_159_U                           | ram_2p array  |      |      |      | yes    | cpy_159         | lutram | 1       | 10, 38, 1        |
|   cpy_160_U                           | ram_2p array  |      |      |      | yes    | cpy_160         | lutram | 1       | 10, 38, 1        |
|   cpy_161_U                           | ram_2p array  |      |      |      | yes    | cpy_161         | lutram | 1       | 10, 38, 1        |
|   cpy_162_U                           | ram_2p array  |      |      |      | yes    | cpy_162         | lutram | 1       | 10, 38, 1        |
|   cpy_163_U                           | ram_2p array  |      |      |      | yes    | cpy_163         | lutram | 1       | 10, 38, 1        |
|   cpy_164_U                           | ram_2p array  |      |      |      | yes    | cpy_164         | lutram | 1       | 10, 38, 1        |
|   cpy_165_U                           | ram_2p array  |      |      |      | yes    | cpy_165         | lutram | 1       | 10, 38, 1        |
|   cpy_166_U                           | ram_2p array  |      |      |      | yes    | cpy_166         | lutram | 1       | 10, 38, 1        |
|   cpy_167_U                           | ram_2p array  |      |      |      | yes    | cpy_167         | lutram | 1       | 10, 38, 1        |
|   cpy_168_U                           | ram_2p array  |      |      |      | yes    | cpy_168         | lutram | 1       | 10, 38, 1        |
|   cpy_169_U                           | ram_2p array  |      |      |      | yes    | cpy_169         | lutram | 1       | 10, 38, 1        |
|   cpy_170_U                           | ram_2p array  |      |      |      | yes    | cpy_170         | lutram | 1       | 10, 38, 1        |
|   cpy_171_U                           | ram_2p array  |      |      |      | yes    | cpy_171         | lutram | 1       | 10, 38, 1        |
|   cpy_172_U                           | ram_2p array  |      |      |      | yes    | cpy_172         | lutram | 1       | 10, 38, 1        |
|   cpy_173_U                           | ram_2p array  |      |      |      | yes    | cpy_173         | lutram | 1       | 10, 38, 1        |
|   cpy_174_U                           | ram_2p array  |      |      |      | yes    | cpy_174         | lutram | 1       | 10, 38, 1        |
|   cpy_175_U                           | ram_2p array  |      |      |      | yes    | cpy_175         | lutram | 1       | 10, 38, 1        |
|   cpy_176_U                           | ram_2p array  |      |      |      | yes    | cpy_176         | lutram | 1       | 10, 38, 1        |
|   cpy_177_U                           | ram_2p array  |      |      |      | yes    | cpy_177         | lutram | 1       | 10, 38, 1        |
|   cpy_178_U                           | ram_2p array  |      |      |      | yes    | cpy_178         | lutram | 1       | 10, 38, 1        |
|   cpy_179_U                           | ram_2p array  |      |      |      | yes    | cpy_179         | lutram | 1       | 10, 38, 1        |
|   cpy_180_U                           | ram_2p array  |      |      |      | yes    | cpy_180         | lutram | 1       | 10, 38, 1        |
|   cpy_181_U                           | ram_2p array  |      |      |      | yes    | cpy_181         | lutram | 1       | 10, 38, 1        |
|   cpy_182_U                           | ram_2p array  |      |      |      | yes    | cpy_182         | lutram | 1       | 10, 38, 1        |
|   cpy_183_U                           | ram_2p array  |      |      |      | yes    | cpy_183         | lutram | 1       | 10, 38, 1        |
|   cpy_184_U                           | ram_2p array  |      |      |      | yes    | cpy_184         | lutram | 1       | 10, 38, 1        |
|   cpy_185_U                           | ram_2p array  |      |      |      | yes    | cpy_185         | lutram | 1       | 10, 38, 1        |
|   cpy_186_U                           | ram_2p array  |      |      |      | yes    | cpy_186         | lutram | 1       | 10, 38, 1        |
|   cpy_187_U                           | ram_2p array  |      |      |      | yes    | cpy_187         | lutram | 1       | 10, 38, 1        |
|   cpy_188_U                           | ram_2p array  |      |      |      | yes    | cpy_188         | lutram | 1       | 10, 38, 1        |
|   cpy_189_U                           | ram_2p array  |      |      |      | yes    | cpy_189         | lutram | 1       | 10, 38, 1        |
|   cpy_190_U                           | ram_2p array  |      |      |      | yes    | cpy_190         | lutram | 1       | 10, 38, 1        |
|   cpy_191_U                           | ram_2p array  |      |      |      | yes    | cpy_191         | lutram | 1       | 10, 38, 1        |
|   cpy_192_U                           | ram_2p array  |      |      |      | yes    | cpy_192         | lutram | 1       | 10, 38, 1        |
|   cpy_193_U                           | ram_2p array  |      |      |      | yes    | cpy_193         | lutram | 1       | 10, 38, 1        |
|   cpy_194_U                           | ram_2p array  |      |      |      | yes    | cpy_194         | lutram | 1       | 10, 38, 1        |
|   cpy_195_U                           | ram_2p array  |      |      |      | yes    | cpy_195         | lutram | 1       | 10, 38, 1        |
|   cpy_196_U                           | ram_2p array  |      |      |      | yes    | cpy_196         | lutram | 1       | 10, 38, 1        |
|   cpy_197_U                           | ram_2p array  |      |      |      | yes    | cpy_197         | lutram | 1       | 10, 38, 1        |
|   cpy_198_U                           | ram_2p array  |      |      |      | yes    | cpy_198         | lutram | 1       | 10, 38, 1        |
|   cpy_199_U                           | ram_2p array  |      |      |      | yes    | cpy_199         | lutram | 1       | 10, 38, 1        |
|   cpy_200_U                           | ram_2p array  |      |      |      | yes    | cpy_200         | lutram | 1       | 10, 38, 1        |
|   cpy_201_U                           | ram_2p array  |      |      |      | yes    | cpy_201         | lutram | 1       | 10, 38, 1        |
|   cpy_202_U                           | ram_2p array  |      |      |      | yes    | cpy_202         | lutram | 1       | 10, 38, 1        |
|   cpy_203_U                           | ram_2p array  |      |      |      | yes    | cpy_203         | lutram | 1       | 10, 38, 1        |
|   cpy_204_U                           | ram_2p array  |      |      |      | yes    | cpy_204         | lutram | 1       | 10, 38, 1        |
|   cpy_205_U                           | ram_2p array  |      |      |      | yes    | cpy_205         | lutram | 1       | 10, 38, 1        |
|   cpy_206_U                           | ram_2p array  |      |      |      | yes    | cpy_206         | lutram | 1       | 10, 38, 1        |
|   cpy_207_U                           | ram_2p array  |      |      |      | yes    | cpy_207         | lutram | 1       | 10, 38, 1        |
|   cpy_208_U                           | ram_2p array  |      |      |      | yes    | cpy_208         | lutram | 1       | 10, 38, 1        |
|   cpy_209_U                           | ram_2p array  |      |      |      | yes    | cpy_209         | lutram | 1       | 10, 38, 1        |
|   cpy_210_U                           | ram_2p array  |      |      |      | yes    | cpy_210         | lutram | 1       | 10, 38, 1        |
|   cpy_211_U                           | ram_2p array  |      |      |      | yes    | cpy_211         | lutram | 1       | 10, 38, 1        |
|   cpy_212_U                           | ram_2p array  |      |      |      | yes    | cpy_212         | lutram | 1       | 10, 38, 1        |
|   cpy_213_U                           | ram_2p array  |      |      |      | yes    | cpy_213         | lutram | 1       | 10, 38, 1        |
|   cpy_214_U                           | ram_2p array  |      |      |      | yes    | cpy_214         | lutram | 1       | 10, 38, 1        |
|   cpy_215_U                           | ram_2p array  |      |      |      | yes    | cpy_215         | lutram | 1       | 10, 38, 1        |
|   cpy_216_U                           | ram_2p array  |      |      |      | yes    | cpy_216         | lutram | 1       | 10, 38, 1        |
|   cpy_217_U                           | ram_2p array  |      |      |      | yes    | cpy_217         | lutram | 1       | 10, 38, 1        |
|   cpy_218_U                           | ram_2p array  |      |      |      | yes    | cpy_218         | lutram | 1       | 10, 38, 1        |
|   cpy_219_U                           | ram_2p array  |      |      |      | yes    | cpy_219         | lutram | 1       | 10, 38, 1        |
|   cpy_220_U                           | ram_2p array  |      |      |      | yes    | cpy_220         | lutram | 1       | 10, 38, 1        |
|   cpy_221_U                           | ram_2p array  |      |      |      | yes    | cpy_221         | lutram | 1       | 10, 38, 1        |
|   cpy_222_U                           | ram_2p array  |      |      |      | yes    | cpy_222         | lutram | 1       | 10, 38, 1        |
|   cpy_223_U                           | ram_2p array  |      |      |      | yes    | cpy_223         | lutram | 1       | 10, 38, 1        |
|   cpy_224_U                           | ram_2p array  |      |      |      | yes    | cpy_224         | lutram | 1       | 10, 38, 1        |
|   cpy_225_U                           | ram_2p array  |      |      |      | yes    | cpy_225         | lutram | 1       | 10, 38, 1        |
|   cpy_226_U                           | ram_2p array  |      |      |      | yes    | cpy_226         | lutram | 1       | 10, 38, 1        |
|   cpy_227_U                           | ram_2p array  |      |      |      | yes    | cpy_227         | lutram | 1       | 10, 38, 1        |
|   cpy_228_U                           | ram_2p array  |      |      |      | yes    | cpy_228         | lutram | 1       | 10, 38, 1        |
|   cpy_229_U                           | ram_2p array  |      |      |      | yes    | cpy_229         | lutram | 1       | 10, 38, 1        |
|   cpy_230_U                           | ram_2p array  |      |      |      | yes    | cpy_230         | lutram | 1       | 10, 38, 1        |
|   cpy_231_U                           | ram_2p array  |      |      |      | yes    | cpy_231         | lutram | 1       | 10, 38, 1        |
|   cpy_232_U                           | ram_2p array  |      |      |      | yes    | cpy_232         | lutram | 1       | 10, 38, 1        |
|   cpy_233_U                           | ram_2p array  |      |      |      | yes    | cpy_233         | lutram | 1       | 10, 38, 1        |
|   cpy_234_U                           | ram_2p array  |      |      |      | yes    | cpy_234         | lutram | 1       | 10, 38, 1        |
|   cpy_235_U                           | ram_2p array  |      |      |      | yes    | cpy_235         | lutram | 1       | 10, 38, 1        |
|   cpy_236_U                           | ram_2p array  |      |      |      | yes    | cpy_236         | lutram | 1       | 10, 38, 1        |
|   cpy_237_U                           | ram_2p array  |      |      |      | yes    | cpy_237         | lutram | 1       | 10, 38, 1        |
|   cpy_238_U                           | ram_2p array  |      |      |      | yes    | cpy_238         | lutram | 1       | 10, 38, 1        |
|   cpy_239_U                           | ram_2p array  |      |      |      | yes    | cpy_239         | lutram | 1       | 10, 38, 1        |
|   cpy2_U                              | ram_2p array  |      |      |      | yes    | cpy2            | lutram | 1       | 10, 38, 1        |
|   cpy2_1_U                            | ram_2p array  |      |      |      | yes    | cpy2_1          | lutram | 1       | 10, 38, 1        |
|   cpy2_2_U                            | ram_2p array  |      |      |      | yes    | cpy2_2          | lutram | 1       | 10, 38, 1        |
|   cpy2_3_U                            | ram_2p array  |      |      |      | yes    | cpy2_3          | lutram | 1       | 10, 38, 1        |
|   cpy2_4_U                            | ram_2p array  |      |      |      | yes    | cpy2_4          | lutram | 1       | 10, 38, 1        |
|   cpy2_5_U                            | ram_2p array  |      |      |      | yes    | cpy2_5          | lutram | 1       | 10, 38, 1        |
|   cpy2_6_U                            | ram_2p array  |      |      |      | yes    | cpy2_6          | lutram | 1       | 10, 38, 1        |
|   cpy2_7_U                            | ram_2p array  |      |      |      | yes    | cpy2_7          | lutram | 1       | 10, 38, 1        |
|   cpy2_8_U                            | ram_2p array  |      |      |      | yes    | cpy2_8          | lutram | 1       | 10, 38, 1        |
|   cpy2_9_U                            | ram_2p array  |      |      |      | yes    | cpy2_9          | lutram | 1       | 10, 38, 1        |
|   cpy2_10_U                           | ram_2p array  |      |      |      | yes    | cpy2_10         | lutram | 1       | 10, 38, 1        |
|   cpy2_11_U                           | ram_2p array  |      |      |      | yes    | cpy2_11         | lutram | 1       | 10, 38, 1        |
|   cpy2_12_U                           | ram_2p array  |      |      |      | yes    | cpy2_12         | lutram | 1       | 10, 38, 1        |
|   cpy2_13_U                           | ram_2p array  |      |      |      | yes    | cpy2_13         | lutram | 1       | 10, 38, 1        |
|   cpy2_14_U                           | ram_2p array  |      |      |      | yes    | cpy2_14         | lutram | 1       | 10, 38, 1        |
|   cpy2_15_U                           | ram_2p array  |      |      |      | yes    | cpy2_15         | lutram | 1       | 10, 38, 1        |
|   cpy2_16_U                           | ram_2p array  |      |      |      | yes    | cpy2_16         | lutram | 1       | 10, 38, 1        |
|   cpy2_17_U                           | ram_2p array  |      |      |      | yes    | cpy2_17         | lutram | 1       | 10, 38, 1        |
|   cpy2_18_U                           | ram_2p array  |      |      |      | yes    | cpy2_18         | lutram | 1       | 10, 38, 1        |
|   cpy2_19_U                           | ram_2p array  |      |      |      | yes    | cpy2_19         | lutram | 1       | 10, 38, 1        |
|   cpy2_20_U                           | ram_2p array  |      |      |      | yes    | cpy2_20         | lutram | 1       | 10, 38, 1        |
|   cpy2_21_U                           | ram_2p array  |      |      |      | yes    | cpy2_21         | lutram | 1       | 10, 38, 1        |
|   cpy2_22_U                           | ram_2p array  |      |      |      | yes    | cpy2_22         | lutram | 1       | 10, 38, 1        |
|   cpy2_23_U                           | ram_2p array  |      |      |      | yes    | cpy2_23         | lutram | 1       | 10, 38, 1        |
|   cpy2_24_U                           | ram_2p array  |      |      |      | yes    | cpy2_24         | lutram | 1       | 10, 38, 1        |
|   cpy2_25_U                           | ram_2p array  |      |      |      | yes    | cpy2_25         | lutram | 1       | 10, 38, 1        |
|   cpy2_26_U                           | ram_2p array  |      |      |      | yes    | cpy2_26         | lutram | 1       | 10, 38, 1        |
|   cpy2_27_U                           | ram_2p array  |      |      |      | yes    | cpy2_27         | lutram | 1       | 10, 38, 1        |
|   cpy2_28_U                           | ram_2p array  |      |      |      | yes    | cpy2_28         | lutram | 1       | 10, 38, 1        |
|   cpy2_29_U                           | ram_2p array  |      |      |      | yes    | cpy2_29         | lutram | 1       | 10, 38, 1        |
|   cpy2_30_U                           | ram_2p array  |      |      |      | yes    | cpy2_30         | lutram | 1       | 10, 38, 1        |
|   cpy2_31_U                           | ram_2p array  |      |      |      | yes    | cpy2_31         | lutram | 1       | 10, 38, 1        |
|   cpy2_32_U                           | ram_2p array  |      |      |      | yes    | cpy2_32         | lutram | 1       | 10, 38, 1        |
|   cpy2_33_U                           | ram_2p array  |      |      |      | yes    | cpy2_33         | lutram | 1       | 10, 38, 1        |
|   cpy2_34_U                           | ram_2p array  |      |      |      | yes    | cpy2_34         | lutram | 1       | 10, 38, 1        |
|   cpy2_35_U                           | ram_2p array  |      |      |      | yes    | cpy2_35         | lutram | 1       | 10, 38, 1        |
|   cpy2_36_U                           | ram_2p array  |      |      |      | yes    | cpy2_36         | lutram | 1       | 10, 38, 1        |
|   cpy2_37_U                           | ram_2p array  |      |      |      | yes    | cpy2_37         | lutram | 1       | 10, 38, 1        |
|   cpy2_38_U                           | ram_2p array  |      |      |      | yes    | cpy2_38         | lutram | 1       | 10, 38, 1        |
|   cpy2_39_U                           | ram_2p array  |      |      |      | yes    | cpy2_39         | lutram | 1       | 10, 38, 1        |
|   cpy2_40_U                           | ram_2p array  |      |      |      | yes    | cpy2_40         | lutram | 1       | 10, 38, 1        |
|   cpy2_41_U                           | ram_2p array  |      |      |      | yes    | cpy2_41         | lutram | 1       | 10, 38, 1        |
|   cpy2_42_U                           | ram_2p array  |      |      |      | yes    | cpy2_42         | lutram | 1       | 10, 38, 1        |
|   cpy2_43_U                           | ram_2p array  |      |      |      | yes    | cpy2_43         | lutram | 1       | 10, 38, 1        |
|   cpy2_44_U                           | ram_2p array  |      |      |      | yes    | cpy2_44         | lutram | 1       | 10, 38, 1        |
|   cpy2_45_U                           | ram_2p array  |      |      |      | yes    | cpy2_45         | lutram | 1       | 10, 38, 1        |
|   cpy2_46_U                           | ram_2p array  |      |      |      | yes    | cpy2_46         | lutram | 1       | 10, 38, 1        |
|   cpy2_47_U                           | ram_2p array  |      |      |      | yes    | cpy2_47         | lutram | 1       | 10, 38, 1        |
|   cpy2_48_U                           | ram_2p array  |      |      |      | yes    | cpy2_48         | lutram | 1       | 10, 38, 1        |
|   cpy2_49_U                           | ram_2p array  |      |      |      | yes    | cpy2_49         | lutram | 1       | 10, 38, 1        |
|   cpy2_50_U                           | ram_2p array  |      |      |      | yes    | cpy2_50         | lutram | 1       | 10, 38, 1        |
|   cpy2_51_U                           | ram_2p array  |      |      |      | yes    | cpy2_51         | lutram | 1       | 10, 38, 1        |
|   cpy2_52_U                           | ram_2p array  |      |      |      | yes    | cpy2_52         | lutram | 1       | 10, 38, 1        |
|   cpy2_53_U                           | ram_2p array  |      |      |      | yes    | cpy2_53         | lutram | 1       | 10, 38, 1        |
|   cpy2_54_U                           | ram_2p array  |      |      |      | yes    | cpy2_54         | lutram | 1       | 10, 38, 1        |
|   cpy2_55_U                           | ram_2p array  |      |      |      | yes    | cpy2_55         | lutram | 1       | 10, 38, 1        |
|   cpy2_56_U                           | ram_2p array  |      |      |      | yes    | cpy2_56         | lutram | 1       | 10, 38, 1        |
|   cpy2_57_U                           | ram_2p array  |      |      |      | yes    | cpy2_57         | lutram | 1       | 10, 38, 1        |
|   cpy2_58_U                           | ram_2p array  |      |      |      | yes    | cpy2_58         | lutram | 1       | 10, 38, 1        |
|   cpy2_59_U                           | ram_2p array  |      |      |      | yes    | cpy2_59         | lutram | 1       | 10, 38, 1        |
|   cpy2_60_U                           | ram_2p array  |      |      |      | yes    | cpy2_60         | lutram | 1       | 10, 38, 1        |
|   cpy2_61_U                           | ram_2p array  |      |      |      | yes    | cpy2_61         | lutram | 1       | 10, 38, 1        |
|   cpy2_62_U                           | ram_2p array  |      |      |      | yes    | cpy2_62         | lutram | 1       | 10, 38, 1        |
|   cpy2_63_U                           | ram_2p array  |      |      |      | yes    | cpy2_63         | lutram | 1       | 10, 38, 1        |
|   cpy2_64_U                           | ram_2p array  |      |      |      | yes    | cpy2_64         | lutram | 1       | 10, 38, 1        |
|   cpy2_65_U                           | ram_2p array  |      |      |      | yes    | cpy2_65         | lutram | 1       | 10, 38, 1        |
|   cpy2_66_U                           | ram_2p array  |      |      |      | yes    | cpy2_66         | lutram | 1       | 10, 38, 1        |
|   cpy2_67_U                           | ram_2p array  |      |      |      | yes    | cpy2_67         | lutram | 1       | 10, 38, 1        |
|   cpy2_68_U                           | ram_2p array  |      |      |      | yes    | cpy2_68         | lutram | 1       | 10, 38, 1        |
|   cpy2_69_U                           | ram_2p array  |      |      |      | yes    | cpy2_69         | lutram | 1       | 10, 38, 1        |
|   cpy2_70_U                           | ram_2p array  |      |      |      | yes    | cpy2_70         | lutram | 1       | 10, 38, 1        |
|   cpy2_71_U                           | ram_2p array  |      |      |      | yes    | cpy2_71         | lutram | 1       | 10, 38, 1        |
|   cpy2_72_U                           | ram_2p array  |      |      |      | yes    | cpy2_72         | lutram | 1       | 10, 38, 1        |
|   cpy2_73_U                           | ram_2p array  |      |      |      | yes    | cpy2_73         | lutram | 1       | 10, 38, 1        |
|   cpy2_74_U                           | ram_2p array  |      |      |      | yes    | cpy2_74         | lutram | 1       | 10, 38, 1        |
|   cpy2_75_U                           | ram_2p array  |      |      |      | yes    | cpy2_75         | lutram | 1       | 10, 38, 1        |
|   cpy2_76_U                           | ram_2p array  |      |      |      | yes    | cpy2_76         | lutram | 1       | 10, 38, 1        |
|   cpy2_77_U                           | ram_2p array  |      |      |      | yes    | cpy2_77         | lutram | 1       | 10, 38, 1        |
|   cpy2_78_U                           | ram_2p array  |      |      |      | yes    | cpy2_78         | lutram | 1       | 10, 38, 1        |
|   cpy2_79_U                           | ram_2p array  |      |      |      | yes    | cpy2_79         | lutram | 1       | 10, 38, 1        |
|   cpy2_80_U                           | ram_2p array  |      |      |      | yes    | cpy2_80         | lutram | 1       | 10, 38, 1        |
|   cpy2_81_U                           | ram_2p array  |      |      |      | yes    | cpy2_81         | lutram | 1       | 10, 38, 1        |
|   cpy2_82_U                           | ram_2p array  |      |      |      | yes    | cpy2_82         | lutram | 1       | 10, 38, 1        |
|   cpy2_83_U                           | ram_2p array  |      |      |      | yes    | cpy2_83         | lutram | 1       | 10, 38, 1        |
|   cpy2_84_U                           | ram_2p array  |      |      |      | yes    | cpy2_84         | lutram | 1       | 10, 38, 1        |
|   cpy2_85_U                           | ram_2p array  |      |      |      | yes    | cpy2_85         | lutram | 1       | 10, 38, 1        |
|   cpy2_86_U                           | ram_2p array  |      |      |      | yes    | cpy2_86         | lutram | 1       | 10, 38, 1        |
|   cpy2_87_U                           | ram_2p array  |      |      |      | yes    | cpy2_87         | lutram | 1       | 10, 38, 1        |
|   cpy2_88_U                           | ram_2p array  |      |      |      | yes    | cpy2_88         | lutram | 1       | 10, 38, 1        |
|   cpy2_89_U                           | ram_2p array  |      |      |      | yes    | cpy2_89         | lutram | 1       | 10, 38, 1        |
|   cpy2_90_U                           | ram_2p array  |      |      |      | yes    | cpy2_90         | lutram | 1       | 10, 38, 1        |
|   cpy2_91_U                           | ram_2p array  |      |      |      | yes    | cpy2_91         | lutram | 1       | 10, 38, 1        |
|   cpy2_92_U                           | ram_2p array  |      |      |      | yes    | cpy2_92         | lutram | 1       | 10, 38, 1        |
|   cpy2_93_U                           | ram_2p array  |      |      |      | yes    | cpy2_93         | lutram | 1       | 10, 38, 1        |
|   cpy2_94_U                           | ram_2p array  |      |      |      | yes    | cpy2_94         | lutram | 1       | 10, 38, 1        |
|   cpy2_95_U                           | ram_2p array  |      |      |      | yes    | cpy2_95         | lutram | 1       | 10, 38, 1        |
|   cpy2_96_U                           | ram_2p array  |      |      |      | yes    | cpy2_96         | lutram | 1       | 10, 38, 1        |
|   cpy2_97_U                           | ram_2p array  |      |      |      | yes    | cpy2_97         | lutram | 1       | 10, 38, 1        |
|   cpy2_98_U                           | ram_2p array  |      |      |      | yes    | cpy2_98         | lutram | 1       | 10, 38, 1        |
|   cpy2_99_U                           | ram_2p array  |      |      |      | yes    | cpy2_99         | lutram | 1       | 10, 38, 1        |
|   cpy2_100_U                          | ram_2p array  |      |      |      | yes    | cpy2_100        | lutram | 1       | 10, 38, 1        |
|   cpy2_101_U                          | ram_2p array  |      |      |      | yes    | cpy2_101        | lutram | 1       | 10, 38, 1        |
|   cpy2_102_U                          | ram_2p array  |      |      |      | yes    | cpy2_102        | lutram | 1       | 10, 38, 1        |
|   cpy2_103_U                          | ram_2p array  |      |      |      | yes    | cpy2_103        | lutram | 1       | 10, 38, 1        |
|   cpy2_104_U                          | ram_2p array  |      |      |      | yes    | cpy2_104        | lutram | 1       | 10, 38, 1        |
|   cpy2_105_U                          | ram_2p array  |      |      |      | yes    | cpy2_105        | lutram | 1       | 10, 38, 1        |
|   cpy2_106_U                          | ram_2p array  |      |      |      | yes    | cpy2_106        | lutram | 1       | 10, 38, 1        |
|   cpy2_107_U                          | ram_2p array  |      |      |      | yes    | cpy2_107        | lutram | 1       | 10, 38, 1        |
|   cpy2_108_U                          | ram_2p array  |      |      |      | yes    | cpy2_108        | lutram | 1       | 10, 38, 1        |
|   cpy2_109_U                          | ram_2p array  |      |      |      | yes    | cpy2_109        | lutram | 1       | 10, 38, 1        |
|   cpy2_110_U                          | ram_2p array  |      |      |      | yes    | cpy2_110        | lutram | 1       | 10, 38, 1        |
|   cpy2_111_U                          | ram_2p array  |      |      |      | yes    | cpy2_111        | lutram | 1       | 10, 38, 1        |
|   cpy2_112_U                          | ram_2p array  |      |      |      | yes    | cpy2_112        | lutram | 1       | 10, 38, 1        |
|   cpy2_113_U                          | ram_2p array  |      |      |      | yes    | cpy2_113        | lutram | 1       | 10, 38, 1        |
|   cpy2_114_U                          | ram_2p array  |      |      |      | yes    | cpy2_114        | lutram | 1       | 10, 38, 1        |
|   cpy2_115_U                          | ram_2p array  |      |      |      | yes    | cpy2_115        | lutram | 1       | 10, 38, 1        |
|   cpy2_116_U                          | ram_2p array  |      |      |      | yes    | cpy2_116        | lutram | 1       | 10, 38, 1        |
|   cpy2_117_U                          | ram_2p array  |      |      |      | yes    | cpy2_117        | lutram | 1       | 10, 38, 1        |
|   cpy2_118_U                          | ram_2p array  |      |      |      | yes    | cpy2_118        | lutram | 1       | 10, 38, 1        |
|   cpy2_119_U                          | ram_2p array  |      |      |      | yes    | cpy2_119        | lutram | 1       | 10, 38, 1        |
|   cpy2_120_U                          | ram_2p array  |      |      |      | yes    | cpy2_120        | lutram | 1       | 10, 38, 1        |
|   cpy2_121_U                          | ram_2p array  |      |      |      | yes    | cpy2_121        | lutram | 1       | 10, 38, 1        |
|   cpy2_122_U                          | ram_2p array  |      |      |      | yes    | cpy2_122        | lutram | 1       | 10, 38, 1        |
|   cpy2_123_U                          | ram_2p array  |      |      |      | yes    | cpy2_123        | lutram | 1       | 10, 38, 1        |
|   cpy2_124_U                          | ram_2p array  |      |      |      | yes    | cpy2_124        | lutram | 1       | 10, 38, 1        |
|   cpy2_125_U                          | ram_2p array  |      |      |      | yes    | cpy2_125        | lutram | 1       | 10, 38, 1        |
|   cpy2_126_U                          | ram_2p array  |      |      |      | yes    | cpy2_126        | lutram | 1       | 10, 38, 1        |
|   cpy2_127_U                          | ram_2p array  |      |      |      | yes    | cpy2_127        | lutram | 1       | 10, 38, 1        |
|   cpy2_128_U                          | ram_2p array  |      |      |      | yes    | cpy2_128        | lutram | 1       | 10, 38, 1        |
|   cpy2_129_U                          | ram_2p array  |      |      |      | yes    | cpy2_129        | lutram | 1       | 10, 38, 1        |
|   cpy2_130_U                          | ram_2p array  |      |      |      | yes    | cpy2_130        | lutram | 1       | 10, 38, 1        |
|   cpy2_131_U                          | ram_2p array  |      |      |      | yes    | cpy2_131        | lutram | 1       | 10, 38, 1        |
|   cpy2_132_U                          | ram_2p array  |      |      |      | yes    | cpy2_132        | lutram | 1       | 10, 38, 1        |
|   cpy2_133_U                          | ram_2p array  |      |      |      | yes    | cpy2_133        | lutram | 1       | 10, 38, 1        |
|   cpy2_134_U                          | ram_2p array  |      |      |      | yes    | cpy2_134        | lutram | 1       | 10, 38, 1        |
|   cpy2_135_U                          | ram_2p array  |      |      |      | yes    | cpy2_135        | lutram | 1       | 10, 38, 1        |
|   cpy2_136_U                          | ram_2p array  |      |      |      | yes    | cpy2_136        | lutram | 1       | 10, 38, 1        |
|   cpy2_137_U                          | ram_2p array  |      |      |      | yes    | cpy2_137        | lutram | 1       | 10, 38, 1        |
|   cpy2_138_U                          | ram_2p array  |      |      |      | yes    | cpy2_138        | lutram | 1       | 10, 38, 1        |
|   cpy2_139_U                          | ram_2p array  |      |      |      | yes    | cpy2_139        | lutram | 1       | 10, 38, 1        |
|   cpy2_140_U                          | ram_2p array  |      |      |      | yes    | cpy2_140        | lutram | 1       | 10, 38, 1        |
|   cpy2_141_U                          | ram_2p array  |      |      |      | yes    | cpy2_141        | lutram | 1       | 10, 38, 1        |
|   cpy2_142_U                          | ram_2p array  |      |      |      | yes    | cpy2_142        | lutram | 1       | 10, 38, 1        |
|   cpy2_143_U                          | ram_2p array  |      |      |      | yes    | cpy2_143        | lutram | 1       | 10, 38, 1        |
|   cpy2_144_U                          | ram_2p array  |      |      |      | yes    | cpy2_144        | lutram | 1       | 10, 38, 1        |
|   cpy2_145_U                          | ram_2p array  |      |      |      | yes    | cpy2_145        | lutram | 1       | 10, 38, 1        |
|   cpy2_146_U                          | ram_2p array  |      |      |      | yes    | cpy2_146        | lutram | 1       | 10, 38, 1        |
|   cpy2_147_U                          | ram_2p array  |      |      |      | yes    | cpy2_147        | lutram | 1       | 10, 38, 1        |
|   cpy2_148_U                          | ram_2p array  |      |      |      | yes    | cpy2_148        | lutram | 1       | 10, 38, 1        |
|   cpy2_149_U                          | ram_2p array  |      |      |      | yes    | cpy2_149        | lutram | 1       | 10, 38, 1        |
|   cpy2_150_U                          | ram_2p array  |      |      |      | yes    | cpy2_150        | lutram | 1       | 10, 38, 1        |
|   cpy2_151_U                          | ram_2p array  |      |      |      | yes    | cpy2_151        | lutram | 1       | 10, 38, 1        |
|   cpy2_152_U                          | ram_2p array  |      |      |      | yes    | cpy2_152        | lutram | 1       | 10, 38, 1        |
|   cpy2_153_U                          | ram_2p array  |      |      |      | yes    | cpy2_153        | lutram | 1       | 10, 38, 1        |
|   cpy2_154_U                          | ram_2p array  |      |      |      | yes    | cpy2_154        | lutram | 1       | 10, 38, 1        |
|   cpy2_155_U                          | ram_2p array  |      |      |      | yes    | cpy2_155        | lutram | 1       | 10, 38, 1        |
|   cpy2_156_U                          | ram_2p array  |      |      |      | yes    | cpy2_156        | lutram | 1       | 10, 38, 1        |
|   cpy2_157_U                          | ram_2p array  |      |      |      | yes    | cpy2_157        | lutram | 1       | 10, 38, 1        |
|   cpy2_158_U                          | ram_2p array  |      |      |      | yes    | cpy2_158        | lutram | 1       | 10, 38, 1        |
|   cpy2_159_U                          | ram_2p array  |      |      |      | yes    | cpy2_159        | lutram | 1       | 10, 38, 1        |
|   cpy2_160_U                          | ram_2p array  |      |      |      | yes    | cpy2_160        | lutram | 1       | 10, 38, 1        |
|   cpy2_161_U                          | ram_2p array  |      |      |      | yes    | cpy2_161        | lutram | 1       | 10, 38, 1        |
|   cpy2_162_U                          | ram_2p array  |      |      |      | yes    | cpy2_162        | lutram | 1       | 10, 38, 1        |
|   cpy2_163_U                          | ram_2p array  |      |      |      | yes    | cpy2_163        | lutram | 1       | 10, 38, 1        |
|   cpy2_164_U                          | ram_2p array  |      |      |      | yes    | cpy2_164        | lutram | 1       | 10, 38, 1        |
|   cpy2_165_U                          | ram_2p array  |      |      |      | yes    | cpy2_165        | lutram | 1       | 10, 38, 1        |
|   cpy2_166_U                          | ram_2p array  |      |      |      | yes    | cpy2_166        | lutram | 1       | 10, 38, 1        |
|   cpy2_167_U                          | ram_2p array  |      |      |      | yes    | cpy2_167        | lutram | 1       | 10, 38, 1        |
|   cpy2_168_U                          | ram_2p array  |      |      |      | yes    | cpy2_168        | lutram | 1       | 10, 38, 1        |
|   cpy2_169_U                          | ram_2p array  |      |      |      | yes    | cpy2_169        | lutram | 1       | 10, 38, 1        |
|   cpy2_170_U                          | ram_2p array  |      |      |      | yes    | cpy2_170        | lutram | 1       | 10, 38, 1        |
|   cpy2_171_U                          | ram_2p array  |      |      |      | yes    | cpy2_171        | lutram | 1       | 10, 38, 1        |
|   cpy2_172_U                          | ram_2p array  |      |      |      | yes    | cpy2_172        | lutram | 1       | 10, 38, 1        |
|   cpy2_173_U                          | ram_2p array  |      |      |      | yes    | cpy2_173        | lutram | 1       | 10, 38, 1        |
|   cpy2_174_U                          | ram_2p array  |      |      |      | yes    | cpy2_174        | lutram | 1       | 10, 38, 1        |
|   cpy2_175_U                          | ram_2p array  |      |      |      | yes    | cpy2_175        | lutram | 1       | 10, 38, 1        |
|   cpy2_176_U                          | ram_2p array  |      |      |      | yes    | cpy2_176        | lutram | 1       | 10, 38, 1        |
|   cpy2_177_U                          | ram_2p array  |      |      |      | yes    | cpy2_177        | lutram | 1       | 10, 38, 1        |
|   cpy2_178_U                          | ram_2p array  |      |      |      | yes    | cpy2_178        | lutram | 1       | 10, 38, 1        |
|   cpy2_179_U                          | ram_2p array  |      |      |      | yes    | cpy2_179        | lutram | 1       | 10, 38, 1        |
|   cpy2_180_U                          | ram_2p array  |      |      |      | yes    | cpy2_180        | lutram | 1       | 10, 38, 1        |
|   cpy2_181_U                          | ram_2p array  |      |      |      | yes    | cpy2_181        | lutram | 1       | 10, 38, 1        |
|   cpy2_182_U                          | ram_2p array  |      |      |      | yes    | cpy2_182        | lutram | 1       | 10, 38, 1        |
|   cpy2_183_U                          | ram_2p array  |      |      |      | yes    | cpy2_183        | lutram | 1       | 10, 38, 1        |
|   cpy2_184_U                          | ram_2p array  |      |      |      | yes    | cpy2_184        | lutram | 1       | 10, 38, 1        |
|   cpy2_185_U                          | ram_2p array  |      |      |      | yes    | cpy2_185        | lutram | 1       | 10, 38, 1        |
|   cpy2_186_U                          | ram_2p array  |      |      |      | yes    | cpy2_186        | lutram | 1       | 10, 38, 1        |
|   cpy2_187_U                          | ram_2p array  |      |      |      | yes    | cpy2_187        | lutram | 1       | 10, 38, 1        |
|   cpy2_188_U                          | ram_2p array  |      |      |      | yes    | cpy2_188        | lutram | 1       | 10, 38, 1        |
|   cpy2_189_U                          | ram_2p array  |      |      |      | yes    | cpy2_189        | lutram | 1       | 10, 38, 1        |
|   cpy2_190_U                          | ram_2p array  |      |      |      | yes    | cpy2_190        | lutram | 1       | 10, 38, 1        |
|   cpy2_191_U                          | ram_2p array  |      |      |      | yes    | cpy2_191        | lutram | 1       | 10, 38, 1        |
|   cpy2_192_U                          | ram_2p array  |      |      |      | yes    | cpy2_192        | lutram | 1       | 10, 38, 1        |
|   cpy2_193_U                          | ram_2p array  |      |      |      | yes    | cpy2_193        | lutram | 1       | 10, 38, 1        |
|   cpy2_194_U                          | ram_2p array  |      |      |      | yes    | cpy2_194        | lutram | 1       | 10, 38, 1        |
|   cpy2_195_U                          | ram_2p array  |      |      |      | yes    | cpy2_195        | lutram | 1       | 10, 38, 1        |
|   cpy2_196_U                          | ram_2p array  |      |      |      | yes    | cpy2_196        | lutram | 1       | 10, 38, 1        |
|   cpy2_197_U                          | ram_2p array  |      |      |      | yes    | cpy2_197        | lutram | 1       | 10, 38, 1        |
|   cpy2_198_U                          | ram_2p array  |      |      |      | yes    | cpy2_198        | lutram | 1       | 10, 38, 1        |
|   cpy2_199_U                          | ram_2p array  |      |      |      | yes    | cpy2_199        | lutram | 1       | 10, 38, 1        |
|   cpy2_200_U                          | ram_2p array  |      |      |      | yes    | cpy2_200        | lutram | 1       | 10, 38, 1        |
|   cpy2_201_U                          | ram_2p array  |      |      |      | yes    | cpy2_201        | lutram | 1       | 10, 38, 1        |
|   cpy2_202_U                          | ram_2p array  |      |      |      | yes    | cpy2_202        | lutram | 1       | 10, 38, 1        |
|   cpy2_203_U                          | ram_2p array  |      |      |      | yes    | cpy2_203        | lutram | 1       | 10, 38, 1        |
|   cpy2_204_U                          | ram_2p array  |      |      |      | yes    | cpy2_204        | lutram | 1       | 10, 38, 1        |
|   cpy2_205_U                          | ram_2p array  |      |      |      | yes    | cpy2_205        | lutram | 1       | 10, 38, 1        |
|   cpy2_206_U                          | ram_2p array  |      |      |      | yes    | cpy2_206        | lutram | 1       | 10, 38, 1        |
|   cpy2_207_U                          | ram_2p array  |      |      |      | yes    | cpy2_207        | lutram | 1       | 10, 38, 1        |
|   cpy2_208_U                          | ram_2p array  |      |      |      | yes    | cpy2_208        | lutram | 1       | 10, 38, 1        |
|   cpy2_209_U                          | ram_2p array  |      |      |      | yes    | cpy2_209        | lutram | 1       | 10, 38, 1        |
|   cpy2_210_U                          | ram_2p array  |      |      |      | yes    | cpy2_210        | lutram | 1       | 10, 38, 1        |
|   cpy2_211_U                          | ram_2p array  |      |      |      | yes    | cpy2_211        | lutram | 1       | 10, 38, 1        |
|   cpy2_212_U                          | ram_2p array  |      |      |      | yes    | cpy2_212        | lutram | 1       | 10, 38, 1        |
|   cpy2_213_U                          | ram_2p array  |      |      |      | yes    | cpy2_213        | lutram | 1       | 10, 38, 1        |
|   cpy2_214_U                          | ram_2p array  |      |      |      | yes    | cpy2_214        | lutram | 1       | 10, 38, 1        |
|   cpy2_215_U                          | ram_2p array  |      |      |      | yes    | cpy2_215        | lutram | 1       | 10, 38, 1        |
|   cpy2_216_U                          | ram_2p array  |      |      |      | yes    | cpy2_216        | lutram | 1       | 10, 38, 1        |
|   cpy2_217_U                          | ram_2p array  |      |      |      | yes    | cpy2_217        | lutram | 1       | 10, 38, 1        |
|   cpy2_218_U                          | ram_2p array  |      |      |      | yes    | cpy2_218        | lutram | 1       | 10, 38, 1        |
|   cpy2_219_U                          | ram_2p array  |      |      |      | yes    | cpy2_219        | lutram | 1       | 10, 38, 1        |
|   cpy2_220_U                          | ram_2p array  |      |      |      | yes    | cpy2_220        | lutram | 1       | 10, 38, 1        |
|   cpy2_221_U                          | ram_2p array  |      |      |      | yes    | cpy2_221        | lutram | 1       | 10, 38, 1        |
|   cpy2_222_U                          | ram_2p array  |      |      |      | yes    | cpy2_222        | lutram | 1       | 10, 38, 1        |
|   cpy2_223_U                          | ram_2p array  |      |      |      | yes    | cpy2_223        | lutram | 1       | 10, 38, 1        |
|   cpy2_224_U                          | ram_2p array  |      |      |      | yes    | cpy2_224        | lutram | 1       | 10, 38, 1        |
|   cpy2_225_U                          | ram_2p array  |      |      |      | yes    | cpy2_225        | lutram | 1       | 10, 38, 1        |
|   cpy2_226_U                          | ram_2p array  |      |      |      | yes    | cpy2_226        | lutram | 1       | 10, 38, 1        |
|   cpy2_227_U                          | ram_2p array  |      |      |      | yes    | cpy2_227        | lutram | 1       | 10, 38, 1        |
|   cpy2_228_U                          | ram_2p array  |      |      |      | yes    | cpy2_228        | lutram | 1       | 10, 38, 1        |
|   cpy2_229_U                          | ram_2p array  |      |      |      | yes    | cpy2_229        | lutram | 1       | 10, 38, 1        |
|   cpy2_230_U                          | ram_2p array  |      |      |      | yes    | cpy2_230        | lutram | 1       | 10, 38, 1        |
|   cpy2_231_U                          | ram_2p array  |      |      |      | yes    | cpy2_231        | lutram | 1       | 10, 38, 1        |
|   cpy2_232_U                          | ram_2p array  |      |      |      | yes    | cpy2_232        | lutram | 1       | 10, 38, 1        |
|   cpy2_233_U                          | ram_2p array  |      |      |      | yes    | cpy2_233        | lutram | 1       | 10, 38, 1        |
|   cpy2_234_U                          | ram_2p array  |      |      |      | yes    | cpy2_234        | lutram | 1       | 10, 38, 1        |
|   cpy2_235_U                          | ram_2p array  |      |      |      | yes    | cpy2_235        | lutram | 1       | 10, 38, 1        |
|   cpy2_236_U                          | ram_2p array  |      |      |      | yes    | cpy2_236        | lutram | 1       | 10, 38, 1        |
|   cpy2_237_U                          | ram_2p array  |      |      |      | yes    | cpy2_237        | lutram | 1       | 10, 38, 1        |
|   cpy2_238_U                          | ram_2p array  |      |      |      | yes    | cpy2_238        | lutram | 1       | 10, 38, 1        |
|   cpy2_239_U                          | ram_2p array  |      |      |      | yes    | cpy2_239        | lutram | 1       | 10, 38, 1        |
|   edge_mask_U                         | rom_np array  |      |      |      |        | edge_mask       | auto   | 1       | 1, 40, 1         |
|   edge_mask_1_U                       | rom_np array  |      |      |      |        | edge_mask_1     | auto   | 1       | 1, 40, 1         |
|   edge_mask_2_U                       | rom_np array  |      |      |      |        | edge_mask_2     | auto   | 1       | 1, 40, 1         |
|   edge_mask_3_U                       | rom_np array  |      |      |      |        | edge_mask_3     | auto   | 1       | 1, 40, 1         |
|   edge_mask_4_U                       | rom_np array  |      |      |      |        | edge_mask_4     | auto   | 1       | 1, 40, 1         |
|   edge_mask_5_U                       | rom_np array  |      |      |      |        | edge_mask_5     | auto   | 1       | 1, 40, 1         |
|   edge_mask_6_U                       | rom_np array  |      |      |      |        | edge_mask_6     | auto   | 1       | 1, 40, 1         |
|   edge_mask_7_U                       | rom_np array  |      |      |      |        | edge_mask_7     | auto   | 1       | 1, 40, 1         |
|   edge_mask_8_U                       | rom_np array  |      |      |      |        | edge_mask_8     | auto   | 1       | 1, 40, 1         |
|   edge_mask_9_U                       | rom_np array  |      |      |      |        | edge_mask_9     | auto   | 1       | 1, 40, 1         |
|   edge_mask_10_U                      | rom_np array  |      |      |      |        | edge_mask_10    | auto   | 1       | 1, 40, 1         |
|   edge_mask_11_U                      | rom_np array  |      |      |      |        | edge_mask_11    | auto   | 1       | 1, 40, 1         |
|   edge_mask_12_U                      | rom_np array  |      |      |      |        | edge_mask_12    | auto   | 1       | 1, 40, 1         |
|   edge_mask_13_U                      | rom_np array  |      |      |      |        | edge_mask_13    | auto   | 1       | 1, 40, 1         |
|   edge_mask_14_U                      | rom_np array  |      |      |      |        | edge_mask_14    | auto   | 1       | 1, 40, 1         |
|   edge_mask_15_U                      | rom_np array  |      |      |      |        | edge_mask_15    | auto   | 1       | 1, 40, 1         |
|   edge_mask_16_U                      | rom_np array  |      |      |      |        | edge_mask_16    | auto   | 1       | 1, 40, 1         |
|   edge_mask_17_U                      | rom_np array  |      |      |      |        | edge_mask_17    | auto   | 1       | 1, 40, 1         |
|   edge_mask_18_U                      | rom_np array  |      |      |      |        | edge_mask_18    | auto   | 1       | 1, 40, 1         |
|   edge_mask_19_U                      | rom_np array  |      |      |      |        | edge_mask_19    | auto   | 1       | 1, 40, 1         |
|   edge_mask_20_U                      | rom_np array  |      |      |      |        | edge_mask_20    | auto   | 1       | 1, 40, 1         |
|   edge_mask_21_U                      | rom_np array  |      |      |      |        | edge_mask_21    | auto   | 1       | 1, 40, 1         |
|   edge_mask_22_U                      | rom_np array  |      |      |      |        | edge_mask_22    | auto   | 1       | 1, 40, 1         |
|   edge_mask_23_U                      | rom_np array  |      |      |      |        | edge_mask_23    | auto   | 1       | 1, 40, 1         |
|   edge_mask_24_U                      | rom_np array  |      |      |      |        | edge_mask_24    | auto   | 1       | 1, 40, 1         |
|   edge_mask_25_U                      | rom_np array  |      |      |      |        | edge_mask_25    | auto   | 1       | 1, 40, 1         |
|   edge_mask_26_U                      | rom_np array  |      |      |      |        | edge_mask_26    | auto   | 1       | 1, 40, 1         |
|   edge_mask_27_U                      | rom_np array  |      |      |      |        | edge_mask_27    | auto   | 1       | 1, 40, 1         |
|   edge_mask_28_U                      | rom_np array  |      |      |      |        | edge_mask_28    | auto   | 1       | 1, 40, 1         |
|   edge_mask_29_U                      | rom_np array  |      |      |      |        | edge_mask_29    | auto   | 1       | 1, 40, 1         |
|   edge_mask_30_U                      | rom_np array  |      |      |      |        | edge_mask_30    | auto   | 1       | 1, 40, 1         |
|   edge_mask_31_U                      | rom_np array  |      |      |      |        | edge_mask_31    | auto   | 1       | 1, 40, 1         |
|   edge_mask_32_U                      | rom_np array  |      |      |      |        | edge_mask_32    | auto   | 1       | 1, 40, 1         |
|   edge_mask_33_U                      | rom_np array  |      |      |      |        | edge_mask_33    | auto   | 1       | 1, 40, 1         |
|   edge_mask_34_U                      | rom_np array  |      |      |      |        | edge_mask_34    | auto   | 1       | 1, 40, 1         |
|   edge_mask_35_U                      | rom_np array  |      |      |      |        | edge_mask_35    | auto   | 1       | 1, 40, 1         |
|   edge_mask_36_U                      | rom_np array  |      |      |      |        | edge_mask_36    | auto   | 1       | 1, 40, 1         |
|   edge_mask_37_U                      | rom_np array  |      |      |      |        | edge_mask_37    | auto   | 1       | 1, 40, 1         |
|   edge_mask_38_U                      | rom_np array  |      |      |      |        | edge_mask_38    | auto   | 1       | 1, 40, 1         |
|   edge_mask_39_U                      | rom_np array  |      |      |      |        | edge_mask_39    | auto   | 1       | 1, 40, 1         |
|   edge_mask_40_U                      | rom_np array  |      |      |      |        | edge_mask_40    | auto   | 1       | 1, 40, 1         |
|   edge_mask_41_U                      | rom_np array  |      |      |      |        | edge_mask_41    | auto   | 1       | 1, 40, 1         |
|   edge_mask_42_U                      | rom_np array  |      |      |      |        | edge_mask_42    | auto   | 1       | 1, 40, 1         |
|   edge_mask_43_U                      | rom_np array  |      |      |      |        | edge_mask_43    | auto   | 1       | 1, 40, 1         |
|   edge_mask_44_U                      | rom_np array  |      |      |      |        | edge_mask_44    | auto   | 1       | 1, 40, 1         |
|   edge_mask_45_U                      | rom_np array  |      |      |      |        | edge_mask_45    | auto   | 1       | 1, 40, 1         |
|   edge_mask_46_U                      | rom_np array  |      |      |      |        | edge_mask_46    | auto   | 1       | 1, 40, 1         |
|   edge_mask_47_U                      | rom_np array  |      |      |      |        | edge_mask_47    | auto   | 1       | 1, 40, 1         |
|   edge_mask_48_U                      | rom_np array  |      |      |      |        | edge_mask_48    | auto   | 1       | 1, 40, 1         |
|   edge_mask_49_U                      | rom_np array  |      |      |      |        | edge_mask_49    | auto   | 1       | 1, 40, 1         |
|   edge_mask_50_U                      | rom_np array  |      |      |      |        | edge_mask_50    | auto   | 1       | 1, 40, 1         |
|   edge_mask_51_U                      | rom_np array  |      |      |      |        | edge_mask_51    | auto   | 1       | 1, 40, 1         |
|   edge_mask_52_U                      | rom_np array  |      |      |      |        | edge_mask_52    | auto   | 1       | 1, 40, 1         |
|   edge_mask_53_U                      | rom_np array  |      |      |      |        | edge_mask_53    | auto   | 1       | 1, 40, 1         |
|   edge_mask_54_U                      | rom_np array  |      |      |      |        | edge_mask_54    | auto   | 1       | 1, 40, 1         |
|   edge_mask_55_U                      | rom_np array  |      |      |      |        | edge_mask_55    | auto   | 1       | 1, 40, 1         |
|   edge_mask_56_U                      | rom_np array  |      |      |      |        | edge_mask_56    | auto   | 1       | 1, 40, 1         |
|   edge_mask_57_U                      | rom_np array  |      |      |      |        | edge_mask_57    | auto   | 1       | 1, 40, 1         |
|   edge_mask_58_U                      | rom_np array  |      |      |      |        | edge_mask_58    | auto   | 1       | 1, 40, 1         |
|   edge_mask_59_U                      | rom_np array  |      |      |      |        | edge_mask_59    | auto   | 1       | 1, 40, 1         |
|   edge_mask_60_U                      | rom_np array  |      |      |      |        | edge_mask_60    | auto   | 1       | 1, 40, 1         |
|   edge_mask_61_U                      | rom_np array  |      |      |      |        | edge_mask_61    | auto   | 1       | 1, 40, 1         |
|   edge_mask_62_U                      | rom_np array  |      |      |      |        | edge_mask_62    | auto   | 1       | 1, 40, 1         |
|   edge_mask_63_U                      | rom_np array  |      |      |      |        | edge_mask_63    | auto   | 1       | 1, 40, 1         |
|   edge_mask_64_U                      | rom_np array  |      |      |      |        | edge_mask_64    | auto   | 1       | 1, 40, 1         |
|   edge_mask_65_U                      | rom_np array  |      |      |      |        | edge_mask_65    | auto   | 1       | 1, 40, 1         |
|   edge_mask_66_U                      | rom_np array  |      |      |      |        | edge_mask_66    | auto   | 1       | 1, 40, 1         |
|   edge_mask_67_U                      | rom_np array  |      |      |      |        | edge_mask_67    | auto   | 1       | 1, 40, 1         |
|   edge_mask_68_U                      | rom_np array  |      |      |      |        | edge_mask_68    | auto   | 1       | 1, 40, 1         |
|   edge_mask_69_U                      | rom_np array  |      |      |      |        | edge_mask_69    | auto   | 1       | 1, 40, 1         |
|   edge_mask_70_U                      | rom_np array  |      |      |      |        | edge_mask_70    | auto   | 1       | 1, 40, 1         |
|   edge_mask_71_U                      | rom_np array  |      |      |      |        | edge_mask_71    | auto   | 1       | 1, 40, 1         |
|   edge_mask_72_U                      | rom_np array  |      |      |      |        | edge_mask_72    | auto   | 1       | 1, 40, 1         |
|   edge_mask_73_U                      | rom_np array  |      |      |      |        | edge_mask_73    | auto   | 1       | 1, 40, 1         |
|   edge_mask_74_U                      | rom_np array  |      |      |      |        | edge_mask_74    | auto   | 1       | 1, 40, 1         |
|   edge_mask_75_U                      | rom_np array  |      |      |      |        | edge_mask_75    | auto   | 1       | 1, 40, 1         |
|   edge_mask_76_U                      | rom_np array  |      |      |      |        | edge_mask_76    | auto   | 1       | 1, 40, 1         |
|   edge_mask_77_U                      | rom_np array  |      |      |      |        | edge_mask_77    | auto   | 1       | 1, 40, 1         |
|   edge_mask_78_U                      | rom_np array  |      |      |      |        | edge_mask_78    | auto   | 1       | 1, 40, 1         |
|   edge_mask_79_U                      | rom_np array  |      |      |      |        | edge_mask_79    | auto   | 1       | 1, 40, 1         |
|   edge_mask_80_U                      | rom_np array  |      |      |      |        | edge_mask_80    | auto   | 1       | 1, 40, 1         |
|   edge_mask_81_U                      | rom_np array  |      |      |      |        | edge_mask_81    | auto   | 1       | 1, 40, 1         |
|   edge_mask_82_U                      | rom_np array  |      |      |      |        | edge_mask_82    | auto   | 1       | 1, 40, 1         |
|   edge_mask_83_U                      | rom_np array  |      |      |      |        | edge_mask_83    | auto   | 1       | 1, 40, 1         |
|   edge_mask_84_U                      | rom_np array  |      |      |      |        | edge_mask_84    | auto   | 1       | 1, 40, 1         |
|   edge_mask_85_U                      | rom_np array  |      |      |      |        | edge_mask_85    | auto   | 1       | 1, 40, 1         |
|   edge_mask_86_U                      | rom_np array  |      |      |      |        | edge_mask_86    | auto   | 1       | 1, 40, 1         |
|   edge_mask_87_U                      | rom_np array  |      |      |      |        | edge_mask_87    | auto   | 1       | 1, 40, 1         |
|   edge_mask_88_U                      | rom_np array  |      |      |      |        | edge_mask_88    | auto   | 1       | 1, 40, 1         |
|   edge_mask_89_U                      | rom_np array  |      |      |      |        | edge_mask_89    | auto   | 1       | 1, 40, 1         |
|   edge_mask_90_U                      | rom_np array  |      |      |      |        | edge_mask_90    | auto   | 1       | 1, 40, 1         |
|   edge_mask_91_U                      | rom_np array  |      |      |      |        | edge_mask_91    | auto   | 1       | 1, 40, 1         |
|   edge_mask_92_U                      | rom_np array  |      |      |      |        | edge_mask_92    | auto   | 1       | 1, 40, 1         |
|   edge_mask_93_U                      | rom_np array  |      |      |      |        | edge_mask_93    | auto   | 1       | 1, 40, 1         |
|   edge_mask_94_U                      | rom_np array  |      |      |      |        | edge_mask_94    | auto   | 1       | 1, 40, 1         |
|   edge_mask_95_U                      | rom_np array  |      |      |      |        | edge_mask_95    | auto   | 1       | 1, 40, 1         |
|   edge_mask_96_U                      | rom_np array  |      |      |      |        | edge_mask_96    | auto   | 1       | 1, 40, 1         |
|   edge_mask_97_U                      | rom_np array  |      |      |      |        | edge_mask_97    | auto   | 1       | 1, 40, 1         |
|   edge_mask_98_U                      | rom_np array  |      |      |      |        | edge_mask_98    | auto   | 1       | 1, 40, 1         |
|   edge_mask_99_U                      | rom_np array  |      |      |      |        | edge_mask_99    | auto   | 1       | 1, 40, 1         |
|   edge_mask_100_U                     | rom_np array  |      |      |      |        | edge_mask_100   | auto   | 1       | 1, 40, 1         |
|   edge_mask_101_U                     | rom_np array  |      |      |      |        | edge_mask_101   | auto   | 1       | 1, 40, 1         |
|   edge_mask_102_U                     | rom_np array  |      |      |      |        | edge_mask_102   | auto   | 1       | 1, 40, 1         |
|   edge_mask_103_U                     | rom_np array  |      |      |      |        | edge_mask_103   | auto   | 1       | 1, 40, 1         |
|   edge_mask_104_U                     | rom_np array  |      |      |      |        | edge_mask_104   | auto   | 1       | 1, 40, 1         |
|   edge_mask_105_U                     | rom_np array  |      |      |      |        | edge_mask_105   | auto   | 1       | 1, 40, 1         |
|   edge_mask_106_U                     | rom_np array  |      |      |      |        | edge_mask_106   | auto   | 1       | 1, 40, 1         |
|   edge_mask_107_U                     | rom_np array  |      |      |      |        | edge_mask_107   | auto   | 1       | 1, 40, 1         |
|   edge_mask_108_U                     | rom_np array  |      |      |      |        | edge_mask_108   | auto   | 1       | 1, 40, 1         |
|   edge_mask_109_U                     | rom_np array  |      |      |      |        | edge_mask_109   | auto   | 1       | 1, 40, 1         |
|   edge_mask_110_U                     | rom_np array  |      |      |      |        | edge_mask_110   | auto   | 1       | 1, 40, 1         |
|   edge_mask_111_U                     | rom_np array  |      |      |      |        | edge_mask_111   | auto   | 1       | 1, 40, 1         |
|   edge_mask_112_U                     | rom_np array  |      |      |      |        | edge_mask_112   | auto   | 1       | 1, 40, 1         |
|   edge_mask_113_U                     | rom_np array  |      |      |      |        | edge_mask_113   | auto   | 1       | 1, 40, 1         |
|   edge_mask_114_U                     | rom_np array  |      |      |      |        | edge_mask_114   | auto   | 1       | 1, 40, 1         |
|   edge_mask_115_U                     | rom_np array  |      |      |      |        | edge_mask_115   | auto   | 1       | 1, 40, 1         |
|   edge_mask_116_U                     | rom_np array  |      |      |      |        | edge_mask_116   | auto   | 1       | 1, 40, 1         |
|   edge_mask_117_U                     | rom_np array  |      |      |      |        | edge_mask_117   | auto   | 1       | 1, 40, 1         |
|   edge_mask_118_U                     | rom_np array  |      |      |      |        | edge_mask_118   | auto   | 1       | 1, 40, 1         |
|   edge_mask_119_U                     | rom_np array  |      |      |      |        | edge_mask_119   | auto   | 1       | 1, 40, 1         |
|   edge_mask_120_U                     | rom_np array  |      |      |      |        | edge_mask_120   | auto   | 1       | 1, 40, 1         |
|   edge_mask_121_U                     | rom_np array  |      |      |      |        | edge_mask_121   | auto   | 1       | 1, 40, 1         |
|   edge_mask_122_U                     | rom_np array  |      |      |      |        | edge_mask_122   | auto   | 1       | 1, 40, 1         |
|   edge_mask_123_U                     | rom_np array  |      |      |      |        | edge_mask_123   | auto   | 1       | 1, 40, 1         |
|   edge_mask_124_U                     | rom_np array  |      |      |      |        | edge_mask_124   | auto   | 1       | 1, 40, 1         |
|   edge_mask_125_U                     | rom_np array  |      |      |      |        | edge_mask_125   | auto   | 1       | 1, 40, 1         |
|   edge_mask_126_U                     | rom_np array  |      |      |      |        | edge_mask_126   | auto   | 1       | 1, 40, 1         |
|   edge_mask_127_U                     | rom_np array  |      |      |      |        | edge_mask_127   | auto   | 1       | 1, 40, 1         |
|   edge_mask_128_U                     | rom_np array  |      |      |      |        | edge_mask_128   | auto   | 1       | 1, 40, 1         |
|   edge_mask_129_U                     | rom_np array  |      |      |      |        | edge_mask_129   | auto   | 1       | 1, 40, 1         |
|   edge_mask_130_U                     | rom_np array  |      |      |      |        | edge_mask_130   | auto   | 1       | 1, 40, 1         |
|   edge_mask_131_U                     | rom_np array  |      |      |      |        | edge_mask_131   | auto   | 1       | 1, 40, 1         |
|   edge_mask_132_U                     | rom_np array  |      |      |      |        | edge_mask_132   | auto   | 1       | 1, 40, 1         |
|   edge_mask_133_U                     | rom_np array  |      |      |      |        | edge_mask_133   | auto   | 1       | 1, 40, 1         |
|   edge_mask_134_U                     | rom_np array  |      |      |      |        | edge_mask_134   | auto   | 1       | 1, 40, 1         |
|   edge_mask_135_U                     | rom_np array  |      |      |      |        | edge_mask_135   | auto   | 1       | 1, 40, 1         |
|   edge_mask_136_U                     | rom_np array  |      |      |      |        | edge_mask_136   | auto   | 1       | 1, 40, 1         |
|   edge_mask_137_U                     | rom_np array  |      |      |      |        | edge_mask_137   | auto   | 1       | 1, 40, 1         |
|   edge_mask_138_U                     | rom_np array  |      |      |      |        | edge_mask_138   | auto   | 1       | 1, 40, 1         |
|   edge_mask_139_U                     | rom_np array  |      |      |      |        | edge_mask_139   | auto   | 1       | 1, 40, 1         |
|   edge_mask_140_U                     | rom_np array  |      |      |      |        | edge_mask_140   | auto   | 1       | 1, 40, 1         |
|   edge_mask_141_U                     | rom_np array  |      |      |      |        | edge_mask_141   | auto   | 1       | 1, 40, 1         |
|   edge_mask_142_U                     | rom_np array  |      |      |      |        | edge_mask_142   | auto   | 1       | 1, 40, 1         |
|   edge_mask_143_U                     | rom_np array  |      |      |      |        | edge_mask_143   | auto   | 1       | 1, 40, 1         |
|   edge_mask_144_U                     | rom_np array  |      |      |      |        | edge_mask_144   | auto   | 1       | 1, 40, 1         |
|   edge_mask_145_U                     | rom_np array  |      |      |      |        | edge_mask_145   | auto   | 1       | 1, 40, 1         |
|   edge_mask_146_U                     | rom_np array  |      |      |      |        | edge_mask_146   | auto   | 1       | 1, 40, 1         |
|   edge_mask_147_U                     | rom_np array  |      |      |      |        | edge_mask_147   | auto   | 1       | 1, 40, 1         |
|   edge_mask_148_U                     | rom_np array  |      |      |      |        | edge_mask_148   | auto   | 1       | 1, 40, 1         |
|   edge_mask_149_U                     | rom_np array  |      |      |      |        | edge_mask_149   | auto   | 1       | 1, 40, 1         |
|   edge_mask_150_U                     | rom_np array  |      |      |      |        | edge_mask_150   | auto   | 1       | 1, 40, 1         |
|   edge_mask_151_U                     | rom_np array  |      |      |      |        | edge_mask_151   | auto   | 1       | 1, 40, 1         |
|   edge_mask_152_U                     | rom_np array  |      |      |      |        | edge_mask_152   | auto   | 1       | 1, 40, 1         |
|   edge_mask_153_U                     | rom_np array  |      |      |      |        | edge_mask_153   | auto   | 1       | 1, 40, 1         |
|   edge_mask_154_U                     | rom_np array  |      |      |      |        | edge_mask_154   | auto   | 1       | 1, 40, 1         |
|   edge_mask_155_U                     | rom_np array  |      |      |      |        | edge_mask_155   | auto   | 1       | 1, 40, 1         |
|   edge_mask_156_U                     | rom_np array  |      |      |      |        | edge_mask_156   | auto   | 1       | 1, 40, 1         |
|   edge_mask_157_U                     | rom_np array  |      |      |      |        | edge_mask_157   | auto   | 1       | 1, 40, 1         |
|   edge_mask_158_U                     | rom_np array  |      |      |      |        | edge_mask_158   | auto   | 1       | 1, 40, 1         |
|   edge_mask_159_U                     | rom_np array  |      |      |      |        | edge_mask_159   | auto   | 1       | 1, 40, 1         |
|   edge_mask_160_U                     | rom_np array  |      |      |      |        | edge_mask_160   | auto   | 1       | 1, 40, 1         |
|   edge_mask_161_U                     | rom_np array  |      |      |      |        | edge_mask_161   | auto   | 1       | 1, 40, 1         |
|   edge_mask_162_U                     | rom_np array  |      |      |      |        | edge_mask_162   | auto   | 1       | 1, 40, 1         |
|   edge_mask_163_U                     | rom_np array  |      |      |      |        | edge_mask_163   | auto   | 1       | 1, 40, 1         |
|   edge_mask_164_U                     | rom_np array  |      |      |      |        | edge_mask_164   | auto   | 1       | 1, 40, 1         |
|   edge_mask_165_U                     | rom_np array  |      |      |      |        | edge_mask_165   | auto   | 1       | 1, 40, 1         |
|   edge_mask_166_U                     | rom_np array  |      |      |      |        | edge_mask_166   | auto   | 1       | 1, 40, 1         |
|   edge_mask_167_U                     | rom_np array  |      |      |      |        | edge_mask_167   | auto   | 1       | 1, 40, 1         |
|   edge_mask_168_U                     | rom_np array  |      |      |      |        | edge_mask_168   | auto   | 1       | 1, 40, 1         |
|   edge_mask_169_U                     | rom_np array  |      |      |      |        | edge_mask_169   | auto   | 1       | 1, 40, 1         |
|   edge_mask_170_U                     | rom_np array  |      |      |      |        | edge_mask_170   | auto   | 1       | 1, 40, 1         |
|   edge_mask_171_U                     | rom_np array  |      |      |      |        | edge_mask_171   | auto   | 1       | 1, 40, 1         |
|   edge_mask_172_U                     | rom_np array  |      |      |      |        | edge_mask_172   | auto   | 1       | 1, 40, 1         |
|   edge_mask_173_U                     | rom_np array  |      |      |      |        | edge_mask_173   | auto   | 1       | 1, 40, 1         |
|   edge_mask_174_U                     | rom_np array  |      |      |      |        | edge_mask_174   | auto   | 1       | 1, 40, 1         |
|   edge_mask_175_U                     | rom_np array  |      |      |      |        | edge_mask_175   | auto   | 1       | 1, 40, 1         |
|   edge_mask_176_U                     | rom_np array  |      |      |      |        | edge_mask_176   | auto   | 1       | 1, 40, 1         |
|   edge_mask_177_U                     | rom_np array  |      |      |      |        | edge_mask_177   | auto   | 1       | 1, 40, 1         |
|   edge_mask_178_U                     | rom_np array  |      |      |      |        | edge_mask_178   | auto   | 1       | 1, 40, 1         |
|   edge_mask_179_U                     | rom_np array  |      |      |      |        | edge_mask_179   | auto   | 1       | 1, 40, 1         |
|   comp_r_U                            | ram_1p array  |      |      |      |        | comp_r          | auto   | 1       | 10, 40, 1        |
|   comp_r_1_U                          | ram_1p array  |      |      |      |        | comp_r_1        | auto   | 1       | 10, 40, 1        |
|   comp_r_2_U                          | ram_1p array  |      |      |      |        | comp_r_2        | auto   | 1       | 10, 40, 1        |
|   comp_r_3_U                          | ram_1p array  |      |      |      |        | comp_r_3        | auto   | 1       | 10, 40, 1        |
|   comp_r_4_U                          | ram_1p array  |      |      |      |        | comp_r_4        | auto   | 1       | 10, 40, 1        |
|   comp_r_5_U                          | ram_1p array  |      |      |      |        | comp_r_5        | auto   | 1       | 10, 40, 1        |
|   comp_r_6_U                          | ram_1p array  |      |      |      |        | comp_r_6        | auto   | 1       | 10, 40, 1        |
|   comp_r_7_U                          | ram_1p array  |      |      |      |        | comp_r_7        | auto   | 1       | 10, 40, 1        |
|   comp_r_8_U                          | ram_1p array  |      |      |      |        | comp_r_8        | auto   | 1       | 10, 40, 1        |
|   comp_r_9_U                          | ram_1p array  |      |      |      |        | comp_r_9        | auto   | 1       | 10, 40, 1        |
|   comp_r_10_U                         | ram_1p array  |      |      |      |        | comp_r_10       | auto   | 1       | 10, 40, 1        |
|   comp_r_11_U                         | ram_1p array  |      |      |      |        | comp_r_11       | auto   | 1       | 10, 40, 1        |
|   comp_r_12_U                         | ram_1p array  |      |      |      |        | comp_r_12       | auto   | 1       | 10, 40, 1        |
|   comp_r_13_U                         | ram_1p array  |      |      |      |        | comp_r_13       | auto   | 1       | 10, 40, 1        |
|   comp_r_14_U                         | ram_1p array  |      |      |      |        | comp_r_14       | auto   | 1       | 10, 40, 1        |
|   co_val_U                            | ram_2p array  |      |      |      | yes    | co_val          | lutram | 1       | 10, 40, 1        |
|   co_val_1_U                          | ram_2p array  |      |      |      | yes    | co_val_1        | lutram | 1       | 10, 40, 1        |
|   co_val_2_U                          | ram_2p array  |      |      |      | yes    | co_val_2        | lutram | 1       | 10, 40, 1        |
|   co_val_3_U                          | ram_2p array  |      |      |      | yes    | co_val_3        | lutram | 1       | 10, 40, 1        |
|   co_val_4_U                          | ram_2p array  |      |      |      | yes    | co_val_4        | lutram | 1       | 10, 40, 1        |
|   co_val_5_U                          | ram_2p array  |      |      |      | yes    | co_val_5        | lutram | 1       | 10, 40, 1        |
|   co_val_6_U                          | ram_2p array  |      |      |      | yes    | co_val_6        | lutram | 1       | 10, 40, 1        |
|   co_val_7_U                          | ram_2p array  |      |      |      | yes    | co_val_7        | lutram | 1       | 10, 40, 1        |
|   co_val_8_U                          | ram_2p array  |      |      |      | yes    | co_val_8        | lutram | 1       | 10, 40, 1        |
|   co_val_9_U                          | ram_2p array  |      |      |      | yes    | co_val_9        | lutram | 1       | 10, 40, 1        |
|   co_val_10_U                         | ram_2p array  |      |      |      | yes    | co_val_10       | lutram | 1       | 10, 40, 1        |
|   co_val_11_U                         | ram_2p array  |      |      |      | yes    | co_val_11       | lutram | 1       | 10, 40, 1        |
|   co_val_12_U                         | ram_2p array  |      |      |      | yes    | co_val_12       | lutram | 1       | 10, 40, 1        |
|   co_val_13_U                         | ram_2p array  |      |      |      | yes    | co_val_13       | lutram | 1       | 10, 40, 1        |
|   co_val_14_U                         | ram_2p array  |      |      |      | yes    | co_val_14       | lutram | 1       | 10, 40, 1        |
|   co_val_15_U                         | ram_2p array  |      |      |      | yes    | co_val_15       | lutram | 1       | 10, 40, 1        |
|   co_val_16_U                         | ram_2p array  |      |      |      | yes    | co_val_16       | lutram | 1       | 10, 40, 1        |
|   co_val_17_U                         | ram_2p array  |      |      |      | yes    | co_val_17       | lutram | 1       | 10, 40, 1        |
|   co_val_18_U                         | ram_2p array  |      |      |      | yes    | co_val_18       | lutram | 1       | 10, 40, 1        |
|   co_val_19_U                         | ram_2p array  |      |      |      | yes    | co_val_19       | lutram | 1       | 10, 40, 1        |
|   co_val_20_U                         | ram_2p array  |      |      |      | yes    | co_val_20       | lutram | 1       | 10, 40, 1        |
|   co_val_21_U                         | ram_2p array  |      |      |      | yes    | co_val_21       | lutram | 1       | 10, 40, 1        |
|   co_val_22_U                         | ram_2p array  |      |      |      | yes    | co_val_22       | lutram | 1       | 10, 40, 1        |
|   co_val_23_U                         | ram_2p array  |      |      |      | yes    | co_val_23       | lutram | 1       | 10, 40, 1        |
|   co_val_24_U                         | ram_2p array  |      |      |      | yes    | co_val_24       | lutram | 1       | 10, 40, 1        |
|   co_val_25_U                         | ram_2p array  |      |      |      | yes    | co_val_25       | lutram | 1       | 10, 40, 1        |
|   co_val_26_U                         | ram_2p array  |      |      |      | yes    | co_val_26       | lutram | 1       | 10, 40, 1        |
|   co_val_27_U                         | ram_2p array  |      |      |      | yes    | co_val_27       | lutram | 1       | 10, 40, 1        |
|   co_val_28_U                         | ram_2p array  |      |      |      | yes    | co_val_28       | lutram | 1       | 10, 40, 1        |
|   co_val_29_U                         | ram_2p array  |      |      |      | yes    | co_val_29       | lutram | 1       | 10, 40, 1        |
|   co_val_30_U                         | ram_2p array  |      |      |      | yes    | co_val_30       | lutram | 1       | 10, 40, 1        |
|   co_val_31_U                         | ram_2p array  |      |      |      | yes    | co_val_31       | lutram | 1       | 10, 40, 1        |
|   co_val_32_U                         | ram_2p array  |      |      |      | yes    | co_val_32       | lutram | 1       | 10, 40, 1        |
|   co_val_33_U                         | ram_2p array  |      |      |      | yes    | co_val_33       | lutram | 1       | 10, 40, 1        |
|   co_val_34_U                         | ram_2p array  |      |      |      | yes    | co_val_34       | lutram | 1       | 10, 40, 1        |
|   co_val_35_U                         | ram_2p array  |      |      |      | yes    | co_val_35       | lutram | 1       | 10, 40, 1        |
|   co_val_36_U                         | ram_2p array  |      |      |      | yes    | co_val_36       | lutram | 1       | 10, 40, 1        |
|   co_val_37_U                         | ram_2p array  |      |      |      | yes    | co_val_37       | lutram | 1       | 10, 40, 1        |
|   co_val_38_U                         | ram_2p array  |      |      |      | yes    | co_val_38       | lutram | 1       | 10, 40, 1        |
|   co_val_39_U                         | ram_2p array  |      |      |      | yes    | co_val_39       | lutram | 1       | 10, 40, 1        |
|   co_val_40_U                         | ram_2p array  |      |      |      | yes    | co_val_40       | lutram | 1       | 10, 40, 1        |
|   co_val_41_U                         | ram_2p array  |      |      |      | yes    | co_val_41       | lutram | 1       | 10, 40, 1        |
|   co_val_42_U                         | ram_2p array  |      |      |      | yes    | co_val_42       | lutram | 1       | 10, 40, 1        |
|   co_val_43_U                         | ram_2p array  |      |      |      | yes    | co_val_43       | lutram | 1       | 10, 40, 1        |
|   co_val_44_U                         | ram_2p array  |      |      |      | yes    | co_val_44       | lutram | 1       | 10, 40, 1        |
|   co_val_45_U                         | ram_2p array  |      |      |      | yes    | co_val_45       | lutram | 1       | 10, 40, 1        |
|   co_val_46_U                         | ram_2p array  |      |      |      | yes    | co_val_46       | lutram | 1       | 10, 40, 1        |
|   co_val_47_U                         | ram_2p array  |      |      |      | yes    | co_val_47       | lutram | 1       | 10, 40, 1        |
|   co_val_48_U                         | ram_2p array  |      |      |      | yes    | co_val_48       | lutram | 1       | 10, 40, 1        |
|   co_val_49_U                         | ram_2p array  |      |      |      | yes    | co_val_49       | lutram | 1       | 10, 40, 1        |
|   co_val_50_U                         | ram_2p array  |      |      |      | yes    | co_val_50       | lutram | 1       | 10, 40, 1        |
|   co_val_51_U                         | ram_2p array  |      |      |      | yes    | co_val_51       | lutram | 1       | 10, 40, 1        |
|   co_val_52_U                         | ram_2p array  |      |      |      | yes    | co_val_52       | lutram | 1       | 10, 40, 1        |
|   co_val_53_U                         | ram_2p array  |      |      |      | yes    | co_val_53       | lutram | 1       | 10, 40, 1        |
|   co_val_54_U                         | ram_2p array  |      |      |      | yes    | co_val_54       | lutram | 1       | 10, 40, 1        |
|   co_val_55_U                         | ram_2p array  |      |      |      | yes    | co_val_55       | lutram | 1       | 10, 40, 1        |
|   co_val_56_U                         | ram_2p array  |      |      |      | yes    | co_val_56       | lutram | 1       | 10, 40, 1        |
|   co_val_57_U                         | ram_2p array  |      |      |      | yes    | co_val_57       | lutram | 1       | 10, 40, 1        |
|   co_val_58_U                         | ram_2p array  |      |      |      | yes    | co_val_58       | lutram | 1       | 10, 40, 1        |
|   co_val_59_U                         | ram_2p array  |      |      |      | yes    | co_val_59       | lutram | 1       | 10, 40, 1        |
|   co_val_60_U                         | ram_2p array  |      |      |      | yes    | co_val_60       | lutram | 1       | 10, 40, 1        |
|   co_val_61_U                         | ram_2p array  |      |      |      | yes    | co_val_61       | lutram | 1       | 10, 40, 1        |
|   co_val_62_U                         | ram_2p array  |      |      |      | yes    | co_val_62       | lutram | 1       | 10, 40, 1        |
|   co_val_63_U                         | ram_2p array  |      |      |      | yes    | co_val_63       | lutram | 1       | 10, 40, 1        |
|   co_val_64_U                         | ram_2p array  |      |      |      | yes    | co_val_64       | lutram | 1       | 10, 40, 1        |
|   co_val_65_U                         | ram_2p array  |      |      |      | yes    | co_val_65       | lutram | 1       | 10, 40, 1        |
|   co_val_66_U                         | ram_2p array  |      |      |      | yes    | co_val_66       | lutram | 1       | 10, 40, 1        |
|   co_val_67_U                         | ram_2p array  |      |      |      | yes    | co_val_67       | lutram | 1       | 10, 40, 1        |
|   co_val_68_U                         | ram_2p array  |      |      |      | yes    | co_val_68       | lutram | 1       | 10, 40, 1        |
|   co_val_69_U                         | ram_2p array  |      |      |      | yes    | co_val_69       | lutram | 1       | 10, 40, 1        |
|   co_val_70_U                         | ram_2p array  |      |      |      | yes    | co_val_70       | lutram | 1       | 10, 40, 1        |
|   co_val_71_U                         | ram_2p array  |      |      |      | yes    | co_val_71       | lutram | 1       | 10, 40, 1        |
|   co_val_72_U                         | ram_2p array  |      |      |      | yes    | co_val_72       | lutram | 1       | 10, 40, 1        |
|   co_val_73_U                         | ram_2p array  |      |      |      | yes    | co_val_73       | lutram | 1       | 10, 40, 1        |
|   co_val_74_U                         | ram_2p array  |      |      |      | yes    | co_val_74       | lutram | 1       | 10, 40, 1        |
|   co_val_75_U                         | ram_2p array  |      |      |      | yes    | co_val_75       | lutram | 1       | 10, 40, 1        |
|   co_val_76_U                         | ram_2p array  |      |      |      | yes    | co_val_76       | lutram | 1       | 10, 40, 1        |
|   co_val_77_U                         | ram_2p array  |      |      |      | yes    | co_val_77       | lutram | 1       | 10, 40, 1        |
|   co_val_78_U                         | ram_2p array  |      |      |      | yes    | co_val_78       | lutram | 1       | 10, 40, 1        |
|   co_val_79_U                         | ram_2p array  |      |      |      | yes    | co_val_79       | lutram | 1       | 10, 40, 1        |
|   co_val_80_U                         | ram_2p array  |      |      |      | yes    | co_val_80       | lutram | 1       | 10, 40, 1        |
|   co_val_81_U                         | ram_2p array  |      |      |      | yes    | co_val_81       | lutram | 1       | 10, 40, 1        |
|   co_val_82_U                         | ram_2p array  |      |      |      | yes    | co_val_82       | lutram | 1       | 10, 40, 1        |
|   co_val_83_U                         | ram_2p array  |      |      |      | yes    | co_val_83       | lutram | 1       | 10, 40, 1        |
|   co_val_84_U                         | ram_2p array  |      |      |      | yes    | co_val_84       | lutram | 1       | 10, 40, 1        |
|   co_val_85_U                         | ram_2p array  |      |      |      | yes    | co_val_85       | lutram | 1       | 10, 40, 1        |
|   co_val_86_U                         | ram_2p array  |      |      |      | yes    | co_val_86       | lutram | 1       | 10, 40, 1        |
|   co_val_87_U                         | ram_2p array  |      |      |      | yes    | co_val_87       | lutram | 1       | 10, 40, 1        |
|   co_val_88_U                         | ram_2p array  |      |      |      | yes    | co_val_88       | lutram | 1       | 10, 40, 1        |
|   co_val_89_U                         | ram_2p array  |      |      |      | yes    | co_val_89       | lutram | 1       | 10, 40, 1        |
|   co_val_90_U                         | ram_2p array  |      |      |      | yes    | co_val_90       | lutram | 1       | 10, 40, 1        |
|   co_val_91_U                         | ram_2p array  |      |      |      | yes    | co_val_91       | lutram | 1       | 10, 40, 1        |
|   co_val_92_U                         | ram_2p array  |      |      |      | yes    | co_val_92       | lutram | 1       | 10, 40, 1        |
|   co_val_93_U                         | ram_2p array  |      |      |      | yes    | co_val_93       | lutram | 1       | 10, 40, 1        |
|   co_val_94_U                         | ram_2p array  |      |      |      | yes    | co_val_94       | lutram | 1       | 10, 40, 1        |
|   co_val_95_U                         | ram_2p array  |      |      |      | yes    | co_val_95       | lutram | 1       | 10, 40, 1        |
|   co_val_96_U                         | ram_2p array  |      |      |      | yes    | co_val_96       | lutram | 1       | 10, 40, 1        |
|   co_val_97_U                         | ram_2p array  |      |      |      | yes    | co_val_97       | lutram | 1       | 10, 40, 1        |
|   co_val_98_U                         | ram_2p array  |      |      |      | yes    | co_val_98       | lutram | 1       | 10, 40, 1        |
|   co_val_99_U                         | ram_2p array  |      |      |      | yes    | co_val_99       | lutram | 1       | 10, 40, 1        |
|   co_val_100_U                        | ram_2p array  |      |      |      | yes    | co_val_100      | lutram | 1       | 10, 40, 1        |
|   co_val_101_U                        | ram_2p array  |      |      |      | yes    | co_val_101      | lutram | 1       | 10, 40, 1        |
|   co_val_102_U                        | ram_2p array  |      |      |      | yes    | co_val_102      | lutram | 1       | 10, 40, 1        |
|   co_val_103_U                        | ram_2p array  |      |      |      | yes    | co_val_103      | lutram | 1       | 10, 40, 1        |
|   co_val_104_U                        | ram_2p array  |      |      |      | yes    | co_val_104      | lutram | 1       | 10, 40, 1        |
|   co_val_105_U                        | ram_2p array  |      |      |      | yes    | co_val_105      | lutram | 1       | 10, 40, 1        |
|   co_val_106_U                        | ram_2p array  |      |      |      | yes    | co_val_106      | lutram | 1       | 10, 40, 1        |
|   co_val_107_U                        | ram_2p array  |      |      |      | yes    | co_val_107      | lutram | 1       | 10, 40, 1        |
|   co_val_108_U                        | ram_2p array  |      |      |      | yes    | co_val_108      | lutram | 1       | 10, 40, 1        |
|   co_val_109_U                        | ram_2p array  |      |      |      | yes    | co_val_109      | lutram | 1       | 10, 40, 1        |
|   co_val_110_U                        | ram_2p array  |      |      |      | yes    | co_val_110      | lutram | 1       | 10, 40, 1        |
|   co_val_111_U                        | ram_2p array  |      |      |      | yes    | co_val_111      | lutram | 1       | 10, 40, 1        |
|   co_val_112_U                        | ram_2p array  |      |      |      | yes    | co_val_112      | lutram | 1       | 10, 40, 1        |
|   co_val_113_U                        | ram_2p array  |      |      |      | yes    | co_val_113      | lutram | 1       | 10, 40, 1        |
|   co_val_114_U                        | ram_2p array  |      |      |      | yes    | co_val_114      | lutram | 1       | 10, 40, 1        |
|   co_val_115_U                        | ram_2p array  |      |      |      | yes    | co_val_115      | lutram | 1       | 10, 40, 1        |
|   co_val_116_U                        | ram_2p array  |      |      |      | yes    | co_val_116      | lutram | 1       | 10, 40, 1        |
|   co_val_117_U                        | ram_2p array  |      |      |      | yes    | co_val_117      | lutram | 1       | 10, 40, 1        |
|   co_val_118_U                        | ram_2p array  |      |      |      | yes    | co_val_118      | lutram | 1       | 10, 40, 1        |
|   co_val_119_U                        | ram_2p array  |      |      |      | yes    | co_val_119      | lutram | 1       | 10, 40, 1        |
|   co_val_120_U                        | ram_2p array  |      |      |      | yes    | co_val_120      | lutram | 1       | 10, 40, 1        |
|   co_val_121_U                        | ram_2p array  |      |      |      | yes    | co_val_121      | lutram | 1       | 10, 40, 1        |
|   co_val_122_U                        | ram_2p array  |      |      |      | yes    | co_val_122      | lutram | 1       | 10, 40, 1        |
|   co_val_123_U                        | ram_2p array  |      |      |      | yes    | co_val_123      | lutram | 1       | 10, 40, 1        |
|   co_val_124_U                        | ram_2p array  |      |      |      | yes    | co_val_124      | lutram | 1       | 10, 40, 1        |
|   co_val_125_U                        | ram_2p array  |      |      |      | yes    | co_val_125      | lutram | 1       | 10, 40, 1        |
|   co_val_126_U                        | ram_2p array  |      |      |      | yes    | co_val_126      | lutram | 1       | 10, 40, 1        |
|   co_val_127_U                        | ram_2p array  |      |      |      | yes    | co_val_127      | lutram | 1       | 10, 40, 1        |
|   co_val_128_U                        | ram_2p array  |      |      |      | yes    | co_val_128      | lutram | 1       | 10, 40, 1        |
|   co_val_129_U                        | ram_2p array  |      |      |      | yes    | co_val_129      | lutram | 1       | 10, 40, 1        |
|   co_val_130_U                        | ram_2p array  |      |      |      | yes    | co_val_130      | lutram | 1       | 10, 40, 1        |
|   co_val_131_U                        | ram_2p array  |      |      |      | yes    | co_val_131      | lutram | 1       | 10, 40, 1        |
|   co_val_132_U                        | ram_2p array  |      |      |      | yes    | co_val_132      | lutram | 1       | 10, 40, 1        |
|   co_val_133_U                        | ram_2p array  |      |      |      | yes    | co_val_133      | lutram | 1       | 10, 40, 1        |
|   co_val_134_U                        | ram_2p array  |      |      |      | yes    | co_val_134      | lutram | 1       | 10, 40, 1        |
|   co_val_135_U                        | ram_2p array  |      |      |      | yes    | co_val_135      | lutram | 1       | 10, 40, 1        |
|   co_val_136_U                        | ram_2p array  |      |      |      | yes    | co_val_136      | lutram | 1       | 10, 40, 1        |
|   co_val_137_U                        | ram_2p array  |      |      |      | yes    | co_val_137      | lutram | 1       | 10, 40, 1        |
|   co_val_138_U                        | ram_2p array  |      |      |      | yes    | co_val_138      | lutram | 1       | 10, 40, 1        |
|   co_val_139_U                        | ram_2p array  |      |      |      | yes    | co_val_139      | lutram | 1       | 10, 40, 1        |
|   co_val_140_U                        | ram_2p array  |      |      |      | yes    | co_val_140      | lutram | 1       | 10, 40, 1        |
|   co_val_141_U                        | ram_2p array  |      |      |      | yes    | co_val_141      | lutram | 1       | 10, 40, 1        |
|   co_val_142_U                        | ram_2p array  |      |      |      | yes    | co_val_142      | lutram | 1       | 10, 40, 1        |
|   co_val_143_U                        | ram_2p array  |      |      |      | yes    | co_val_143      | lutram | 1       | 10, 40, 1        |
|   co_val_144_U                        | ram_2p array  |      |      |      | yes    | co_val_144      | lutram | 1       | 10, 40, 1        |
|   co_val_145_U                        | ram_2p array  |      |      |      | yes    | co_val_145      | lutram | 1       | 10, 40, 1        |
|   co_val_146_U                        | ram_2p array  |      |      |      | yes    | co_val_146      | lutram | 1       | 10, 40, 1        |
|   co_val_147_U                        | ram_2p array  |      |      |      | yes    | co_val_147      | lutram | 1       | 10, 40, 1        |
|   co_val_148_U                        | ram_2p array  |      |      |      | yes    | co_val_148      | lutram | 1       | 10, 40, 1        |
|   co_val_149_U                        | ram_2p array  |      |      |      | yes    | co_val_149      | lutram | 1       | 10, 40, 1        |
|   co_val_150_U                        | ram_2p array  |      |      |      | yes    | co_val_150      | lutram | 1       | 10, 40, 1        |
|   co_val_151_U                        | ram_2p array  |      |      |      | yes    | co_val_151      | lutram | 1       | 10, 40, 1        |
|   co_val_152_U                        | ram_2p array  |      |      |      | yes    | co_val_152      | lutram | 1       | 10, 40, 1        |
|   co_val_153_U                        | ram_2p array  |      |      |      | yes    | co_val_153      | lutram | 1       | 10, 40, 1        |
|   co_val_154_U                        | ram_2p array  |      |      |      | yes    | co_val_154      | lutram | 1       | 10, 40, 1        |
|   co_val_155_U                        | ram_2p array  |      |      |      | yes    | co_val_155      | lutram | 1       | 10, 40, 1        |
|   co_val_156_U                        | ram_2p array  |      |      |      | yes    | co_val_156      | lutram | 1       | 10, 40, 1        |
|   co_val_157_U                        | ram_2p array  |      |      |      | yes    | co_val_157      | lutram | 1       | 10, 40, 1        |
|   co_val_158_U                        | ram_2p array  |      |      |      | yes    | co_val_158      | lutram | 1       | 10, 40, 1        |
|   co_val_159_U                        | ram_2p array  |      |      |      | yes    | co_val_159      | lutram | 1       | 10, 40, 1        |
|   co_val_160_U                        | ram_2p array  |      |      |      | yes    | co_val_160      | lutram | 1       | 10, 40, 1        |
|   co_val_161_U                        | ram_2p array  |      |      |      | yes    | co_val_161      | lutram | 1       | 10, 40, 1        |
|   co_val_162_U                        | ram_2p array  |      |      |      | yes    | co_val_162      | lutram | 1       | 10, 40, 1        |
|   co_val_163_U                        | ram_2p array  |      |      |      | yes    | co_val_163      | lutram | 1       | 10, 40, 1        |
|   co_val_164_U                        | ram_2p array  |      |      |      | yes    | co_val_164      | lutram | 1       | 10, 40, 1        |
|   co_val_165_U                        | ram_2p array  |      |      |      | yes    | co_val_165      | lutram | 1       | 10, 40, 1        |
|   co_val_166_U                        | ram_2p array  |      |      |      | yes    | co_val_166      | lutram | 1       | 10, 40, 1        |
|   co_val_167_U                        | ram_2p array  |      |      |      | yes    | co_val_167      | lutram | 1       | 10, 40, 1        |
|   co_val_168_U                        | ram_2p array  |      |      |      | yes    | co_val_168      | lutram | 1       | 10, 40, 1        |
|   co_val_169_U                        | ram_2p array  |      |      |      | yes    | co_val_169      | lutram | 1       | 10, 40, 1        |
|   co_val_170_U                        | ram_2p array  |      |      |      | yes    | co_val_170      | lutram | 1       | 10, 40, 1        |
|   co_val_171_U                        | ram_2p array  |      |      |      | yes    | co_val_171      | lutram | 1       | 10, 40, 1        |
|   co_val_172_U                        | ram_2p array  |      |      |      | yes    | co_val_172      | lutram | 1       | 10, 40, 1        |
|   co_val_173_U                        | ram_2p array  |      |      |      | yes    | co_val_173      | lutram | 1       | 10, 40, 1        |
|   co_val_174_U                        | ram_2p array  |      |      |      | yes    | co_val_174      | lutram | 1       | 10, 40, 1        |
|   co_val_175_U                        | ram_2p array  |      |      |      | yes    | co_val_175      | lutram | 1       | 10, 40, 1        |
|   co_val_176_U                        | ram_2p array  |      |      |      | yes    | co_val_176      | lutram | 1       | 10, 40, 1        |
|   co_val_177_U                        | ram_2p array  |      |      |      | yes    | co_val_177      | lutram | 1       | 10, 40, 1        |
|   co_val_178_U                        | ram_2p array  |      |      |      | yes    | co_val_178      | lutram | 1       | 10, 40, 1        |
|   co_val_179_U                        | ram_2p array  |      |      |      | yes    | co_val_179      | lutram | 1       | 10, 40, 1        |
|   co_val_180_U                        | ram_2p array  |      |      |      | yes    | co_val_180      | lutram | 1       | 10, 40, 1        |
|   co_val_181_U                        | ram_2p array  |      |      |      | yes    | co_val_181      | lutram | 1       | 10, 40, 1        |
|   co_val_182_U                        | ram_2p array  |      |      |      | yes    | co_val_182      | lutram | 1       | 10, 40, 1        |
|   co_val_183_U                        | ram_2p array  |      |      |      | yes    | co_val_183      | lutram | 1       | 10, 40, 1        |
|   co_val_184_U                        | ram_2p array  |      |      |      | yes    | co_val_184      | lutram | 1       | 10, 40, 1        |
|   co_val_185_U                        | ram_2p array  |      |      |      | yes    | co_val_185      | lutram | 1       | 10, 40, 1        |
|   co_val_186_U                        | ram_2p array  |      |      |      | yes    | co_val_186      | lutram | 1       | 10, 40, 1        |
|   co_val_187_U                        | ram_2p array  |      |      |      | yes    | co_val_187      | lutram | 1       | 10, 40, 1        |
|   co_val_188_U                        | ram_2p array  |      |      |      | yes    | co_val_188      | lutram | 1       | 10, 40, 1        |
|   co_val_189_U                        | ram_2p array  |      |      |      | yes    | co_val_189      | lutram | 1       | 10, 40, 1        |
|   co_val_190_U                        | ram_2p array  |      |      |      | yes    | co_val_190      | lutram | 1       | 10, 40, 1        |
|   co_val_191_U                        | ram_2p array  |      |      |      | yes    | co_val_191      | lutram | 1       | 10, 40, 1        |
|   co_val_192_U                        | ram_2p array  |      |      |      | yes    | co_val_192      | lutram | 1       | 10, 40, 1        |
|   co_val_193_U                        | ram_2p array  |      |      |      | yes    | co_val_193      | lutram | 1       | 10, 40, 1        |
|   co_val_194_U                        | ram_2p array  |      |      |      | yes    | co_val_194      | lutram | 1       | 10, 40, 1        |
|   co_val_195_U                        | ram_2p array  |      |      |      | yes    | co_val_195      | lutram | 1       | 10, 40, 1        |
|   co_val_196_U                        | ram_2p array  |      |      |      | yes    | co_val_196      | lutram | 1       | 10, 40, 1        |
|   co_val_197_U                        | ram_2p array  |      |      |      | yes    | co_val_197      | lutram | 1       | 10, 40, 1        |
|   co_val_198_U                        | ram_2p array  |      |      |      | yes    | co_val_198      | lutram | 1       | 10, 40, 1        |
|   co_val_199_U                        | ram_2p array  |      |      |      | yes    | co_val_199      | lutram | 1       | 10, 40, 1        |
|   co_val_200_U                        | ram_2p array  |      |      |      | yes    | co_val_200      | lutram | 1       | 10, 40, 1        |
|   co_val_201_U                        | ram_2p array  |      |      |      | yes    | co_val_201      | lutram | 1       | 10, 40, 1        |
|   co_val_202_U                        | ram_2p array  |      |      |      | yes    | co_val_202      | lutram | 1       | 10, 40, 1        |
|   co_val_203_U                        | ram_2p array  |      |      |      | yes    | co_val_203      | lutram | 1       | 10, 40, 1        |
|   co_val_204_U                        | ram_2p array  |      |      |      | yes    | co_val_204      | lutram | 1       | 10, 40, 1        |
|   co_val_205_U                        | ram_2p array  |      |      |      | yes    | co_val_205      | lutram | 1       | 10, 40, 1        |
|   co_val_206_U                        | ram_2p array  |      |      |      | yes    | co_val_206      | lutram | 1       | 10, 40, 1        |
|   co_val_207_U                        | ram_2p array  |      |      |      | yes    | co_val_207      | lutram | 1       | 10, 40, 1        |
|   co_val_208_U                        | ram_2p array  |      |      |      | yes    | co_val_208      | lutram | 1       | 10, 40, 1        |
|   co_val_209_U                        | ram_2p array  |      |      |      | yes    | co_val_209      | lutram | 1       | 10, 40, 1        |
|   co_val_210_U                        | ram_2p array  |      |      |      | yes    | co_val_210      | lutram | 1       | 10, 40, 1        |
|   co_val_211_U                        | ram_2p array  |      |      |      | yes    | co_val_211      | lutram | 1       | 10, 40, 1        |
|   co_val_212_U                        | ram_2p array  |      |      |      | yes    | co_val_212      | lutram | 1       | 10, 40, 1        |
|   co_val_213_U                        | ram_2p array  |      |      |      | yes    | co_val_213      | lutram | 1       | 10, 40, 1        |
|   co_val_214_U                        | ram_2p array  |      |      |      | yes    | co_val_214      | lutram | 1       | 10, 40, 1        |
|   co_val_215_U                        | ram_2p array  |      |      |      | yes    | co_val_215      | lutram | 1       | 10, 40, 1        |
|   co_val_216_U                        | ram_2p array  |      |      |      | yes    | co_val_216      | lutram | 1       | 10, 40, 1        |
|   co_val_217_U                        | ram_2p array  |      |      |      | yes    | co_val_217      | lutram | 1       | 10, 40, 1        |
|   co_val_218_U                        | ram_2p array  |      |      |      | yes    | co_val_218      | lutram | 1       | 10, 40, 1        |
|   co_val_219_U                        | ram_2p array  |      |      |      | yes    | co_val_219      | lutram | 1       | 10, 40, 1        |
|   co_val_220_U                        | ram_2p array  |      |      |      | yes    | co_val_220      | lutram | 1       | 10, 40, 1        |
|   co_val_221_U                        | ram_2p array  |      |      |      | yes    | co_val_221      | lutram | 1       | 10, 40, 1        |
|   co_val_222_U                        | ram_2p array  |      |      |      | yes    | co_val_222      | lutram | 1       | 10, 40, 1        |
|   co_val_223_U                        | ram_2p array  |      |      |      | yes    | co_val_223      | lutram | 1       | 10, 40, 1        |
|   co_val_224_U                        | ram_2p array  |      |      |      | yes    | co_val_224      | lutram | 1       | 10, 40, 1        |
|  + my_window_Pipeline_EMIT_EDGE_SPLIT |               |      | 0    | 0    |        |                 |        |         |                  |
|    pca8_sorted_U                      | rom_np array  |      |      |      |        | pca8_sorted     | auto   | 1       | 15, 40, 1        |
|    pca8_sorted_1_U                    | rom_np array  |      |      |      |        | pca8_sorted_1   | auto   | 1       | 15, 40, 1        |
|    pca8_sorted_2_U                    | rom_np array  |      |      |      |        | pca8_sorted_2   | auto   | 1       | 15, 40, 1        |
|    pca8_sorted_3_U                    | rom_np array  |      |      |      |        | pca8_sorted_3   | auto   | 1       | 15, 40, 1        |
|    pca8_sorted_4_U                    | rom_np array  |      |      |      |        | pca8_sorted_4   | auto   | 1       | 15, 40, 1        |
|    pca8_sorted_5_U                    | rom_np array  |      |      |      |        | pca8_sorted_5   | auto   | 1       | 15, 40, 1        |
|    pca8_sorted_6_U                    | rom_np array  |      |      |      |        | pca8_sorted_6   | auto   | 1       | 15, 40, 1        |
|    pca8_sorted_7_U                    | rom_np array  |      |      |      |        | pca8_sorted_7   | auto   | 1       | 15, 40, 1        |
|    pca8_sorted_8_U                    | rom_np array  |      |      |      |        | pca8_sorted_8   | auto   | 1       | 15, 40, 1        |
|    pca8_sorted_9_U                    | rom_np array  |      |      |      |        | pca8_sorted_9   | auto   | 1       | 15, 40, 1        |
|    pca8_sorted_10_U                   | rom_np array  |      |      |      |        | pca8_sorted_10  | auto   | 1       | 15, 40, 1        |
|    pca8_sorted_11_U                   | rom_np array  |      |      |      |        | pca8_sorted_11  | auto   | 1       | 15, 40, 1        |
|    pca8_sorted_12_U                   | rom_np array  |      |      |      |        | pca8_sorted_12  | auto   | 1       | 15, 40, 1        |
|    pca8_sorted_13_U                   | rom_np array  |      |      |      |        | pca8_sorted_13  | auto   | 1       | 15, 40, 1        |
|    pca8_sorted_14_U                   | rom_np array  |      |      |      |        | pca8_sorted_14  | auto   | 1       | 15, 40, 1        |
|    pca8_sorted_15_U                   | rom_np array  |      |      |      |        | pca8_sorted_15  | auto   | 1       | 15, 40, 1        |
|    pca8_sorted_16_U                   | rom_np array  |      |      |      |        | pca8_sorted_16  | auto   | 1       | 15, 40, 1        |
|    pca8_sorted_17_U                   | rom_np array  |      |      |      |        | pca8_sorted_17  | auto   | 1       | 15, 40, 1        |
|    pca8_sorted_18_U                   | rom_np array  |      |      |      |        | pca8_sorted_18  | auto   | 1       | 15, 40, 1        |
|    pca8_sorted_19_U                   | rom_np array  |      |      |      |        | pca8_sorted_19  | auto   | 1       | 15, 40, 1        |
|    pca8_sorted_20_U                   | rom_np array  |      |      |      |        | pca8_sorted_20  | auto   | 1       | 15, 40, 1        |
|    pca8_sorted_21_U                   | rom_np array  |      |      |      |        | pca8_sorted_21  | auto   | 1       | 15, 40, 1        |
|    pca8_sorted_22_U                   | rom_np array  |      |      |      |        | pca8_sorted_22  | auto   | 1       | 15, 40, 1        |
|    pca8_sorted_23_U                   | rom_np array  |      |      |      |        | pca8_sorted_23  | auto   | 1       | 15, 40, 1        |
|    pca8_sorted_24_U                   | rom_np array  |      |      |      |        | pca8_sorted_24  | auto   | 1       | 15, 40, 1        |
|    pca8_sorted_25_U                   | rom_np array  |      |      |      |        | pca8_sorted_25  | auto   | 1       | 15, 40, 1        |
|    pca8_sorted_26_U                   | rom_np array  |      |      |      |        | pca8_sorted_26  | auto   | 1       | 15, 40, 1        |
|    pca8_sorted_27_U                   | rom_np array  |      |      |      |        | pca8_sorted_27  | auto   | 1       | 15, 40, 1        |
|    pca8_sorted_28_U                   | rom_np array  |      |      |      |        | pca8_sorted_28  | auto   | 1       | 15, 40, 1        |
|    pca8_sorted_29_U                   | rom_np array  |      |      |      |        | pca8_sorted_29  | auto   | 1       | 15, 40, 1        |
|    pca8_sorted_30_U                   | rom_np array  |      |      |      |        | pca8_sorted_30  | auto   | 1       | 15, 40, 1        |
|    pca8_sorted_31_U                   | rom_np array  |      |      |      |        | pca8_sorted_31  | auto   | 1       | 15, 40, 1        |
|    pca8_sorted_32_U                   | rom_np array  |      |      |      |        | pca8_sorted_32  | auto   | 1       | 15, 40, 1        |
|    pca8_sorted_33_U                   | rom_np array  |      |      |      |        | pca8_sorted_33  | auto   | 1       | 15, 40, 1        |
|    pca8_sorted_34_U                   | rom_np array  |      |      |      |        | pca8_sorted_34  | auto   | 1       | 15, 40, 1        |
|    pca8_sorted_35_U                   | rom_np array  |      |      |      |        | pca8_sorted_35  | auto   | 1       | 15, 40, 1        |
|    pca8_sorted_36_U                   | rom_np array  |      |      |      |        | pca8_sorted_36  | auto   | 1       | 15, 40, 1        |
|    pca8_sorted_37_U                   | rom_np array  |      |      |      |        | pca8_sorted_37  | auto   | 1       | 15, 40, 1        |
|    pca8_sorted_38_U                   | rom_np array  |      |      |      |        | pca8_sorted_38  | auto   | 1       | 15, 40, 1        |
|    pca8_sorted_39_U                   | rom_np array  |      |      |      |        | pca8_sorted_39  | auto   | 1       | 15, 40, 1        |
|    pca8_sorted_40_U                   | rom_np array  |      |      |      |        | pca8_sorted_40  | auto   | 1       | 15, 40, 1        |
|    pca8_sorted_41_U                   | rom_np array  |      |      |      |        | pca8_sorted_41  | auto   | 1       | 15, 40, 1        |
|    pca8_sorted_42_U                   | rom_np array  |      |      |      |        | pca8_sorted_42  | auto   | 1       | 15, 40, 1        |
|    pca8_sorted_43_U                   | rom_np array  |      |      |      |        | pca8_sorted_43  | auto   | 1       | 15, 40, 1        |
|    pca8_sorted_44_U                   | rom_np array  |      |      |      |        | pca8_sorted_44  | auto   | 1       | 15, 40, 1        |
|    pca8_sorted_45_U                   | rom_np array  |      |      |      |        | pca8_sorted_45  | auto   | 1       | 15, 40, 1        |
|    pca8_sorted_46_U                   | rom_np array  |      |      |      |        | pca8_sorted_46  | auto   | 1       | 15, 40, 1        |
|    pca8_sorted_47_U                   | rom_np array  |      |      |      |        | pca8_sorted_47  | auto   | 1       | 15, 40, 1        |
|    pca8_sorted_48_U                   | rom_np array  |      |      |      |        | pca8_sorted_48  | auto   | 1       | 15, 40, 1        |
|    pca8_sorted_49_U                   | rom_np array  |      |      |      |        | pca8_sorted_49  | auto   | 1       | 15, 40, 1        |
|    pca8_sorted_50_U                   | rom_np array  |      |      |      |        | pca8_sorted_50  | auto   | 1       | 15, 40, 1        |
|    pca8_sorted_51_U                   | rom_np array  |      |      |      |        | pca8_sorted_51  | auto   | 1       | 15, 40, 1        |
|    pca8_sorted_52_U                   | rom_np array  |      |      |      |        | pca8_sorted_52  | auto   | 1       | 15, 40, 1        |
|    pca8_sorted_53_U                   | rom_np array  |      |      |      |        | pca8_sorted_53  | auto   | 1       | 15, 40, 1        |
|    pca8_sorted_54_U                   | rom_np array  |      |      |      |        | pca8_sorted_54  | auto   | 1       | 15, 40, 1        |
|    pca8_sorted_55_U                   | rom_np array  |      |      |      |        | pca8_sorted_55  | auto   | 1       | 15, 40, 1        |
|    pca8_sorted_56_U                   | rom_np array  |      |      |      |        | pca8_sorted_56  | auto   | 1       | 15, 40, 1        |
|    pca8_sorted_57_U                   | rom_np array  |      |      |      |        | pca8_sorted_57  | auto   | 1       | 15, 40, 1        |
|    pca8_sorted_58_U                   | rom_np array  |      |      |      |        | pca8_sorted_58  | auto   | 1       | 15, 40, 1        |
|    pca8_sorted_59_U                   | rom_np array  |      |      |      |        | pca8_sorted_59  | auto   | 1       | 15, 40, 1        |
|    pca8_sorted_60_U                   | rom_np array  |      |      |      |        | pca8_sorted_60  | auto   | 1       | 15, 40, 1        |
|    pca8_sorted_61_U                   | rom_np array  |      |      |      |        | pca8_sorted_61  | auto   | 1       | 15, 40, 1        |
|    pca8_sorted_62_U                   | rom_np array  |      |      |      |        | pca8_sorted_62  | auto   | 1       | 15, 40, 1        |
|    pca8_sorted_63_U                   | rom_np array  |      |      |      |        | pca8_sorted_63  | auto   | 1       | 15, 40, 1        |
|    pca8_sorted_64_U                   | rom_np array  |      |      |      |        | pca8_sorted_64  | auto   | 1       | 15, 40, 1        |
|    pca8_sorted_65_U                   | rom_np array  |      |      |      |        | pca8_sorted_65  | auto   | 1       | 15, 40, 1        |
|    pca8_sorted_66_U                   | rom_np array  |      |      |      |        | pca8_sorted_66  | auto   | 1       | 15, 40, 1        |
|    pca8_sorted_67_U                   | rom_np array  |      |      |      |        | pca8_sorted_67  | auto   | 1       | 15, 40, 1        |
|    pca8_sorted_68_U                   | rom_np array  |      |      |      |        | pca8_sorted_68  | auto   | 1       | 15, 40, 1        |
|    pca8_sorted_69_U                   | rom_np array  |      |      |      |        | pca8_sorted_69  | auto   | 1       | 15, 40, 1        |
|    pca8_sorted_70_U                   | rom_np array  |      |      |      |        | pca8_sorted_70  | auto   | 1       | 15, 40, 1        |
|    pca8_sorted_71_U                   | rom_np array  |      |      |      |        | pca8_sorted_71  | auto   | 1       | 15, 40, 1        |
|    pca8_sorted_72_U                   | rom_np array  |      |      |      |        | pca8_sorted_72  | auto   | 1       | 15, 40, 1        |
|    pca8_sorted_73_U                   | rom_np array  |      |      |      |        | pca8_sorted_73  | auto   | 1       | 15, 40, 1        |
|    pca8_sorted_74_U                   | rom_np array  |      |      |      |        | pca8_sorted_74  | auto   | 1       | 15, 40, 1        |
|    pca8_sorted_75_U                   | rom_np array  |      |      |      |        | pca8_sorted_75  | auto   | 1       | 15, 40, 1        |
|    pca8_sorted_76_U                   | rom_np array  |      |      |      |        | pca8_sorted_76  | auto   | 1       | 15, 40, 1        |
|    pca8_sorted_77_U                   | rom_np array  |      |      |      |        | pca8_sorted_77  | auto   | 1       | 15, 40, 1        |
|    pca8_sorted_78_U                   | rom_np array  |      |      |      |        | pca8_sorted_78  | auto   | 1       | 15, 40, 1        |
|    pca8_sorted_79_U                   | rom_np array  |      |      |      |        | pca8_sorted_79  | auto   | 1       | 15, 40, 1        |
|    pca8_sorted_80_U                   | rom_np array  |      |      |      |        | pca8_sorted_80  | auto   | 1       | 15, 40, 1        |
|    pca8_sorted_81_U                   | rom_np array  |      |      |      |        | pca8_sorted_81  | auto   | 1       | 15, 40, 1        |
|    pca8_sorted_82_U                   | rom_np array  |      |      |      |        | pca8_sorted_82  | auto   | 1       | 15, 40, 1        |
|    pca8_sorted_83_U                   | rom_np array  |      |      |      |        | pca8_sorted_83  | auto   | 1       | 15, 40, 1        |
|    pca8_sorted_84_U                   | rom_np array  |      |      |      |        | pca8_sorted_84  | auto   | 1       | 15, 40, 1        |
|    pca8_sorted_85_U                   | rom_np array  |      |      |      |        | pca8_sorted_85  | auto   | 1       | 15, 40, 1        |
|    pca8_sorted_86_U                   | rom_np array  |      |      |      |        | pca8_sorted_86  | auto   | 1       | 15, 40, 1        |
|    pca8_sorted_87_U                   | rom_np array  |      |      |      |        | pca8_sorted_87  | auto   | 1       | 15, 40, 1        |
|    pca8_sorted_88_U                   | rom_np array  |      |      |      |        | pca8_sorted_88  | auto   | 1       | 15, 40, 1        |
|    pca8_sorted_89_U                   | rom_np array  |      |      |      |        | pca8_sorted_89  | auto   | 1       | 15, 40, 1        |
|    pca8_sorted_90_U                   | rom_np array  |      |      |      |        | pca8_sorted_90  | auto   | 1       | 15, 40, 1        |
|    pca8_sorted_91_U                   | rom_np array  |      |      |      |        | pca8_sorted_91  | auto   | 1       | 15, 40, 1        |
|    pca8_sorted_92_U                   | rom_np array  |      |      |      |        | pca8_sorted_92  | auto   | 1       | 15, 40, 1        |
|    pca8_sorted_93_U                   | rom_np array  |      |      |      |        | pca8_sorted_93  | auto   | 1       | 15, 40, 1        |
|    pca8_sorted_94_U                   | rom_np array  |      |      |      |        | pca8_sorted_94  | auto   | 1       | 15, 40, 1        |
|    pca8_sorted_95_U                   | rom_np array  |      |      |      |        | pca8_sorted_95  | auto   | 1       | 15, 40, 1        |
|    pca8_sorted_96_U                   | ram_s2p array |      |      |      |        | pca8_sorted_96  | auto   | 1       | 15, 40, 1        |
|    pca8_sorted_97_U                   | ram_s2p array |      |      |      |        | pca8_sorted_97  | auto   | 1       | 15, 40, 1        |
|    pca8_sorted_98_U                   | ram_s2p array |      |      |      |        | pca8_sorted_98  | auto   | 1       | 15, 40, 1        |
|    pca8_sorted_99_U                   | ram_s2p array |      |      |      |        | pca8_sorted_99  | auto   | 1       | 15, 40, 1        |
|    pca8_sorted_100_U                  | ram_s2p array |      |      |      |        | pca8_sorted_100 | auto   | 1       | 15, 40, 1        |
|    pca8_sorted_101_U                  | ram_s2p array |      |      |      |        | pca8_sorted_101 | auto   | 1       | 15, 40, 1        |
|    pca8_sorted_102_U                  | ram_s2p array |      |      |      |        | pca8_sorted_102 | auto   | 1       | 15, 40, 1        |
|    pca8_sorted_103_U                  | ram_s2p array |      |      |      |        | pca8_sorted_103 | auto   | 1       | 15, 40, 1        |
|    pca8_sorted_104_U                  | ram_s2p array |      |      |      |        | pca8_sorted_104 | auto   | 1       | 15, 40, 1        |
|    pca8_sorted_105_U                  | ram_s2p array |      |      |      |        | pca8_sorted_105 | auto   | 1       | 15, 40, 1        |
|    pca8_sorted_106_U                  | ram_s2p array |      |      |      |        | pca8_sorted_106 | auto   | 1       | 15, 40, 1        |
|    pca8_sorted_107_U                  | ram_s2p array |      |      |      |        | pca8_sorted_107 | auto   | 1       | 15, 40, 1        |
|    pca8_sorted_108_U                  | ram_s2p array |      |      |      |        | pca8_sorted_108 | auto   | 1       | 15, 40, 1        |
|    pca8_sorted_109_U                  | ram_s2p array |      |      |      |        | pca8_sorted_109 | auto   | 1       | 15, 40, 1        |
|    pca8_sorted_110_U                  | ram_s2p array |      |      |      |        | pca8_sorted_110 | auto   | 1       | 15, 40, 1        |
|    pca8_sorted_111_U                  | ram_s2p array |      |      |      |        | pca8_sorted_111 | auto   | 1       | 15, 40, 1        |
|    pca8_sorted_112_U                  | ram_s2p array |      |      |      |        | pca8_sorted_112 | auto   | 1       | 15, 40, 1        |
|    pca8_sorted_113_U                  | ram_s2p array |      |      |      |        | pca8_sorted_113 | auto   | 1       | 15, 40, 1        |
|    pca8_sorted_114_U                  | ram_s2p array |      |      |      |        | pca8_sorted_114 | auto   | 1       | 15, 40, 1        |
|    pca8_sorted_115_U                  | ram_s2p array |      |      |      |        | pca8_sorted_115 | auto   | 1       | 15, 40, 1        |
|    pca8_sorted_116_U                  | ram_s2p array |      |      |      |        | pca8_sorted_116 | auto   | 1       | 15, 40, 1        |
|    pca8_sorted_117_U                  | ram_s2p array |      |      |      |        | pca8_sorted_117 | auto   | 1       | 15, 40, 1        |
|    pca8_sorted_118_U                  | ram_s2p array |      |      |      |        | pca8_sorted_118 | auto   | 1       | 15, 40, 1        |
|    pca8_sorted_119_U                  | ram_s2p array |      |      |      |        | pca8_sorted_119 | auto   | 1       | 15, 40, 1        |
|  + my_window_Pipeline_FW1_BW1_FW2_BW2 |               |      | 0    | 0    |        |                 |        |         |                  |
|    comp_b1_U                          | rom_np array  |      |      |      |        | comp_b1         | auto   | 1       | 10, 40, 1        |
|    comp_b1_1_U                        | rom_np array  |      |      |      |        | comp_b1_1       | auto   | 1       | 10, 40, 1        |
|    comp_b1_2_U                        | rom_np array  |      |      |      |        | comp_b1_2       | auto   | 1       | 10, 40, 1        |
|    comp_b1_3_U                        | rom_np array  |      |      |      |        | comp_b1_3       | auto   | 1       | 10, 40, 1        |
|    comp_b1_4_U                        | rom_np array  |      |      |      |        | comp_b1_4       | auto   | 1       | 10, 40, 1        |
|    comp_b1_5_U                        | rom_np array  |      |      |      |        | comp_b1_5       | auto   | 1       | 10, 40, 1        |
|    comp_b1_6_U                        | rom_np array  |      |      |      |        | comp_b1_6       | auto   | 1       | 10, 40, 1        |
|    comp_b1_7_U                        | rom_np array  |      |      |      |        | comp_b1_7       | auto   | 1       | 10, 40, 1        |
|    comp_b1_8_U                        | rom_np array  |      |      |      |        | comp_b1_8       | auto   | 1       | 10, 40, 1        |
|    comp_b1_9_U                        | rom_np array  |      |      |      |        | comp_b1_9       | auto   | 1       | 10, 40, 1        |
|    comp_b1_10_U                       | rom_np array  |      |      |      |        | comp_b1_10      | auto   | 1       | 10, 40, 1        |
|    comp_b1_11_U                       | rom_np array  |      |      |      |        | comp_b1_11      | auto   | 1       | 10, 40, 1        |
|    comp_b1_12_U                       | ram_s2p array |      |      |      |        | comp_b1_12      | auto   | 1       | 10, 40, 1        |
|    comp_b1_13_U                       | ram_s2p array |      |      |      |        | comp_b1_13      | auto   | 1       | 10, 40, 1        |
|    comp_b1_14_U                       | ram_s2p array |      |      |      |        | comp_b1_14      | auto   | 1       | 10, 40, 1        |
|    comp_a2_U                          | ram_s2p array |      |      |      |        | comp_a2         | auto   | 1       | 10, 40, 1        |
|    comp_a2_1_U                        | ram_s2p array |      |      |      |        | comp_a2_1       | auto   | 1       | 10, 40, 1        |
|    comp_a2_2_U                        | ram_s2p array |      |      |      |        | comp_a2_2       | auto   | 1       | 10, 40, 1        |
|    comp_a2_3_U                        | rom_np array  |      |      |      |        | comp_a2_3       | auto   | 1       | 10, 40, 1        |
|    comp_a2_4_U                        | rom_np array  |      |      |      |        | comp_a2_4       | auto   | 1       | 10, 40, 1        |
|    comp_a2_5_U                        | rom_np array  |      |      |      |        | comp_a2_5       | auto   | 1       | 10, 40, 1        |
|    comp_a2_6_U                        | rom_np array  |      |      |      |        | comp_a2_6       | auto   | 1       | 10, 40, 1        |
|    comp_a2_7_U                        | rom_np array  |      |      |      |        | comp_a2_7       | auto   | 1       | 10, 40, 1        |
|    comp_a2_8_U                        | rom_np array  |      |      |      |        | comp_a2_8       | auto   | 1       | 10, 40, 1        |
|    comp_a2_9_U                        | rom_np array  |      |      |      |        | comp_a2_9       | auto   | 1       | 10, 40, 1        |
|    comp_a2_10_U                       | rom_np array  |      |      |      |        | comp_a2_10      | auto   | 1       | 10, 40, 1        |
|    comp_a2_11_U                       | rom_np array  |      |      |      |        | comp_a2_11      | auto   | 1       | 10, 40, 1        |
|    comp_a2_12_U                       | rom_np array  |      |      |      |        | comp_a2_12      | auto   | 1       | 10, 40, 1        |
|    comp_a2_13_U                       | rom_np array  |      |      |      |        | comp_a2_13      | auto   | 1       | 10, 40, 1        |
|    comp_a2_14_U                       | rom_np array  |      |      |      |        | comp_a2_14      | auto   | 1       | 10, 40, 1        |
|    comp_b2_U                          | rom_np array  |      |      |      |        | comp_b2         | auto   | 1       | 10, 40, 1        |
|    comp_b2_1_U                        | rom_np array  |      |      |      |        | comp_b2_1       | auto   | 1       | 10, 40, 1        |
|    comp_b2_2_U                        | rom_np array  |      |      |      |        | comp_b2_2       | auto   | 1       | 10, 40, 1        |
|    comp_b2_3_U                        | rom_np array  |      |      |      |        | comp_b2_3       | auto   | 1       | 10, 40, 1        |
|    comp_b2_4_U                        | rom_np array  |      |      |      |        | comp_b2_4       | auto   | 1       | 10, 40, 1        |
|    comp_b2_5_U                        | rom_np array  |      |      |      |        | comp_b2_5       | auto   | 1       | 10, 40, 1        |
|    comp_b2_6_U                        | rom_np array  |      |      |      |        | comp_b2_6       | auto   | 1       | 10, 40, 1        |
|    comp_b2_7_U                        | rom_np array  |      |      |      |        | comp_b2_7       | auto   | 1       | 10, 40, 1        |
|    comp_b2_8_U                        | rom_np array  |      |      |      |        | comp_b2_8       | auto   | 1       | 10, 40, 1        |
|    comp_b2_9_U                        | rom_np array  |      |      |      |        | comp_b2_9       | auto   | 1       | 10, 40, 1        |
|    comp_b2_10_U                       | rom_np array  |      |      |      |        | comp_b2_10      | auto   | 1       | 10, 40, 1        |
|    comp_b2_11_U                       | rom_np array  |      |      |      |        | comp_b2_11      | auto   | 1       | 10, 40, 1        |
|    comp_b2_12_U                       | ram_s2p array |      |      |      |        | comp_b2_12      | auto   | 1       | 10, 40, 1        |
|    comp_b2_13_U                       | ram_s2p array |      |      |      |        | comp_b2_13      | auto   | 1       | 10, 40, 1        |
|    comp_b2_14_U                       | ram_s2p array |      |      |      |        | comp_b2_14      | auto   | 1       | 10, 40, 1        |
+---------------------------------------+---------------+------+------+------+--------+-----------------+--------+---------+------------------+


================================================================
== Pragma Report
================================================================
* Valid Pragma Syntax
+-----------------+----------------------------------------------+----------------------------------------------+
| Type            | Options                                      | Location                                     |
+-----------------+----------------------------------------------+----------------------------------------------+
| array_partition | variable=emb block factor=PAR dim=1          | my_window.cpp:75 in my_window, emb           |
| array_partition | variable=emb complete dim=2                  | my_window.cpp:76 in my_window, emb           |
| array_partition | variable=labels cyclic factor=PAR dim=1      | my_window.cpp:79 in my_window, labels        |
| array_partition | variable=lane_base complete dim=1            | my_window.cpp:90 in my_window, lane_base     |
| array_partition | variable=pca8 block factor=PAR dim=1         | my_window.cpp:95 in my_window, pca8          |
| array_partition | variable=pca8 complete dim=2                 | my_window.cpp:96 in my_window, pca8          |
| array_partition | variable=buck block factor=PAR dim=1         | my_window.cpp:98 in my_window, buck          |
| array_partition | variable=hist complete dim=1                 | my_window.cpp:115 in my_window, hist         |
| bind_storage    | variable=hist type=ram_t2p                   | my_window.cpp:116 in my_window, hist         |
| array_partition | variable=srt_pres complete dim=1             | my_window.cpp:120 in my_window, srt_pres     |
| bind_storage    | variable=srt_pres type=ram_2p impl=lutram    | my_window.cpp:121 in my_window, srt_pres     |
| array_partition | variable=co_pres complete dim=1              | my_window.cpp:123 in my_window, co_pres      |
| bind_storage    | variable=co_pres type=ram_2p impl=lutram     | my_window.cpp:124 in my_window, co_pres      |
| pipeline        | II=1                                         | my_window.cpp:126 in my_window               |
| pipeline        | II=1                                         | my_window.cpp:138 in my_window               |
| array_partition | variable=base complete dim=1                 | my_window.cpp:170 in my_window, base         |
| array_partition | variable=lane_off complete dim=1             | my_window.cpp:172 in my_window, lane_off     |
| bind_storage    | variable=lane_off type=ram_t2p               | my_window.cpp:173 in my_window, lane_off     |
| array_partition | variable=lane_cur complete dim=1             | my_window.cpp:175 in my_window, lane_cur     |
| bind_storage    | variable=lane_cur type=ram_t2p               | my_window.cpp:176 in my_window, lane_cur     |
| pipeline        | II=1                                         | my_window.cpp:183 in my_window               |
| array_partition | variable=srt_val complete dim=1              | my_window.cpp:218 in my_window, srt_val      |
| bind_storage    | variable=srt_val type=ram_2p impl=bram       | my_window.cpp:219 in my_window, srt_val      |
| array_partition | variable=srt_ord complete dim=1              | my_window.cpp:221 in my_window, srt_ord      |
| bind_storage    | variable=srt_ord type=ram_2p impl=lutram     | my_window.cpp:222 in my_window, srt_ord      |
| pipeline        | II=1                                         | my_window.cpp:230 in my_window               |
| array_partition | variable=pca8_sorted cyclic factor=PAR dim=1 | my_window.cpp:249 in my_window, pca8_sorted  |
| array_partition | variable=pca8_sorted complete dim=2          | my_window.cpp:250 in my_window, pca8_sorted  |
| array_partition | variable=order cyclic factor=PAR dim=1       | my_window.cpp:252 in my_window, order        |
| array_partition | variable=comp_a cyclic factor=PAR dim=1      | my_window.cpp:258 in my_window, comp_a       |
| array_partition | variable=comp_b cyclic factor=PAR dim=1      | my_window.cpp:259 in my_window, comp_b       |
| array_partition | variable=cpy complete dim=1                  | my_window.cpp:264 in my_window, cpy          |
| array_partition | variable=cpy cyclic factor=16 dim=2          | my_window.cpp:269 in my_window, cpy          |
| bind_storage    | variable=cpy type=ram_2p impl=lutram         | my_window.cpp:270 in my_window, cpy          |
| array_partition | variable=cpy2 complete dim=1                 | my_window.cpp:274 in my_window, cpy2         |
| array_partition | variable=cpy2 cyclic factor=16 dim=2         | my_window.cpp:275 in my_window, cpy2         |
| bind_storage    | variable=cpy2 type=ram_2p impl=lutram        | my_window.cpp:276 in my_window, cpy2         |
| array_partition | variable=edge_mask cyclic factor=PAR dim=1   | my_window.cpp:282 in my_window, edge_mask    |
| array_partition | variable=edge_mask complete dim=2            | my_window.cpp:283 in my_window, edge_mask    |
| array_partition | variable=edge_partial complete dim=1         | my_window.cpp:313 in my_window, edge_partial |
| array_partition | variable=edge_partial complete dim=2         | my_window.cpp:314 in my_window, edge_partial |
| pipeline        | II=1                                         | my_window.cpp:317 in my_window               |
| array_partition | variable=comp_b1 cyclic factor=PAR dim=1     | my_window.cpp:393 in my_window, comp_b1      |
| array_partition | variable=comp_a2 cyclic factor=PAR dim=1     | my_window.cpp:394 in my_window, comp_a2      |
| array_partition | variable=comp_b2 cyclic factor=PAR dim=1     | my_window.cpp:395 in my_window, comp_b2      |
| array_partition | variable=comp_r cyclic factor=PAR dim=1      | my_window.cpp:396 in my_window, comp_r       |
| pipeline        | II=1                                         | my_window.cpp:398 in my_window               |
| pipeline        | II=1                                         | my_window.cpp:450 in my_window               |
| array_partition | variable=co_val complete dim=1               | my_window.cpp:464 in my_window, co_val       |
| bind_storage    | variable=co_val type=ram_2p impl=lutram      | my_window.cpp:465 in my_window, co_val       |
| pipeline        | II=1                                         | my_window.cpp:473 in my_window               |
| pipeline        | II=1                                         | my_window.cpp:493 in my_window               |
+-----------------+----------------------------------------------+----------------------------------------------+

* Inferred Pragmas
+----------------------------+-----------------+-------------------------------------------------+----------------------------------+
| Source Pragma              | Inferred Pragma | Options                                         | Location                         |
+----------------------------+-----------------+-------------------------------------------------+----------------------------------+
| pipeline my_window.cpp:126 | array_partition | dim=1 type=cyclic factor=15 variable=co_pres_0  | variable co_pres_0 in my_window  |
| pipeline my_window.cpp:317 | array_partition | dim=1 type=cyclic factor=15 variable=srt_pres_0 | variable srt_pres_0 in my_window |
| pipeline my_window.cpp:317 | array_partition | dim=1 type=cyclic factor=15 variable=srt_val_0  | variable srt_val_0 in my_window  |
| pipeline my_window.cpp:317 | array_partition | dim=1 type=cyclic factor=15 variable=srt_ord_0  | variable srt_ord_0 in my_window  |
| pipeline my_window.cpp:493 | array_partition | dim=1 type=cyclic factor=15 variable=co_val_0   | variable co_val_0 in my_window   |
+----------------------------+-----------------+-------------------------------------------------+----------------------------------+


