

================================================================
== Vitis HLS Report for 'my_window_Pipeline_JUMP2'
================================================================
* Date:           Thu Jul  2 09:25:14 2026

* Version:        2023.2 (Build 4023990 on Oct 11 2023)
* Project:        my_window_proj
* Solution:       solution1 (Vivado IP Flow Target)
* Product family: virtexuplus
* Target device:  xcu250-figd2104-2L-e


================================================================
== Performance Estimates
================================================================
+ Timing: 
    * Summary: 
    +--------+----------+----------+------------+
    |  Clock |  Target  | Estimated| Uncertainty|
    +--------+----------+----------+------------+
    |ap_clk  |  10.00 ns|  2.559 ns|     2.70 ns|
    +--------+----------+----------+------------+

+ Latency: 
    * Summary: 
    +---------+---------+----------+----------+-----+-----+---------+
    |  Latency (cycles) |  Latency (absolute) |  Interval | Pipeline|
    |   min   |   max   |    min   |    max   | min | max |   Type  |
    +---------+---------+----------+----------+-----+-----+---------+
    |       55|       55|  0.550 us|  0.550 us|   55|   55|       no|
    +---------+---------+----------+----------+-----+-----+---------+

    + Detail: 
        * Instance: 
        N/A

        * Loop: 
        +----------+---------+---------+----------+-----------+-----------+------+----------+
        |          |  Latency (cycles) | Iteration|  Initiation Interval  | Trip |          |
        | Loop Name|   min   |   max   |  Latency |  achieved |   target  | Count| Pipelined|
        +----------+---------+---------+----------+-----------+-----------+------+----------+
        |- JUMP2   |       53|       53|        15|          1|          1|    40|       yes|
        +----------+---------+---------+----------+-----------+-----------+------+----------+



================================================================
== Utilization Estimates
================================================================
* Summary: 
+---------------------+---------+-------+---------+---------+------+
|         Name        | BRAM_18K|  DSP  |    FF   |   LUT   | URAM |
+---------------------+---------+-------+---------+---------+------+
|DSP                  |        -|      -|        -|        -|     -|
|Expression           |        -|      -|        0|       28|     -|
|FIFO                 |        -|      -|        -|        -|     -|
|Instance             |        -|     15|     4230|     3960|     -|
|Memory               |        -|      -|        -|        -|     -|
|Multiplexer          |        -|      -|        -|       36|     -|
|Register             |        -|      -|     2282|      960|     -|
+---------------------+---------+-------+---------+---------+------+
|Total                |        0|     15|     6512|     4984|     0|
+---------------------+---------+-------+---------+---------+------+
|Available SLR        |     1344|   3072|   864000|   432000|   320|
+---------------------+---------+-------+---------+---------+------+
|Utilization SLR (%)  |        0|     ~0|       ~0|        1|     0|
+---------------------+---------+-------+---------+---------+------+
|Available            |     5376|  12288|  3456000|  1728000|  1280|
+---------------------+---------+-------+---------+---------+------+
|Utilization (%)      |        0|     ~0|       ~0|       ~0|     0|
+---------------------+---------+-------+---------+---------+------+

+ Detail: 
    * Instance: 
    +-----------------------------+-----------------------+---------+----+-----+-----+-----+
    |           Instance          |         Module        | BRAM_18K| DSP|  FF | LUT | URAM|
    +-----------------------------+-----------------------+---------+----+-----+-----+-----+
    |mul_10ns_12ns_21_1_1_U4717   |mul_10ns_12ns_21_1_1   |        0|   1|    0|    5|    0|
    |mul_10ns_12ns_21_1_1_U4719   |mul_10ns_12ns_21_1_1   |        0|   1|    0|    5|    0|
    |mul_10ns_12ns_21_1_1_U4721   |mul_10ns_12ns_21_1_1   |        0|   1|    0|    5|    0|
    |mul_10ns_12ns_21_1_1_U4723   |mul_10ns_12ns_21_1_1   |        0|   1|    0|    5|    0|
    |mul_10ns_12ns_21_1_1_U4725   |mul_10ns_12ns_21_1_1   |        0|   1|    0|    5|    0|
    |mul_10ns_12ns_21_1_1_U4727   |mul_10ns_12ns_21_1_1   |        0|   1|    0|    5|    0|
    |mul_10ns_12ns_21_1_1_U4729   |mul_10ns_12ns_21_1_1   |        0|   1|    0|    5|    0|
    |mul_10ns_12ns_21_1_1_U4731   |mul_10ns_12ns_21_1_1   |        0|   1|    0|    5|    0|
    |mul_10ns_12ns_21_1_1_U4733   |mul_10ns_12ns_21_1_1   |        0|   1|    0|    5|    0|
    |mul_10ns_12ns_21_1_1_U4735   |mul_10ns_12ns_21_1_1   |        0|   1|    0|    5|    0|
    |mul_10ns_12ns_21_1_1_U4737   |mul_10ns_12ns_21_1_1   |        0|   1|    0|    5|    0|
    |mul_10ns_12ns_21_1_1_U4739   |mul_10ns_12ns_21_1_1   |        0|   1|    0|    5|    0|
    |mul_10ns_12ns_21_1_1_U4741   |mul_10ns_12ns_21_1_1   |        0|   1|    0|    5|    0|
    |mul_10ns_12ns_21_1_1_U4743   |mul_10ns_12ns_21_1_1   |        0|   1|    0|    5|    0|
    |mul_10ns_12ns_21_1_1_U4745   |mul_10ns_12ns_21_1_1   |        0|   1|    0|    5|    0|
    |sparsemux_33_4_10_1_1_U4747  |sparsemux_33_4_10_1_1  |        0|   0|    0|   65|    0|
    |sparsemux_33_4_10_1_1_U4748  |sparsemux_33_4_10_1_1  |        0|   0|    0|   65|    0|
    |sparsemux_33_4_10_1_1_U4749  |sparsemux_33_4_10_1_1  |        0|   0|    0|   65|    0|
    |sparsemux_33_4_10_1_1_U4750  |sparsemux_33_4_10_1_1  |        0|   0|    0|   65|    0|
    |sparsemux_33_4_10_1_1_U4751  |sparsemux_33_4_10_1_1  |        0|   0|    0|   65|    0|
    |sparsemux_33_4_10_1_1_U4752  |sparsemux_33_4_10_1_1  |        0|   0|    0|   65|    0|
    |sparsemux_33_4_10_1_1_U4753  |sparsemux_33_4_10_1_1  |        0|   0|    0|   65|    0|
    |sparsemux_33_4_10_1_1_U4754  |sparsemux_33_4_10_1_1  |        0|   0|    0|   65|    0|
    |sparsemux_33_4_10_1_1_U4755  |sparsemux_33_4_10_1_1  |        0|   0|    0|   65|    0|
    |sparsemux_33_4_10_1_1_U4756  |sparsemux_33_4_10_1_1  |        0|   0|    0|   65|    0|
    |sparsemux_33_4_10_1_1_U4757  |sparsemux_33_4_10_1_1  |        0|   0|    0|   65|    0|
    |sparsemux_33_4_10_1_1_U4758  |sparsemux_33_4_10_1_1  |        0|   0|    0|   65|    0|
    |sparsemux_33_4_10_1_1_U4759  |sparsemux_33_4_10_1_1  |        0|   0|    0|   65|    0|
    |sparsemux_33_4_10_1_1_U4760  |sparsemux_33_4_10_1_1  |        0|   0|    0|   65|    0|
    |sparsemux_33_4_10_1_1_U4761  |sparsemux_33_4_10_1_1  |        0|   0|    0|   65|    0|
    |urem_10ns_5ns_4_14_1_U4718   |urem_10ns_5ns_4_14_1   |        0|   0|  282|  194|    0|
    |urem_10ns_5ns_4_14_1_U4720   |urem_10ns_5ns_4_14_1   |        0|   0|  282|  194|    0|
    |urem_10ns_5ns_4_14_1_U4722   |urem_10ns_5ns_4_14_1   |        0|   0|  282|  194|    0|
    |urem_10ns_5ns_4_14_1_U4724   |urem_10ns_5ns_4_14_1   |        0|   0|  282|  194|    0|
    |urem_10ns_5ns_4_14_1_U4726   |urem_10ns_5ns_4_14_1   |        0|   0|  282|  194|    0|
    |urem_10ns_5ns_4_14_1_U4728   |urem_10ns_5ns_4_14_1   |        0|   0|  282|  194|    0|
    |urem_10ns_5ns_4_14_1_U4730   |urem_10ns_5ns_4_14_1   |        0|   0|  282|  194|    0|
    |urem_10ns_5ns_4_14_1_U4732   |urem_10ns_5ns_4_14_1   |        0|   0|  282|  194|    0|
    |urem_10ns_5ns_4_14_1_U4734   |urem_10ns_5ns_4_14_1   |        0|   0|  282|  194|    0|
    |urem_10ns_5ns_4_14_1_U4736   |urem_10ns_5ns_4_14_1   |        0|   0|  282|  194|    0|
    |urem_10ns_5ns_4_14_1_U4738   |urem_10ns_5ns_4_14_1   |        0|   0|  282|  194|    0|
    |urem_10ns_5ns_4_14_1_U4740   |urem_10ns_5ns_4_14_1   |        0|   0|  282|  194|    0|
    |urem_10ns_5ns_4_14_1_U4742   |urem_10ns_5ns_4_14_1   |        0|   0|  282|  194|    0|
    |urem_10ns_5ns_4_14_1_U4744   |urem_10ns_5ns_4_14_1   |        0|   0|  282|  194|    0|
    |urem_10ns_5ns_4_14_1_U4746   |urem_10ns_5ns_4_14_1   |        0|   0|  282|  194|    0|
    +-----------------------------+-----------------------+---------+----+-----+-----+-----+
    |Total                        |                       |        0|  15| 4230| 3960|    0|
    +-----------------------------+-----------------------+---------+----+-----+-----+-----+

    * DSP: 
    N/A

    * Memory: 
    N/A

    * FIFO: 
    N/A

    * Expression: 
    +------------------------+----------+----+---+----+------------+------------+
    |      Variable Name     | Operation| DSP| FF| LUT| Bitwidth P0| Bitwidth P1|
    +------------------------+----------+----+---+----+------------+------------+
    |add_ln472_fu_13154_p2   |         +|   0|  0|  13|           6|           1|
    |icmp_ln472_fu_13148_p2  |      icmp|   0|  0|  13|           6|           6|
    |ap_enable_pp0           |       xor|   0|  0|   2|           1|           2|
    +------------------------+----------+----+---+----+------------+------------+
    |Total                   |          |   0|  0|  28|          13|           9|
    +------------------------+----------+----+---+----+------------+------------+

    * Multiplexer: 
    +-------------------------+----+-----------+-----+-----------+
    |           Name          | LUT| Input Size| Bits| Total Bits|
    +-------------------------+----+-----------+-----+-----------+
    |ap_done_int              |   9|          2|    1|          2|
    |ap_enable_reg_pp0_iter1  |   9|          2|    1|          2|
    |ap_sig_allocacmp_t       |   9|          2|    6|         12|
    |t_2_fu_1556              |   9|          2|    6|         12|
    +-------------------------+----+-----------+-----+-----------+
    |Total                    |  36|          8|   14|         28|
    +-------------------------+----+-----------+-----+-----------+

    * Register: 
    +------------------------------------+----+----+-----+-----------+
    |                Name                | FF | LUT| Bits| Const Bits|
    +------------------------------------+----+----+-----+-----------+
    |ap_CS_fsm                           |   1|   0|    1|          0|
    |ap_done_reg                         |   1|   0|    1|          0|
    |ap_enable_reg_pp0_iter1             |   1|   0|    1|          0|
    |ap_enable_reg_pp0_iter10            |   1|   0|    1|          0|
    |ap_enable_reg_pp0_iter11            |   1|   0|    1|          0|
    |ap_enable_reg_pp0_iter12            |   1|   0|    1|          0|
    |ap_enable_reg_pp0_iter13            |   1|   0|    1|          0|
    |ap_enable_reg_pp0_iter14            |   1|   0|    1|          0|
    |ap_enable_reg_pp0_iter2             |   1|   0|    1|          0|
    |ap_enable_reg_pp0_iter3             |   1|   0|    1|          0|
    |ap_enable_reg_pp0_iter4             |   1|   0|    1|          0|
    |ap_enable_reg_pp0_iter5             |   1|   0|    1|          0|
    |ap_enable_reg_pp0_iter6             |   1|   0|    1|          0|
    |ap_enable_reg_pp0_iter7             |   1|   0|    1|          0|
    |ap_enable_reg_pp0_iter8             |   1|   0|    1|          0|
    |ap_enable_reg_pp0_iter9             |   1|   0|    1|          0|
    |ap_loop_exit_ready_pp0_iter10_reg   |   1|   0|    1|          0|
    |ap_loop_exit_ready_pp0_iter11_reg   |   1|   0|    1|          0|
    |ap_loop_exit_ready_pp0_iter12_reg   |   1|   0|    1|          0|
    |ap_loop_exit_ready_pp0_iter13_reg   |   1|   0|    1|          0|
    |ap_loop_exit_ready_pp0_iter1_reg    |   1|   0|    1|          0|
    |ap_loop_exit_ready_pp0_iter2_reg    |   1|   0|    1|          0|
    |ap_loop_exit_ready_pp0_iter3_reg    |   1|   0|    1|          0|
    |ap_loop_exit_ready_pp0_iter4_reg    |   1|   0|    1|          0|
    |ap_loop_exit_ready_pp0_iter5_reg    |   1|   0|    1|          0|
    |ap_loop_exit_ready_pp0_iter6_reg    |   1|   0|    1|          0|
    |ap_loop_exit_ready_pp0_iter7_reg    |   1|   0|    1|          0|
    |ap_loop_exit_ready_pp0_iter8_reg    |   1|   0|    1|          0|
    |ap_loop_exit_ready_pp0_iter9_reg    |   1|   0|    1|          0|
    |t_2_fu_1556                         |   6|   0|    6|          0|
    |tmp_299_reg_17204                   |   7|   0|    7|          0|
    |tmp_300_reg_17214                   |   7|   0|    7|          0|
    |tmp_301_reg_17224                   |   7|   0|    7|          0|
    |tmp_302_reg_17234                   |   7|   0|    7|          0|
    |tmp_303_reg_17244                   |   7|   0|    7|          0|
    |tmp_304_reg_17254                   |   7|   0|    7|          0|
    |tmp_305_reg_17264                   |   7|   0|    7|          0|
    |tmp_306_reg_17274                   |   7|   0|    7|          0|
    |tmp_307_reg_17284                   |   7|   0|    7|          0|
    |tmp_308_reg_17294                   |   7|   0|    7|          0|
    |tmp_309_reg_17304                   |   7|   0|    7|          0|
    |tmp_30_reg_17339                    |  10|   0|   10|          0|
    |tmp_310_reg_17314                   |   7|   0|    7|          0|
    |tmp_311_reg_17324                   |   7|   0|    7|          0|
    |tmp_312_reg_17334                   |   7|   0|    7|          0|
    |tmp_31_reg_17358                    |  10|   0|   10|          0|
    |tmp_32_reg_17377                    |  10|   0|   10|          0|
    |tmp_33_reg_17396                    |  10|   0|   10|          0|
    |tmp_34_reg_17415                    |  10|   0|   10|          0|
    |tmp_35_reg_17434                    |  10|   0|   10|          0|
    |tmp_36_reg_17453                    |  10|   0|   10|          0|
    |tmp_37_reg_17472                    |  10|   0|   10|          0|
    |tmp_38_reg_17491                    |  10|   0|   10|          0|
    |tmp_39_reg_17510                    |  10|   0|   10|          0|
    |tmp_40_reg_17529                    |  10|   0|   10|          0|
    |tmp_41_reg_17548                    |  10|   0|   10|          0|
    |tmp_42_reg_17567                    |  10|   0|   10|          0|
    |tmp_43_reg_17586                    |  10|   0|   10|          0|
    |tmp_44_reg_17605                    |  10|   0|   10|          0|
    |tmp_reg_17194                       |   7|   0|    7|          0|
    |trunc_ln476_10_reg_16764            |   4|   0|    4|          0|
    |trunc_ln476_11_reg_16849            |   4|   0|    4|          0|
    |trunc_ln476_12_reg_16934            |   4|   0|    4|          0|
    |trunc_ln476_13_reg_17019            |   4|   0|    4|          0|
    |trunc_ln476_14_reg_17104            |   4|   0|    4|          0|
    |trunc_ln476_1_reg_15999             |   4|   0|    4|          0|
    |trunc_ln476_2_reg_16084             |   4|   0|    4|          0|
    |trunc_ln476_3_reg_16169             |   4|   0|    4|          0|
    |trunc_ln476_4_reg_16254             |   4|   0|    4|          0|
    |trunc_ln476_5_reg_16339             |   4|   0|    4|          0|
    |trunc_ln476_6_reg_16424             |   4|   0|    4|          0|
    |trunc_ln476_7_reg_16509             |   4|   0|    4|          0|
    |trunc_ln476_8_reg_16594             |   4|   0|    4|          0|
    |trunc_ln476_9_reg_16679             |   4|   0|    4|          0|
    |trunc_ln476_reg_15914               |   4|   0|    4|          0|
    |zext_ln472_reg_15745                |   6|   0|   64|         58|
    |zext_ln472_reg_15745_pp0_iter1_reg  |   6|   0|   64|         58|
    |tmp_299_reg_17204                   |  64|  32|    7|          0|
    |tmp_300_reg_17214                   |  64|  32|    7|          0|
    |tmp_301_reg_17224                   |  64|  32|    7|          0|
    |tmp_302_reg_17234                   |  64|  32|    7|          0|
    |tmp_303_reg_17244                   |  64|  32|    7|          0|
    |tmp_304_reg_17254                   |  64|  32|    7|          0|
    |tmp_305_reg_17264                   |  64|  32|    7|          0|
    |tmp_306_reg_17274                   |  64|  32|    7|          0|
    |tmp_307_reg_17284                   |  64|  32|    7|          0|
    |tmp_308_reg_17294                   |  64|  32|    7|          0|
    |tmp_309_reg_17304                   |  64|  32|    7|          0|
    |tmp_30_reg_17339                    |  64|  32|   10|          0|
    |tmp_310_reg_17314                   |  64|  32|    7|          0|
    |tmp_311_reg_17324                   |  64|  32|    7|          0|
    |tmp_312_reg_17334                   |  64|  32|    7|          0|
    |tmp_31_reg_17358                    |  64|  32|   10|          0|
    |tmp_32_reg_17377                    |  64|  32|   10|          0|
    |tmp_33_reg_17396                    |  64|  32|   10|          0|
    |tmp_34_reg_17415                    |  64|  32|   10|          0|
    |tmp_35_reg_17434                    |  64|  32|   10|          0|
    |tmp_36_reg_17453                    |  64|  32|   10|          0|
    |tmp_37_reg_17472                    |  64|  32|   10|          0|
    |tmp_38_reg_17491                    |  64|  32|   10|          0|
    |tmp_39_reg_17510                    |  64|  32|   10|          0|
    |tmp_40_reg_17529                    |  64|  32|   10|          0|
    |tmp_41_reg_17548                    |  64|  32|   10|          0|
    |tmp_42_reg_17567                    |  64|  32|   10|          0|
    |tmp_43_reg_17586                    |  64|  32|   10|          0|
    |tmp_44_reg_17605                    |  64|  32|   10|          0|
    |tmp_reg_17194                       |  64|  32|    7|          0|
    +------------------------------------+----+----+-----+-----------+
    |Total                               |2282| 960|  733|        116|
    +------------------------------------+----+----+-----+-----------+



================================================================
== Interface
================================================================
* Summary: 
+----------------------+-----+-----+------------+--------------------------+--------------+
|       RTL Ports      | Dir | Bits|  Protocol  |       Source Object      |    C Type    |
+----------------------+-----+-----+------------+--------------------------+--------------+
|ap_clk                |   in|    1|  ap_ctrl_hs|  my_window_Pipeline_JUMP2|  return value|
|ap_rst                |   in|    1|  ap_ctrl_hs|  my_window_Pipeline_JUMP2|  return value|
|ap_start              |   in|    1|  ap_ctrl_hs|  my_window_Pipeline_JUMP2|  return value|
|ap_done               |  out|    1|  ap_ctrl_hs|  my_window_Pipeline_JUMP2|  return value|
|ap_idle               |  out|    1|  ap_ctrl_hs|  my_window_Pipeline_JUMP2|  return value|
|ap_ready              |  out|    1|  ap_ctrl_hs|  my_window_Pipeline_JUMP2|  return value|
|co_pres_224_address1  |  out|    6|   ap_memory|               co_pres_224|         array|
|co_pres_224_ce1       |  out|    1|   ap_memory|               co_pres_224|         array|
|co_pres_224_we1       |  out|    1|   ap_memory|               co_pres_224|         array|
|co_pres_224_d1        |  out|    1|   ap_memory|               co_pres_224|         array|
|co_pres_223_address1  |  out|    6|   ap_memory|               co_pres_223|         array|
|co_pres_223_ce1       |  out|    1|   ap_memory|               co_pres_223|         array|
|co_pres_223_we1       |  out|    1|   ap_memory|               co_pres_223|         array|
|co_pres_223_d1        |  out|    1|   ap_memory|               co_pres_223|         array|
|co_pres_222_address1  |  out|    6|   ap_memory|               co_pres_222|         array|
|co_pres_222_ce1       |  out|    1|   ap_memory|               co_pres_222|         array|
|co_pres_222_we1       |  out|    1|   ap_memory|               co_pres_222|         array|
|co_pres_222_d1        |  out|    1|   ap_memory|               co_pres_222|         array|
|co_pres_221_address1  |  out|    6|   ap_memory|               co_pres_221|         array|
|co_pres_221_ce1       |  out|    1|   ap_memory|               co_pres_221|         array|
|co_pres_221_we1       |  out|    1|   ap_memory|               co_pres_221|         array|
|co_pres_221_d1        |  out|    1|   ap_memory|               co_pres_221|         array|
|co_pres_220_address1  |  out|    6|   ap_memory|               co_pres_220|         array|
|co_pres_220_ce1       |  out|    1|   ap_memory|               co_pres_220|         array|
|co_pres_220_we1       |  out|    1|   ap_memory|               co_pres_220|         array|
|co_pres_220_d1        |  out|    1|   ap_memory|               co_pres_220|         array|
|co_pres_219_address1  |  out|    6|   ap_memory|               co_pres_219|         array|
|co_pres_219_ce1       |  out|    1|   ap_memory|               co_pres_219|         array|
|co_pres_219_we1       |  out|    1|   ap_memory|               co_pres_219|         array|
|co_pres_219_d1        |  out|    1|   ap_memory|               co_pres_219|         array|
|co_pres_218_address1  |  out|    6|   ap_memory|               co_pres_218|         array|
|co_pres_218_ce1       |  out|    1|   ap_memory|               co_pres_218|         array|
|co_pres_218_we1       |  out|    1|   ap_memory|               co_pres_218|         array|
|co_pres_218_d1        |  out|    1|   ap_memory|               co_pres_218|         array|
|co_pres_217_address1  |  out|    6|   ap_memory|               co_pres_217|         array|
|co_pres_217_ce1       |  out|    1|   ap_memory|               co_pres_217|         array|
|co_pres_217_we1       |  out|    1|   ap_memory|               co_pres_217|         array|
|co_pres_217_d1        |  out|    1|   ap_memory|               co_pres_217|         array|
|co_pres_216_address1  |  out|    6|   ap_memory|               co_pres_216|         array|
|co_pres_216_ce1       |  out|    1|   ap_memory|               co_pres_216|         array|
|co_pres_216_we1       |  out|    1|   ap_memory|               co_pres_216|         array|
|co_pres_216_d1        |  out|    1|   ap_memory|               co_pres_216|         array|
|co_pres_215_address1  |  out|    6|   ap_memory|               co_pres_215|         array|
|co_pres_215_ce1       |  out|    1|   ap_memory|               co_pres_215|         array|
|co_pres_215_we1       |  out|    1|   ap_memory|               co_pres_215|         array|
|co_pres_215_d1        |  out|    1|   ap_memory|               co_pres_215|         array|
|co_pres_214_address1  |  out|    6|   ap_memory|               co_pres_214|         array|
|co_pres_214_ce1       |  out|    1|   ap_memory|               co_pres_214|         array|
|co_pres_214_we1       |  out|    1|   ap_memory|               co_pres_214|         array|
|co_pres_214_d1        |  out|    1|   ap_memory|               co_pres_214|         array|
|co_pres_213_address1  |  out|    6|   ap_memory|               co_pres_213|         array|
|co_pres_213_ce1       |  out|    1|   ap_memory|               co_pres_213|         array|
|co_pres_213_we1       |  out|    1|   ap_memory|               co_pres_213|         array|
|co_pres_213_d1        |  out|    1|   ap_memory|               co_pres_213|         array|
|co_pres_212_address1  |  out|    6|   ap_memory|               co_pres_212|         array|
|co_pres_212_ce1       |  out|    1|   ap_memory|               co_pres_212|         array|
|co_pres_212_we1       |  out|    1|   ap_memory|               co_pres_212|         array|
|co_pres_212_d1        |  out|    1|   ap_memory|               co_pres_212|         array|
|co_pres_211_address1  |  out|    6|   ap_memory|               co_pres_211|         array|
|co_pres_211_ce1       |  out|    1|   ap_memory|               co_pres_211|         array|
|co_pres_211_we1       |  out|    1|   ap_memory|               co_pres_211|         array|
|co_pres_211_d1        |  out|    1|   ap_memory|               co_pres_211|         array|
|co_pres_210_address1  |  out|    6|   ap_memory|               co_pres_210|         array|
|co_pres_210_ce1       |  out|    1|   ap_memory|               co_pres_210|         array|
|co_pres_210_we1       |  out|    1|   ap_memory|               co_pres_210|         array|
|co_pres_210_d1        |  out|    1|   ap_memory|               co_pres_210|         array|
|co_pres_209_address1  |  out|    6|   ap_memory|               co_pres_209|         array|
|co_pres_209_ce1       |  out|    1|   ap_memory|               co_pres_209|         array|
|co_pres_209_we1       |  out|    1|   ap_memory|               co_pres_209|         array|
|co_pres_209_d1        |  out|    1|   ap_memory|               co_pres_209|         array|
|co_pres_208_address1  |  out|    6|   ap_memory|               co_pres_208|         array|
|co_pres_208_ce1       |  out|    1|   ap_memory|               co_pres_208|         array|
|co_pres_208_we1       |  out|    1|   ap_memory|               co_pres_208|         array|
|co_pres_208_d1        |  out|    1|   ap_memory|               co_pres_208|         array|
|co_pres_207_address1  |  out|    6|   ap_memory|               co_pres_207|         array|
|co_pres_207_ce1       |  out|    1|   ap_memory|               co_pres_207|         array|
|co_pres_207_we1       |  out|    1|   ap_memory|               co_pres_207|         array|
|co_pres_207_d1        |  out|    1|   ap_memory|               co_pres_207|         array|
|co_pres_206_address1  |  out|    6|   ap_memory|               co_pres_206|         array|
|co_pres_206_ce1       |  out|    1|   ap_memory|               co_pres_206|         array|
|co_pres_206_we1       |  out|    1|   ap_memory|               co_pres_206|         array|
|co_pres_206_d1        |  out|    1|   ap_memory|               co_pres_206|         array|
|co_pres_205_address1  |  out|    6|   ap_memory|               co_pres_205|         array|
|co_pres_205_ce1       |  out|    1|   ap_memory|               co_pres_205|         array|
|co_pres_205_we1       |  out|    1|   ap_memory|               co_pres_205|         array|
|co_pres_205_d1        |  out|    1|   ap_memory|               co_pres_205|         array|
|co_pres_204_address1  |  out|    6|   ap_memory|               co_pres_204|         array|
|co_pres_204_ce1       |  out|    1|   ap_memory|               co_pres_204|         array|
|co_pres_204_we1       |  out|    1|   ap_memory|               co_pres_204|         array|
|co_pres_204_d1        |  out|    1|   ap_memory|               co_pres_204|         array|
|co_pres_203_address1  |  out|    6|   ap_memory|               co_pres_203|         array|
|co_pres_203_ce1       |  out|    1|   ap_memory|               co_pres_203|         array|
|co_pres_203_we1       |  out|    1|   ap_memory|               co_pres_203|         array|
|co_pres_203_d1        |  out|    1|   ap_memory|               co_pres_203|         array|
|co_pres_202_address1  |  out|    6|   ap_memory|               co_pres_202|         array|
|co_pres_202_ce1       |  out|    1|   ap_memory|               co_pres_202|         array|
|co_pres_202_we1       |  out|    1|   ap_memory|               co_pres_202|         array|
|co_pres_202_d1        |  out|    1|   ap_memory|               co_pres_202|         array|
|co_pres_201_address1  |  out|    6|   ap_memory|               co_pres_201|         array|
|co_pres_201_ce1       |  out|    1|   ap_memory|               co_pres_201|         array|
|co_pres_201_we1       |  out|    1|   ap_memory|               co_pres_201|         array|
|co_pres_201_d1        |  out|    1|   ap_memory|               co_pres_201|         array|
|co_pres_200_address1  |  out|    6|   ap_memory|               co_pres_200|         array|
|co_pres_200_ce1       |  out|    1|   ap_memory|               co_pres_200|         array|
|co_pres_200_we1       |  out|    1|   ap_memory|               co_pres_200|         array|
|co_pres_200_d1        |  out|    1|   ap_memory|               co_pres_200|         array|
|co_pres_199_address1  |  out|    6|   ap_memory|               co_pres_199|         array|
|co_pres_199_ce1       |  out|    1|   ap_memory|               co_pres_199|         array|
|co_pres_199_we1       |  out|    1|   ap_memory|               co_pres_199|         array|
|co_pres_199_d1        |  out|    1|   ap_memory|               co_pres_199|         array|
|co_pres_198_address1  |  out|    6|   ap_memory|               co_pres_198|         array|
|co_pres_198_ce1       |  out|    1|   ap_memory|               co_pres_198|         array|
|co_pres_198_we1       |  out|    1|   ap_memory|               co_pres_198|         array|
|co_pres_198_d1        |  out|    1|   ap_memory|               co_pres_198|         array|
|co_pres_197_address1  |  out|    6|   ap_memory|               co_pres_197|         array|
|co_pres_197_ce1       |  out|    1|   ap_memory|               co_pres_197|         array|
|co_pres_197_we1       |  out|    1|   ap_memory|               co_pres_197|         array|
|co_pres_197_d1        |  out|    1|   ap_memory|               co_pres_197|         array|
|co_pres_196_address1  |  out|    6|   ap_memory|               co_pres_196|         array|
|co_pres_196_ce1       |  out|    1|   ap_memory|               co_pres_196|         array|
|co_pres_196_we1       |  out|    1|   ap_memory|               co_pres_196|         array|
|co_pres_196_d1        |  out|    1|   ap_memory|               co_pres_196|         array|
|co_pres_195_address1  |  out|    6|   ap_memory|               co_pres_195|         array|
|co_pres_195_ce1       |  out|    1|   ap_memory|               co_pres_195|         array|
|co_pres_195_we1       |  out|    1|   ap_memory|               co_pres_195|         array|
|co_pres_195_d1        |  out|    1|   ap_memory|               co_pres_195|         array|
|co_pres_194_address1  |  out|    6|   ap_memory|               co_pres_194|         array|
|co_pres_194_ce1       |  out|    1|   ap_memory|               co_pres_194|         array|
|co_pres_194_we1       |  out|    1|   ap_memory|               co_pres_194|         array|
|co_pres_194_d1        |  out|    1|   ap_memory|               co_pres_194|         array|
|co_pres_193_address1  |  out|    6|   ap_memory|               co_pres_193|         array|
|co_pres_193_ce1       |  out|    1|   ap_memory|               co_pres_193|         array|
|co_pres_193_we1       |  out|    1|   ap_memory|               co_pres_193|         array|
|co_pres_193_d1        |  out|    1|   ap_memory|               co_pres_193|         array|
|co_pres_192_address1  |  out|    6|   ap_memory|               co_pres_192|         array|
|co_pres_192_ce1       |  out|    1|   ap_memory|               co_pres_192|         array|
|co_pres_192_we1       |  out|    1|   ap_memory|               co_pres_192|         array|
|co_pres_192_d1        |  out|    1|   ap_memory|               co_pres_192|         array|
|co_pres_191_address1  |  out|    6|   ap_memory|               co_pres_191|         array|
|co_pres_191_ce1       |  out|    1|   ap_memory|               co_pres_191|         array|
|co_pres_191_we1       |  out|    1|   ap_memory|               co_pres_191|         array|
|co_pres_191_d1        |  out|    1|   ap_memory|               co_pres_191|         array|
|co_pres_190_address1  |  out|    6|   ap_memory|               co_pres_190|         array|
|co_pres_190_ce1       |  out|    1|   ap_memory|               co_pres_190|         array|
|co_pres_190_we1       |  out|    1|   ap_memory|               co_pres_190|         array|
|co_pres_190_d1        |  out|    1|   ap_memory|               co_pres_190|         array|
|co_pres_189_address1  |  out|    6|   ap_memory|               co_pres_189|         array|
|co_pres_189_ce1       |  out|    1|   ap_memory|               co_pres_189|         array|
|co_pres_189_we1       |  out|    1|   ap_memory|               co_pres_189|         array|
|co_pres_189_d1        |  out|    1|   ap_memory|               co_pres_189|         array|
|co_pres_188_address1  |  out|    6|   ap_memory|               co_pres_188|         array|
|co_pres_188_ce1       |  out|    1|   ap_memory|               co_pres_188|         array|
|co_pres_188_we1       |  out|    1|   ap_memory|               co_pres_188|         array|
|co_pres_188_d1        |  out|    1|   ap_memory|               co_pres_188|         array|
|co_pres_187_address1  |  out|    6|   ap_memory|               co_pres_187|         array|
|co_pres_187_ce1       |  out|    1|   ap_memory|               co_pres_187|         array|
|co_pres_187_we1       |  out|    1|   ap_memory|               co_pres_187|         array|
|co_pres_187_d1        |  out|    1|   ap_memory|               co_pres_187|         array|
|co_pres_186_address1  |  out|    6|   ap_memory|               co_pres_186|         array|
|co_pres_186_ce1       |  out|    1|   ap_memory|               co_pres_186|         array|
|co_pres_186_we1       |  out|    1|   ap_memory|               co_pres_186|         array|
|co_pres_186_d1        |  out|    1|   ap_memory|               co_pres_186|         array|
|co_pres_185_address1  |  out|    6|   ap_memory|               co_pres_185|         array|
|co_pres_185_ce1       |  out|    1|   ap_memory|               co_pres_185|         array|
|co_pres_185_we1       |  out|    1|   ap_memory|               co_pres_185|         array|
|co_pres_185_d1        |  out|    1|   ap_memory|               co_pres_185|         array|
|co_pres_184_address1  |  out|    6|   ap_memory|               co_pres_184|         array|
|co_pres_184_ce1       |  out|    1|   ap_memory|               co_pres_184|         array|
|co_pres_184_we1       |  out|    1|   ap_memory|               co_pres_184|         array|
|co_pres_184_d1        |  out|    1|   ap_memory|               co_pres_184|         array|
|co_pres_183_address1  |  out|    6|   ap_memory|               co_pres_183|         array|
|co_pres_183_ce1       |  out|    1|   ap_memory|               co_pres_183|         array|
|co_pres_183_we1       |  out|    1|   ap_memory|               co_pres_183|         array|
|co_pres_183_d1        |  out|    1|   ap_memory|               co_pres_183|         array|
|co_pres_182_address1  |  out|    6|   ap_memory|               co_pres_182|         array|
|co_pres_182_ce1       |  out|    1|   ap_memory|               co_pres_182|         array|
|co_pres_182_we1       |  out|    1|   ap_memory|               co_pres_182|         array|
|co_pres_182_d1        |  out|    1|   ap_memory|               co_pres_182|         array|
|co_pres_181_address1  |  out|    6|   ap_memory|               co_pres_181|         array|
|co_pres_181_ce1       |  out|    1|   ap_memory|               co_pres_181|         array|
|co_pres_181_we1       |  out|    1|   ap_memory|               co_pres_181|         array|
|co_pres_181_d1        |  out|    1|   ap_memory|               co_pres_181|         array|
|co_pres_180_address1  |  out|    6|   ap_memory|               co_pres_180|         array|
|co_pres_180_ce1       |  out|    1|   ap_memory|               co_pres_180|         array|
|co_pres_180_we1       |  out|    1|   ap_memory|               co_pres_180|         array|
|co_pres_180_d1        |  out|    1|   ap_memory|               co_pres_180|         array|
|co_pres_179_address1  |  out|    6|   ap_memory|               co_pres_179|         array|
|co_pres_179_ce1       |  out|    1|   ap_memory|               co_pres_179|         array|
|co_pres_179_we1       |  out|    1|   ap_memory|               co_pres_179|         array|
|co_pres_179_d1        |  out|    1|   ap_memory|               co_pres_179|         array|
|co_pres_178_address1  |  out|    6|   ap_memory|               co_pres_178|         array|
|co_pres_178_ce1       |  out|    1|   ap_memory|               co_pres_178|         array|
|co_pres_178_we1       |  out|    1|   ap_memory|               co_pres_178|         array|
|co_pres_178_d1        |  out|    1|   ap_memory|               co_pres_178|         array|
|co_pres_177_address1  |  out|    6|   ap_memory|               co_pres_177|         array|
|co_pres_177_ce1       |  out|    1|   ap_memory|               co_pres_177|         array|
|co_pres_177_we1       |  out|    1|   ap_memory|               co_pres_177|         array|
|co_pres_177_d1        |  out|    1|   ap_memory|               co_pres_177|         array|
|co_pres_176_address1  |  out|    6|   ap_memory|               co_pres_176|         array|
|co_pres_176_ce1       |  out|    1|   ap_memory|               co_pres_176|         array|
|co_pres_176_we1       |  out|    1|   ap_memory|               co_pres_176|         array|
|co_pres_176_d1        |  out|    1|   ap_memory|               co_pres_176|         array|
|co_pres_175_address1  |  out|    6|   ap_memory|               co_pres_175|         array|
|co_pres_175_ce1       |  out|    1|   ap_memory|               co_pres_175|         array|
|co_pres_175_we1       |  out|    1|   ap_memory|               co_pres_175|         array|
|co_pres_175_d1        |  out|    1|   ap_memory|               co_pres_175|         array|
|co_pres_174_address1  |  out|    6|   ap_memory|               co_pres_174|         array|
|co_pres_174_ce1       |  out|    1|   ap_memory|               co_pres_174|         array|
|co_pres_174_we1       |  out|    1|   ap_memory|               co_pres_174|         array|
|co_pres_174_d1        |  out|    1|   ap_memory|               co_pres_174|         array|
|co_pres_173_address1  |  out|    6|   ap_memory|               co_pres_173|         array|
|co_pres_173_ce1       |  out|    1|   ap_memory|               co_pres_173|         array|
|co_pres_173_we1       |  out|    1|   ap_memory|               co_pres_173|         array|
|co_pres_173_d1        |  out|    1|   ap_memory|               co_pres_173|         array|
|co_pres_172_address1  |  out|    6|   ap_memory|               co_pres_172|         array|
|co_pres_172_ce1       |  out|    1|   ap_memory|               co_pres_172|         array|
|co_pres_172_we1       |  out|    1|   ap_memory|               co_pres_172|         array|
|co_pres_172_d1        |  out|    1|   ap_memory|               co_pres_172|         array|
|co_pres_171_address1  |  out|    6|   ap_memory|               co_pres_171|         array|
|co_pres_171_ce1       |  out|    1|   ap_memory|               co_pres_171|         array|
|co_pres_171_we1       |  out|    1|   ap_memory|               co_pres_171|         array|
|co_pres_171_d1        |  out|    1|   ap_memory|               co_pres_171|         array|
|co_pres_170_address1  |  out|    6|   ap_memory|               co_pres_170|         array|
|co_pres_170_ce1       |  out|    1|   ap_memory|               co_pres_170|         array|
|co_pres_170_we1       |  out|    1|   ap_memory|               co_pres_170|         array|
|co_pres_170_d1        |  out|    1|   ap_memory|               co_pres_170|         array|
|co_pres_169_address1  |  out|    6|   ap_memory|               co_pres_169|         array|
|co_pres_169_ce1       |  out|    1|   ap_memory|               co_pres_169|         array|
|co_pres_169_we1       |  out|    1|   ap_memory|               co_pres_169|         array|
|co_pres_169_d1        |  out|    1|   ap_memory|               co_pres_169|         array|
|co_pres_168_address1  |  out|    6|   ap_memory|               co_pres_168|         array|
|co_pres_168_ce1       |  out|    1|   ap_memory|               co_pres_168|         array|
|co_pres_168_we1       |  out|    1|   ap_memory|               co_pres_168|         array|
|co_pres_168_d1        |  out|    1|   ap_memory|               co_pres_168|         array|
|co_pres_167_address1  |  out|    6|   ap_memory|               co_pres_167|         array|
|co_pres_167_ce1       |  out|    1|   ap_memory|               co_pres_167|         array|
|co_pres_167_we1       |  out|    1|   ap_memory|               co_pres_167|         array|
|co_pres_167_d1        |  out|    1|   ap_memory|               co_pres_167|         array|
|co_pres_166_address1  |  out|    6|   ap_memory|               co_pres_166|         array|
|co_pres_166_ce1       |  out|    1|   ap_memory|               co_pres_166|         array|
|co_pres_166_we1       |  out|    1|   ap_memory|               co_pres_166|         array|
|co_pres_166_d1        |  out|    1|   ap_memory|               co_pres_166|         array|
|co_pres_165_address1  |  out|    6|   ap_memory|               co_pres_165|         array|
|co_pres_165_ce1       |  out|    1|   ap_memory|               co_pres_165|         array|
|co_pres_165_we1       |  out|    1|   ap_memory|               co_pres_165|         array|
|co_pres_165_d1        |  out|    1|   ap_memory|               co_pres_165|         array|
|co_pres_164_address1  |  out|    6|   ap_memory|               co_pres_164|         array|
|co_pres_164_ce1       |  out|    1|   ap_memory|               co_pres_164|         array|
|co_pres_164_we1       |  out|    1|   ap_memory|               co_pres_164|         array|
|co_pres_164_d1        |  out|    1|   ap_memory|               co_pres_164|         array|
|co_pres_163_address1  |  out|    6|   ap_memory|               co_pres_163|         array|
|co_pres_163_ce1       |  out|    1|   ap_memory|               co_pres_163|         array|
|co_pres_163_we1       |  out|    1|   ap_memory|               co_pres_163|         array|
|co_pres_163_d1        |  out|    1|   ap_memory|               co_pres_163|         array|
|co_pres_162_address1  |  out|    6|   ap_memory|               co_pres_162|         array|
|co_pres_162_ce1       |  out|    1|   ap_memory|               co_pres_162|         array|
|co_pres_162_we1       |  out|    1|   ap_memory|               co_pres_162|         array|
|co_pres_162_d1        |  out|    1|   ap_memory|               co_pres_162|         array|
|co_pres_161_address1  |  out|    6|   ap_memory|               co_pres_161|         array|
|co_pres_161_ce1       |  out|    1|   ap_memory|               co_pres_161|         array|
|co_pres_161_we1       |  out|    1|   ap_memory|               co_pres_161|         array|
|co_pres_161_d1        |  out|    1|   ap_memory|               co_pres_161|         array|
|co_pres_160_address1  |  out|    6|   ap_memory|               co_pres_160|         array|
|co_pres_160_ce1       |  out|    1|   ap_memory|               co_pres_160|         array|
|co_pres_160_we1       |  out|    1|   ap_memory|               co_pres_160|         array|
|co_pres_160_d1        |  out|    1|   ap_memory|               co_pres_160|         array|
|co_pres_159_address1  |  out|    6|   ap_memory|               co_pres_159|         array|
|co_pres_159_ce1       |  out|    1|   ap_memory|               co_pres_159|         array|
|co_pres_159_we1       |  out|    1|   ap_memory|               co_pres_159|         array|
|co_pres_159_d1        |  out|    1|   ap_memory|               co_pres_159|         array|
|co_pres_158_address1  |  out|    6|   ap_memory|               co_pres_158|         array|
|co_pres_158_ce1       |  out|    1|   ap_memory|               co_pres_158|         array|
|co_pres_158_we1       |  out|    1|   ap_memory|               co_pres_158|         array|
|co_pres_158_d1        |  out|    1|   ap_memory|               co_pres_158|         array|
|co_pres_157_address1  |  out|    6|   ap_memory|               co_pres_157|         array|
|co_pres_157_ce1       |  out|    1|   ap_memory|               co_pres_157|         array|
|co_pres_157_we1       |  out|    1|   ap_memory|               co_pres_157|         array|
|co_pres_157_d1        |  out|    1|   ap_memory|               co_pres_157|         array|
|co_pres_156_address1  |  out|    6|   ap_memory|               co_pres_156|         array|
|co_pres_156_ce1       |  out|    1|   ap_memory|               co_pres_156|         array|
|co_pres_156_we1       |  out|    1|   ap_memory|               co_pres_156|         array|
|co_pres_156_d1        |  out|    1|   ap_memory|               co_pres_156|         array|
|co_pres_155_address1  |  out|    6|   ap_memory|               co_pres_155|         array|
|co_pres_155_ce1       |  out|    1|   ap_memory|               co_pres_155|         array|
|co_pres_155_we1       |  out|    1|   ap_memory|               co_pres_155|         array|
|co_pres_155_d1        |  out|    1|   ap_memory|               co_pres_155|         array|
|co_pres_154_address1  |  out|    6|   ap_memory|               co_pres_154|         array|
|co_pres_154_ce1       |  out|    1|   ap_memory|               co_pres_154|         array|
|co_pres_154_we1       |  out|    1|   ap_memory|               co_pres_154|         array|
|co_pres_154_d1        |  out|    1|   ap_memory|               co_pres_154|         array|
|co_pres_153_address1  |  out|    6|   ap_memory|               co_pres_153|         array|
|co_pres_153_ce1       |  out|    1|   ap_memory|               co_pres_153|         array|
|co_pres_153_we1       |  out|    1|   ap_memory|               co_pres_153|         array|
|co_pres_153_d1        |  out|    1|   ap_memory|               co_pres_153|         array|
|co_pres_152_address1  |  out|    6|   ap_memory|               co_pres_152|         array|
|co_pres_152_ce1       |  out|    1|   ap_memory|               co_pres_152|         array|
|co_pres_152_we1       |  out|    1|   ap_memory|               co_pres_152|         array|
|co_pres_152_d1        |  out|    1|   ap_memory|               co_pres_152|         array|
|co_pres_151_address1  |  out|    6|   ap_memory|               co_pres_151|         array|
|co_pres_151_ce1       |  out|    1|   ap_memory|               co_pres_151|         array|
|co_pres_151_we1       |  out|    1|   ap_memory|               co_pres_151|         array|
|co_pres_151_d1        |  out|    1|   ap_memory|               co_pres_151|         array|
|co_pres_150_address1  |  out|    6|   ap_memory|               co_pres_150|         array|
|co_pres_150_ce1       |  out|    1|   ap_memory|               co_pres_150|         array|
|co_pres_150_we1       |  out|    1|   ap_memory|               co_pres_150|         array|
|co_pres_150_d1        |  out|    1|   ap_memory|               co_pres_150|         array|
|co_pres_149_address1  |  out|    6|   ap_memory|               co_pres_149|         array|
|co_pres_149_ce1       |  out|    1|   ap_memory|               co_pres_149|         array|
|co_pres_149_we1       |  out|    1|   ap_memory|               co_pres_149|         array|
|co_pres_149_d1        |  out|    1|   ap_memory|               co_pres_149|         array|
|co_pres_148_address1  |  out|    6|   ap_memory|               co_pres_148|         array|
|co_pres_148_ce1       |  out|    1|   ap_memory|               co_pres_148|         array|
|co_pres_148_we1       |  out|    1|   ap_memory|               co_pres_148|         array|
|co_pres_148_d1        |  out|    1|   ap_memory|               co_pres_148|         array|
|co_pres_147_address1  |  out|    6|   ap_memory|               co_pres_147|         array|
|co_pres_147_ce1       |  out|    1|   ap_memory|               co_pres_147|         array|
|co_pres_147_we1       |  out|    1|   ap_memory|               co_pres_147|         array|
|co_pres_147_d1        |  out|    1|   ap_memory|               co_pres_147|         array|
|co_pres_146_address1  |  out|    6|   ap_memory|               co_pres_146|         array|
|co_pres_146_ce1       |  out|    1|   ap_memory|               co_pres_146|         array|
|co_pres_146_we1       |  out|    1|   ap_memory|               co_pres_146|         array|
|co_pres_146_d1        |  out|    1|   ap_memory|               co_pres_146|         array|
|co_pres_145_address1  |  out|    6|   ap_memory|               co_pres_145|         array|
|co_pres_145_ce1       |  out|    1|   ap_memory|               co_pres_145|         array|
|co_pres_145_we1       |  out|    1|   ap_memory|               co_pres_145|         array|
|co_pres_145_d1        |  out|    1|   ap_memory|               co_pres_145|         array|
|co_pres_144_address1  |  out|    6|   ap_memory|               co_pres_144|         array|
|co_pres_144_ce1       |  out|    1|   ap_memory|               co_pres_144|         array|
|co_pres_144_we1       |  out|    1|   ap_memory|               co_pres_144|         array|
|co_pres_144_d1        |  out|    1|   ap_memory|               co_pres_144|         array|
|co_pres_143_address1  |  out|    6|   ap_memory|               co_pres_143|         array|
|co_pres_143_ce1       |  out|    1|   ap_memory|               co_pres_143|         array|
|co_pres_143_we1       |  out|    1|   ap_memory|               co_pres_143|         array|
|co_pres_143_d1        |  out|    1|   ap_memory|               co_pres_143|         array|
|co_pres_142_address1  |  out|    6|   ap_memory|               co_pres_142|         array|
|co_pres_142_ce1       |  out|    1|   ap_memory|               co_pres_142|         array|
|co_pres_142_we1       |  out|    1|   ap_memory|               co_pres_142|         array|
|co_pres_142_d1        |  out|    1|   ap_memory|               co_pres_142|         array|
|co_pres_141_address1  |  out|    6|   ap_memory|               co_pres_141|         array|
|co_pres_141_ce1       |  out|    1|   ap_memory|               co_pres_141|         array|
|co_pres_141_we1       |  out|    1|   ap_memory|               co_pres_141|         array|
|co_pres_141_d1        |  out|    1|   ap_memory|               co_pres_141|         array|
|co_pres_140_address1  |  out|    6|   ap_memory|               co_pres_140|         array|
|co_pres_140_ce1       |  out|    1|   ap_memory|               co_pres_140|         array|
|co_pres_140_we1       |  out|    1|   ap_memory|               co_pres_140|         array|
|co_pres_140_d1        |  out|    1|   ap_memory|               co_pres_140|         array|
|co_pres_139_address1  |  out|    6|   ap_memory|               co_pres_139|         array|
|co_pres_139_ce1       |  out|    1|   ap_memory|               co_pres_139|         array|
|co_pres_139_we1       |  out|    1|   ap_memory|               co_pres_139|         array|
|co_pres_139_d1        |  out|    1|   ap_memory|               co_pres_139|         array|
|co_pres_138_address1  |  out|    6|   ap_memory|               co_pres_138|         array|
|co_pres_138_ce1       |  out|    1|   ap_memory|               co_pres_138|         array|
|co_pres_138_we1       |  out|    1|   ap_memory|               co_pres_138|         array|
|co_pres_138_d1        |  out|    1|   ap_memory|               co_pres_138|         array|
|co_pres_137_address1  |  out|    6|   ap_memory|               co_pres_137|         array|
|co_pres_137_ce1       |  out|    1|   ap_memory|               co_pres_137|         array|
|co_pres_137_we1       |  out|    1|   ap_memory|               co_pres_137|         array|
|co_pres_137_d1        |  out|    1|   ap_memory|               co_pres_137|         array|
|co_pres_136_address1  |  out|    6|   ap_memory|               co_pres_136|         array|
|co_pres_136_ce1       |  out|    1|   ap_memory|               co_pres_136|         array|
|co_pres_136_we1       |  out|    1|   ap_memory|               co_pres_136|         array|
|co_pres_136_d1        |  out|    1|   ap_memory|               co_pres_136|         array|
|co_pres_135_address1  |  out|    6|   ap_memory|               co_pres_135|         array|
|co_pres_135_ce1       |  out|    1|   ap_memory|               co_pres_135|         array|
|co_pres_135_we1       |  out|    1|   ap_memory|               co_pres_135|         array|
|co_pres_135_d1        |  out|    1|   ap_memory|               co_pres_135|         array|
|co_pres_134_address1  |  out|    6|   ap_memory|               co_pres_134|         array|
|co_pres_134_ce1       |  out|    1|   ap_memory|               co_pres_134|         array|
|co_pres_134_we1       |  out|    1|   ap_memory|               co_pres_134|         array|
|co_pres_134_d1        |  out|    1|   ap_memory|               co_pres_134|         array|
|co_pres_133_address1  |  out|    6|   ap_memory|               co_pres_133|         array|
|co_pres_133_ce1       |  out|    1|   ap_memory|               co_pres_133|         array|
|co_pres_133_we1       |  out|    1|   ap_memory|               co_pres_133|         array|
|co_pres_133_d1        |  out|    1|   ap_memory|               co_pres_133|         array|
|co_pres_132_address1  |  out|    6|   ap_memory|               co_pres_132|         array|
|co_pres_132_ce1       |  out|    1|   ap_memory|               co_pres_132|         array|
|co_pres_132_we1       |  out|    1|   ap_memory|               co_pres_132|         array|
|co_pres_132_d1        |  out|    1|   ap_memory|               co_pres_132|         array|
|co_pres_131_address1  |  out|    6|   ap_memory|               co_pres_131|         array|
|co_pres_131_ce1       |  out|    1|   ap_memory|               co_pres_131|         array|
|co_pres_131_we1       |  out|    1|   ap_memory|               co_pres_131|         array|
|co_pres_131_d1        |  out|    1|   ap_memory|               co_pres_131|         array|
|co_pres_130_address1  |  out|    6|   ap_memory|               co_pres_130|         array|
|co_pres_130_ce1       |  out|    1|   ap_memory|               co_pres_130|         array|
|co_pres_130_we1       |  out|    1|   ap_memory|               co_pres_130|         array|
|co_pres_130_d1        |  out|    1|   ap_memory|               co_pres_130|         array|
|co_pres_129_address1  |  out|    6|   ap_memory|               co_pres_129|         array|
|co_pres_129_ce1       |  out|    1|   ap_memory|               co_pres_129|         array|
|co_pres_129_we1       |  out|    1|   ap_memory|               co_pres_129|         array|
|co_pres_129_d1        |  out|    1|   ap_memory|               co_pres_129|         array|
|co_pres_128_address1  |  out|    6|   ap_memory|               co_pres_128|         array|
|co_pres_128_ce1       |  out|    1|   ap_memory|               co_pres_128|         array|
|co_pres_128_we1       |  out|    1|   ap_memory|               co_pres_128|         array|
|co_pres_128_d1        |  out|    1|   ap_memory|               co_pres_128|         array|
|co_pres_127_address1  |  out|    6|   ap_memory|               co_pres_127|         array|
|co_pres_127_ce1       |  out|    1|   ap_memory|               co_pres_127|         array|
|co_pres_127_we1       |  out|    1|   ap_memory|               co_pres_127|         array|
|co_pres_127_d1        |  out|    1|   ap_memory|               co_pres_127|         array|
|co_pres_126_address1  |  out|    6|   ap_memory|               co_pres_126|         array|
|co_pres_126_ce1       |  out|    1|   ap_memory|               co_pres_126|         array|
|co_pres_126_we1       |  out|    1|   ap_memory|               co_pres_126|         array|
|co_pres_126_d1        |  out|    1|   ap_memory|               co_pres_126|         array|
|co_pres_125_address1  |  out|    6|   ap_memory|               co_pres_125|         array|
|co_pres_125_ce1       |  out|    1|   ap_memory|               co_pres_125|         array|
|co_pres_125_we1       |  out|    1|   ap_memory|               co_pres_125|         array|
|co_pres_125_d1        |  out|    1|   ap_memory|               co_pres_125|         array|
|co_pres_124_address1  |  out|    6|   ap_memory|               co_pres_124|         array|
|co_pres_124_ce1       |  out|    1|   ap_memory|               co_pres_124|         array|
|co_pres_124_we1       |  out|    1|   ap_memory|               co_pres_124|         array|
|co_pres_124_d1        |  out|    1|   ap_memory|               co_pres_124|         array|
|co_pres_123_address1  |  out|    6|   ap_memory|               co_pres_123|         array|
|co_pres_123_ce1       |  out|    1|   ap_memory|               co_pres_123|         array|
|co_pres_123_we1       |  out|    1|   ap_memory|               co_pres_123|         array|
|co_pres_123_d1        |  out|    1|   ap_memory|               co_pres_123|         array|
|co_pres_122_address1  |  out|    6|   ap_memory|               co_pres_122|         array|
|co_pres_122_ce1       |  out|    1|   ap_memory|               co_pres_122|         array|
|co_pres_122_we1       |  out|    1|   ap_memory|               co_pres_122|         array|
|co_pres_122_d1        |  out|    1|   ap_memory|               co_pres_122|         array|
|co_pres_121_address1  |  out|    6|   ap_memory|               co_pres_121|         array|
|co_pres_121_ce1       |  out|    1|   ap_memory|               co_pres_121|         array|
|co_pres_121_we1       |  out|    1|   ap_memory|               co_pres_121|         array|
|co_pres_121_d1        |  out|    1|   ap_memory|               co_pres_121|         array|
|co_pres_120_address1  |  out|    6|   ap_memory|               co_pres_120|         array|
|co_pres_120_ce1       |  out|    1|   ap_memory|               co_pres_120|         array|
|co_pres_120_we1       |  out|    1|   ap_memory|               co_pres_120|         array|
|co_pres_120_d1        |  out|    1|   ap_memory|               co_pres_120|         array|
|co_pres_119_address1  |  out|    6|   ap_memory|               co_pres_119|         array|
|co_pres_119_ce1       |  out|    1|   ap_memory|               co_pres_119|         array|
|co_pres_119_we1       |  out|    1|   ap_memory|               co_pres_119|         array|
|co_pres_119_d1        |  out|    1|   ap_memory|               co_pres_119|         array|
|co_pres_118_address1  |  out|    6|   ap_memory|               co_pres_118|         array|
|co_pres_118_ce1       |  out|    1|   ap_memory|               co_pres_118|         array|
|co_pres_118_we1       |  out|    1|   ap_memory|               co_pres_118|         array|
|co_pres_118_d1        |  out|    1|   ap_memory|               co_pres_118|         array|
|co_pres_117_address1  |  out|    6|   ap_memory|               co_pres_117|         array|
|co_pres_117_ce1       |  out|    1|   ap_memory|               co_pres_117|         array|
|co_pres_117_we1       |  out|    1|   ap_memory|               co_pres_117|         array|
|co_pres_117_d1        |  out|    1|   ap_memory|               co_pres_117|         array|
|co_pres_116_address1  |  out|    6|   ap_memory|               co_pres_116|         array|
|co_pres_116_ce1       |  out|    1|   ap_memory|               co_pres_116|         array|
|co_pres_116_we1       |  out|    1|   ap_memory|               co_pres_116|         array|
|co_pres_116_d1        |  out|    1|   ap_memory|               co_pres_116|         array|
|co_pres_115_address1  |  out|    6|   ap_memory|               co_pres_115|         array|
|co_pres_115_ce1       |  out|    1|   ap_memory|               co_pres_115|         array|
|co_pres_115_we1       |  out|    1|   ap_memory|               co_pres_115|         array|
|co_pres_115_d1        |  out|    1|   ap_memory|               co_pres_115|         array|
|co_pres_114_address1  |  out|    6|   ap_memory|               co_pres_114|         array|
|co_pres_114_ce1       |  out|    1|   ap_memory|               co_pres_114|         array|
|co_pres_114_we1       |  out|    1|   ap_memory|               co_pres_114|         array|
|co_pres_114_d1        |  out|    1|   ap_memory|               co_pres_114|         array|
|co_pres_113_address1  |  out|    6|   ap_memory|               co_pres_113|         array|
|co_pres_113_ce1       |  out|    1|   ap_memory|               co_pres_113|         array|
|co_pres_113_we1       |  out|    1|   ap_memory|               co_pres_113|         array|
|co_pres_113_d1        |  out|    1|   ap_memory|               co_pres_113|         array|
|co_pres_112_address1  |  out|    6|   ap_memory|               co_pres_112|         array|
|co_pres_112_ce1       |  out|    1|   ap_memory|               co_pres_112|         array|
|co_pres_112_we1       |  out|    1|   ap_memory|               co_pres_112|         array|
|co_pres_112_d1        |  out|    1|   ap_memory|               co_pres_112|         array|
|co_pres_111_address1  |  out|    6|   ap_memory|               co_pres_111|         array|
|co_pres_111_ce1       |  out|    1|   ap_memory|               co_pres_111|         array|
|co_pres_111_we1       |  out|    1|   ap_memory|               co_pres_111|         array|
|co_pres_111_d1        |  out|    1|   ap_memory|               co_pres_111|         array|
|co_pres_110_address1  |  out|    6|   ap_memory|               co_pres_110|         array|
|co_pres_110_ce1       |  out|    1|   ap_memory|               co_pres_110|         array|
|co_pres_110_we1       |  out|    1|   ap_memory|               co_pres_110|         array|
|co_pres_110_d1        |  out|    1|   ap_memory|               co_pres_110|         array|
|co_pres_109_address1  |  out|    6|   ap_memory|               co_pres_109|         array|
|co_pres_109_ce1       |  out|    1|   ap_memory|               co_pres_109|         array|
|co_pres_109_we1       |  out|    1|   ap_memory|               co_pres_109|         array|
|co_pres_109_d1        |  out|    1|   ap_memory|               co_pres_109|         array|
|co_pres_108_address1  |  out|    6|   ap_memory|               co_pres_108|         array|
|co_pres_108_ce1       |  out|    1|   ap_memory|               co_pres_108|         array|
|co_pres_108_we1       |  out|    1|   ap_memory|               co_pres_108|         array|
|co_pres_108_d1        |  out|    1|   ap_memory|               co_pres_108|         array|
|co_pres_107_address1  |  out|    6|   ap_memory|               co_pres_107|         array|
|co_pres_107_ce1       |  out|    1|   ap_memory|               co_pres_107|         array|
|co_pres_107_we1       |  out|    1|   ap_memory|               co_pres_107|         array|
|co_pres_107_d1        |  out|    1|   ap_memory|               co_pres_107|         array|
|co_pres_106_address1  |  out|    6|   ap_memory|               co_pres_106|         array|
|co_pres_106_ce1       |  out|    1|   ap_memory|               co_pres_106|         array|
|co_pres_106_we1       |  out|    1|   ap_memory|               co_pres_106|         array|
|co_pres_106_d1        |  out|    1|   ap_memory|               co_pres_106|         array|
|co_pres_105_address1  |  out|    6|   ap_memory|               co_pres_105|         array|
|co_pres_105_ce1       |  out|    1|   ap_memory|               co_pres_105|         array|
|co_pres_105_we1       |  out|    1|   ap_memory|               co_pres_105|         array|
|co_pres_105_d1        |  out|    1|   ap_memory|               co_pres_105|         array|
|co_pres_104_address1  |  out|    6|   ap_memory|               co_pres_104|         array|
|co_pres_104_ce1       |  out|    1|   ap_memory|               co_pres_104|         array|
|co_pres_104_we1       |  out|    1|   ap_memory|               co_pres_104|         array|
|co_pres_104_d1        |  out|    1|   ap_memory|               co_pres_104|         array|
|co_pres_103_address1  |  out|    6|   ap_memory|               co_pres_103|         array|
|co_pres_103_ce1       |  out|    1|   ap_memory|               co_pres_103|         array|
|co_pres_103_we1       |  out|    1|   ap_memory|               co_pres_103|         array|
|co_pres_103_d1        |  out|    1|   ap_memory|               co_pres_103|         array|
|co_pres_102_address1  |  out|    6|   ap_memory|               co_pres_102|         array|
|co_pres_102_ce1       |  out|    1|   ap_memory|               co_pres_102|         array|
|co_pres_102_we1       |  out|    1|   ap_memory|               co_pres_102|         array|
|co_pres_102_d1        |  out|    1|   ap_memory|               co_pres_102|         array|
|co_pres_101_address1  |  out|    6|   ap_memory|               co_pres_101|         array|
|co_pres_101_ce1       |  out|    1|   ap_memory|               co_pres_101|         array|
|co_pres_101_we1       |  out|    1|   ap_memory|               co_pres_101|         array|
|co_pres_101_d1        |  out|    1|   ap_memory|               co_pres_101|         array|
|co_pres_100_address1  |  out|    6|   ap_memory|               co_pres_100|         array|
|co_pres_100_ce1       |  out|    1|   ap_memory|               co_pres_100|         array|
|co_pres_100_we1       |  out|    1|   ap_memory|               co_pres_100|         array|
|co_pres_100_d1        |  out|    1|   ap_memory|               co_pres_100|         array|
|co_pres_99_address1   |  out|    6|   ap_memory|                co_pres_99|         array|
|co_pres_99_ce1        |  out|    1|   ap_memory|                co_pres_99|         array|
|co_pres_99_we1        |  out|    1|   ap_memory|                co_pres_99|         array|
|co_pres_99_d1         |  out|    1|   ap_memory|                co_pres_99|         array|
|co_pres_98_address1   |  out|    6|   ap_memory|                co_pres_98|         array|
|co_pres_98_ce1        |  out|    1|   ap_memory|                co_pres_98|         array|
|co_pres_98_we1        |  out|    1|   ap_memory|                co_pres_98|         array|
|co_pres_98_d1         |  out|    1|   ap_memory|                co_pres_98|         array|
|co_pres_97_address1   |  out|    6|   ap_memory|                co_pres_97|         array|
|co_pres_97_ce1        |  out|    1|   ap_memory|                co_pres_97|         array|
|co_pres_97_we1        |  out|    1|   ap_memory|                co_pres_97|         array|
|co_pres_97_d1         |  out|    1|   ap_memory|                co_pres_97|         array|
|co_pres_96_address1   |  out|    6|   ap_memory|                co_pres_96|         array|
|co_pres_96_ce1        |  out|    1|   ap_memory|                co_pres_96|         array|
|co_pres_96_we1        |  out|    1|   ap_memory|                co_pres_96|         array|
|co_pres_96_d1         |  out|    1|   ap_memory|                co_pres_96|         array|
|co_pres_95_address1   |  out|    6|   ap_memory|                co_pres_95|         array|
|co_pres_95_ce1        |  out|    1|   ap_memory|                co_pres_95|         array|
|co_pres_95_we1        |  out|    1|   ap_memory|                co_pres_95|         array|
|co_pres_95_d1         |  out|    1|   ap_memory|                co_pres_95|         array|
|co_pres_94_address1   |  out|    6|   ap_memory|                co_pres_94|         array|
|co_pres_94_ce1        |  out|    1|   ap_memory|                co_pres_94|         array|
|co_pres_94_we1        |  out|    1|   ap_memory|                co_pres_94|         array|
|co_pres_94_d1         |  out|    1|   ap_memory|                co_pres_94|         array|
|co_pres_93_address1   |  out|    6|   ap_memory|                co_pres_93|         array|
|co_pres_93_ce1        |  out|    1|   ap_memory|                co_pres_93|         array|
|co_pres_93_we1        |  out|    1|   ap_memory|                co_pres_93|         array|
|co_pres_93_d1         |  out|    1|   ap_memory|                co_pres_93|         array|
|co_pres_92_address1   |  out|    6|   ap_memory|                co_pres_92|         array|
|co_pres_92_ce1        |  out|    1|   ap_memory|                co_pres_92|         array|
|co_pres_92_we1        |  out|    1|   ap_memory|                co_pres_92|         array|
|co_pres_92_d1         |  out|    1|   ap_memory|                co_pres_92|         array|
|co_pres_91_address1   |  out|    6|   ap_memory|                co_pres_91|         array|
|co_pres_91_ce1        |  out|    1|   ap_memory|                co_pres_91|         array|
|co_pres_91_we1        |  out|    1|   ap_memory|                co_pres_91|         array|
|co_pres_91_d1         |  out|    1|   ap_memory|                co_pres_91|         array|
|co_pres_90_address1   |  out|    6|   ap_memory|                co_pres_90|         array|
|co_pres_90_ce1        |  out|    1|   ap_memory|                co_pres_90|         array|
|co_pres_90_we1        |  out|    1|   ap_memory|                co_pres_90|         array|
|co_pres_90_d1         |  out|    1|   ap_memory|                co_pres_90|         array|
|co_pres_89_address1   |  out|    6|   ap_memory|                co_pres_89|         array|
|co_pres_89_ce1        |  out|    1|   ap_memory|                co_pres_89|         array|
|co_pres_89_we1        |  out|    1|   ap_memory|                co_pres_89|         array|
|co_pres_89_d1         |  out|    1|   ap_memory|                co_pres_89|         array|
|co_pres_88_address1   |  out|    6|   ap_memory|                co_pres_88|         array|
|co_pres_88_ce1        |  out|    1|   ap_memory|                co_pres_88|         array|
|co_pres_88_we1        |  out|    1|   ap_memory|                co_pres_88|         array|
|co_pres_88_d1         |  out|    1|   ap_memory|                co_pres_88|         array|
|co_pres_87_address1   |  out|    6|   ap_memory|                co_pres_87|         array|
|co_pres_87_ce1        |  out|    1|   ap_memory|                co_pres_87|         array|
|co_pres_87_we1        |  out|    1|   ap_memory|                co_pres_87|         array|
|co_pres_87_d1         |  out|    1|   ap_memory|                co_pres_87|         array|
|co_pres_86_address1   |  out|    6|   ap_memory|                co_pres_86|         array|
|co_pres_86_ce1        |  out|    1|   ap_memory|                co_pres_86|         array|
|co_pres_86_we1        |  out|    1|   ap_memory|                co_pres_86|         array|
|co_pres_86_d1         |  out|    1|   ap_memory|                co_pres_86|         array|
|co_pres_85_address1   |  out|    6|   ap_memory|                co_pres_85|         array|
|co_pres_85_ce1        |  out|    1|   ap_memory|                co_pres_85|         array|
|co_pres_85_we1        |  out|    1|   ap_memory|                co_pres_85|         array|
|co_pres_85_d1         |  out|    1|   ap_memory|                co_pres_85|         array|
|co_pres_84_address1   |  out|    6|   ap_memory|                co_pres_84|         array|
|co_pres_84_ce1        |  out|    1|   ap_memory|                co_pres_84|         array|
|co_pres_84_we1        |  out|    1|   ap_memory|                co_pres_84|         array|
|co_pres_84_d1         |  out|    1|   ap_memory|                co_pres_84|         array|
|co_pres_83_address1   |  out|    6|   ap_memory|                co_pres_83|         array|
|co_pres_83_ce1        |  out|    1|   ap_memory|                co_pres_83|         array|
|co_pres_83_we1        |  out|    1|   ap_memory|                co_pres_83|         array|
|co_pres_83_d1         |  out|    1|   ap_memory|                co_pres_83|         array|
|co_pres_82_address1   |  out|    6|   ap_memory|                co_pres_82|         array|
|co_pres_82_ce1        |  out|    1|   ap_memory|                co_pres_82|         array|
|co_pres_82_we1        |  out|    1|   ap_memory|                co_pres_82|         array|
|co_pres_82_d1         |  out|    1|   ap_memory|                co_pres_82|         array|
|co_pres_81_address1   |  out|    6|   ap_memory|                co_pres_81|         array|
|co_pres_81_ce1        |  out|    1|   ap_memory|                co_pres_81|         array|
|co_pres_81_we1        |  out|    1|   ap_memory|                co_pres_81|         array|
|co_pres_81_d1         |  out|    1|   ap_memory|                co_pres_81|         array|
|co_pres_80_address1   |  out|    6|   ap_memory|                co_pres_80|         array|
|co_pres_80_ce1        |  out|    1|   ap_memory|                co_pres_80|         array|
|co_pres_80_we1        |  out|    1|   ap_memory|                co_pres_80|         array|
|co_pres_80_d1         |  out|    1|   ap_memory|                co_pres_80|         array|
|co_pres_79_address1   |  out|    6|   ap_memory|                co_pres_79|         array|
|co_pres_79_ce1        |  out|    1|   ap_memory|                co_pres_79|         array|
|co_pres_79_we1        |  out|    1|   ap_memory|                co_pres_79|         array|
|co_pres_79_d1         |  out|    1|   ap_memory|                co_pres_79|         array|
|co_pres_78_address1   |  out|    6|   ap_memory|                co_pres_78|         array|
|co_pres_78_ce1        |  out|    1|   ap_memory|                co_pres_78|         array|
|co_pres_78_we1        |  out|    1|   ap_memory|                co_pres_78|         array|
|co_pres_78_d1         |  out|    1|   ap_memory|                co_pres_78|         array|
|co_pres_77_address1   |  out|    6|   ap_memory|                co_pres_77|         array|
|co_pres_77_ce1        |  out|    1|   ap_memory|                co_pres_77|         array|
|co_pres_77_we1        |  out|    1|   ap_memory|                co_pres_77|         array|
|co_pres_77_d1         |  out|    1|   ap_memory|                co_pres_77|         array|
|co_pres_76_address1   |  out|    6|   ap_memory|                co_pres_76|         array|
|co_pres_76_ce1        |  out|    1|   ap_memory|                co_pres_76|         array|
|co_pres_76_we1        |  out|    1|   ap_memory|                co_pres_76|         array|
|co_pres_76_d1         |  out|    1|   ap_memory|                co_pres_76|         array|
|co_pres_75_address1   |  out|    6|   ap_memory|                co_pres_75|         array|
|co_pres_75_ce1        |  out|    1|   ap_memory|                co_pres_75|         array|
|co_pres_75_we1        |  out|    1|   ap_memory|                co_pres_75|         array|
|co_pres_75_d1         |  out|    1|   ap_memory|                co_pres_75|         array|
|co_pres_74_address1   |  out|    6|   ap_memory|                co_pres_74|         array|
|co_pres_74_ce1        |  out|    1|   ap_memory|                co_pres_74|         array|
|co_pres_74_we1        |  out|    1|   ap_memory|                co_pres_74|         array|
|co_pres_74_d1         |  out|    1|   ap_memory|                co_pres_74|         array|
|co_pres_73_address1   |  out|    6|   ap_memory|                co_pres_73|         array|
|co_pres_73_ce1        |  out|    1|   ap_memory|                co_pres_73|         array|
|co_pres_73_we1        |  out|    1|   ap_memory|                co_pres_73|         array|
|co_pres_73_d1         |  out|    1|   ap_memory|                co_pres_73|         array|
|co_pres_72_address1   |  out|    6|   ap_memory|                co_pres_72|         array|
|co_pres_72_ce1        |  out|    1|   ap_memory|                co_pres_72|         array|
|co_pres_72_we1        |  out|    1|   ap_memory|                co_pres_72|         array|
|co_pres_72_d1         |  out|    1|   ap_memory|                co_pres_72|         array|
|co_pres_71_address1   |  out|    6|   ap_memory|                co_pres_71|         array|
|co_pres_71_ce1        |  out|    1|   ap_memory|                co_pres_71|         array|
|co_pres_71_we1        |  out|    1|   ap_memory|                co_pres_71|         array|
|co_pres_71_d1         |  out|    1|   ap_memory|                co_pres_71|         array|
|co_pres_70_address1   |  out|    6|   ap_memory|                co_pres_70|         array|
|co_pres_70_ce1        |  out|    1|   ap_memory|                co_pres_70|         array|
|co_pres_70_we1        |  out|    1|   ap_memory|                co_pres_70|         array|
|co_pres_70_d1         |  out|    1|   ap_memory|                co_pres_70|         array|
|co_pres_69_address1   |  out|    6|   ap_memory|                co_pres_69|         array|
|co_pres_69_ce1        |  out|    1|   ap_memory|                co_pres_69|         array|
|co_pres_69_we1        |  out|    1|   ap_memory|                co_pres_69|         array|
|co_pres_69_d1         |  out|    1|   ap_memory|                co_pres_69|         array|
|co_pres_68_address1   |  out|    6|   ap_memory|                co_pres_68|         array|
|co_pres_68_ce1        |  out|    1|   ap_memory|                co_pres_68|         array|
|co_pres_68_we1        |  out|    1|   ap_memory|                co_pres_68|         array|
|co_pres_68_d1         |  out|    1|   ap_memory|                co_pres_68|         array|
|co_pres_67_address1   |  out|    6|   ap_memory|                co_pres_67|         array|
|co_pres_67_ce1        |  out|    1|   ap_memory|                co_pres_67|         array|
|co_pres_67_we1        |  out|    1|   ap_memory|                co_pres_67|         array|
|co_pres_67_d1         |  out|    1|   ap_memory|                co_pres_67|         array|
|co_pres_66_address1   |  out|    6|   ap_memory|                co_pres_66|         array|
|co_pres_66_ce1        |  out|    1|   ap_memory|                co_pres_66|         array|
|co_pres_66_we1        |  out|    1|   ap_memory|                co_pres_66|         array|
|co_pres_66_d1         |  out|    1|   ap_memory|                co_pres_66|         array|
|co_pres_65_address1   |  out|    6|   ap_memory|                co_pres_65|         array|
|co_pres_65_ce1        |  out|    1|   ap_memory|                co_pres_65|         array|
|co_pres_65_we1        |  out|    1|   ap_memory|                co_pres_65|         array|
|co_pres_65_d1         |  out|    1|   ap_memory|                co_pres_65|         array|
|co_pres_64_address1   |  out|    6|   ap_memory|                co_pres_64|         array|
|co_pres_64_ce1        |  out|    1|   ap_memory|                co_pres_64|         array|
|co_pres_64_we1        |  out|    1|   ap_memory|                co_pres_64|         array|
|co_pres_64_d1         |  out|    1|   ap_memory|                co_pres_64|         array|
|co_pres_63_address1   |  out|    6|   ap_memory|                co_pres_63|         array|
|co_pres_63_ce1        |  out|    1|   ap_memory|                co_pres_63|         array|
|co_pres_63_we1        |  out|    1|   ap_memory|                co_pres_63|         array|
|co_pres_63_d1         |  out|    1|   ap_memory|                co_pres_63|         array|
|co_pres_62_address1   |  out|    6|   ap_memory|                co_pres_62|         array|
|co_pres_62_ce1        |  out|    1|   ap_memory|                co_pres_62|         array|
|co_pres_62_we1        |  out|    1|   ap_memory|                co_pres_62|         array|
|co_pres_62_d1         |  out|    1|   ap_memory|                co_pres_62|         array|
|co_pres_61_address1   |  out|    6|   ap_memory|                co_pres_61|         array|
|co_pres_61_ce1        |  out|    1|   ap_memory|                co_pres_61|         array|
|co_pres_61_we1        |  out|    1|   ap_memory|                co_pres_61|         array|
|co_pres_61_d1         |  out|    1|   ap_memory|                co_pres_61|         array|
|co_pres_60_address1   |  out|    6|   ap_memory|                co_pres_60|         array|
|co_pres_60_ce1        |  out|    1|   ap_memory|                co_pres_60|         array|
|co_pres_60_we1        |  out|    1|   ap_memory|                co_pres_60|         array|
|co_pres_60_d1         |  out|    1|   ap_memory|                co_pres_60|         array|
|co_pres_59_address1   |  out|    6|   ap_memory|                co_pres_59|         array|
|co_pres_59_ce1        |  out|    1|   ap_memory|                co_pres_59|         array|
|co_pres_59_we1        |  out|    1|   ap_memory|                co_pres_59|         array|
|co_pres_59_d1         |  out|    1|   ap_memory|                co_pres_59|         array|
|co_pres_58_address1   |  out|    6|   ap_memory|                co_pres_58|         array|
|co_pres_58_ce1        |  out|    1|   ap_memory|                co_pres_58|         array|
|co_pres_58_we1        |  out|    1|   ap_memory|                co_pres_58|         array|
|co_pres_58_d1         |  out|    1|   ap_memory|                co_pres_58|         array|
|co_pres_57_address1   |  out|    6|   ap_memory|                co_pres_57|         array|
|co_pres_57_ce1        |  out|    1|   ap_memory|                co_pres_57|         array|
|co_pres_57_we1        |  out|    1|   ap_memory|                co_pres_57|         array|
|co_pres_57_d1         |  out|    1|   ap_memory|                co_pres_57|         array|
|co_pres_56_address1   |  out|    6|   ap_memory|                co_pres_56|         array|
|co_pres_56_ce1        |  out|    1|   ap_memory|                co_pres_56|         array|
|co_pres_56_we1        |  out|    1|   ap_memory|                co_pres_56|         array|
|co_pres_56_d1         |  out|    1|   ap_memory|                co_pres_56|         array|
|co_pres_55_address1   |  out|    6|   ap_memory|                co_pres_55|         array|
|co_pres_55_ce1        |  out|    1|   ap_memory|                co_pres_55|         array|
|co_pres_55_we1        |  out|    1|   ap_memory|                co_pres_55|         array|
|co_pres_55_d1         |  out|    1|   ap_memory|                co_pres_55|         array|
|co_pres_54_address1   |  out|    6|   ap_memory|                co_pres_54|         array|
|co_pres_54_ce1        |  out|    1|   ap_memory|                co_pres_54|         array|
|co_pres_54_we1        |  out|    1|   ap_memory|                co_pres_54|         array|
|co_pres_54_d1         |  out|    1|   ap_memory|                co_pres_54|         array|
|co_pres_53_address1   |  out|    6|   ap_memory|                co_pres_53|         array|
|co_pres_53_ce1        |  out|    1|   ap_memory|                co_pres_53|         array|
|co_pres_53_we1        |  out|    1|   ap_memory|                co_pres_53|         array|
|co_pres_53_d1         |  out|    1|   ap_memory|                co_pres_53|         array|
|co_pres_52_address1   |  out|    6|   ap_memory|                co_pres_52|         array|
|co_pres_52_ce1        |  out|    1|   ap_memory|                co_pres_52|         array|
|co_pres_52_we1        |  out|    1|   ap_memory|                co_pres_52|         array|
|co_pres_52_d1         |  out|    1|   ap_memory|                co_pres_52|         array|
|co_pres_51_address1   |  out|    6|   ap_memory|                co_pres_51|         array|
|co_pres_51_ce1        |  out|    1|   ap_memory|                co_pres_51|         array|
|co_pres_51_we1        |  out|    1|   ap_memory|                co_pres_51|         array|
|co_pres_51_d1         |  out|    1|   ap_memory|                co_pres_51|         array|
|co_pres_50_address1   |  out|    6|   ap_memory|                co_pres_50|         array|
|co_pres_50_ce1        |  out|    1|   ap_memory|                co_pres_50|         array|
|co_pres_50_we1        |  out|    1|   ap_memory|                co_pres_50|         array|
|co_pres_50_d1         |  out|    1|   ap_memory|                co_pres_50|         array|
|co_pres_49_address1   |  out|    6|   ap_memory|                co_pres_49|         array|
|co_pres_49_ce1        |  out|    1|   ap_memory|                co_pres_49|         array|
|co_pres_49_we1        |  out|    1|   ap_memory|                co_pres_49|         array|
|co_pres_49_d1         |  out|    1|   ap_memory|                co_pres_49|         array|
|co_pres_48_address1   |  out|    6|   ap_memory|                co_pres_48|         array|
|co_pres_48_ce1        |  out|    1|   ap_memory|                co_pres_48|         array|
|co_pres_48_we1        |  out|    1|   ap_memory|                co_pres_48|         array|
|co_pres_48_d1         |  out|    1|   ap_memory|                co_pres_48|         array|
|co_pres_47_address1   |  out|    6|   ap_memory|                co_pres_47|         array|
|co_pres_47_ce1        |  out|    1|   ap_memory|                co_pres_47|         array|
|co_pres_47_we1        |  out|    1|   ap_memory|                co_pres_47|         array|
|co_pres_47_d1         |  out|    1|   ap_memory|                co_pres_47|         array|
|co_pres_46_address1   |  out|    6|   ap_memory|                co_pres_46|         array|
|co_pres_46_ce1        |  out|    1|   ap_memory|                co_pres_46|         array|
|co_pres_46_we1        |  out|    1|   ap_memory|                co_pres_46|         array|
|co_pres_46_d1         |  out|    1|   ap_memory|                co_pres_46|         array|
|co_pres_45_address1   |  out|    6|   ap_memory|                co_pres_45|         array|
|co_pres_45_ce1        |  out|    1|   ap_memory|                co_pres_45|         array|
|co_pres_45_we1        |  out|    1|   ap_memory|                co_pres_45|         array|
|co_pres_45_d1         |  out|    1|   ap_memory|                co_pres_45|         array|
|co_pres_44_address1   |  out|    6|   ap_memory|                co_pres_44|         array|
|co_pres_44_ce1        |  out|    1|   ap_memory|                co_pres_44|         array|
|co_pres_44_we1        |  out|    1|   ap_memory|                co_pres_44|         array|
|co_pres_44_d1         |  out|    1|   ap_memory|                co_pres_44|         array|
|co_pres_43_address1   |  out|    6|   ap_memory|                co_pres_43|         array|
|co_pres_43_ce1        |  out|    1|   ap_memory|                co_pres_43|         array|
|co_pres_43_we1        |  out|    1|   ap_memory|                co_pres_43|         array|
|co_pres_43_d1         |  out|    1|   ap_memory|                co_pres_43|         array|
|co_pres_42_address1   |  out|    6|   ap_memory|                co_pres_42|         array|
|co_pres_42_ce1        |  out|    1|   ap_memory|                co_pres_42|         array|
|co_pres_42_we1        |  out|    1|   ap_memory|                co_pres_42|         array|
|co_pres_42_d1         |  out|    1|   ap_memory|                co_pres_42|         array|
|co_pres_41_address1   |  out|    6|   ap_memory|                co_pres_41|         array|
|co_pres_41_ce1        |  out|    1|   ap_memory|                co_pres_41|         array|
|co_pres_41_we1        |  out|    1|   ap_memory|                co_pres_41|         array|
|co_pres_41_d1         |  out|    1|   ap_memory|                co_pres_41|         array|
|co_pres_40_address1   |  out|    6|   ap_memory|                co_pres_40|         array|
|co_pres_40_ce1        |  out|    1|   ap_memory|                co_pres_40|         array|
|co_pres_40_we1        |  out|    1|   ap_memory|                co_pres_40|         array|
|co_pres_40_d1         |  out|    1|   ap_memory|                co_pres_40|         array|
|co_pres_39_address1   |  out|    6|   ap_memory|                co_pres_39|         array|
|co_pres_39_ce1        |  out|    1|   ap_memory|                co_pres_39|         array|
|co_pres_39_we1        |  out|    1|   ap_memory|                co_pres_39|         array|
|co_pres_39_d1         |  out|    1|   ap_memory|                co_pres_39|         array|
|co_pres_38_address1   |  out|    6|   ap_memory|                co_pres_38|         array|
|co_pres_38_ce1        |  out|    1|   ap_memory|                co_pres_38|         array|
|co_pres_38_we1        |  out|    1|   ap_memory|                co_pres_38|         array|
|co_pres_38_d1         |  out|    1|   ap_memory|                co_pres_38|         array|
|co_pres_37_address1   |  out|    6|   ap_memory|                co_pres_37|         array|
|co_pres_37_ce1        |  out|    1|   ap_memory|                co_pres_37|         array|
|co_pres_37_we1        |  out|    1|   ap_memory|                co_pres_37|         array|
|co_pres_37_d1         |  out|    1|   ap_memory|                co_pres_37|         array|
|co_pres_36_address1   |  out|    6|   ap_memory|                co_pres_36|         array|
|co_pres_36_ce1        |  out|    1|   ap_memory|                co_pres_36|         array|
|co_pres_36_we1        |  out|    1|   ap_memory|                co_pres_36|         array|
|co_pres_36_d1         |  out|    1|   ap_memory|                co_pres_36|         array|
|co_pres_35_address1   |  out|    6|   ap_memory|                co_pres_35|         array|
|co_pres_35_ce1        |  out|    1|   ap_memory|                co_pres_35|         array|
|co_pres_35_we1        |  out|    1|   ap_memory|                co_pres_35|         array|
|co_pres_35_d1         |  out|    1|   ap_memory|                co_pres_35|         array|
|co_pres_34_address1   |  out|    6|   ap_memory|                co_pres_34|         array|
|co_pres_34_ce1        |  out|    1|   ap_memory|                co_pres_34|         array|
|co_pres_34_we1        |  out|    1|   ap_memory|                co_pres_34|         array|
|co_pres_34_d1         |  out|    1|   ap_memory|                co_pres_34|         array|
|co_pres_33_address1   |  out|    6|   ap_memory|                co_pres_33|         array|
|co_pres_33_ce1        |  out|    1|   ap_memory|                co_pres_33|         array|
|co_pres_33_we1        |  out|    1|   ap_memory|                co_pres_33|         array|
|co_pres_33_d1         |  out|    1|   ap_memory|                co_pres_33|         array|
|co_pres_32_address1   |  out|    6|   ap_memory|                co_pres_32|         array|
|co_pres_32_ce1        |  out|    1|   ap_memory|                co_pres_32|         array|
|co_pres_32_we1        |  out|    1|   ap_memory|                co_pres_32|         array|
|co_pres_32_d1         |  out|    1|   ap_memory|                co_pres_32|         array|
|co_pres_31_address1   |  out|    6|   ap_memory|                co_pres_31|         array|
|co_pres_31_ce1        |  out|    1|   ap_memory|                co_pres_31|         array|
|co_pres_31_we1        |  out|    1|   ap_memory|                co_pres_31|         array|
|co_pres_31_d1         |  out|    1|   ap_memory|                co_pres_31|         array|
|co_pres_30_address1   |  out|    6|   ap_memory|                co_pres_30|         array|
|co_pres_30_ce1        |  out|    1|   ap_memory|                co_pres_30|         array|
|co_pres_30_we1        |  out|    1|   ap_memory|                co_pres_30|         array|
|co_pres_30_d1         |  out|    1|   ap_memory|                co_pres_30|         array|
|co_pres_29_address1   |  out|    6|   ap_memory|                co_pres_29|         array|
|co_pres_29_ce1        |  out|    1|   ap_memory|                co_pres_29|         array|
|co_pres_29_we1        |  out|    1|   ap_memory|                co_pres_29|         array|
|co_pres_29_d1         |  out|    1|   ap_memory|                co_pres_29|         array|
|co_pres_28_address1   |  out|    6|   ap_memory|                co_pres_28|         array|
|co_pres_28_ce1        |  out|    1|   ap_memory|                co_pres_28|         array|
|co_pres_28_we1        |  out|    1|   ap_memory|                co_pres_28|         array|
|co_pres_28_d1         |  out|    1|   ap_memory|                co_pres_28|         array|
|co_pres_27_address1   |  out|    6|   ap_memory|                co_pres_27|         array|
|co_pres_27_ce1        |  out|    1|   ap_memory|                co_pres_27|         array|
|co_pres_27_we1        |  out|    1|   ap_memory|                co_pres_27|         array|
|co_pres_27_d1         |  out|    1|   ap_memory|                co_pres_27|         array|
|co_pres_26_address1   |  out|    6|   ap_memory|                co_pres_26|         array|
|co_pres_26_ce1        |  out|    1|   ap_memory|                co_pres_26|         array|
|co_pres_26_we1        |  out|    1|   ap_memory|                co_pres_26|         array|
|co_pres_26_d1         |  out|    1|   ap_memory|                co_pres_26|         array|
|co_pres_25_address1   |  out|    6|   ap_memory|                co_pres_25|         array|
|co_pres_25_ce1        |  out|    1|   ap_memory|                co_pres_25|         array|
|co_pres_25_we1        |  out|    1|   ap_memory|                co_pres_25|         array|
|co_pres_25_d1         |  out|    1|   ap_memory|                co_pres_25|         array|
|co_pres_24_address1   |  out|    6|   ap_memory|                co_pres_24|         array|
|co_pres_24_ce1        |  out|    1|   ap_memory|                co_pres_24|         array|
|co_pres_24_we1        |  out|    1|   ap_memory|                co_pres_24|         array|
|co_pres_24_d1         |  out|    1|   ap_memory|                co_pres_24|         array|
|co_pres_23_address1   |  out|    6|   ap_memory|                co_pres_23|         array|
|co_pres_23_ce1        |  out|    1|   ap_memory|                co_pres_23|         array|
|co_pres_23_we1        |  out|    1|   ap_memory|                co_pres_23|         array|
|co_pres_23_d1         |  out|    1|   ap_memory|                co_pres_23|         array|
|co_pres_22_address1   |  out|    6|   ap_memory|                co_pres_22|         array|
|co_pres_22_ce1        |  out|    1|   ap_memory|                co_pres_22|         array|
|co_pres_22_we1        |  out|    1|   ap_memory|                co_pres_22|         array|
|co_pres_22_d1         |  out|    1|   ap_memory|                co_pres_22|         array|
|co_pres_21_address1   |  out|    6|   ap_memory|                co_pres_21|         array|
|co_pres_21_ce1        |  out|    1|   ap_memory|                co_pres_21|         array|
|co_pres_21_we1        |  out|    1|   ap_memory|                co_pres_21|         array|
|co_pres_21_d1         |  out|    1|   ap_memory|                co_pres_21|         array|
|co_pres_20_address1   |  out|    6|   ap_memory|                co_pres_20|         array|
|co_pres_20_ce1        |  out|    1|   ap_memory|                co_pres_20|         array|
|co_pres_20_we1        |  out|    1|   ap_memory|                co_pres_20|         array|
|co_pres_20_d1         |  out|    1|   ap_memory|                co_pres_20|         array|
|co_pres_19_address1   |  out|    6|   ap_memory|                co_pres_19|         array|
|co_pres_19_ce1        |  out|    1|   ap_memory|                co_pres_19|         array|
|co_pres_19_we1        |  out|    1|   ap_memory|                co_pres_19|         array|
|co_pres_19_d1         |  out|    1|   ap_memory|                co_pres_19|         array|
|co_pres_18_address1   |  out|    6|   ap_memory|                co_pres_18|         array|
|co_pres_18_ce1        |  out|    1|   ap_memory|                co_pres_18|         array|
|co_pres_18_we1        |  out|    1|   ap_memory|                co_pres_18|         array|
|co_pres_18_d1         |  out|    1|   ap_memory|                co_pres_18|         array|
|co_pres_17_address1   |  out|    6|   ap_memory|                co_pres_17|         array|
|co_pres_17_ce1        |  out|    1|   ap_memory|                co_pres_17|         array|
|co_pres_17_we1        |  out|    1|   ap_memory|                co_pres_17|         array|
|co_pres_17_d1         |  out|    1|   ap_memory|                co_pres_17|         array|
|co_pres_16_address1   |  out|    6|   ap_memory|                co_pres_16|         array|
|co_pres_16_ce1        |  out|    1|   ap_memory|                co_pres_16|         array|
|co_pres_16_we1        |  out|    1|   ap_memory|                co_pres_16|         array|
|co_pres_16_d1         |  out|    1|   ap_memory|                co_pres_16|         array|
|co_pres_15_address1   |  out|    6|   ap_memory|                co_pres_15|         array|
|co_pres_15_ce1        |  out|    1|   ap_memory|                co_pres_15|         array|
|co_pres_15_we1        |  out|    1|   ap_memory|                co_pres_15|         array|
|co_pres_15_d1         |  out|    1|   ap_memory|                co_pres_15|         array|
|co_pres_14_address1   |  out|    6|   ap_memory|                co_pres_14|         array|
|co_pres_14_ce1        |  out|    1|   ap_memory|                co_pres_14|         array|
|co_pres_14_we1        |  out|    1|   ap_memory|                co_pres_14|         array|
|co_pres_14_d1         |  out|    1|   ap_memory|                co_pres_14|         array|
|co_pres_13_address1   |  out|    6|   ap_memory|                co_pres_13|         array|
|co_pres_13_ce1        |  out|    1|   ap_memory|                co_pres_13|         array|
|co_pres_13_we1        |  out|    1|   ap_memory|                co_pres_13|         array|
|co_pres_13_d1         |  out|    1|   ap_memory|                co_pres_13|         array|
|co_pres_12_address1   |  out|    6|   ap_memory|                co_pres_12|         array|
|co_pres_12_ce1        |  out|    1|   ap_memory|                co_pres_12|         array|
|co_pres_12_we1        |  out|    1|   ap_memory|                co_pres_12|         array|
|co_pres_12_d1         |  out|    1|   ap_memory|                co_pres_12|         array|
|co_pres_11_address1   |  out|    6|   ap_memory|                co_pres_11|         array|
|co_pres_11_ce1        |  out|    1|   ap_memory|                co_pres_11|         array|
|co_pres_11_we1        |  out|    1|   ap_memory|                co_pres_11|         array|
|co_pres_11_d1         |  out|    1|   ap_memory|                co_pres_11|         array|
|co_pres_10_address1   |  out|    6|   ap_memory|                co_pres_10|         array|
|co_pres_10_ce1        |  out|    1|   ap_memory|                co_pres_10|         array|
|co_pres_10_we1        |  out|    1|   ap_memory|                co_pres_10|         array|
|co_pres_10_d1         |  out|    1|   ap_memory|                co_pres_10|         array|
|co_pres_9_address1    |  out|    6|   ap_memory|                 co_pres_9|         array|
|co_pres_9_ce1         |  out|    1|   ap_memory|                 co_pres_9|         array|
|co_pres_9_we1         |  out|    1|   ap_memory|                 co_pres_9|         array|
|co_pres_9_d1          |  out|    1|   ap_memory|                 co_pres_9|         array|
|co_pres_8_address1    |  out|    6|   ap_memory|                 co_pres_8|         array|
|co_pres_8_ce1         |  out|    1|   ap_memory|                 co_pres_8|         array|
|co_pres_8_we1         |  out|    1|   ap_memory|                 co_pres_8|         array|
|co_pres_8_d1          |  out|    1|   ap_memory|                 co_pres_8|         array|
|co_pres_7_address1    |  out|    6|   ap_memory|                 co_pres_7|         array|
|co_pres_7_ce1         |  out|    1|   ap_memory|                 co_pres_7|         array|
|co_pres_7_we1         |  out|    1|   ap_memory|                 co_pres_7|         array|
|co_pres_7_d1          |  out|    1|   ap_memory|                 co_pres_7|         array|
|co_pres_6_address1    |  out|    6|   ap_memory|                 co_pres_6|         array|
|co_pres_6_ce1         |  out|    1|   ap_memory|                 co_pres_6|         array|
|co_pres_6_we1         |  out|    1|   ap_memory|                 co_pres_6|         array|
|co_pres_6_d1          |  out|    1|   ap_memory|                 co_pres_6|         array|
|co_pres_5_address1    |  out|    6|   ap_memory|                 co_pres_5|         array|
|co_pres_5_ce1         |  out|    1|   ap_memory|                 co_pres_5|         array|
|co_pres_5_we1         |  out|    1|   ap_memory|                 co_pres_5|         array|
|co_pres_5_d1          |  out|    1|   ap_memory|                 co_pres_5|         array|
|co_pres_4_address1    |  out|    6|   ap_memory|                 co_pres_4|         array|
|co_pres_4_ce1         |  out|    1|   ap_memory|                 co_pres_4|         array|
|co_pres_4_we1         |  out|    1|   ap_memory|                 co_pres_4|         array|
|co_pres_4_d1          |  out|    1|   ap_memory|                 co_pres_4|         array|
|co_pres_3_address1    |  out|    6|   ap_memory|                 co_pres_3|         array|
|co_pres_3_ce1         |  out|    1|   ap_memory|                 co_pres_3|         array|
|co_pres_3_we1         |  out|    1|   ap_memory|                 co_pres_3|         array|
|co_pres_3_d1          |  out|    1|   ap_memory|                 co_pres_3|         array|
|co_pres_2_address1    |  out|    6|   ap_memory|                 co_pres_2|         array|
|co_pres_2_ce1         |  out|    1|   ap_memory|                 co_pres_2|         array|
|co_pres_2_we1         |  out|    1|   ap_memory|                 co_pres_2|         array|
|co_pres_2_d1          |  out|    1|   ap_memory|                 co_pres_2|         array|
|co_pres_1_address1    |  out|    6|   ap_memory|                 co_pres_1|         array|
|co_pres_1_ce1         |  out|    1|   ap_memory|                 co_pres_1|         array|
|co_pres_1_we1         |  out|    1|   ap_memory|                 co_pres_1|         array|
|co_pres_1_d1          |  out|    1|   ap_memory|                 co_pres_1|         array|
|co_pres_address1      |  out|    6|   ap_memory|                   co_pres|         array|
|co_pres_ce1           |  out|    1|   ap_memory|                   co_pres|         array|
|co_pres_we1           |  out|    1|   ap_memory|                   co_pres|         array|
|co_pres_d1            |  out|    1|   ap_memory|                   co_pres|         array|
|co_val_224_address1   |  out|    6|   ap_memory|                co_val_224|         array|
|co_val_224_ce1        |  out|    1|   ap_memory|                co_val_224|         array|
|co_val_224_we1        |  out|    1|   ap_memory|                co_val_224|         array|
|co_val_224_d1         |  out|   10|   ap_memory|                co_val_224|         array|
|co_val_223_address1   |  out|    6|   ap_memory|                co_val_223|         array|
|co_val_223_ce1        |  out|    1|   ap_memory|                co_val_223|         array|
|co_val_223_we1        |  out|    1|   ap_memory|                co_val_223|         array|
|co_val_223_d1         |  out|   10|   ap_memory|                co_val_223|         array|
|co_val_222_address1   |  out|    6|   ap_memory|                co_val_222|         array|
|co_val_222_ce1        |  out|    1|   ap_memory|                co_val_222|         array|
|co_val_222_we1        |  out|    1|   ap_memory|                co_val_222|         array|
|co_val_222_d1         |  out|   10|   ap_memory|                co_val_222|         array|
|co_val_221_address1   |  out|    6|   ap_memory|                co_val_221|         array|
|co_val_221_ce1        |  out|    1|   ap_memory|                co_val_221|         array|
|co_val_221_we1        |  out|    1|   ap_memory|                co_val_221|         array|
|co_val_221_d1         |  out|   10|   ap_memory|                co_val_221|         array|
|co_val_220_address1   |  out|    6|   ap_memory|                co_val_220|         array|
|co_val_220_ce1        |  out|    1|   ap_memory|                co_val_220|         array|
|co_val_220_we1        |  out|    1|   ap_memory|                co_val_220|         array|
|co_val_220_d1         |  out|   10|   ap_memory|                co_val_220|         array|
|co_val_219_address1   |  out|    6|   ap_memory|                co_val_219|         array|
|co_val_219_ce1        |  out|    1|   ap_memory|                co_val_219|         array|
|co_val_219_we1        |  out|    1|   ap_memory|                co_val_219|         array|
|co_val_219_d1         |  out|   10|   ap_memory|                co_val_219|         array|
|co_val_218_address1   |  out|    6|   ap_memory|                co_val_218|         array|
|co_val_218_ce1        |  out|    1|   ap_memory|                co_val_218|         array|
|co_val_218_we1        |  out|    1|   ap_memory|                co_val_218|         array|
|co_val_218_d1         |  out|   10|   ap_memory|                co_val_218|         array|
|co_val_217_address1   |  out|    6|   ap_memory|                co_val_217|         array|
|co_val_217_ce1        |  out|    1|   ap_memory|                co_val_217|         array|
|co_val_217_we1        |  out|    1|   ap_memory|                co_val_217|         array|
|co_val_217_d1         |  out|   10|   ap_memory|                co_val_217|         array|
|co_val_216_address1   |  out|    6|   ap_memory|                co_val_216|         array|
|co_val_216_ce1        |  out|    1|   ap_memory|                co_val_216|         array|
|co_val_216_we1        |  out|    1|   ap_memory|                co_val_216|         array|
|co_val_216_d1         |  out|   10|   ap_memory|                co_val_216|         array|
|co_val_215_address1   |  out|    6|   ap_memory|                co_val_215|         array|
|co_val_215_ce1        |  out|    1|   ap_memory|                co_val_215|         array|
|co_val_215_we1        |  out|    1|   ap_memory|                co_val_215|         array|
|co_val_215_d1         |  out|   10|   ap_memory|                co_val_215|         array|
|co_val_214_address1   |  out|    6|   ap_memory|                co_val_214|         array|
|co_val_214_ce1        |  out|    1|   ap_memory|                co_val_214|         array|
|co_val_214_we1        |  out|    1|   ap_memory|                co_val_214|         array|
|co_val_214_d1         |  out|   10|   ap_memory|                co_val_214|         array|
|co_val_213_address1   |  out|    6|   ap_memory|                co_val_213|         array|
|co_val_213_ce1        |  out|    1|   ap_memory|                co_val_213|         array|
|co_val_213_we1        |  out|    1|   ap_memory|                co_val_213|         array|
|co_val_213_d1         |  out|   10|   ap_memory|                co_val_213|         array|
|co_val_212_address1   |  out|    6|   ap_memory|                co_val_212|         array|
|co_val_212_ce1        |  out|    1|   ap_memory|                co_val_212|         array|
|co_val_212_we1        |  out|    1|   ap_memory|                co_val_212|         array|
|co_val_212_d1         |  out|   10|   ap_memory|                co_val_212|         array|
|co_val_211_address1   |  out|    6|   ap_memory|                co_val_211|         array|
|co_val_211_ce1        |  out|    1|   ap_memory|                co_val_211|         array|
|co_val_211_we1        |  out|    1|   ap_memory|                co_val_211|         array|
|co_val_211_d1         |  out|   10|   ap_memory|                co_val_211|         array|
|co_val_210_address1   |  out|    6|   ap_memory|                co_val_210|         array|
|co_val_210_ce1        |  out|    1|   ap_memory|                co_val_210|         array|
|co_val_210_we1        |  out|    1|   ap_memory|                co_val_210|         array|
|co_val_210_d1         |  out|   10|   ap_memory|                co_val_210|         array|
|co_val_209_address1   |  out|    6|   ap_memory|                co_val_209|         array|
|co_val_209_ce1        |  out|    1|   ap_memory|                co_val_209|         array|
|co_val_209_we1        |  out|    1|   ap_memory|                co_val_209|         array|
|co_val_209_d1         |  out|   10|   ap_memory|                co_val_209|         array|
|co_val_208_address1   |  out|    6|   ap_memory|                co_val_208|         array|
|co_val_208_ce1        |  out|    1|   ap_memory|                co_val_208|         array|
|co_val_208_we1        |  out|    1|   ap_memory|                co_val_208|         array|
|co_val_208_d1         |  out|   10|   ap_memory|                co_val_208|         array|
|co_val_207_address1   |  out|    6|   ap_memory|                co_val_207|         array|
|co_val_207_ce1        |  out|    1|   ap_memory|                co_val_207|         array|
|co_val_207_we1        |  out|    1|   ap_memory|                co_val_207|         array|
|co_val_207_d1         |  out|   10|   ap_memory|                co_val_207|         array|
|co_val_206_address1   |  out|    6|   ap_memory|                co_val_206|         array|
|co_val_206_ce1        |  out|    1|   ap_memory|                co_val_206|         array|
|co_val_206_we1        |  out|    1|   ap_memory|                co_val_206|         array|
|co_val_206_d1         |  out|   10|   ap_memory|                co_val_206|         array|
|co_val_205_address1   |  out|    6|   ap_memory|                co_val_205|         array|
|co_val_205_ce1        |  out|    1|   ap_memory|                co_val_205|         array|
|co_val_205_we1        |  out|    1|   ap_memory|                co_val_205|         array|
|co_val_205_d1         |  out|   10|   ap_memory|                co_val_205|         array|
|co_val_204_address1   |  out|    6|   ap_memory|                co_val_204|         array|
|co_val_204_ce1        |  out|    1|   ap_memory|                co_val_204|         array|
|co_val_204_we1        |  out|    1|   ap_memory|                co_val_204|         array|
|co_val_204_d1         |  out|   10|   ap_memory|                co_val_204|         array|
|co_val_203_address1   |  out|    6|   ap_memory|                co_val_203|         array|
|co_val_203_ce1        |  out|    1|   ap_memory|                co_val_203|         array|
|co_val_203_we1        |  out|    1|   ap_memory|                co_val_203|         array|
|co_val_203_d1         |  out|   10|   ap_memory|                co_val_203|         array|
|co_val_202_address1   |  out|    6|   ap_memory|                co_val_202|         array|
|co_val_202_ce1        |  out|    1|   ap_memory|                co_val_202|         array|
|co_val_202_we1        |  out|    1|   ap_memory|                co_val_202|         array|
|co_val_202_d1         |  out|   10|   ap_memory|                co_val_202|         array|
|co_val_201_address1   |  out|    6|   ap_memory|                co_val_201|         array|
|co_val_201_ce1        |  out|    1|   ap_memory|                co_val_201|         array|
|co_val_201_we1        |  out|    1|   ap_memory|                co_val_201|         array|
|co_val_201_d1         |  out|   10|   ap_memory|                co_val_201|         array|
|co_val_200_address1   |  out|    6|   ap_memory|                co_val_200|         array|
|co_val_200_ce1        |  out|    1|   ap_memory|                co_val_200|         array|
|co_val_200_we1        |  out|    1|   ap_memory|                co_val_200|         array|
|co_val_200_d1         |  out|   10|   ap_memory|                co_val_200|         array|
|co_val_199_address1   |  out|    6|   ap_memory|                co_val_199|         array|
|co_val_199_ce1        |  out|    1|   ap_memory|                co_val_199|         array|
|co_val_199_we1        |  out|    1|   ap_memory|                co_val_199|         array|
|co_val_199_d1         |  out|   10|   ap_memory|                co_val_199|         array|
|co_val_198_address1   |  out|    6|   ap_memory|                co_val_198|         array|
|co_val_198_ce1        |  out|    1|   ap_memory|                co_val_198|         array|
|co_val_198_we1        |  out|    1|   ap_memory|                co_val_198|         array|
|co_val_198_d1         |  out|   10|   ap_memory|                co_val_198|         array|
|co_val_197_address1   |  out|    6|   ap_memory|                co_val_197|         array|
|co_val_197_ce1        |  out|    1|   ap_memory|                co_val_197|         array|
|co_val_197_we1        |  out|    1|   ap_memory|                co_val_197|         array|
|co_val_197_d1         |  out|   10|   ap_memory|                co_val_197|         array|
|co_val_196_address1   |  out|    6|   ap_memory|                co_val_196|         array|
|co_val_196_ce1        |  out|    1|   ap_memory|                co_val_196|         array|
|co_val_196_we1        |  out|    1|   ap_memory|                co_val_196|         array|
|co_val_196_d1         |  out|   10|   ap_memory|                co_val_196|         array|
|co_val_195_address1   |  out|    6|   ap_memory|                co_val_195|         array|
|co_val_195_ce1        |  out|    1|   ap_memory|                co_val_195|         array|
|co_val_195_we1        |  out|    1|   ap_memory|                co_val_195|         array|
|co_val_195_d1         |  out|   10|   ap_memory|                co_val_195|         array|
|co_val_194_address1   |  out|    6|   ap_memory|                co_val_194|         array|
|co_val_194_ce1        |  out|    1|   ap_memory|                co_val_194|         array|
|co_val_194_we1        |  out|    1|   ap_memory|                co_val_194|         array|
|co_val_194_d1         |  out|   10|   ap_memory|                co_val_194|         array|
|co_val_193_address1   |  out|    6|   ap_memory|                co_val_193|         array|
|co_val_193_ce1        |  out|    1|   ap_memory|                co_val_193|         array|
|co_val_193_we1        |  out|    1|   ap_memory|                co_val_193|         array|
|co_val_193_d1         |  out|   10|   ap_memory|                co_val_193|         array|
|co_val_192_address1   |  out|    6|   ap_memory|                co_val_192|         array|
|co_val_192_ce1        |  out|    1|   ap_memory|                co_val_192|         array|
|co_val_192_we1        |  out|    1|   ap_memory|                co_val_192|         array|
|co_val_192_d1         |  out|   10|   ap_memory|                co_val_192|         array|
|co_val_191_address1   |  out|    6|   ap_memory|                co_val_191|         array|
|co_val_191_ce1        |  out|    1|   ap_memory|                co_val_191|         array|
|co_val_191_we1        |  out|    1|   ap_memory|                co_val_191|         array|
|co_val_191_d1         |  out|   10|   ap_memory|                co_val_191|         array|
|co_val_190_address1   |  out|    6|   ap_memory|                co_val_190|         array|
|co_val_190_ce1        |  out|    1|   ap_memory|                co_val_190|         array|
|co_val_190_we1        |  out|    1|   ap_memory|                co_val_190|         array|
|co_val_190_d1         |  out|   10|   ap_memory|                co_val_190|         array|
|co_val_189_address1   |  out|    6|   ap_memory|                co_val_189|         array|
|co_val_189_ce1        |  out|    1|   ap_memory|                co_val_189|         array|
|co_val_189_we1        |  out|    1|   ap_memory|                co_val_189|         array|
|co_val_189_d1         |  out|   10|   ap_memory|                co_val_189|         array|
|co_val_188_address1   |  out|    6|   ap_memory|                co_val_188|         array|
|co_val_188_ce1        |  out|    1|   ap_memory|                co_val_188|         array|
|co_val_188_we1        |  out|    1|   ap_memory|                co_val_188|         array|
|co_val_188_d1         |  out|   10|   ap_memory|                co_val_188|         array|
|co_val_187_address1   |  out|    6|   ap_memory|                co_val_187|         array|
|co_val_187_ce1        |  out|    1|   ap_memory|                co_val_187|         array|
|co_val_187_we1        |  out|    1|   ap_memory|                co_val_187|         array|
|co_val_187_d1         |  out|   10|   ap_memory|                co_val_187|         array|
|co_val_186_address1   |  out|    6|   ap_memory|                co_val_186|         array|
|co_val_186_ce1        |  out|    1|   ap_memory|                co_val_186|         array|
|co_val_186_we1        |  out|    1|   ap_memory|                co_val_186|         array|
|co_val_186_d1         |  out|   10|   ap_memory|                co_val_186|         array|
|co_val_185_address1   |  out|    6|   ap_memory|                co_val_185|         array|
|co_val_185_ce1        |  out|    1|   ap_memory|                co_val_185|         array|
|co_val_185_we1        |  out|    1|   ap_memory|                co_val_185|         array|
|co_val_185_d1         |  out|   10|   ap_memory|                co_val_185|         array|
|co_val_184_address1   |  out|    6|   ap_memory|                co_val_184|         array|
|co_val_184_ce1        |  out|    1|   ap_memory|                co_val_184|         array|
|co_val_184_we1        |  out|    1|   ap_memory|                co_val_184|         array|
|co_val_184_d1         |  out|   10|   ap_memory|                co_val_184|         array|
|co_val_183_address1   |  out|    6|   ap_memory|                co_val_183|         array|
|co_val_183_ce1        |  out|    1|   ap_memory|                co_val_183|         array|
|co_val_183_we1        |  out|    1|   ap_memory|                co_val_183|         array|
|co_val_183_d1         |  out|   10|   ap_memory|                co_val_183|         array|
|co_val_182_address1   |  out|    6|   ap_memory|                co_val_182|         array|
|co_val_182_ce1        |  out|    1|   ap_memory|                co_val_182|         array|
|co_val_182_we1        |  out|    1|   ap_memory|                co_val_182|         array|
|co_val_182_d1         |  out|   10|   ap_memory|                co_val_182|         array|
|co_val_181_address1   |  out|    6|   ap_memory|                co_val_181|         array|
|co_val_181_ce1        |  out|    1|   ap_memory|                co_val_181|         array|
|co_val_181_we1        |  out|    1|   ap_memory|                co_val_181|         array|
|co_val_181_d1         |  out|   10|   ap_memory|                co_val_181|         array|
|co_val_180_address1   |  out|    6|   ap_memory|                co_val_180|         array|
|co_val_180_ce1        |  out|    1|   ap_memory|                co_val_180|         array|
|co_val_180_we1        |  out|    1|   ap_memory|                co_val_180|         array|
|co_val_180_d1         |  out|   10|   ap_memory|                co_val_180|         array|
|co_val_179_address1   |  out|    6|   ap_memory|                co_val_179|         array|
|co_val_179_ce1        |  out|    1|   ap_memory|                co_val_179|         array|
|co_val_179_we1        |  out|    1|   ap_memory|                co_val_179|         array|
|co_val_179_d1         |  out|   10|   ap_memory|                co_val_179|         array|
|co_val_178_address1   |  out|    6|   ap_memory|                co_val_178|         array|
|co_val_178_ce1        |  out|    1|   ap_memory|                co_val_178|         array|
|co_val_178_we1        |  out|    1|   ap_memory|                co_val_178|         array|
|co_val_178_d1         |  out|   10|   ap_memory|                co_val_178|         array|
|co_val_177_address1   |  out|    6|   ap_memory|                co_val_177|         array|
|co_val_177_ce1        |  out|    1|   ap_memory|                co_val_177|         array|
|co_val_177_we1        |  out|    1|   ap_memory|                co_val_177|         array|
|co_val_177_d1         |  out|   10|   ap_memory|                co_val_177|         array|
|co_val_176_address1   |  out|    6|   ap_memory|                co_val_176|         array|
|co_val_176_ce1        |  out|    1|   ap_memory|                co_val_176|         array|
|co_val_176_we1        |  out|    1|   ap_memory|                co_val_176|         array|
|co_val_176_d1         |  out|   10|   ap_memory|                co_val_176|         array|
|co_val_175_address1   |  out|    6|   ap_memory|                co_val_175|         array|
|co_val_175_ce1        |  out|    1|   ap_memory|                co_val_175|         array|
|co_val_175_we1        |  out|    1|   ap_memory|                co_val_175|         array|
|co_val_175_d1         |  out|   10|   ap_memory|                co_val_175|         array|
|co_val_174_address1   |  out|    6|   ap_memory|                co_val_174|         array|
|co_val_174_ce1        |  out|    1|   ap_memory|                co_val_174|         array|
|co_val_174_we1        |  out|    1|   ap_memory|                co_val_174|         array|
|co_val_174_d1         |  out|   10|   ap_memory|                co_val_174|         array|
|co_val_173_address1   |  out|    6|   ap_memory|                co_val_173|         array|
|co_val_173_ce1        |  out|    1|   ap_memory|                co_val_173|         array|
|co_val_173_we1        |  out|    1|   ap_memory|                co_val_173|         array|
|co_val_173_d1         |  out|   10|   ap_memory|                co_val_173|         array|
|co_val_172_address1   |  out|    6|   ap_memory|                co_val_172|         array|
|co_val_172_ce1        |  out|    1|   ap_memory|                co_val_172|         array|
|co_val_172_we1        |  out|    1|   ap_memory|                co_val_172|         array|
|co_val_172_d1         |  out|   10|   ap_memory|                co_val_172|         array|
|co_val_171_address1   |  out|    6|   ap_memory|                co_val_171|         array|
|co_val_171_ce1        |  out|    1|   ap_memory|                co_val_171|         array|
|co_val_171_we1        |  out|    1|   ap_memory|                co_val_171|         array|
|co_val_171_d1         |  out|   10|   ap_memory|                co_val_171|         array|
|co_val_170_address1   |  out|    6|   ap_memory|                co_val_170|         array|
|co_val_170_ce1        |  out|    1|   ap_memory|                co_val_170|         array|
|co_val_170_we1        |  out|    1|   ap_memory|                co_val_170|         array|
|co_val_170_d1         |  out|   10|   ap_memory|                co_val_170|         array|
|co_val_169_address1   |  out|    6|   ap_memory|                co_val_169|         array|
|co_val_169_ce1        |  out|    1|   ap_memory|                co_val_169|         array|
|co_val_169_we1        |  out|    1|   ap_memory|                co_val_169|         array|
|co_val_169_d1         |  out|   10|   ap_memory|                co_val_169|         array|
|co_val_168_address1   |  out|    6|   ap_memory|                co_val_168|         array|
|co_val_168_ce1        |  out|    1|   ap_memory|                co_val_168|         array|
|co_val_168_we1        |  out|    1|   ap_memory|                co_val_168|         array|
|co_val_168_d1         |  out|   10|   ap_memory|                co_val_168|         array|
|co_val_167_address1   |  out|    6|   ap_memory|                co_val_167|         array|
|co_val_167_ce1        |  out|    1|   ap_memory|                co_val_167|         array|
|co_val_167_we1        |  out|    1|   ap_memory|                co_val_167|         array|
|co_val_167_d1         |  out|   10|   ap_memory|                co_val_167|         array|
|co_val_166_address1   |  out|    6|   ap_memory|                co_val_166|         array|
|co_val_166_ce1        |  out|    1|   ap_memory|                co_val_166|         array|
|co_val_166_we1        |  out|    1|   ap_memory|                co_val_166|         array|
|co_val_166_d1         |  out|   10|   ap_memory|                co_val_166|         array|
|co_val_165_address1   |  out|    6|   ap_memory|                co_val_165|         array|
|co_val_165_ce1        |  out|    1|   ap_memory|                co_val_165|         array|
|co_val_165_we1        |  out|    1|   ap_memory|                co_val_165|         array|
|co_val_165_d1         |  out|   10|   ap_memory|                co_val_165|         array|
|co_val_164_address1   |  out|    6|   ap_memory|                co_val_164|         array|
|co_val_164_ce1        |  out|    1|   ap_memory|                co_val_164|         array|
|co_val_164_we1        |  out|    1|   ap_memory|                co_val_164|         array|
|co_val_164_d1         |  out|   10|   ap_memory|                co_val_164|         array|
|co_val_163_address1   |  out|    6|   ap_memory|                co_val_163|         array|
|co_val_163_ce1        |  out|    1|   ap_memory|                co_val_163|         array|
|co_val_163_we1        |  out|    1|   ap_memory|                co_val_163|         array|
|co_val_163_d1         |  out|   10|   ap_memory|                co_val_163|         array|
|co_val_162_address1   |  out|    6|   ap_memory|                co_val_162|         array|
|co_val_162_ce1        |  out|    1|   ap_memory|                co_val_162|         array|
|co_val_162_we1        |  out|    1|   ap_memory|                co_val_162|         array|
|co_val_162_d1         |  out|   10|   ap_memory|                co_val_162|         array|
|co_val_161_address1   |  out|    6|   ap_memory|                co_val_161|         array|
|co_val_161_ce1        |  out|    1|   ap_memory|                co_val_161|         array|
|co_val_161_we1        |  out|    1|   ap_memory|                co_val_161|         array|
|co_val_161_d1         |  out|   10|   ap_memory|                co_val_161|         array|
|co_val_160_address1   |  out|    6|   ap_memory|                co_val_160|         array|
|co_val_160_ce1        |  out|    1|   ap_memory|                co_val_160|         array|
|co_val_160_we1        |  out|    1|   ap_memory|                co_val_160|         array|
|co_val_160_d1         |  out|   10|   ap_memory|                co_val_160|         array|
|co_val_159_address1   |  out|    6|   ap_memory|                co_val_159|         array|
|co_val_159_ce1        |  out|    1|   ap_memory|                co_val_159|         array|
|co_val_159_we1        |  out|    1|   ap_memory|                co_val_159|         array|
|co_val_159_d1         |  out|   10|   ap_memory|                co_val_159|         array|
|co_val_158_address1   |  out|    6|   ap_memory|                co_val_158|         array|
|co_val_158_ce1        |  out|    1|   ap_memory|                co_val_158|         array|
|co_val_158_we1        |  out|    1|   ap_memory|                co_val_158|         array|
|co_val_158_d1         |  out|   10|   ap_memory|                co_val_158|         array|
|co_val_157_address1   |  out|    6|   ap_memory|                co_val_157|         array|
|co_val_157_ce1        |  out|    1|   ap_memory|                co_val_157|         array|
|co_val_157_we1        |  out|    1|   ap_memory|                co_val_157|         array|
|co_val_157_d1         |  out|   10|   ap_memory|                co_val_157|         array|
|co_val_156_address1   |  out|    6|   ap_memory|                co_val_156|         array|
|co_val_156_ce1        |  out|    1|   ap_memory|                co_val_156|         array|
|co_val_156_we1        |  out|    1|   ap_memory|                co_val_156|         array|
|co_val_156_d1         |  out|   10|   ap_memory|                co_val_156|         array|
|co_val_155_address1   |  out|    6|   ap_memory|                co_val_155|         array|
|co_val_155_ce1        |  out|    1|   ap_memory|                co_val_155|         array|
|co_val_155_we1        |  out|    1|   ap_memory|                co_val_155|         array|
|co_val_155_d1         |  out|   10|   ap_memory|                co_val_155|         array|
|co_val_154_address1   |  out|    6|   ap_memory|                co_val_154|         array|
|co_val_154_ce1        |  out|    1|   ap_memory|                co_val_154|         array|
|co_val_154_we1        |  out|    1|   ap_memory|                co_val_154|         array|
|co_val_154_d1         |  out|   10|   ap_memory|                co_val_154|         array|
|co_val_153_address1   |  out|    6|   ap_memory|                co_val_153|         array|
|co_val_153_ce1        |  out|    1|   ap_memory|                co_val_153|         array|
|co_val_153_we1        |  out|    1|   ap_memory|                co_val_153|         array|
|co_val_153_d1         |  out|   10|   ap_memory|                co_val_153|         array|
|co_val_152_address1   |  out|    6|   ap_memory|                co_val_152|         array|
|co_val_152_ce1        |  out|    1|   ap_memory|                co_val_152|         array|
|co_val_152_we1        |  out|    1|   ap_memory|                co_val_152|         array|
|co_val_152_d1         |  out|   10|   ap_memory|                co_val_152|         array|
|co_val_151_address1   |  out|    6|   ap_memory|                co_val_151|         array|
|co_val_151_ce1        |  out|    1|   ap_memory|                co_val_151|         array|
|co_val_151_we1        |  out|    1|   ap_memory|                co_val_151|         array|
|co_val_151_d1         |  out|   10|   ap_memory|                co_val_151|         array|
|co_val_150_address1   |  out|    6|   ap_memory|                co_val_150|         array|
|co_val_150_ce1        |  out|    1|   ap_memory|                co_val_150|         array|
|co_val_150_we1        |  out|    1|   ap_memory|                co_val_150|         array|
|co_val_150_d1         |  out|   10|   ap_memory|                co_val_150|         array|
|co_val_149_address1   |  out|    6|   ap_memory|                co_val_149|         array|
|co_val_149_ce1        |  out|    1|   ap_memory|                co_val_149|         array|
|co_val_149_we1        |  out|    1|   ap_memory|                co_val_149|         array|
|co_val_149_d1         |  out|   10|   ap_memory|                co_val_149|         array|
|co_val_148_address1   |  out|    6|   ap_memory|                co_val_148|         array|
|co_val_148_ce1        |  out|    1|   ap_memory|                co_val_148|         array|
|co_val_148_we1        |  out|    1|   ap_memory|                co_val_148|         array|
|co_val_148_d1         |  out|   10|   ap_memory|                co_val_148|         array|
|co_val_147_address1   |  out|    6|   ap_memory|                co_val_147|         array|
|co_val_147_ce1        |  out|    1|   ap_memory|                co_val_147|         array|
|co_val_147_we1        |  out|    1|   ap_memory|                co_val_147|         array|
|co_val_147_d1         |  out|   10|   ap_memory|                co_val_147|         array|
|co_val_146_address1   |  out|    6|   ap_memory|                co_val_146|         array|
|co_val_146_ce1        |  out|    1|   ap_memory|                co_val_146|         array|
|co_val_146_we1        |  out|    1|   ap_memory|                co_val_146|         array|
|co_val_146_d1         |  out|   10|   ap_memory|                co_val_146|         array|
|co_val_145_address1   |  out|    6|   ap_memory|                co_val_145|         array|
|co_val_145_ce1        |  out|    1|   ap_memory|                co_val_145|         array|
|co_val_145_we1        |  out|    1|   ap_memory|                co_val_145|         array|
|co_val_145_d1         |  out|   10|   ap_memory|                co_val_145|         array|
|co_val_144_address1   |  out|    6|   ap_memory|                co_val_144|         array|
|co_val_144_ce1        |  out|    1|   ap_memory|                co_val_144|         array|
|co_val_144_we1        |  out|    1|   ap_memory|                co_val_144|         array|
|co_val_144_d1         |  out|   10|   ap_memory|                co_val_144|         array|
|co_val_143_address1   |  out|    6|   ap_memory|                co_val_143|         array|
|co_val_143_ce1        |  out|    1|   ap_memory|                co_val_143|         array|
|co_val_143_we1        |  out|    1|   ap_memory|                co_val_143|         array|
|co_val_143_d1         |  out|   10|   ap_memory|                co_val_143|         array|
|co_val_142_address1   |  out|    6|   ap_memory|                co_val_142|         array|
|co_val_142_ce1        |  out|    1|   ap_memory|                co_val_142|         array|
|co_val_142_we1        |  out|    1|   ap_memory|                co_val_142|         array|
|co_val_142_d1         |  out|   10|   ap_memory|                co_val_142|         array|
|co_val_141_address1   |  out|    6|   ap_memory|                co_val_141|         array|
|co_val_141_ce1        |  out|    1|   ap_memory|                co_val_141|         array|
|co_val_141_we1        |  out|    1|   ap_memory|                co_val_141|         array|
|co_val_141_d1         |  out|   10|   ap_memory|                co_val_141|         array|
|co_val_140_address1   |  out|    6|   ap_memory|                co_val_140|         array|
|co_val_140_ce1        |  out|    1|   ap_memory|                co_val_140|         array|
|co_val_140_we1        |  out|    1|   ap_memory|                co_val_140|         array|
|co_val_140_d1         |  out|   10|   ap_memory|                co_val_140|         array|
|co_val_139_address1   |  out|    6|   ap_memory|                co_val_139|         array|
|co_val_139_ce1        |  out|    1|   ap_memory|                co_val_139|         array|
|co_val_139_we1        |  out|    1|   ap_memory|                co_val_139|         array|
|co_val_139_d1         |  out|   10|   ap_memory|                co_val_139|         array|
|co_val_138_address1   |  out|    6|   ap_memory|                co_val_138|         array|
|co_val_138_ce1        |  out|    1|   ap_memory|                co_val_138|         array|
|co_val_138_we1        |  out|    1|   ap_memory|                co_val_138|         array|
|co_val_138_d1         |  out|   10|   ap_memory|                co_val_138|         array|
|co_val_137_address1   |  out|    6|   ap_memory|                co_val_137|         array|
|co_val_137_ce1        |  out|    1|   ap_memory|                co_val_137|         array|
|co_val_137_we1        |  out|    1|   ap_memory|                co_val_137|         array|
|co_val_137_d1         |  out|   10|   ap_memory|                co_val_137|         array|
|co_val_136_address1   |  out|    6|   ap_memory|                co_val_136|         array|
|co_val_136_ce1        |  out|    1|   ap_memory|                co_val_136|         array|
|co_val_136_we1        |  out|    1|   ap_memory|                co_val_136|         array|
|co_val_136_d1         |  out|   10|   ap_memory|                co_val_136|         array|
|co_val_135_address1   |  out|    6|   ap_memory|                co_val_135|         array|
|co_val_135_ce1        |  out|    1|   ap_memory|                co_val_135|         array|
|co_val_135_we1        |  out|    1|   ap_memory|                co_val_135|         array|
|co_val_135_d1         |  out|   10|   ap_memory|                co_val_135|         array|
|co_val_134_address1   |  out|    6|   ap_memory|                co_val_134|         array|
|co_val_134_ce1        |  out|    1|   ap_memory|                co_val_134|         array|
|co_val_134_we1        |  out|    1|   ap_memory|                co_val_134|         array|
|co_val_134_d1         |  out|   10|   ap_memory|                co_val_134|         array|
|co_val_133_address1   |  out|    6|   ap_memory|                co_val_133|         array|
|co_val_133_ce1        |  out|    1|   ap_memory|                co_val_133|         array|
|co_val_133_we1        |  out|    1|   ap_memory|                co_val_133|         array|
|co_val_133_d1         |  out|   10|   ap_memory|                co_val_133|         array|
|co_val_132_address1   |  out|    6|   ap_memory|                co_val_132|         array|
|co_val_132_ce1        |  out|    1|   ap_memory|                co_val_132|         array|
|co_val_132_we1        |  out|    1|   ap_memory|                co_val_132|         array|
|co_val_132_d1         |  out|   10|   ap_memory|                co_val_132|         array|
|co_val_131_address1   |  out|    6|   ap_memory|                co_val_131|         array|
|co_val_131_ce1        |  out|    1|   ap_memory|                co_val_131|         array|
|co_val_131_we1        |  out|    1|   ap_memory|                co_val_131|         array|
|co_val_131_d1         |  out|   10|   ap_memory|                co_val_131|         array|
|co_val_130_address1   |  out|    6|   ap_memory|                co_val_130|         array|
|co_val_130_ce1        |  out|    1|   ap_memory|                co_val_130|         array|
|co_val_130_we1        |  out|    1|   ap_memory|                co_val_130|         array|
|co_val_130_d1         |  out|   10|   ap_memory|                co_val_130|         array|
|co_val_129_address1   |  out|    6|   ap_memory|                co_val_129|         array|
|co_val_129_ce1        |  out|    1|   ap_memory|                co_val_129|         array|
|co_val_129_we1        |  out|    1|   ap_memory|                co_val_129|         array|
|co_val_129_d1         |  out|   10|   ap_memory|                co_val_129|         array|
|co_val_128_address1   |  out|    6|   ap_memory|                co_val_128|         array|
|co_val_128_ce1        |  out|    1|   ap_memory|                co_val_128|         array|
|co_val_128_we1        |  out|    1|   ap_memory|                co_val_128|         array|
|co_val_128_d1         |  out|   10|   ap_memory|                co_val_128|         array|
|co_val_127_address1   |  out|    6|   ap_memory|                co_val_127|         array|
|co_val_127_ce1        |  out|    1|   ap_memory|                co_val_127|         array|
|co_val_127_we1        |  out|    1|   ap_memory|                co_val_127|         array|
|co_val_127_d1         |  out|   10|   ap_memory|                co_val_127|         array|
|co_val_126_address1   |  out|    6|   ap_memory|                co_val_126|         array|
|co_val_126_ce1        |  out|    1|   ap_memory|                co_val_126|         array|
|co_val_126_we1        |  out|    1|   ap_memory|                co_val_126|         array|
|co_val_126_d1         |  out|   10|   ap_memory|                co_val_126|         array|
|co_val_125_address1   |  out|    6|   ap_memory|                co_val_125|         array|
|co_val_125_ce1        |  out|    1|   ap_memory|                co_val_125|         array|
|co_val_125_we1        |  out|    1|   ap_memory|                co_val_125|         array|
|co_val_125_d1         |  out|   10|   ap_memory|                co_val_125|         array|
|co_val_124_address1   |  out|    6|   ap_memory|                co_val_124|         array|
|co_val_124_ce1        |  out|    1|   ap_memory|                co_val_124|         array|
|co_val_124_we1        |  out|    1|   ap_memory|                co_val_124|         array|
|co_val_124_d1         |  out|   10|   ap_memory|                co_val_124|         array|
|co_val_123_address1   |  out|    6|   ap_memory|                co_val_123|         array|
|co_val_123_ce1        |  out|    1|   ap_memory|                co_val_123|         array|
|co_val_123_we1        |  out|    1|   ap_memory|                co_val_123|         array|
|co_val_123_d1         |  out|   10|   ap_memory|                co_val_123|         array|
|co_val_122_address1   |  out|    6|   ap_memory|                co_val_122|         array|
|co_val_122_ce1        |  out|    1|   ap_memory|                co_val_122|         array|
|co_val_122_we1        |  out|    1|   ap_memory|                co_val_122|         array|
|co_val_122_d1         |  out|   10|   ap_memory|                co_val_122|         array|
|co_val_121_address1   |  out|    6|   ap_memory|                co_val_121|         array|
|co_val_121_ce1        |  out|    1|   ap_memory|                co_val_121|         array|
|co_val_121_we1        |  out|    1|   ap_memory|                co_val_121|         array|
|co_val_121_d1         |  out|   10|   ap_memory|                co_val_121|         array|
|co_val_120_address1   |  out|    6|   ap_memory|                co_val_120|         array|
|co_val_120_ce1        |  out|    1|   ap_memory|                co_val_120|         array|
|co_val_120_we1        |  out|    1|   ap_memory|                co_val_120|         array|
|co_val_120_d1         |  out|   10|   ap_memory|                co_val_120|         array|
|co_val_119_address1   |  out|    6|   ap_memory|                co_val_119|         array|
|co_val_119_ce1        |  out|    1|   ap_memory|                co_val_119|         array|
|co_val_119_we1        |  out|    1|   ap_memory|                co_val_119|         array|
|co_val_119_d1         |  out|   10|   ap_memory|                co_val_119|         array|
|co_val_118_address1   |  out|    6|   ap_memory|                co_val_118|         array|
|co_val_118_ce1        |  out|    1|   ap_memory|                co_val_118|         array|
|co_val_118_we1        |  out|    1|   ap_memory|                co_val_118|         array|
|co_val_118_d1         |  out|   10|   ap_memory|                co_val_118|         array|
|co_val_117_address1   |  out|    6|   ap_memory|                co_val_117|         array|
|co_val_117_ce1        |  out|    1|   ap_memory|                co_val_117|         array|
|co_val_117_we1        |  out|    1|   ap_memory|                co_val_117|         array|
|co_val_117_d1         |  out|   10|   ap_memory|                co_val_117|         array|
|co_val_116_address1   |  out|    6|   ap_memory|                co_val_116|         array|
|co_val_116_ce1        |  out|    1|   ap_memory|                co_val_116|         array|
|co_val_116_we1        |  out|    1|   ap_memory|                co_val_116|         array|
|co_val_116_d1         |  out|   10|   ap_memory|                co_val_116|         array|
|co_val_115_address1   |  out|    6|   ap_memory|                co_val_115|         array|
|co_val_115_ce1        |  out|    1|   ap_memory|                co_val_115|         array|
|co_val_115_we1        |  out|    1|   ap_memory|                co_val_115|         array|
|co_val_115_d1         |  out|   10|   ap_memory|                co_val_115|         array|
|co_val_114_address1   |  out|    6|   ap_memory|                co_val_114|         array|
|co_val_114_ce1        |  out|    1|   ap_memory|                co_val_114|         array|
|co_val_114_we1        |  out|    1|   ap_memory|                co_val_114|         array|
|co_val_114_d1         |  out|   10|   ap_memory|                co_val_114|         array|
|co_val_113_address1   |  out|    6|   ap_memory|                co_val_113|         array|
|co_val_113_ce1        |  out|    1|   ap_memory|                co_val_113|         array|
|co_val_113_we1        |  out|    1|   ap_memory|                co_val_113|         array|
|co_val_113_d1         |  out|   10|   ap_memory|                co_val_113|         array|
|co_val_112_address1   |  out|    6|   ap_memory|                co_val_112|         array|
|co_val_112_ce1        |  out|    1|   ap_memory|                co_val_112|         array|
|co_val_112_we1        |  out|    1|   ap_memory|                co_val_112|         array|
|co_val_112_d1         |  out|   10|   ap_memory|                co_val_112|         array|
|co_val_111_address1   |  out|    6|   ap_memory|                co_val_111|         array|
|co_val_111_ce1        |  out|    1|   ap_memory|                co_val_111|         array|
|co_val_111_we1        |  out|    1|   ap_memory|                co_val_111|         array|
|co_val_111_d1         |  out|   10|   ap_memory|                co_val_111|         array|
|co_val_110_address1   |  out|    6|   ap_memory|                co_val_110|         array|
|co_val_110_ce1        |  out|    1|   ap_memory|                co_val_110|         array|
|co_val_110_we1        |  out|    1|   ap_memory|                co_val_110|         array|
|co_val_110_d1         |  out|   10|   ap_memory|                co_val_110|         array|
|co_val_109_address1   |  out|    6|   ap_memory|                co_val_109|         array|
|co_val_109_ce1        |  out|    1|   ap_memory|                co_val_109|         array|
|co_val_109_we1        |  out|    1|   ap_memory|                co_val_109|         array|
|co_val_109_d1         |  out|   10|   ap_memory|                co_val_109|         array|
|co_val_108_address1   |  out|    6|   ap_memory|                co_val_108|         array|
|co_val_108_ce1        |  out|    1|   ap_memory|                co_val_108|         array|
|co_val_108_we1        |  out|    1|   ap_memory|                co_val_108|         array|
|co_val_108_d1         |  out|   10|   ap_memory|                co_val_108|         array|
|co_val_107_address1   |  out|    6|   ap_memory|                co_val_107|         array|
|co_val_107_ce1        |  out|    1|   ap_memory|                co_val_107|         array|
|co_val_107_we1        |  out|    1|   ap_memory|                co_val_107|         array|
|co_val_107_d1         |  out|   10|   ap_memory|                co_val_107|         array|
|co_val_106_address1   |  out|    6|   ap_memory|                co_val_106|         array|
|co_val_106_ce1        |  out|    1|   ap_memory|                co_val_106|         array|
|co_val_106_we1        |  out|    1|   ap_memory|                co_val_106|         array|
|co_val_106_d1         |  out|   10|   ap_memory|                co_val_106|         array|
|co_val_105_address1   |  out|    6|   ap_memory|                co_val_105|         array|
|co_val_105_ce1        |  out|    1|   ap_memory|                co_val_105|         array|
|co_val_105_we1        |  out|    1|   ap_memory|                co_val_105|         array|
|co_val_105_d1         |  out|   10|   ap_memory|                co_val_105|         array|
|co_val_104_address1   |  out|    6|   ap_memory|                co_val_104|         array|
|co_val_104_ce1        |  out|    1|   ap_memory|                co_val_104|         array|
|co_val_104_we1        |  out|    1|   ap_memory|                co_val_104|         array|
|co_val_104_d1         |  out|   10|   ap_memory|                co_val_104|         array|
|co_val_103_address1   |  out|    6|   ap_memory|                co_val_103|         array|
|co_val_103_ce1        |  out|    1|   ap_memory|                co_val_103|         array|
|co_val_103_we1        |  out|    1|   ap_memory|                co_val_103|         array|
|co_val_103_d1         |  out|   10|   ap_memory|                co_val_103|         array|
|co_val_102_address1   |  out|    6|   ap_memory|                co_val_102|         array|
|co_val_102_ce1        |  out|    1|   ap_memory|                co_val_102|         array|
|co_val_102_we1        |  out|    1|   ap_memory|                co_val_102|         array|
|co_val_102_d1         |  out|   10|   ap_memory|                co_val_102|         array|
|co_val_101_address1   |  out|    6|   ap_memory|                co_val_101|         array|
|co_val_101_ce1        |  out|    1|   ap_memory|                co_val_101|         array|
|co_val_101_we1        |  out|    1|   ap_memory|                co_val_101|         array|
|co_val_101_d1         |  out|   10|   ap_memory|                co_val_101|         array|
|co_val_100_address1   |  out|    6|   ap_memory|                co_val_100|         array|
|co_val_100_ce1        |  out|    1|   ap_memory|                co_val_100|         array|
|co_val_100_we1        |  out|    1|   ap_memory|                co_val_100|         array|
|co_val_100_d1         |  out|   10|   ap_memory|                co_val_100|         array|
|co_val_99_address1    |  out|    6|   ap_memory|                 co_val_99|         array|
|co_val_99_ce1         |  out|    1|   ap_memory|                 co_val_99|         array|
|co_val_99_we1         |  out|    1|   ap_memory|                 co_val_99|         array|
|co_val_99_d1          |  out|   10|   ap_memory|                 co_val_99|         array|
|co_val_98_address1    |  out|    6|   ap_memory|                 co_val_98|         array|
|co_val_98_ce1         |  out|    1|   ap_memory|                 co_val_98|         array|
|co_val_98_we1         |  out|    1|   ap_memory|                 co_val_98|         array|
|co_val_98_d1          |  out|   10|   ap_memory|                 co_val_98|         array|
|co_val_97_address1    |  out|    6|   ap_memory|                 co_val_97|         array|
|co_val_97_ce1         |  out|    1|   ap_memory|                 co_val_97|         array|
|co_val_97_we1         |  out|    1|   ap_memory|                 co_val_97|         array|
|co_val_97_d1          |  out|   10|   ap_memory|                 co_val_97|         array|
|co_val_96_address1    |  out|    6|   ap_memory|                 co_val_96|         array|
|co_val_96_ce1         |  out|    1|   ap_memory|                 co_val_96|         array|
|co_val_96_we1         |  out|    1|   ap_memory|                 co_val_96|         array|
|co_val_96_d1          |  out|   10|   ap_memory|                 co_val_96|         array|
|co_val_95_address1    |  out|    6|   ap_memory|                 co_val_95|         array|
|co_val_95_ce1         |  out|    1|   ap_memory|                 co_val_95|         array|
|co_val_95_we1         |  out|    1|   ap_memory|                 co_val_95|         array|
|co_val_95_d1          |  out|   10|   ap_memory|                 co_val_95|         array|
|co_val_94_address1    |  out|    6|   ap_memory|                 co_val_94|         array|
|co_val_94_ce1         |  out|    1|   ap_memory|                 co_val_94|         array|
|co_val_94_we1         |  out|    1|   ap_memory|                 co_val_94|         array|
|co_val_94_d1          |  out|   10|   ap_memory|                 co_val_94|         array|
|co_val_93_address1    |  out|    6|   ap_memory|                 co_val_93|         array|
|co_val_93_ce1         |  out|    1|   ap_memory|                 co_val_93|         array|
|co_val_93_we1         |  out|    1|   ap_memory|                 co_val_93|         array|
|co_val_93_d1          |  out|   10|   ap_memory|                 co_val_93|         array|
|co_val_92_address1    |  out|    6|   ap_memory|                 co_val_92|         array|
|co_val_92_ce1         |  out|    1|   ap_memory|                 co_val_92|         array|
|co_val_92_we1         |  out|    1|   ap_memory|                 co_val_92|         array|
|co_val_92_d1          |  out|   10|   ap_memory|                 co_val_92|         array|
|co_val_91_address1    |  out|    6|   ap_memory|                 co_val_91|         array|
|co_val_91_ce1         |  out|    1|   ap_memory|                 co_val_91|         array|
|co_val_91_we1         |  out|    1|   ap_memory|                 co_val_91|         array|
|co_val_91_d1          |  out|   10|   ap_memory|                 co_val_91|         array|
|co_val_90_address1    |  out|    6|   ap_memory|                 co_val_90|         array|
|co_val_90_ce1         |  out|    1|   ap_memory|                 co_val_90|         array|
|co_val_90_we1         |  out|    1|   ap_memory|                 co_val_90|         array|
|co_val_90_d1          |  out|   10|   ap_memory|                 co_val_90|         array|
|co_val_89_address1    |  out|    6|   ap_memory|                 co_val_89|         array|
|co_val_89_ce1         |  out|    1|   ap_memory|                 co_val_89|         array|
|co_val_89_we1         |  out|    1|   ap_memory|                 co_val_89|         array|
|co_val_89_d1          |  out|   10|   ap_memory|                 co_val_89|         array|
|co_val_88_address1    |  out|    6|   ap_memory|                 co_val_88|         array|
|co_val_88_ce1         |  out|    1|   ap_memory|                 co_val_88|         array|
|co_val_88_we1         |  out|    1|   ap_memory|                 co_val_88|         array|
|co_val_88_d1          |  out|   10|   ap_memory|                 co_val_88|         array|
|co_val_87_address1    |  out|    6|   ap_memory|                 co_val_87|         array|
|co_val_87_ce1         |  out|    1|   ap_memory|                 co_val_87|         array|
|co_val_87_we1         |  out|    1|   ap_memory|                 co_val_87|         array|
|co_val_87_d1          |  out|   10|   ap_memory|                 co_val_87|         array|
|co_val_86_address1    |  out|    6|   ap_memory|                 co_val_86|         array|
|co_val_86_ce1         |  out|    1|   ap_memory|                 co_val_86|         array|
|co_val_86_we1         |  out|    1|   ap_memory|                 co_val_86|         array|
|co_val_86_d1          |  out|   10|   ap_memory|                 co_val_86|         array|
|co_val_85_address1    |  out|    6|   ap_memory|                 co_val_85|         array|
|co_val_85_ce1         |  out|    1|   ap_memory|                 co_val_85|         array|
|co_val_85_we1         |  out|    1|   ap_memory|                 co_val_85|         array|
|co_val_85_d1          |  out|   10|   ap_memory|                 co_val_85|         array|
|co_val_84_address1    |  out|    6|   ap_memory|                 co_val_84|         array|
|co_val_84_ce1         |  out|    1|   ap_memory|                 co_val_84|         array|
|co_val_84_we1         |  out|    1|   ap_memory|                 co_val_84|         array|
|co_val_84_d1          |  out|   10|   ap_memory|                 co_val_84|         array|
|co_val_83_address1    |  out|    6|   ap_memory|                 co_val_83|         array|
|co_val_83_ce1         |  out|    1|   ap_memory|                 co_val_83|         array|
|co_val_83_we1         |  out|    1|   ap_memory|                 co_val_83|         array|
|co_val_83_d1          |  out|   10|   ap_memory|                 co_val_83|         array|
|co_val_82_address1    |  out|    6|   ap_memory|                 co_val_82|         array|
|co_val_82_ce1         |  out|    1|   ap_memory|                 co_val_82|         array|
|co_val_82_we1         |  out|    1|   ap_memory|                 co_val_82|         array|
|co_val_82_d1          |  out|   10|   ap_memory|                 co_val_82|         array|
|co_val_81_address1    |  out|    6|   ap_memory|                 co_val_81|         array|
|co_val_81_ce1         |  out|    1|   ap_memory|                 co_val_81|         array|
|co_val_81_we1         |  out|    1|   ap_memory|                 co_val_81|         array|
|co_val_81_d1          |  out|   10|   ap_memory|                 co_val_81|         array|
|co_val_80_address1    |  out|    6|   ap_memory|                 co_val_80|         array|
|co_val_80_ce1         |  out|    1|   ap_memory|                 co_val_80|         array|
|co_val_80_we1         |  out|    1|   ap_memory|                 co_val_80|         array|
|co_val_80_d1          |  out|   10|   ap_memory|                 co_val_80|         array|
|co_val_79_address1    |  out|    6|   ap_memory|                 co_val_79|         array|
|co_val_79_ce1         |  out|    1|   ap_memory|                 co_val_79|         array|
|co_val_79_we1         |  out|    1|   ap_memory|                 co_val_79|         array|
|co_val_79_d1          |  out|   10|   ap_memory|                 co_val_79|         array|
|co_val_78_address1    |  out|    6|   ap_memory|                 co_val_78|         array|
|co_val_78_ce1         |  out|    1|   ap_memory|                 co_val_78|         array|
|co_val_78_we1         |  out|    1|   ap_memory|                 co_val_78|         array|
|co_val_78_d1          |  out|   10|   ap_memory|                 co_val_78|         array|
|co_val_77_address1    |  out|    6|   ap_memory|                 co_val_77|         array|
|co_val_77_ce1         |  out|    1|   ap_memory|                 co_val_77|         array|
|co_val_77_we1         |  out|    1|   ap_memory|                 co_val_77|         array|
|co_val_77_d1          |  out|   10|   ap_memory|                 co_val_77|         array|
|co_val_76_address1    |  out|    6|   ap_memory|                 co_val_76|         array|
|co_val_76_ce1         |  out|    1|   ap_memory|                 co_val_76|         array|
|co_val_76_we1         |  out|    1|   ap_memory|                 co_val_76|         array|
|co_val_76_d1          |  out|   10|   ap_memory|                 co_val_76|         array|
|co_val_75_address1    |  out|    6|   ap_memory|                 co_val_75|         array|
|co_val_75_ce1         |  out|    1|   ap_memory|                 co_val_75|         array|
|co_val_75_we1         |  out|    1|   ap_memory|                 co_val_75|         array|
|co_val_75_d1          |  out|   10|   ap_memory|                 co_val_75|         array|
|co_val_74_address1    |  out|    6|   ap_memory|                 co_val_74|         array|
|co_val_74_ce1         |  out|    1|   ap_memory|                 co_val_74|         array|
|co_val_74_we1         |  out|    1|   ap_memory|                 co_val_74|         array|
|co_val_74_d1          |  out|   10|   ap_memory|                 co_val_74|         array|
|co_val_73_address1    |  out|    6|   ap_memory|                 co_val_73|         array|
|co_val_73_ce1         |  out|    1|   ap_memory|                 co_val_73|         array|
|co_val_73_we1         |  out|    1|   ap_memory|                 co_val_73|         array|
|co_val_73_d1          |  out|   10|   ap_memory|                 co_val_73|         array|
|co_val_72_address1    |  out|    6|   ap_memory|                 co_val_72|         array|
|co_val_72_ce1         |  out|    1|   ap_memory|                 co_val_72|         array|
|co_val_72_we1         |  out|    1|   ap_memory|                 co_val_72|         array|
|co_val_72_d1          |  out|   10|   ap_memory|                 co_val_72|         array|
|co_val_71_address1    |  out|    6|   ap_memory|                 co_val_71|         array|
|co_val_71_ce1         |  out|    1|   ap_memory|                 co_val_71|         array|
|co_val_71_we1         |  out|    1|   ap_memory|                 co_val_71|         array|
|co_val_71_d1          |  out|   10|   ap_memory|                 co_val_71|         array|
|co_val_70_address1    |  out|    6|   ap_memory|                 co_val_70|         array|
|co_val_70_ce1         |  out|    1|   ap_memory|                 co_val_70|         array|
|co_val_70_we1         |  out|    1|   ap_memory|                 co_val_70|         array|
|co_val_70_d1          |  out|   10|   ap_memory|                 co_val_70|         array|
|co_val_69_address1    |  out|    6|   ap_memory|                 co_val_69|         array|
|co_val_69_ce1         |  out|    1|   ap_memory|                 co_val_69|         array|
|co_val_69_we1         |  out|    1|   ap_memory|                 co_val_69|         array|
|co_val_69_d1          |  out|   10|   ap_memory|                 co_val_69|         array|
|co_val_68_address1    |  out|    6|   ap_memory|                 co_val_68|         array|
|co_val_68_ce1         |  out|    1|   ap_memory|                 co_val_68|         array|
|co_val_68_we1         |  out|    1|   ap_memory|                 co_val_68|         array|
|co_val_68_d1          |  out|   10|   ap_memory|                 co_val_68|         array|
|co_val_67_address1    |  out|    6|   ap_memory|                 co_val_67|         array|
|co_val_67_ce1         |  out|    1|   ap_memory|                 co_val_67|         array|
|co_val_67_we1         |  out|    1|   ap_memory|                 co_val_67|         array|
|co_val_67_d1          |  out|   10|   ap_memory|                 co_val_67|         array|
|co_val_66_address1    |  out|    6|   ap_memory|                 co_val_66|         array|
|co_val_66_ce1         |  out|    1|   ap_memory|                 co_val_66|         array|
|co_val_66_we1         |  out|    1|   ap_memory|                 co_val_66|         array|
|co_val_66_d1          |  out|   10|   ap_memory|                 co_val_66|         array|
|co_val_65_address1    |  out|    6|   ap_memory|                 co_val_65|         array|
|co_val_65_ce1         |  out|    1|   ap_memory|                 co_val_65|         array|
|co_val_65_we1         |  out|    1|   ap_memory|                 co_val_65|         array|
|co_val_65_d1          |  out|   10|   ap_memory|                 co_val_65|         array|
|co_val_64_address1    |  out|    6|   ap_memory|                 co_val_64|         array|
|co_val_64_ce1         |  out|    1|   ap_memory|                 co_val_64|         array|
|co_val_64_we1         |  out|    1|   ap_memory|                 co_val_64|         array|
|co_val_64_d1          |  out|   10|   ap_memory|                 co_val_64|         array|
|co_val_63_address1    |  out|    6|   ap_memory|                 co_val_63|         array|
|co_val_63_ce1         |  out|    1|   ap_memory|                 co_val_63|         array|
|co_val_63_we1         |  out|    1|   ap_memory|                 co_val_63|         array|
|co_val_63_d1          |  out|   10|   ap_memory|                 co_val_63|         array|
|co_val_62_address1    |  out|    6|   ap_memory|                 co_val_62|         array|
|co_val_62_ce1         |  out|    1|   ap_memory|                 co_val_62|         array|
|co_val_62_we1         |  out|    1|   ap_memory|                 co_val_62|         array|
|co_val_62_d1          |  out|   10|   ap_memory|                 co_val_62|         array|
|co_val_61_address1    |  out|    6|   ap_memory|                 co_val_61|         array|
|co_val_61_ce1         |  out|    1|   ap_memory|                 co_val_61|         array|
|co_val_61_we1         |  out|    1|   ap_memory|                 co_val_61|         array|
|co_val_61_d1          |  out|   10|   ap_memory|                 co_val_61|         array|
|co_val_60_address1    |  out|    6|   ap_memory|                 co_val_60|         array|
|co_val_60_ce1         |  out|    1|   ap_memory|                 co_val_60|         array|
|co_val_60_we1         |  out|    1|   ap_memory|                 co_val_60|         array|
|co_val_60_d1          |  out|   10|   ap_memory|                 co_val_60|         array|
|co_val_59_address1    |  out|    6|   ap_memory|                 co_val_59|         array|
|co_val_59_ce1         |  out|    1|   ap_memory|                 co_val_59|         array|
|co_val_59_we1         |  out|    1|   ap_memory|                 co_val_59|         array|
|co_val_59_d1          |  out|   10|   ap_memory|                 co_val_59|         array|
|co_val_58_address1    |  out|    6|   ap_memory|                 co_val_58|         array|
|co_val_58_ce1         |  out|    1|   ap_memory|                 co_val_58|         array|
|co_val_58_we1         |  out|    1|   ap_memory|                 co_val_58|         array|
|co_val_58_d1          |  out|   10|   ap_memory|                 co_val_58|         array|
|co_val_57_address1    |  out|    6|   ap_memory|                 co_val_57|         array|
|co_val_57_ce1         |  out|    1|   ap_memory|                 co_val_57|         array|
|co_val_57_we1         |  out|    1|   ap_memory|                 co_val_57|         array|
|co_val_57_d1          |  out|   10|   ap_memory|                 co_val_57|         array|
|co_val_56_address1    |  out|    6|   ap_memory|                 co_val_56|         array|
|co_val_56_ce1         |  out|    1|   ap_memory|                 co_val_56|         array|
|co_val_56_we1         |  out|    1|   ap_memory|                 co_val_56|         array|
|co_val_56_d1          |  out|   10|   ap_memory|                 co_val_56|         array|
|co_val_55_address1    |  out|    6|   ap_memory|                 co_val_55|         array|
|co_val_55_ce1         |  out|    1|   ap_memory|                 co_val_55|         array|
|co_val_55_we1         |  out|    1|   ap_memory|                 co_val_55|         array|
|co_val_55_d1          |  out|   10|   ap_memory|                 co_val_55|         array|
|co_val_54_address1    |  out|    6|   ap_memory|                 co_val_54|         array|
|co_val_54_ce1         |  out|    1|   ap_memory|                 co_val_54|         array|
|co_val_54_we1         |  out|    1|   ap_memory|                 co_val_54|         array|
|co_val_54_d1          |  out|   10|   ap_memory|                 co_val_54|         array|
|co_val_53_address1    |  out|    6|   ap_memory|                 co_val_53|         array|
|co_val_53_ce1         |  out|    1|   ap_memory|                 co_val_53|         array|
|co_val_53_we1         |  out|    1|   ap_memory|                 co_val_53|         array|
|co_val_53_d1          |  out|   10|   ap_memory|                 co_val_53|         array|
|co_val_52_address1    |  out|    6|   ap_memory|                 co_val_52|         array|
|co_val_52_ce1         |  out|    1|   ap_memory|                 co_val_52|         array|
|co_val_52_we1         |  out|    1|   ap_memory|                 co_val_52|         array|
|co_val_52_d1          |  out|   10|   ap_memory|                 co_val_52|         array|
|co_val_51_address1    |  out|    6|   ap_memory|                 co_val_51|         array|
|co_val_51_ce1         |  out|    1|   ap_memory|                 co_val_51|         array|
|co_val_51_we1         |  out|    1|   ap_memory|                 co_val_51|         array|
|co_val_51_d1          |  out|   10|   ap_memory|                 co_val_51|         array|
|co_val_50_address1    |  out|    6|   ap_memory|                 co_val_50|         array|
|co_val_50_ce1         |  out|    1|   ap_memory|                 co_val_50|         array|
|co_val_50_we1         |  out|    1|   ap_memory|                 co_val_50|         array|
|co_val_50_d1          |  out|   10|   ap_memory|                 co_val_50|         array|
|co_val_49_address1    |  out|    6|   ap_memory|                 co_val_49|         array|
|co_val_49_ce1         |  out|    1|   ap_memory|                 co_val_49|         array|
|co_val_49_we1         |  out|    1|   ap_memory|                 co_val_49|         array|
|co_val_49_d1          |  out|   10|   ap_memory|                 co_val_49|         array|
|co_val_48_address1    |  out|    6|   ap_memory|                 co_val_48|         array|
|co_val_48_ce1         |  out|    1|   ap_memory|                 co_val_48|         array|
|co_val_48_we1         |  out|    1|   ap_memory|                 co_val_48|         array|
|co_val_48_d1          |  out|   10|   ap_memory|                 co_val_48|         array|
|co_val_47_address1    |  out|    6|   ap_memory|                 co_val_47|         array|
|co_val_47_ce1         |  out|    1|   ap_memory|                 co_val_47|         array|
|co_val_47_we1         |  out|    1|   ap_memory|                 co_val_47|         array|
|co_val_47_d1          |  out|   10|   ap_memory|                 co_val_47|         array|
|co_val_46_address1    |  out|    6|   ap_memory|                 co_val_46|         array|
|co_val_46_ce1         |  out|    1|   ap_memory|                 co_val_46|         array|
|co_val_46_we1         |  out|    1|   ap_memory|                 co_val_46|         array|
|co_val_46_d1          |  out|   10|   ap_memory|                 co_val_46|         array|
|co_val_45_address1    |  out|    6|   ap_memory|                 co_val_45|         array|
|co_val_45_ce1         |  out|    1|   ap_memory|                 co_val_45|         array|
|co_val_45_we1         |  out|    1|   ap_memory|                 co_val_45|         array|
|co_val_45_d1          |  out|   10|   ap_memory|                 co_val_45|         array|
|co_val_44_address1    |  out|    6|   ap_memory|                 co_val_44|         array|
|co_val_44_ce1         |  out|    1|   ap_memory|                 co_val_44|         array|
|co_val_44_we1         |  out|    1|   ap_memory|                 co_val_44|         array|
|co_val_44_d1          |  out|   10|   ap_memory|                 co_val_44|         array|
|co_val_43_address1    |  out|    6|   ap_memory|                 co_val_43|         array|
|co_val_43_ce1         |  out|    1|   ap_memory|                 co_val_43|         array|
|co_val_43_we1         |  out|    1|   ap_memory|                 co_val_43|         array|
|co_val_43_d1          |  out|   10|   ap_memory|                 co_val_43|         array|
|co_val_42_address1    |  out|    6|   ap_memory|                 co_val_42|         array|
|co_val_42_ce1         |  out|    1|   ap_memory|                 co_val_42|         array|
|co_val_42_we1         |  out|    1|   ap_memory|                 co_val_42|         array|
|co_val_42_d1          |  out|   10|   ap_memory|                 co_val_42|         array|
|co_val_41_address1    |  out|    6|   ap_memory|                 co_val_41|         array|
|co_val_41_ce1         |  out|    1|   ap_memory|                 co_val_41|         array|
|co_val_41_we1         |  out|    1|   ap_memory|                 co_val_41|         array|
|co_val_41_d1          |  out|   10|   ap_memory|                 co_val_41|         array|
|co_val_40_address1    |  out|    6|   ap_memory|                 co_val_40|         array|
|co_val_40_ce1         |  out|    1|   ap_memory|                 co_val_40|         array|
|co_val_40_we1         |  out|    1|   ap_memory|                 co_val_40|         array|
|co_val_40_d1          |  out|   10|   ap_memory|                 co_val_40|         array|
|co_val_39_address1    |  out|    6|   ap_memory|                 co_val_39|         array|
|co_val_39_ce1         |  out|    1|   ap_memory|                 co_val_39|         array|
|co_val_39_we1         |  out|    1|   ap_memory|                 co_val_39|         array|
|co_val_39_d1          |  out|   10|   ap_memory|                 co_val_39|         array|
|co_val_38_address1    |  out|    6|   ap_memory|                 co_val_38|         array|
|co_val_38_ce1         |  out|    1|   ap_memory|                 co_val_38|         array|
|co_val_38_we1         |  out|    1|   ap_memory|                 co_val_38|         array|
|co_val_38_d1          |  out|   10|   ap_memory|                 co_val_38|         array|
|co_val_37_address1    |  out|    6|   ap_memory|                 co_val_37|         array|
|co_val_37_ce1         |  out|    1|   ap_memory|                 co_val_37|         array|
|co_val_37_we1         |  out|    1|   ap_memory|                 co_val_37|         array|
|co_val_37_d1          |  out|   10|   ap_memory|                 co_val_37|         array|
|co_val_36_address1    |  out|    6|   ap_memory|                 co_val_36|         array|
|co_val_36_ce1         |  out|    1|   ap_memory|                 co_val_36|         array|
|co_val_36_we1         |  out|    1|   ap_memory|                 co_val_36|         array|
|co_val_36_d1          |  out|   10|   ap_memory|                 co_val_36|         array|
|co_val_35_address1    |  out|    6|   ap_memory|                 co_val_35|         array|
|co_val_35_ce1         |  out|    1|   ap_memory|                 co_val_35|         array|
|co_val_35_we1         |  out|    1|   ap_memory|                 co_val_35|         array|
|co_val_35_d1          |  out|   10|   ap_memory|                 co_val_35|         array|
|co_val_34_address1    |  out|    6|   ap_memory|                 co_val_34|         array|
|co_val_34_ce1         |  out|    1|   ap_memory|                 co_val_34|         array|
|co_val_34_we1         |  out|    1|   ap_memory|                 co_val_34|         array|
|co_val_34_d1          |  out|   10|   ap_memory|                 co_val_34|         array|
|co_val_33_address1    |  out|    6|   ap_memory|                 co_val_33|         array|
|co_val_33_ce1         |  out|    1|   ap_memory|                 co_val_33|         array|
|co_val_33_we1         |  out|    1|   ap_memory|                 co_val_33|         array|
|co_val_33_d1          |  out|   10|   ap_memory|                 co_val_33|         array|
|co_val_32_address1    |  out|    6|   ap_memory|                 co_val_32|         array|
|co_val_32_ce1         |  out|    1|   ap_memory|                 co_val_32|         array|
|co_val_32_we1         |  out|    1|   ap_memory|                 co_val_32|         array|
|co_val_32_d1          |  out|   10|   ap_memory|                 co_val_32|         array|
|co_val_31_address1    |  out|    6|   ap_memory|                 co_val_31|         array|
|co_val_31_ce1         |  out|    1|   ap_memory|                 co_val_31|         array|
|co_val_31_we1         |  out|    1|   ap_memory|                 co_val_31|         array|
|co_val_31_d1          |  out|   10|   ap_memory|                 co_val_31|         array|
|co_val_30_address1    |  out|    6|   ap_memory|                 co_val_30|         array|
|co_val_30_ce1         |  out|    1|   ap_memory|                 co_val_30|         array|
|co_val_30_we1         |  out|    1|   ap_memory|                 co_val_30|         array|
|co_val_30_d1          |  out|   10|   ap_memory|                 co_val_30|         array|
|co_val_29_address1    |  out|    6|   ap_memory|                 co_val_29|         array|
|co_val_29_ce1         |  out|    1|   ap_memory|                 co_val_29|         array|
|co_val_29_we1         |  out|    1|   ap_memory|                 co_val_29|         array|
|co_val_29_d1          |  out|   10|   ap_memory|                 co_val_29|         array|
|co_val_28_address1    |  out|    6|   ap_memory|                 co_val_28|         array|
|co_val_28_ce1         |  out|    1|   ap_memory|                 co_val_28|         array|
|co_val_28_we1         |  out|    1|   ap_memory|                 co_val_28|         array|
|co_val_28_d1          |  out|   10|   ap_memory|                 co_val_28|         array|
|co_val_27_address1    |  out|    6|   ap_memory|                 co_val_27|         array|
|co_val_27_ce1         |  out|    1|   ap_memory|                 co_val_27|         array|
|co_val_27_we1         |  out|    1|   ap_memory|                 co_val_27|         array|
|co_val_27_d1          |  out|   10|   ap_memory|                 co_val_27|         array|
|co_val_26_address1    |  out|    6|   ap_memory|                 co_val_26|         array|
|co_val_26_ce1         |  out|    1|   ap_memory|                 co_val_26|         array|
|co_val_26_we1         |  out|    1|   ap_memory|                 co_val_26|         array|
|co_val_26_d1          |  out|   10|   ap_memory|                 co_val_26|         array|
|co_val_25_address1    |  out|    6|   ap_memory|                 co_val_25|         array|
|co_val_25_ce1         |  out|    1|   ap_memory|                 co_val_25|         array|
|co_val_25_we1         |  out|    1|   ap_memory|                 co_val_25|         array|
|co_val_25_d1          |  out|   10|   ap_memory|                 co_val_25|         array|
|co_val_24_address1    |  out|    6|   ap_memory|                 co_val_24|         array|
|co_val_24_ce1         |  out|    1|   ap_memory|                 co_val_24|         array|
|co_val_24_we1         |  out|    1|   ap_memory|                 co_val_24|         array|
|co_val_24_d1          |  out|   10|   ap_memory|                 co_val_24|         array|
|co_val_23_address1    |  out|    6|   ap_memory|                 co_val_23|         array|
|co_val_23_ce1         |  out|    1|   ap_memory|                 co_val_23|         array|
|co_val_23_we1         |  out|    1|   ap_memory|                 co_val_23|         array|
|co_val_23_d1          |  out|   10|   ap_memory|                 co_val_23|         array|
|co_val_22_address1    |  out|    6|   ap_memory|                 co_val_22|         array|
|co_val_22_ce1         |  out|    1|   ap_memory|                 co_val_22|         array|
|co_val_22_we1         |  out|    1|   ap_memory|                 co_val_22|         array|
|co_val_22_d1          |  out|   10|   ap_memory|                 co_val_22|         array|
|co_val_21_address1    |  out|    6|   ap_memory|                 co_val_21|         array|
|co_val_21_ce1         |  out|    1|   ap_memory|                 co_val_21|         array|
|co_val_21_we1         |  out|    1|   ap_memory|                 co_val_21|         array|
|co_val_21_d1          |  out|   10|   ap_memory|                 co_val_21|         array|
|co_val_20_address1    |  out|    6|   ap_memory|                 co_val_20|         array|
|co_val_20_ce1         |  out|    1|   ap_memory|                 co_val_20|         array|
|co_val_20_we1         |  out|    1|   ap_memory|                 co_val_20|         array|
|co_val_20_d1          |  out|   10|   ap_memory|                 co_val_20|         array|
|co_val_19_address1    |  out|    6|   ap_memory|                 co_val_19|         array|
|co_val_19_ce1         |  out|    1|   ap_memory|                 co_val_19|         array|
|co_val_19_we1         |  out|    1|   ap_memory|                 co_val_19|         array|
|co_val_19_d1          |  out|   10|   ap_memory|                 co_val_19|         array|
|co_val_18_address1    |  out|    6|   ap_memory|                 co_val_18|         array|
|co_val_18_ce1         |  out|    1|   ap_memory|                 co_val_18|         array|
|co_val_18_we1         |  out|    1|   ap_memory|                 co_val_18|         array|
|co_val_18_d1          |  out|   10|   ap_memory|                 co_val_18|         array|
|co_val_17_address1    |  out|    6|   ap_memory|                 co_val_17|         array|
|co_val_17_ce1         |  out|    1|   ap_memory|                 co_val_17|         array|
|co_val_17_we1         |  out|    1|   ap_memory|                 co_val_17|         array|
|co_val_17_d1          |  out|   10|   ap_memory|                 co_val_17|         array|
|co_val_16_address1    |  out|    6|   ap_memory|                 co_val_16|         array|
|co_val_16_ce1         |  out|    1|   ap_memory|                 co_val_16|         array|
|co_val_16_we1         |  out|    1|   ap_memory|                 co_val_16|         array|
|co_val_16_d1          |  out|   10|   ap_memory|                 co_val_16|         array|
|co_val_15_address1    |  out|    6|   ap_memory|                 co_val_15|         array|
|co_val_15_ce1         |  out|    1|   ap_memory|                 co_val_15|         array|
|co_val_15_we1         |  out|    1|   ap_memory|                 co_val_15|         array|
|co_val_15_d1          |  out|   10|   ap_memory|                 co_val_15|         array|
|co_val_14_address1    |  out|    6|   ap_memory|                 co_val_14|         array|
|co_val_14_ce1         |  out|    1|   ap_memory|                 co_val_14|         array|
|co_val_14_we1         |  out|    1|   ap_memory|                 co_val_14|         array|
|co_val_14_d1          |  out|   10|   ap_memory|                 co_val_14|         array|
|co_val_13_address1    |  out|    6|   ap_memory|                 co_val_13|         array|
|co_val_13_ce1         |  out|    1|   ap_memory|                 co_val_13|         array|
|co_val_13_we1         |  out|    1|   ap_memory|                 co_val_13|         array|
|co_val_13_d1          |  out|   10|   ap_memory|                 co_val_13|         array|
|co_val_12_address1    |  out|    6|   ap_memory|                 co_val_12|         array|
|co_val_12_ce1         |  out|    1|   ap_memory|                 co_val_12|         array|
|co_val_12_we1         |  out|    1|   ap_memory|                 co_val_12|         array|
|co_val_12_d1          |  out|   10|   ap_memory|                 co_val_12|         array|
|co_val_11_address1    |  out|    6|   ap_memory|                 co_val_11|         array|
|co_val_11_ce1         |  out|    1|   ap_memory|                 co_val_11|         array|
|co_val_11_we1         |  out|    1|   ap_memory|                 co_val_11|         array|
|co_val_11_d1          |  out|   10|   ap_memory|                 co_val_11|         array|
|co_val_10_address1    |  out|    6|   ap_memory|                 co_val_10|         array|
|co_val_10_ce1         |  out|    1|   ap_memory|                 co_val_10|         array|
|co_val_10_we1         |  out|    1|   ap_memory|                 co_val_10|         array|
|co_val_10_d1          |  out|   10|   ap_memory|                 co_val_10|         array|
|co_val_9_address1     |  out|    6|   ap_memory|                  co_val_9|         array|
|co_val_9_ce1          |  out|    1|   ap_memory|                  co_val_9|         array|
|co_val_9_we1          |  out|    1|   ap_memory|                  co_val_9|         array|
|co_val_9_d1           |  out|   10|   ap_memory|                  co_val_9|         array|
|co_val_8_address1     |  out|    6|   ap_memory|                  co_val_8|         array|
|co_val_8_ce1          |  out|    1|   ap_memory|                  co_val_8|         array|
|co_val_8_we1          |  out|    1|   ap_memory|                  co_val_8|         array|
|co_val_8_d1           |  out|   10|   ap_memory|                  co_val_8|         array|
|co_val_7_address1     |  out|    6|   ap_memory|                  co_val_7|         array|
|co_val_7_ce1          |  out|    1|   ap_memory|                  co_val_7|         array|
|co_val_7_we1          |  out|    1|   ap_memory|                  co_val_7|         array|
|co_val_7_d1           |  out|   10|   ap_memory|                  co_val_7|         array|
|co_val_6_address1     |  out|    6|   ap_memory|                  co_val_6|         array|
|co_val_6_ce1          |  out|    1|   ap_memory|                  co_val_6|         array|
|co_val_6_we1          |  out|    1|   ap_memory|                  co_val_6|         array|
|co_val_6_d1           |  out|   10|   ap_memory|                  co_val_6|         array|
|co_val_5_address1     |  out|    6|   ap_memory|                  co_val_5|         array|
|co_val_5_ce1          |  out|    1|   ap_memory|                  co_val_5|         array|
|co_val_5_we1          |  out|    1|   ap_memory|                  co_val_5|         array|
|co_val_5_d1           |  out|   10|   ap_memory|                  co_val_5|         array|
|co_val_4_address1     |  out|    6|   ap_memory|                  co_val_4|         array|
|co_val_4_ce1          |  out|    1|   ap_memory|                  co_val_4|         array|
|co_val_4_we1          |  out|    1|   ap_memory|                  co_val_4|         array|
|co_val_4_d1           |  out|   10|   ap_memory|                  co_val_4|         array|
|co_val_3_address1     |  out|    6|   ap_memory|                  co_val_3|         array|
|co_val_3_ce1          |  out|    1|   ap_memory|                  co_val_3|         array|
|co_val_3_we1          |  out|    1|   ap_memory|                  co_val_3|         array|
|co_val_3_d1           |  out|   10|   ap_memory|                  co_val_3|         array|
|co_val_2_address1     |  out|    6|   ap_memory|                  co_val_2|         array|
|co_val_2_ce1          |  out|    1|   ap_memory|                  co_val_2|         array|
|co_val_2_we1          |  out|    1|   ap_memory|                  co_val_2|         array|
|co_val_2_d1           |  out|   10|   ap_memory|                  co_val_2|         array|
|co_val_1_address1     |  out|    6|   ap_memory|                  co_val_1|         array|
|co_val_1_ce1          |  out|    1|   ap_memory|                  co_val_1|         array|
|co_val_1_we1          |  out|    1|   ap_memory|                  co_val_1|         array|
|co_val_1_d1           |  out|   10|   ap_memory|                  co_val_1|         array|
|co_val_address1       |  out|    6|   ap_memory|                    co_val|         array|
|co_val_ce1            |  out|    1|   ap_memory|                    co_val|         array|
|co_val_we1            |  out|    1|   ap_memory|                    co_val|         array|
|co_val_d1             |  out|   10|   ap_memory|                    co_val|         array|
|comp_a_14_address0    |  out|    6|   ap_memory|                 comp_a_14|         array|
|comp_a_14_ce0         |  out|    1|   ap_memory|                 comp_a_14|         array|
|comp_a_14_we0         |  out|    1|   ap_memory|                 comp_a_14|         array|
|comp_a_14_d0          |  out|   10|   ap_memory|                 comp_a_14|         array|
|comp_a_13_address0    |  out|    6|   ap_memory|                 comp_a_13|         array|
|comp_a_13_ce0         |  out|    1|   ap_memory|                 comp_a_13|         array|
|comp_a_13_we0         |  out|    1|   ap_memory|                 comp_a_13|         array|
|comp_a_13_d0          |  out|   10|   ap_memory|                 comp_a_13|         array|
|comp_a_12_address0    |  out|    6|   ap_memory|                 comp_a_12|         array|
|comp_a_12_ce0         |  out|    1|   ap_memory|                 comp_a_12|         array|
|comp_a_12_we0         |  out|    1|   ap_memory|                 comp_a_12|         array|
|comp_a_12_d0          |  out|   10|   ap_memory|                 comp_a_12|         array|
|comp_a_11_address0    |  out|    6|   ap_memory|                 comp_a_11|         array|
|comp_a_11_ce0         |  out|    1|   ap_memory|                 comp_a_11|         array|
|comp_a_11_we0         |  out|    1|   ap_memory|                 comp_a_11|         array|
|comp_a_11_d0          |  out|   10|   ap_memory|                 comp_a_11|         array|
|comp_a_10_address0    |  out|    6|   ap_memory|                 comp_a_10|         array|
|comp_a_10_ce0         |  out|    1|   ap_memory|                 comp_a_10|         array|
|comp_a_10_we0         |  out|    1|   ap_memory|                 comp_a_10|         array|
|comp_a_10_d0          |  out|   10|   ap_memory|                 comp_a_10|         array|
|comp_a_9_address0     |  out|    6|   ap_memory|                  comp_a_9|         array|
|comp_a_9_ce0          |  out|    1|   ap_memory|                  comp_a_9|         array|
|comp_a_9_we0          |  out|    1|   ap_memory|                  comp_a_9|         array|
|comp_a_9_d0           |  out|   10|   ap_memory|                  comp_a_9|         array|
|comp_a_8_address0     |  out|    6|   ap_memory|                  comp_a_8|         array|
|comp_a_8_ce0          |  out|    1|   ap_memory|                  comp_a_8|         array|
|comp_a_8_we0          |  out|    1|   ap_memory|                  comp_a_8|         array|
|comp_a_8_d0           |  out|   10|   ap_memory|                  comp_a_8|         array|
|comp_a_7_address0     |  out|    6|   ap_memory|                  comp_a_7|         array|
|comp_a_7_ce0          |  out|    1|   ap_memory|                  comp_a_7|         array|
|comp_a_7_we0          |  out|    1|   ap_memory|                  comp_a_7|         array|
|comp_a_7_d0           |  out|   10|   ap_memory|                  comp_a_7|         array|
|comp_a_6_address0     |  out|    6|   ap_memory|                  comp_a_6|         array|
|comp_a_6_ce0          |  out|    1|   ap_memory|                  comp_a_6|         array|
|comp_a_6_we0          |  out|    1|   ap_memory|                  comp_a_6|         array|
|comp_a_6_d0           |  out|   10|   ap_memory|                  comp_a_6|         array|
|comp_a_5_address0     |  out|    6|   ap_memory|                  comp_a_5|         array|
|comp_a_5_ce0          |  out|    1|   ap_memory|                  comp_a_5|         array|
|comp_a_5_we0          |  out|    1|   ap_memory|                  comp_a_5|         array|
|comp_a_5_d0           |  out|   10|   ap_memory|                  comp_a_5|         array|
|comp_a_4_address0     |  out|    6|   ap_memory|                  comp_a_4|         array|
|comp_a_4_ce0          |  out|    1|   ap_memory|                  comp_a_4|         array|
|comp_a_4_we0          |  out|    1|   ap_memory|                  comp_a_4|         array|
|comp_a_4_d0           |  out|   10|   ap_memory|                  comp_a_4|         array|
|comp_a_3_address0     |  out|    6|   ap_memory|                  comp_a_3|         array|
|comp_a_3_ce0          |  out|    1|   ap_memory|                  comp_a_3|         array|
|comp_a_3_we0          |  out|    1|   ap_memory|                  comp_a_3|         array|
|comp_a_3_d0           |  out|   10|   ap_memory|                  comp_a_3|         array|
|comp_a_2_address0     |  out|    6|   ap_memory|                  comp_a_2|         array|
|comp_a_2_ce0          |  out|    1|   ap_memory|                  comp_a_2|         array|
|comp_a_2_we0          |  out|    1|   ap_memory|                  comp_a_2|         array|
|comp_a_2_d0           |  out|   10|   ap_memory|                  comp_a_2|         array|
|comp_a_1_address0     |  out|    6|   ap_memory|                  comp_a_1|         array|
|comp_a_1_ce0          |  out|    1|   ap_memory|                  comp_a_1|         array|
|comp_a_1_we0          |  out|    1|   ap_memory|                  comp_a_1|         array|
|comp_a_1_d0           |  out|   10|   ap_memory|                  comp_a_1|         array|
|comp_a_address0       |  out|    6|   ap_memory|                    comp_a|         array|
|comp_a_ce0            |  out|    1|   ap_memory|                    comp_a|         array|
|comp_a_we0            |  out|    1|   ap_memory|                    comp_a|         array|
|comp_a_d0             |  out|   10|   ap_memory|                    comp_a|         array|
|comp_b_address0       |  out|    6|   ap_memory|                    comp_b|         array|
|comp_b_ce0            |  out|    1|   ap_memory|                    comp_b|         array|
|comp_b_q0             |   in|   10|   ap_memory|                    comp_b|         array|
|cpy2_address0         |  out|    6|   ap_memory|                      cpy2|         array|
|cpy2_ce0              |  out|    1|   ap_memory|                      cpy2|         array|
|cpy2_q0               |   in|   10|   ap_memory|                      cpy2|         array|
|cpy2_1_address0       |  out|    6|   ap_memory|                    cpy2_1|         array|
|cpy2_1_ce0            |  out|    1|   ap_memory|                    cpy2_1|         array|
|cpy2_1_q0             |   in|   10|   ap_memory|                    cpy2_1|         array|
|cpy2_2_address0       |  out|    6|   ap_memory|                    cpy2_2|         array|
|cpy2_2_ce0            |  out|    1|   ap_memory|                    cpy2_2|         array|
|cpy2_2_q0             |   in|   10|   ap_memory|                    cpy2_2|         array|
|cpy2_3_address0       |  out|    6|   ap_memory|                    cpy2_3|         array|
|cpy2_3_ce0            |  out|    1|   ap_memory|                    cpy2_3|         array|
|cpy2_3_q0             |   in|   10|   ap_memory|                    cpy2_3|         array|
|cpy2_4_address0       |  out|    6|   ap_memory|                    cpy2_4|         array|
|cpy2_4_ce0            |  out|    1|   ap_memory|                    cpy2_4|         array|
|cpy2_4_q0             |   in|   10|   ap_memory|                    cpy2_4|         array|
|cpy2_5_address0       |  out|    6|   ap_memory|                    cpy2_5|         array|
|cpy2_5_ce0            |  out|    1|   ap_memory|                    cpy2_5|         array|
|cpy2_5_q0             |   in|   10|   ap_memory|                    cpy2_5|         array|
|cpy2_6_address0       |  out|    6|   ap_memory|                    cpy2_6|         array|
|cpy2_6_ce0            |  out|    1|   ap_memory|                    cpy2_6|         array|
|cpy2_6_q0             |   in|   10|   ap_memory|                    cpy2_6|         array|
|cpy2_7_address0       |  out|    6|   ap_memory|                    cpy2_7|         array|
|cpy2_7_ce0            |  out|    1|   ap_memory|                    cpy2_7|         array|
|cpy2_7_q0             |   in|   10|   ap_memory|                    cpy2_7|         array|
|cpy2_8_address0       |  out|    6|   ap_memory|                    cpy2_8|         array|
|cpy2_8_ce0            |  out|    1|   ap_memory|                    cpy2_8|         array|
|cpy2_8_q0             |   in|   10|   ap_memory|                    cpy2_8|         array|
|cpy2_9_address0       |  out|    6|   ap_memory|                    cpy2_9|         array|
|cpy2_9_ce0            |  out|    1|   ap_memory|                    cpy2_9|         array|
|cpy2_9_q0             |   in|   10|   ap_memory|                    cpy2_9|         array|
|cpy2_10_address0      |  out|    6|   ap_memory|                   cpy2_10|         array|
|cpy2_10_ce0           |  out|    1|   ap_memory|                   cpy2_10|         array|
|cpy2_10_q0            |   in|   10|   ap_memory|                   cpy2_10|         array|
|cpy2_11_address0      |  out|    6|   ap_memory|                   cpy2_11|         array|
|cpy2_11_ce0           |  out|    1|   ap_memory|                   cpy2_11|         array|
|cpy2_11_q0            |   in|   10|   ap_memory|                   cpy2_11|         array|
|cpy2_12_address0      |  out|    6|   ap_memory|                   cpy2_12|         array|
|cpy2_12_ce0           |  out|    1|   ap_memory|                   cpy2_12|         array|
|cpy2_12_q0            |   in|   10|   ap_memory|                   cpy2_12|         array|
|cpy2_13_address0      |  out|    6|   ap_memory|                   cpy2_13|         array|
|cpy2_13_ce0           |  out|    1|   ap_memory|                   cpy2_13|         array|
|cpy2_13_q0            |   in|   10|   ap_memory|                   cpy2_13|         array|
|cpy2_14_address0      |  out|    6|   ap_memory|                   cpy2_14|         array|
|cpy2_14_ce0           |  out|    1|   ap_memory|                   cpy2_14|         array|
|cpy2_14_q0            |   in|   10|   ap_memory|                   cpy2_14|         array|
|cpy2_15_address0      |  out|    6|   ap_memory|                   cpy2_15|         array|
|cpy2_15_ce0           |  out|    1|   ap_memory|                   cpy2_15|         array|
|cpy2_15_q0            |   in|   10|   ap_memory|                   cpy2_15|         array|
|order_address0        |  out|    6|   ap_memory|                     order|         array|
|order_ce0             |  out|    1|   ap_memory|                     order|         array|
|order_q0              |   in|   10|   ap_memory|                     order|         array|
|comp_b_1_address0     |  out|    6|   ap_memory|                  comp_b_1|         array|
|comp_b_1_ce0          |  out|    1|   ap_memory|                  comp_b_1|         array|
|comp_b_1_q0           |   in|   10|   ap_memory|                  comp_b_1|         array|
|order_1_address0      |  out|    6|   ap_memory|                   order_1|         array|
|order_1_ce0           |  out|    1|   ap_memory|                   order_1|         array|
|order_1_q0            |   in|   10|   ap_memory|                   order_1|         array|
|comp_b_2_address0     |  out|    6|   ap_memory|                  comp_b_2|         array|
|comp_b_2_ce0          |  out|    1|   ap_memory|                  comp_b_2|         array|
|comp_b_2_q0           |   in|   10|   ap_memory|                  comp_b_2|         array|
|order_2_address0      |  out|    6|   ap_memory|                   order_2|         array|
|order_2_ce0           |  out|    1|   ap_memory|                   order_2|         array|
|order_2_q0            |   in|   10|   ap_memory|                   order_2|         array|
|comp_b_3_address0     |  out|    6|   ap_memory|                  comp_b_3|         array|
|comp_b_3_ce0          |  out|    1|   ap_memory|                  comp_b_3|         array|
|comp_b_3_q0           |   in|   10|   ap_memory|                  comp_b_3|         array|
|order_3_address0      |  out|    6|   ap_memory|                   order_3|         array|
|order_3_ce0           |  out|    1|   ap_memory|                   order_3|         array|
|order_3_q0            |   in|   10|   ap_memory|                   order_3|         array|
|comp_b_4_address0     |  out|    6|   ap_memory|                  comp_b_4|         array|
|comp_b_4_ce0          |  out|    1|   ap_memory|                  comp_b_4|         array|
|comp_b_4_q0           |   in|   10|   ap_memory|                  comp_b_4|         array|
|order_4_address0      |  out|    6|   ap_memory|                   order_4|         array|
|order_4_ce0           |  out|    1|   ap_memory|                   order_4|         array|
|order_4_q0            |   in|   10|   ap_memory|                   order_4|         array|
|comp_b_5_address0     |  out|    6|   ap_memory|                  comp_b_5|         array|
|comp_b_5_ce0          |  out|    1|   ap_memory|                  comp_b_5|         array|
|comp_b_5_q0           |   in|   10|   ap_memory|                  comp_b_5|         array|
|order_5_address0      |  out|    6|   ap_memory|                   order_5|         array|
|order_5_ce0           |  out|    1|   ap_memory|                   order_5|         array|
|order_5_q0            |   in|   10|   ap_memory|                   order_5|         array|
|comp_b_6_address0     |  out|    6|   ap_memory|                  comp_b_6|         array|
|comp_b_6_ce0          |  out|    1|   ap_memory|                  comp_b_6|         array|
|comp_b_6_q0           |   in|   10|   ap_memory|                  comp_b_6|         array|
|order_6_address0      |  out|    6|   ap_memory|                   order_6|         array|
|order_6_ce0           |  out|    1|   ap_memory|                   order_6|         array|
|order_6_q0            |   in|   10|   ap_memory|                   order_6|         array|
|comp_b_7_address0     |  out|    6|   ap_memory|                  comp_b_7|         array|
|comp_b_7_ce0          |  out|    1|   ap_memory|                  comp_b_7|         array|
|comp_b_7_q0           |   in|   10|   ap_memory|                  comp_b_7|         array|
|order_7_address0      |  out|    6|   ap_memory|                   order_7|         array|
|order_7_ce0           |  out|    1|   ap_memory|                   order_7|         array|
|order_7_q0            |   in|   10|   ap_memory|                   order_7|         array|
|comp_b_8_address0     |  out|    6|   ap_memory|                  comp_b_8|         array|
|comp_b_8_ce0          |  out|    1|   ap_memory|                  comp_b_8|         array|
|comp_b_8_q0           |   in|   10|   ap_memory|                  comp_b_8|         array|
|order_8_address0      |  out|    6|   ap_memory|                   order_8|         array|
|order_8_ce0           |  out|    1|   ap_memory|                   order_8|         array|
|order_8_q0            |   in|   10|   ap_memory|                   order_8|         array|
|comp_b_9_address0     |  out|    6|   ap_memory|                  comp_b_9|         array|
|comp_b_9_ce0          |  out|    1|   ap_memory|                  comp_b_9|         array|
|comp_b_9_q0           |   in|   10|   ap_memory|                  comp_b_9|         array|
|order_9_address0      |  out|    6|   ap_memory|                   order_9|         array|
|order_9_ce0           |  out|    1|   ap_memory|                   order_9|         array|
|order_9_q0            |   in|   10|   ap_memory|                   order_9|         array|
|comp_b_10_address0    |  out|    6|   ap_memory|                 comp_b_10|         array|
|comp_b_10_ce0         |  out|    1|   ap_memory|                 comp_b_10|         array|
|comp_b_10_q0          |   in|   10|   ap_memory|                 comp_b_10|         array|
|order_10_address0     |  out|    6|   ap_memory|                  order_10|         array|
|order_10_ce0          |  out|    1|   ap_memory|                  order_10|         array|
|order_10_q0           |   in|   10|   ap_memory|                  order_10|         array|
|comp_b_11_address0    |  out|    6|   ap_memory|                 comp_b_11|         array|
|comp_b_11_ce0         |  out|    1|   ap_memory|                 comp_b_11|         array|
|comp_b_11_q0          |   in|   10|   ap_memory|                 comp_b_11|         array|
|order_11_address0     |  out|    6|   ap_memory|                  order_11|         array|
|order_11_ce0          |  out|    1|   ap_memory|                  order_11|         array|
|order_11_q0           |   in|   10|   ap_memory|                  order_11|         array|
|comp_b_12_address0    |  out|    6|   ap_memory|                 comp_b_12|         array|
|comp_b_12_ce0         |  out|    1|   ap_memory|                 comp_b_12|         array|
|comp_b_12_q0          |   in|   10|   ap_memory|                 comp_b_12|         array|
|order_12_address0     |  out|    6|   ap_memory|                  order_12|         array|
|order_12_ce0          |  out|    1|   ap_memory|                  order_12|         array|
|order_12_q0           |   in|   10|   ap_memory|                  order_12|         array|
|comp_b_13_address0    |  out|    6|   ap_memory|                 comp_b_13|         array|
|comp_b_13_ce0         |  out|    1|   ap_memory|                 comp_b_13|         array|
|comp_b_13_q0          |   in|   10|   ap_memory|                 comp_b_13|         array|
|order_13_address0     |  out|    6|   ap_memory|                  order_13|         array|
|order_13_ce0          |  out|    1|   ap_memory|                  order_13|         array|
|order_13_q0           |   in|   10|   ap_memory|                  order_13|         array|
|comp_b_14_address0    |  out|    6|   ap_memory|                 comp_b_14|         array|
|comp_b_14_ce0         |  out|    1|   ap_memory|                 comp_b_14|         array|
|comp_b_14_q0          |   in|   10|   ap_memory|                 comp_b_14|         array|
|cpy2_16_address0      |  out|    6|   ap_memory|                   cpy2_16|         array|
|cpy2_16_ce0           |  out|    1|   ap_memory|                   cpy2_16|         array|
|cpy2_16_q0            |   in|   10|   ap_memory|                   cpy2_16|         array|
|cpy2_17_address0      |  out|    6|   ap_memory|                   cpy2_17|         array|
|cpy2_17_ce0           |  out|    1|   ap_memory|                   cpy2_17|         array|
|cpy2_17_q0            |   in|   10|   ap_memory|                   cpy2_17|         array|
|cpy2_18_address0      |  out|    6|   ap_memory|                   cpy2_18|         array|
|cpy2_18_ce0           |  out|    1|   ap_memory|                   cpy2_18|         array|
|cpy2_18_q0            |   in|   10|   ap_memory|                   cpy2_18|         array|
|cpy2_19_address0      |  out|    6|   ap_memory|                   cpy2_19|         array|
|cpy2_19_ce0           |  out|    1|   ap_memory|                   cpy2_19|         array|
|cpy2_19_q0            |   in|   10|   ap_memory|                   cpy2_19|         array|
|cpy2_20_address0      |  out|    6|   ap_memory|                   cpy2_20|         array|
|cpy2_20_ce0           |  out|    1|   ap_memory|                   cpy2_20|         array|
|cpy2_20_q0            |   in|   10|   ap_memory|                   cpy2_20|         array|
|cpy2_21_address0      |  out|    6|   ap_memory|                   cpy2_21|         array|
|cpy2_21_ce0           |  out|    1|   ap_memory|                   cpy2_21|         array|
|cpy2_21_q0            |   in|   10|   ap_memory|                   cpy2_21|         array|
|cpy2_22_address0      |  out|    6|   ap_memory|                   cpy2_22|         array|
|cpy2_22_ce0           |  out|    1|   ap_memory|                   cpy2_22|         array|
|cpy2_22_q0            |   in|   10|   ap_memory|                   cpy2_22|         array|
|cpy2_23_address0      |  out|    6|   ap_memory|                   cpy2_23|         array|
|cpy2_23_ce0           |  out|    1|   ap_memory|                   cpy2_23|         array|
|cpy2_23_q0            |   in|   10|   ap_memory|                   cpy2_23|         array|
|cpy2_24_address0      |  out|    6|   ap_memory|                   cpy2_24|         array|
|cpy2_24_ce0           |  out|    1|   ap_memory|                   cpy2_24|         array|
|cpy2_24_q0            |   in|   10|   ap_memory|                   cpy2_24|         array|
|cpy2_25_address0      |  out|    6|   ap_memory|                   cpy2_25|         array|
|cpy2_25_ce0           |  out|    1|   ap_memory|                   cpy2_25|         array|
|cpy2_25_q0            |   in|   10|   ap_memory|                   cpy2_25|         array|
|cpy2_26_address0      |  out|    6|   ap_memory|                   cpy2_26|         array|
|cpy2_26_ce0           |  out|    1|   ap_memory|                   cpy2_26|         array|
|cpy2_26_q0            |   in|   10|   ap_memory|                   cpy2_26|         array|
|cpy2_27_address0      |  out|    6|   ap_memory|                   cpy2_27|         array|
|cpy2_27_ce0           |  out|    1|   ap_memory|                   cpy2_27|         array|
|cpy2_27_q0            |   in|   10|   ap_memory|                   cpy2_27|         array|
|cpy2_28_address0      |  out|    6|   ap_memory|                   cpy2_28|         array|
|cpy2_28_ce0           |  out|    1|   ap_memory|                   cpy2_28|         array|
|cpy2_28_q0            |   in|   10|   ap_memory|                   cpy2_28|         array|
|cpy2_29_address0      |  out|    6|   ap_memory|                   cpy2_29|         array|
|cpy2_29_ce0           |  out|    1|   ap_memory|                   cpy2_29|         array|
|cpy2_29_q0            |   in|   10|   ap_memory|                   cpy2_29|         array|
|cpy2_30_address0      |  out|    6|   ap_memory|                   cpy2_30|         array|
|cpy2_30_ce0           |  out|    1|   ap_memory|                   cpy2_30|         array|
|cpy2_30_q0            |   in|   10|   ap_memory|                   cpy2_30|         array|
|cpy2_31_address0      |  out|    6|   ap_memory|                   cpy2_31|         array|
|cpy2_31_ce0           |  out|    1|   ap_memory|                   cpy2_31|         array|
|cpy2_31_q0            |   in|   10|   ap_memory|                   cpy2_31|         array|
|cpy2_32_address0      |  out|    6|   ap_memory|                   cpy2_32|         array|
|cpy2_32_ce0           |  out|    1|   ap_memory|                   cpy2_32|         array|
|cpy2_32_q0            |   in|   10|   ap_memory|                   cpy2_32|         array|
|cpy2_33_address0      |  out|    6|   ap_memory|                   cpy2_33|         array|
|cpy2_33_ce0           |  out|    1|   ap_memory|                   cpy2_33|         array|
|cpy2_33_q0            |   in|   10|   ap_memory|                   cpy2_33|         array|
|cpy2_34_address0      |  out|    6|   ap_memory|                   cpy2_34|         array|
|cpy2_34_ce0           |  out|    1|   ap_memory|                   cpy2_34|         array|
|cpy2_34_q0            |   in|   10|   ap_memory|                   cpy2_34|         array|
|cpy2_35_address0      |  out|    6|   ap_memory|                   cpy2_35|         array|
|cpy2_35_ce0           |  out|    1|   ap_memory|                   cpy2_35|         array|
|cpy2_35_q0            |   in|   10|   ap_memory|                   cpy2_35|         array|
|cpy2_36_address0      |  out|    6|   ap_memory|                   cpy2_36|         array|
|cpy2_36_ce0           |  out|    1|   ap_memory|                   cpy2_36|         array|
|cpy2_36_q0            |   in|   10|   ap_memory|                   cpy2_36|         array|
|cpy2_37_address0      |  out|    6|   ap_memory|                   cpy2_37|         array|
|cpy2_37_ce0           |  out|    1|   ap_memory|                   cpy2_37|         array|
|cpy2_37_q0            |   in|   10|   ap_memory|                   cpy2_37|         array|
|cpy2_38_address0      |  out|    6|   ap_memory|                   cpy2_38|         array|
|cpy2_38_ce0           |  out|    1|   ap_memory|                   cpy2_38|         array|
|cpy2_38_q0            |   in|   10|   ap_memory|                   cpy2_38|         array|
|cpy2_39_address0      |  out|    6|   ap_memory|                   cpy2_39|         array|
|cpy2_39_ce0           |  out|    1|   ap_memory|                   cpy2_39|         array|
|cpy2_39_q0            |   in|   10|   ap_memory|                   cpy2_39|         array|
|cpy2_40_address0      |  out|    6|   ap_memory|                   cpy2_40|         array|
|cpy2_40_ce0           |  out|    1|   ap_memory|                   cpy2_40|         array|
|cpy2_40_q0            |   in|   10|   ap_memory|                   cpy2_40|         array|
|cpy2_41_address0      |  out|    6|   ap_memory|                   cpy2_41|         array|
|cpy2_41_ce0           |  out|    1|   ap_memory|                   cpy2_41|         array|
|cpy2_41_q0            |   in|   10|   ap_memory|                   cpy2_41|         array|
|cpy2_42_address0      |  out|    6|   ap_memory|                   cpy2_42|         array|
|cpy2_42_ce0           |  out|    1|   ap_memory|                   cpy2_42|         array|
|cpy2_42_q0            |   in|   10|   ap_memory|                   cpy2_42|         array|
|cpy2_43_address0      |  out|    6|   ap_memory|                   cpy2_43|         array|
|cpy2_43_ce0           |  out|    1|   ap_memory|                   cpy2_43|         array|
|cpy2_43_q0            |   in|   10|   ap_memory|                   cpy2_43|         array|
|cpy2_44_address0      |  out|    6|   ap_memory|                   cpy2_44|         array|
|cpy2_44_ce0           |  out|    1|   ap_memory|                   cpy2_44|         array|
|cpy2_44_q0            |   in|   10|   ap_memory|                   cpy2_44|         array|
|cpy2_45_address0      |  out|    6|   ap_memory|                   cpy2_45|         array|
|cpy2_45_ce0           |  out|    1|   ap_memory|                   cpy2_45|         array|
|cpy2_45_q0            |   in|   10|   ap_memory|                   cpy2_45|         array|
|cpy2_46_address0      |  out|    6|   ap_memory|                   cpy2_46|         array|
|cpy2_46_ce0           |  out|    1|   ap_memory|                   cpy2_46|         array|
|cpy2_46_q0            |   in|   10|   ap_memory|                   cpy2_46|         array|
|cpy2_47_address0      |  out|    6|   ap_memory|                   cpy2_47|         array|
|cpy2_47_ce0           |  out|    1|   ap_memory|                   cpy2_47|         array|
|cpy2_47_q0            |   in|   10|   ap_memory|                   cpy2_47|         array|
|cpy2_48_address0      |  out|    6|   ap_memory|                   cpy2_48|         array|
|cpy2_48_ce0           |  out|    1|   ap_memory|                   cpy2_48|         array|
|cpy2_48_q0            |   in|   10|   ap_memory|                   cpy2_48|         array|
|cpy2_49_address0      |  out|    6|   ap_memory|                   cpy2_49|         array|
|cpy2_49_ce0           |  out|    1|   ap_memory|                   cpy2_49|         array|
|cpy2_49_q0            |   in|   10|   ap_memory|                   cpy2_49|         array|
|cpy2_50_address0      |  out|    6|   ap_memory|                   cpy2_50|         array|
|cpy2_50_ce0           |  out|    1|   ap_memory|                   cpy2_50|         array|
|cpy2_50_q0            |   in|   10|   ap_memory|                   cpy2_50|         array|
|cpy2_51_address0      |  out|    6|   ap_memory|                   cpy2_51|         array|
|cpy2_51_ce0           |  out|    1|   ap_memory|                   cpy2_51|         array|
|cpy2_51_q0            |   in|   10|   ap_memory|                   cpy2_51|         array|
|cpy2_52_address0      |  out|    6|   ap_memory|                   cpy2_52|         array|
|cpy2_52_ce0           |  out|    1|   ap_memory|                   cpy2_52|         array|
|cpy2_52_q0            |   in|   10|   ap_memory|                   cpy2_52|         array|
|cpy2_53_address0      |  out|    6|   ap_memory|                   cpy2_53|         array|
|cpy2_53_ce0           |  out|    1|   ap_memory|                   cpy2_53|         array|
|cpy2_53_q0            |   in|   10|   ap_memory|                   cpy2_53|         array|
|cpy2_54_address0      |  out|    6|   ap_memory|                   cpy2_54|         array|
|cpy2_54_ce0           |  out|    1|   ap_memory|                   cpy2_54|         array|
|cpy2_54_q0            |   in|   10|   ap_memory|                   cpy2_54|         array|
|cpy2_55_address0      |  out|    6|   ap_memory|                   cpy2_55|         array|
|cpy2_55_ce0           |  out|    1|   ap_memory|                   cpy2_55|         array|
|cpy2_55_q0            |   in|   10|   ap_memory|                   cpy2_55|         array|
|cpy2_56_address0      |  out|    6|   ap_memory|                   cpy2_56|         array|
|cpy2_56_ce0           |  out|    1|   ap_memory|                   cpy2_56|         array|
|cpy2_56_q0            |   in|   10|   ap_memory|                   cpy2_56|         array|
|cpy2_57_address0      |  out|    6|   ap_memory|                   cpy2_57|         array|
|cpy2_57_ce0           |  out|    1|   ap_memory|                   cpy2_57|         array|
|cpy2_57_q0            |   in|   10|   ap_memory|                   cpy2_57|         array|
|cpy2_58_address0      |  out|    6|   ap_memory|                   cpy2_58|         array|
|cpy2_58_ce0           |  out|    1|   ap_memory|                   cpy2_58|         array|
|cpy2_58_q0            |   in|   10|   ap_memory|                   cpy2_58|         array|
|cpy2_59_address0      |  out|    6|   ap_memory|                   cpy2_59|         array|
|cpy2_59_ce0           |  out|    1|   ap_memory|                   cpy2_59|         array|
|cpy2_59_q0            |   in|   10|   ap_memory|                   cpy2_59|         array|
|cpy2_60_address0      |  out|    6|   ap_memory|                   cpy2_60|         array|
|cpy2_60_ce0           |  out|    1|   ap_memory|                   cpy2_60|         array|
|cpy2_60_q0            |   in|   10|   ap_memory|                   cpy2_60|         array|
|cpy2_61_address0      |  out|    6|   ap_memory|                   cpy2_61|         array|
|cpy2_61_ce0           |  out|    1|   ap_memory|                   cpy2_61|         array|
|cpy2_61_q0            |   in|   10|   ap_memory|                   cpy2_61|         array|
|cpy2_62_address0      |  out|    6|   ap_memory|                   cpy2_62|         array|
|cpy2_62_ce0           |  out|    1|   ap_memory|                   cpy2_62|         array|
|cpy2_62_q0            |   in|   10|   ap_memory|                   cpy2_62|         array|
|cpy2_63_address0      |  out|    6|   ap_memory|                   cpy2_63|         array|
|cpy2_63_ce0           |  out|    1|   ap_memory|                   cpy2_63|         array|
|cpy2_63_q0            |   in|   10|   ap_memory|                   cpy2_63|         array|
|cpy2_64_address0      |  out|    6|   ap_memory|                   cpy2_64|         array|
|cpy2_64_ce0           |  out|    1|   ap_memory|                   cpy2_64|         array|
|cpy2_64_q0            |   in|   10|   ap_memory|                   cpy2_64|         array|
|cpy2_65_address0      |  out|    6|   ap_memory|                   cpy2_65|         array|
|cpy2_65_ce0           |  out|    1|   ap_memory|                   cpy2_65|         array|
|cpy2_65_q0            |   in|   10|   ap_memory|                   cpy2_65|         array|
|cpy2_66_address0      |  out|    6|   ap_memory|                   cpy2_66|         array|
|cpy2_66_ce0           |  out|    1|   ap_memory|                   cpy2_66|         array|
|cpy2_66_q0            |   in|   10|   ap_memory|                   cpy2_66|         array|
|cpy2_67_address0      |  out|    6|   ap_memory|                   cpy2_67|         array|
|cpy2_67_ce0           |  out|    1|   ap_memory|                   cpy2_67|         array|
|cpy2_67_q0            |   in|   10|   ap_memory|                   cpy2_67|         array|
|cpy2_68_address0      |  out|    6|   ap_memory|                   cpy2_68|         array|
|cpy2_68_ce0           |  out|    1|   ap_memory|                   cpy2_68|         array|
|cpy2_68_q0            |   in|   10|   ap_memory|                   cpy2_68|         array|
|cpy2_69_address0      |  out|    6|   ap_memory|                   cpy2_69|         array|
|cpy2_69_ce0           |  out|    1|   ap_memory|                   cpy2_69|         array|
|cpy2_69_q0            |   in|   10|   ap_memory|                   cpy2_69|         array|
|cpy2_70_address0      |  out|    6|   ap_memory|                   cpy2_70|         array|
|cpy2_70_ce0           |  out|    1|   ap_memory|                   cpy2_70|         array|
|cpy2_70_q0            |   in|   10|   ap_memory|                   cpy2_70|         array|
|cpy2_71_address0      |  out|    6|   ap_memory|                   cpy2_71|         array|
|cpy2_71_ce0           |  out|    1|   ap_memory|                   cpy2_71|         array|
|cpy2_71_q0            |   in|   10|   ap_memory|                   cpy2_71|         array|
|cpy2_72_address0      |  out|    6|   ap_memory|                   cpy2_72|         array|
|cpy2_72_ce0           |  out|    1|   ap_memory|                   cpy2_72|         array|
|cpy2_72_q0            |   in|   10|   ap_memory|                   cpy2_72|         array|
|cpy2_73_address0      |  out|    6|   ap_memory|                   cpy2_73|         array|
|cpy2_73_ce0           |  out|    1|   ap_memory|                   cpy2_73|         array|
|cpy2_73_q0            |   in|   10|   ap_memory|                   cpy2_73|         array|
|cpy2_74_address0      |  out|    6|   ap_memory|                   cpy2_74|         array|
|cpy2_74_ce0           |  out|    1|   ap_memory|                   cpy2_74|         array|
|cpy2_74_q0            |   in|   10|   ap_memory|                   cpy2_74|         array|
|cpy2_75_address0      |  out|    6|   ap_memory|                   cpy2_75|         array|
|cpy2_75_ce0           |  out|    1|   ap_memory|                   cpy2_75|         array|
|cpy2_75_q0            |   in|   10|   ap_memory|                   cpy2_75|         array|
|cpy2_76_address0      |  out|    6|   ap_memory|                   cpy2_76|         array|
|cpy2_76_ce0           |  out|    1|   ap_memory|                   cpy2_76|         array|
|cpy2_76_q0            |   in|   10|   ap_memory|                   cpy2_76|         array|
|cpy2_77_address0      |  out|    6|   ap_memory|                   cpy2_77|         array|
|cpy2_77_ce0           |  out|    1|   ap_memory|                   cpy2_77|         array|
|cpy2_77_q0            |   in|   10|   ap_memory|                   cpy2_77|         array|
|cpy2_78_address0      |  out|    6|   ap_memory|                   cpy2_78|         array|
|cpy2_78_ce0           |  out|    1|   ap_memory|                   cpy2_78|         array|
|cpy2_78_q0            |   in|   10|   ap_memory|                   cpy2_78|         array|
|cpy2_79_address0      |  out|    6|   ap_memory|                   cpy2_79|         array|
|cpy2_79_ce0           |  out|    1|   ap_memory|                   cpy2_79|         array|
|cpy2_79_q0            |   in|   10|   ap_memory|                   cpy2_79|         array|
|cpy2_80_address0      |  out|    6|   ap_memory|                   cpy2_80|         array|
|cpy2_80_ce0           |  out|    1|   ap_memory|                   cpy2_80|         array|
|cpy2_80_q0            |   in|   10|   ap_memory|                   cpy2_80|         array|
|cpy2_81_address0      |  out|    6|   ap_memory|                   cpy2_81|         array|
|cpy2_81_ce0           |  out|    1|   ap_memory|                   cpy2_81|         array|
|cpy2_81_q0            |   in|   10|   ap_memory|                   cpy2_81|         array|
|cpy2_82_address0      |  out|    6|   ap_memory|                   cpy2_82|         array|
|cpy2_82_ce0           |  out|    1|   ap_memory|                   cpy2_82|         array|
|cpy2_82_q0            |   in|   10|   ap_memory|                   cpy2_82|         array|
|cpy2_83_address0      |  out|    6|   ap_memory|                   cpy2_83|         array|
|cpy2_83_ce0           |  out|    1|   ap_memory|                   cpy2_83|         array|
|cpy2_83_q0            |   in|   10|   ap_memory|                   cpy2_83|         array|
|cpy2_84_address0      |  out|    6|   ap_memory|                   cpy2_84|         array|
|cpy2_84_ce0           |  out|    1|   ap_memory|                   cpy2_84|         array|
|cpy2_84_q0            |   in|   10|   ap_memory|                   cpy2_84|         array|
|cpy2_85_address0      |  out|    6|   ap_memory|                   cpy2_85|         array|
|cpy2_85_ce0           |  out|    1|   ap_memory|                   cpy2_85|         array|
|cpy2_85_q0            |   in|   10|   ap_memory|                   cpy2_85|         array|
|cpy2_86_address0      |  out|    6|   ap_memory|                   cpy2_86|         array|
|cpy2_86_ce0           |  out|    1|   ap_memory|                   cpy2_86|         array|
|cpy2_86_q0            |   in|   10|   ap_memory|                   cpy2_86|         array|
|cpy2_87_address0      |  out|    6|   ap_memory|                   cpy2_87|         array|
|cpy2_87_ce0           |  out|    1|   ap_memory|                   cpy2_87|         array|
|cpy2_87_q0            |   in|   10|   ap_memory|                   cpy2_87|         array|
|cpy2_88_address0      |  out|    6|   ap_memory|                   cpy2_88|         array|
|cpy2_88_ce0           |  out|    1|   ap_memory|                   cpy2_88|         array|
|cpy2_88_q0            |   in|   10|   ap_memory|                   cpy2_88|         array|
|cpy2_89_address0      |  out|    6|   ap_memory|                   cpy2_89|         array|
|cpy2_89_ce0           |  out|    1|   ap_memory|                   cpy2_89|         array|
|cpy2_89_q0            |   in|   10|   ap_memory|                   cpy2_89|         array|
|cpy2_90_address0      |  out|    6|   ap_memory|                   cpy2_90|         array|
|cpy2_90_ce0           |  out|    1|   ap_memory|                   cpy2_90|         array|
|cpy2_90_q0            |   in|   10|   ap_memory|                   cpy2_90|         array|
|cpy2_91_address0      |  out|    6|   ap_memory|                   cpy2_91|         array|
|cpy2_91_ce0           |  out|    1|   ap_memory|                   cpy2_91|         array|
|cpy2_91_q0            |   in|   10|   ap_memory|                   cpy2_91|         array|
|cpy2_92_address0      |  out|    6|   ap_memory|                   cpy2_92|         array|
|cpy2_92_ce0           |  out|    1|   ap_memory|                   cpy2_92|         array|
|cpy2_92_q0            |   in|   10|   ap_memory|                   cpy2_92|         array|
|cpy2_93_address0      |  out|    6|   ap_memory|                   cpy2_93|         array|
|cpy2_93_ce0           |  out|    1|   ap_memory|                   cpy2_93|         array|
|cpy2_93_q0            |   in|   10|   ap_memory|                   cpy2_93|         array|
|cpy2_94_address0      |  out|    6|   ap_memory|                   cpy2_94|         array|
|cpy2_94_ce0           |  out|    1|   ap_memory|                   cpy2_94|         array|
|cpy2_94_q0            |   in|   10|   ap_memory|                   cpy2_94|         array|
|cpy2_95_address0      |  out|    6|   ap_memory|                   cpy2_95|         array|
|cpy2_95_ce0           |  out|    1|   ap_memory|                   cpy2_95|         array|
|cpy2_95_q0            |   in|   10|   ap_memory|                   cpy2_95|         array|
|cpy2_96_address0      |  out|    6|   ap_memory|                   cpy2_96|         array|
|cpy2_96_ce0           |  out|    1|   ap_memory|                   cpy2_96|         array|
|cpy2_96_q0            |   in|   10|   ap_memory|                   cpy2_96|         array|
|cpy2_97_address0      |  out|    6|   ap_memory|                   cpy2_97|         array|
|cpy2_97_ce0           |  out|    1|   ap_memory|                   cpy2_97|         array|
|cpy2_97_q0            |   in|   10|   ap_memory|                   cpy2_97|         array|
|cpy2_98_address0      |  out|    6|   ap_memory|                   cpy2_98|         array|
|cpy2_98_ce0           |  out|    1|   ap_memory|                   cpy2_98|         array|
|cpy2_98_q0            |   in|   10|   ap_memory|                   cpy2_98|         array|
|cpy2_99_address0      |  out|    6|   ap_memory|                   cpy2_99|         array|
|cpy2_99_ce0           |  out|    1|   ap_memory|                   cpy2_99|         array|
|cpy2_99_q0            |   in|   10|   ap_memory|                   cpy2_99|         array|
|cpy2_100_address0     |  out|    6|   ap_memory|                  cpy2_100|         array|
|cpy2_100_ce0          |  out|    1|   ap_memory|                  cpy2_100|         array|
|cpy2_100_q0           |   in|   10|   ap_memory|                  cpy2_100|         array|
|cpy2_101_address0     |  out|    6|   ap_memory|                  cpy2_101|         array|
|cpy2_101_ce0          |  out|    1|   ap_memory|                  cpy2_101|         array|
|cpy2_101_q0           |   in|   10|   ap_memory|                  cpy2_101|         array|
|cpy2_102_address0     |  out|    6|   ap_memory|                  cpy2_102|         array|
|cpy2_102_ce0          |  out|    1|   ap_memory|                  cpy2_102|         array|
|cpy2_102_q0           |   in|   10|   ap_memory|                  cpy2_102|         array|
|cpy2_103_address0     |  out|    6|   ap_memory|                  cpy2_103|         array|
|cpy2_103_ce0          |  out|    1|   ap_memory|                  cpy2_103|         array|
|cpy2_103_q0           |   in|   10|   ap_memory|                  cpy2_103|         array|
|cpy2_104_address0     |  out|    6|   ap_memory|                  cpy2_104|         array|
|cpy2_104_ce0          |  out|    1|   ap_memory|                  cpy2_104|         array|
|cpy2_104_q0           |   in|   10|   ap_memory|                  cpy2_104|         array|
|cpy2_105_address0     |  out|    6|   ap_memory|                  cpy2_105|         array|
|cpy2_105_ce0          |  out|    1|   ap_memory|                  cpy2_105|         array|
|cpy2_105_q0           |   in|   10|   ap_memory|                  cpy2_105|         array|
|cpy2_106_address0     |  out|    6|   ap_memory|                  cpy2_106|         array|
|cpy2_106_ce0          |  out|    1|   ap_memory|                  cpy2_106|         array|
|cpy2_106_q0           |   in|   10|   ap_memory|                  cpy2_106|         array|
|cpy2_107_address0     |  out|    6|   ap_memory|                  cpy2_107|         array|
|cpy2_107_ce0          |  out|    1|   ap_memory|                  cpy2_107|         array|
|cpy2_107_q0           |   in|   10|   ap_memory|                  cpy2_107|         array|
|cpy2_108_address0     |  out|    6|   ap_memory|                  cpy2_108|         array|
|cpy2_108_ce0          |  out|    1|   ap_memory|                  cpy2_108|         array|
|cpy2_108_q0           |   in|   10|   ap_memory|                  cpy2_108|         array|
|cpy2_109_address0     |  out|    6|   ap_memory|                  cpy2_109|         array|
|cpy2_109_ce0          |  out|    1|   ap_memory|                  cpy2_109|         array|
|cpy2_109_q0           |   in|   10|   ap_memory|                  cpy2_109|         array|
|cpy2_110_address0     |  out|    6|   ap_memory|                  cpy2_110|         array|
|cpy2_110_ce0          |  out|    1|   ap_memory|                  cpy2_110|         array|
|cpy2_110_q0           |   in|   10|   ap_memory|                  cpy2_110|         array|
|cpy2_111_address0     |  out|    6|   ap_memory|                  cpy2_111|         array|
|cpy2_111_ce0          |  out|    1|   ap_memory|                  cpy2_111|         array|
|cpy2_111_q0           |   in|   10|   ap_memory|                  cpy2_111|         array|
|cpy2_112_address0     |  out|    6|   ap_memory|                  cpy2_112|         array|
|cpy2_112_ce0          |  out|    1|   ap_memory|                  cpy2_112|         array|
|cpy2_112_q0           |   in|   10|   ap_memory|                  cpy2_112|         array|
|cpy2_113_address0     |  out|    6|   ap_memory|                  cpy2_113|         array|
|cpy2_113_ce0          |  out|    1|   ap_memory|                  cpy2_113|         array|
|cpy2_113_q0           |   in|   10|   ap_memory|                  cpy2_113|         array|
|cpy2_114_address0     |  out|    6|   ap_memory|                  cpy2_114|         array|
|cpy2_114_ce0          |  out|    1|   ap_memory|                  cpy2_114|         array|
|cpy2_114_q0           |   in|   10|   ap_memory|                  cpy2_114|         array|
|cpy2_115_address0     |  out|    6|   ap_memory|                  cpy2_115|         array|
|cpy2_115_ce0          |  out|    1|   ap_memory|                  cpy2_115|         array|
|cpy2_115_q0           |   in|   10|   ap_memory|                  cpy2_115|         array|
|cpy2_116_address0     |  out|    6|   ap_memory|                  cpy2_116|         array|
|cpy2_116_ce0          |  out|    1|   ap_memory|                  cpy2_116|         array|
|cpy2_116_q0           |   in|   10|   ap_memory|                  cpy2_116|         array|
|cpy2_117_address0     |  out|    6|   ap_memory|                  cpy2_117|         array|
|cpy2_117_ce0          |  out|    1|   ap_memory|                  cpy2_117|         array|
|cpy2_117_q0           |   in|   10|   ap_memory|                  cpy2_117|         array|
|cpy2_118_address0     |  out|    6|   ap_memory|                  cpy2_118|         array|
|cpy2_118_ce0          |  out|    1|   ap_memory|                  cpy2_118|         array|
|cpy2_118_q0           |   in|   10|   ap_memory|                  cpy2_118|         array|
|cpy2_119_address0     |  out|    6|   ap_memory|                  cpy2_119|         array|
|cpy2_119_ce0          |  out|    1|   ap_memory|                  cpy2_119|         array|
|cpy2_119_q0           |   in|   10|   ap_memory|                  cpy2_119|         array|
|cpy2_120_address0     |  out|    6|   ap_memory|                  cpy2_120|         array|
|cpy2_120_ce0          |  out|    1|   ap_memory|                  cpy2_120|         array|
|cpy2_120_q0           |   in|   10|   ap_memory|                  cpy2_120|         array|
|cpy2_121_address0     |  out|    6|   ap_memory|                  cpy2_121|         array|
|cpy2_121_ce0          |  out|    1|   ap_memory|                  cpy2_121|         array|
|cpy2_121_q0           |   in|   10|   ap_memory|                  cpy2_121|         array|
|cpy2_122_address0     |  out|    6|   ap_memory|                  cpy2_122|         array|
|cpy2_122_ce0          |  out|    1|   ap_memory|                  cpy2_122|         array|
|cpy2_122_q0           |   in|   10|   ap_memory|                  cpy2_122|         array|
|cpy2_123_address0     |  out|    6|   ap_memory|                  cpy2_123|         array|
|cpy2_123_ce0          |  out|    1|   ap_memory|                  cpy2_123|         array|
|cpy2_123_q0           |   in|   10|   ap_memory|                  cpy2_123|         array|
|cpy2_124_address0     |  out|    6|   ap_memory|                  cpy2_124|         array|
|cpy2_124_ce0          |  out|    1|   ap_memory|                  cpy2_124|         array|
|cpy2_124_q0           |   in|   10|   ap_memory|                  cpy2_124|         array|
|cpy2_125_address0     |  out|    6|   ap_memory|                  cpy2_125|         array|
|cpy2_125_ce0          |  out|    1|   ap_memory|                  cpy2_125|         array|
|cpy2_125_q0           |   in|   10|   ap_memory|                  cpy2_125|         array|
|cpy2_126_address0     |  out|    6|   ap_memory|                  cpy2_126|         array|
|cpy2_126_ce0          |  out|    1|   ap_memory|                  cpy2_126|         array|
|cpy2_126_q0           |   in|   10|   ap_memory|                  cpy2_126|         array|
|cpy2_127_address0     |  out|    6|   ap_memory|                  cpy2_127|         array|
|cpy2_127_ce0          |  out|    1|   ap_memory|                  cpy2_127|         array|
|cpy2_127_q0           |   in|   10|   ap_memory|                  cpy2_127|         array|
|cpy2_128_address0     |  out|    6|   ap_memory|                  cpy2_128|         array|
|cpy2_128_ce0          |  out|    1|   ap_memory|                  cpy2_128|         array|
|cpy2_128_q0           |   in|   10|   ap_memory|                  cpy2_128|         array|
|cpy2_129_address0     |  out|    6|   ap_memory|                  cpy2_129|         array|
|cpy2_129_ce0          |  out|    1|   ap_memory|                  cpy2_129|         array|
|cpy2_129_q0           |   in|   10|   ap_memory|                  cpy2_129|         array|
|cpy2_130_address0     |  out|    6|   ap_memory|                  cpy2_130|         array|
|cpy2_130_ce0          |  out|    1|   ap_memory|                  cpy2_130|         array|
|cpy2_130_q0           |   in|   10|   ap_memory|                  cpy2_130|         array|
|cpy2_131_address0     |  out|    6|   ap_memory|                  cpy2_131|         array|
|cpy2_131_ce0          |  out|    1|   ap_memory|                  cpy2_131|         array|
|cpy2_131_q0           |   in|   10|   ap_memory|                  cpy2_131|         array|
|cpy2_132_address0     |  out|    6|   ap_memory|                  cpy2_132|         array|
|cpy2_132_ce0          |  out|    1|   ap_memory|                  cpy2_132|         array|
|cpy2_132_q0           |   in|   10|   ap_memory|                  cpy2_132|         array|
|cpy2_133_address0     |  out|    6|   ap_memory|                  cpy2_133|         array|
|cpy2_133_ce0          |  out|    1|   ap_memory|                  cpy2_133|         array|
|cpy2_133_q0           |   in|   10|   ap_memory|                  cpy2_133|         array|
|cpy2_134_address0     |  out|    6|   ap_memory|                  cpy2_134|         array|
|cpy2_134_ce0          |  out|    1|   ap_memory|                  cpy2_134|         array|
|cpy2_134_q0           |   in|   10|   ap_memory|                  cpy2_134|         array|
|cpy2_135_address0     |  out|    6|   ap_memory|                  cpy2_135|         array|
|cpy2_135_ce0          |  out|    1|   ap_memory|                  cpy2_135|         array|
|cpy2_135_q0           |   in|   10|   ap_memory|                  cpy2_135|         array|
|cpy2_136_address0     |  out|    6|   ap_memory|                  cpy2_136|         array|
|cpy2_136_ce0          |  out|    1|   ap_memory|                  cpy2_136|         array|
|cpy2_136_q0           |   in|   10|   ap_memory|                  cpy2_136|         array|
|cpy2_137_address0     |  out|    6|   ap_memory|                  cpy2_137|         array|
|cpy2_137_ce0          |  out|    1|   ap_memory|                  cpy2_137|         array|
|cpy2_137_q0           |   in|   10|   ap_memory|                  cpy2_137|         array|
|cpy2_138_address0     |  out|    6|   ap_memory|                  cpy2_138|         array|
|cpy2_138_ce0          |  out|    1|   ap_memory|                  cpy2_138|         array|
|cpy2_138_q0           |   in|   10|   ap_memory|                  cpy2_138|         array|
|cpy2_139_address0     |  out|    6|   ap_memory|                  cpy2_139|         array|
|cpy2_139_ce0          |  out|    1|   ap_memory|                  cpy2_139|         array|
|cpy2_139_q0           |   in|   10|   ap_memory|                  cpy2_139|         array|
|cpy2_140_address0     |  out|    6|   ap_memory|                  cpy2_140|         array|
|cpy2_140_ce0          |  out|    1|   ap_memory|                  cpy2_140|         array|
|cpy2_140_q0           |   in|   10|   ap_memory|                  cpy2_140|         array|
|cpy2_141_address0     |  out|    6|   ap_memory|                  cpy2_141|         array|
|cpy2_141_ce0          |  out|    1|   ap_memory|                  cpy2_141|         array|
|cpy2_141_q0           |   in|   10|   ap_memory|                  cpy2_141|         array|
|cpy2_142_address0     |  out|    6|   ap_memory|                  cpy2_142|         array|
|cpy2_142_ce0          |  out|    1|   ap_memory|                  cpy2_142|         array|
|cpy2_142_q0           |   in|   10|   ap_memory|                  cpy2_142|         array|
|cpy2_143_address0     |  out|    6|   ap_memory|                  cpy2_143|         array|
|cpy2_143_ce0          |  out|    1|   ap_memory|                  cpy2_143|         array|
|cpy2_143_q0           |   in|   10|   ap_memory|                  cpy2_143|         array|
|cpy2_144_address0     |  out|    6|   ap_memory|                  cpy2_144|         array|
|cpy2_144_ce0          |  out|    1|   ap_memory|                  cpy2_144|         array|
|cpy2_144_q0           |   in|   10|   ap_memory|                  cpy2_144|         array|
|cpy2_145_address0     |  out|    6|   ap_memory|                  cpy2_145|         array|
|cpy2_145_ce0          |  out|    1|   ap_memory|                  cpy2_145|         array|
|cpy2_145_q0           |   in|   10|   ap_memory|                  cpy2_145|         array|
|cpy2_146_address0     |  out|    6|   ap_memory|                  cpy2_146|         array|
|cpy2_146_ce0          |  out|    1|   ap_memory|                  cpy2_146|         array|
|cpy2_146_q0           |   in|   10|   ap_memory|                  cpy2_146|         array|
|cpy2_147_address0     |  out|    6|   ap_memory|                  cpy2_147|         array|
|cpy2_147_ce0          |  out|    1|   ap_memory|                  cpy2_147|         array|
|cpy2_147_q0           |   in|   10|   ap_memory|                  cpy2_147|         array|
|cpy2_148_address0     |  out|    6|   ap_memory|                  cpy2_148|         array|
|cpy2_148_ce0          |  out|    1|   ap_memory|                  cpy2_148|         array|
|cpy2_148_q0           |   in|   10|   ap_memory|                  cpy2_148|         array|
|cpy2_149_address0     |  out|    6|   ap_memory|                  cpy2_149|         array|
|cpy2_149_ce0          |  out|    1|   ap_memory|                  cpy2_149|         array|
|cpy2_149_q0           |   in|   10|   ap_memory|                  cpy2_149|         array|
|cpy2_150_address0     |  out|    6|   ap_memory|                  cpy2_150|         array|
|cpy2_150_ce0          |  out|    1|   ap_memory|                  cpy2_150|         array|
|cpy2_150_q0           |   in|   10|   ap_memory|                  cpy2_150|         array|
|cpy2_151_address0     |  out|    6|   ap_memory|                  cpy2_151|         array|
|cpy2_151_ce0          |  out|    1|   ap_memory|                  cpy2_151|         array|
|cpy2_151_q0           |   in|   10|   ap_memory|                  cpy2_151|         array|
|cpy2_152_address0     |  out|    6|   ap_memory|                  cpy2_152|         array|
|cpy2_152_ce0          |  out|    1|   ap_memory|                  cpy2_152|         array|
|cpy2_152_q0           |   in|   10|   ap_memory|                  cpy2_152|         array|
|cpy2_153_address0     |  out|    6|   ap_memory|                  cpy2_153|         array|
|cpy2_153_ce0          |  out|    1|   ap_memory|                  cpy2_153|         array|
|cpy2_153_q0           |   in|   10|   ap_memory|                  cpy2_153|         array|
|cpy2_154_address0     |  out|    6|   ap_memory|                  cpy2_154|         array|
|cpy2_154_ce0          |  out|    1|   ap_memory|                  cpy2_154|         array|
|cpy2_154_q0           |   in|   10|   ap_memory|                  cpy2_154|         array|
|cpy2_155_address0     |  out|    6|   ap_memory|                  cpy2_155|         array|
|cpy2_155_ce0          |  out|    1|   ap_memory|                  cpy2_155|         array|
|cpy2_155_q0           |   in|   10|   ap_memory|                  cpy2_155|         array|
|cpy2_156_address0     |  out|    6|   ap_memory|                  cpy2_156|         array|
|cpy2_156_ce0          |  out|    1|   ap_memory|                  cpy2_156|         array|
|cpy2_156_q0           |   in|   10|   ap_memory|                  cpy2_156|         array|
|cpy2_157_address0     |  out|    6|   ap_memory|                  cpy2_157|         array|
|cpy2_157_ce0          |  out|    1|   ap_memory|                  cpy2_157|         array|
|cpy2_157_q0           |   in|   10|   ap_memory|                  cpy2_157|         array|
|cpy2_158_address0     |  out|    6|   ap_memory|                  cpy2_158|         array|
|cpy2_158_ce0          |  out|    1|   ap_memory|                  cpy2_158|         array|
|cpy2_158_q0           |   in|   10|   ap_memory|                  cpy2_158|         array|
|cpy2_159_address0     |  out|    6|   ap_memory|                  cpy2_159|         array|
|cpy2_159_ce0          |  out|    1|   ap_memory|                  cpy2_159|         array|
|cpy2_159_q0           |   in|   10|   ap_memory|                  cpy2_159|         array|
|cpy2_160_address0     |  out|    6|   ap_memory|                  cpy2_160|         array|
|cpy2_160_ce0          |  out|    1|   ap_memory|                  cpy2_160|         array|
|cpy2_160_q0           |   in|   10|   ap_memory|                  cpy2_160|         array|
|cpy2_161_address0     |  out|    6|   ap_memory|                  cpy2_161|         array|
|cpy2_161_ce0          |  out|    1|   ap_memory|                  cpy2_161|         array|
|cpy2_161_q0           |   in|   10|   ap_memory|                  cpy2_161|         array|
|cpy2_162_address0     |  out|    6|   ap_memory|                  cpy2_162|         array|
|cpy2_162_ce0          |  out|    1|   ap_memory|                  cpy2_162|         array|
|cpy2_162_q0           |   in|   10|   ap_memory|                  cpy2_162|         array|
|cpy2_163_address0     |  out|    6|   ap_memory|                  cpy2_163|         array|
|cpy2_163_ce0          |  out|    1|   ap_memory|                  cpy2_163|         array|
|cpy2_163_q0           |   in|   10|   ap_memory|                  cpy2_163|         array|
|cpy2_164_address0     |  out|    6|   ap_memory|                  cpy2_164|         array|
|cpy2_164_ce0          |  out|    1|   ap_memory|                  cpy2_164|         array|
|cpy2_164_q0           |   in|   10|   ap_memory|                  cpy2_164|         array|
|cpy2_165_address0     |  out|    6|   ap_memory|                  cpy2_165|         array|
|cpy2_165_ce0          |  out|    1|   ap_memory|                  cpy2_165|         array|
|cpy2_165_q0           |   in|   10|   ap_memory|                  cpy2_165|         array|
|cpy2_166_address0     |  out|    6|   ap_memory|                  cpy2_166|         array|
|cpy2_166_ce0          |  out|    1|   ap_memory|                  cpy2_166|         array|
|cpy2_166_q0           |   in|   10|   ap_memory|                  cpy2_166|         array|
|cpy2_167_address0     |  out|    6|   ap_memory|                  cpy2_167|         array|
|cpy2_167_ce0          |  out|    1|   ap_memory|                  cpy2_167|         array|
|cpy2_167_q0           |   in|   10|   ap_memory|                  cpy2_167|         array|
|cpy2_168_address0     |  out|    6|   ap_memory|                  cpy2_168|         array|
|cpy2_168_ce0          |  out|    1|   ap_memory|                  cpy2_168|         array|
|cpy2_168_q0           |   in|   10|   ap_memory|                  cpy2_168|         array|
|cpy2_169_address0     |  out|    6|   ap_memory|                  cpy2_169|         array|
|cpy2_169_ce0          |  out|    1|   ap_memory|                  cpy2_169|         array|
|cpy2_169_q0           |   in|   10|   ap_memory|                  cpy2_169|         array|
|cpy2_170_address0     |  out|    6|   ap_memory|                  cpy2_170|         array|
|cpy2_170_ce0          |  out|    1|   ap_memory|                  cpy2_170|         array|
|cpy2_170_q0           |   in|   10|   ap_memory|                  cpy2_170|         array|
|cpy2_171_address0     |  out|    6|   ap_memory|                  cpy2_171|         array|
|cpy2_171_ce0          |  out|    1|   ap_memory|                  cpy2_171|         array|
|cpy2_171_q0           |   in|   10|   ap_memory|                  cpy2_171|         array|
|cpy2_172_address0     |  out|    6|   ap_memory|                  cpy2_172|         array|
|cpy2_172_ce0          |  out|    1|   ap_memory|                  cpy2_172|         array|
|cpy2_172_q0           |   in|   10|   ap_memory|                  cpy2_172|         array|
|cpy2_173_address0     |  out|    6|   ap_memory|                  cpy2_173|         array|
|cpy2_173_ce0          |  out|    1|   ap_memory|                  cpy2_173|         array|
|cpy2_173_q0           |   in|   10|   ap_memory|                  cpy2_173|         array|
|cpy2_174_address0     |  out|    6|   ap_memory|                  cpy2_174|         array|
|cpy2_174_ce0          |  out|    1|   ap_memory|                  cpy2_174|         array|
|cpy2_174_q0           |   in|   10|   ap_memory|                  cpy2_174|         array|
|cpy2_175_address0     |  out|    6|   ap_memory|                  cpy2_175|         array|
|cpy2_175_ce0          |  out|    1|   ap_memory|                  cpy2_175|         array|
|cpy2_175_q0           |   in|   10|   ap_memory|                  cpy2_175|         array|
|cpy2_176_address0     |  out|    6|   ap_memory|                  cpy2_176|         array|
|cpy2_176_ce0          |  out|    1|   ap_memory|                  cpy2_176|         array|
|cpy2_176_q0           |   in|   10|   ap_memory|                  cpy2_176|         array|
|cpy2_177_address0     |  out|    6|   ap_memory|                  cpy2_177|         array|
|cpy2_177_ce0          |  out|    1|   ap_memory|                  cpy2_177|         array|
|cpy2_177_q0           |   in|   10|   ap_memory|                  cpy2_177|         array|
|cpy2_178_address0     |  out|    6|   ap_memory|                  cpy2_178|         array|
|cpy2_178_ce0          |  out|    1|   ap_memory|                  cpy2_178|         array|
|cpy2_178_q0           |   in|   10|   ap_memory|                  cpy2_178|         array|
|cpy2_179_address0     |  out|    6|   ap_memory|                  cpy2_179|         array|
|cpy2_179_ce0          |  out|    1|   ap_memory|                  cpy2_179|         array|
|cpy2_179_q0           |   in|   10|   ap_memory|                  cpy2_179|         array|
|cpy2_180_address0     |  out|    6|   ap_memory|                  cpy2_180|         array|
|cpy2_180_ce0          |  out|    1|   ap_memory|                  cpy2_180|         array|
|cpy2_180_q0           |   in|   10|   ap_memory|                  cpy2_180|         array|
|cpy2_181_address0     |  out|    6|   ap_memory|                  cpy2_181|         array|
|cpy2_181_ce0          |  out|    1|   ap_memory|                  cpy2_181|         array|
|cpy2_181_q0           |   in|   10|   ap_memory|                  cpy2_181|         array|
|cpy2_182_address0     |  out|    6|   ap_memory|                  cpy2_182|         array|
|cpy2_182_ce0          |  out|    1|   ap_memory|                  cpy2_182|         array|
|cpy2_182_q0           |   in|   10|   ap_memory|                  cpy2_182|         array|
|cpy2_183_address0     |  out|    6|   ap_memory|                  cpy2_183|         array|
|cpy2_183_ce0          |  out|    1|   ap_memory|                  cpy2_183|         array|
|cpy2_183_q0           |   in|   10|   ap_memory|                  cpy2_183|         array|
|cpy2_184_address0     |  out|    6|   ap_memory|                  cpy2_184|         array|
|cpy2_184_ce0          |  out|    1|   ap_memory|                  cpy2_184|         array|
|cpy2_184_q0           |   in|   10|   ap_memory|                  cpy2_184|         array|
|cpy2_185_address0     |  out|    6|   ap_memory|                  cpy2_185|         array|
|cpy2_185_ce0          |  out|    1|   ap_memory|                  cpy2_185|         array|
|cpy2_185_q0           |   in|   10|   ap_memory|                  cpy2_185|         array|
|cpy2_186_address0     |  out|    6|   ap_memory|                  cpy2_186|         array|
|cpy2_186_ce0          |  out|    1|   ap_memory|                  cpy2_186|         array|
|cpy2_186_q0           |   in|   10|   ap_memory|                  cpy2_186|         array|
|cpy2_187_address0     |  out|    6|   ap_memory|                  cpy2_187|         array|
|cpy2_187_ce0          |  out|    1|   ap_memory|                  cpy2_187|         array|
|cpy2_187_q0           |   in|   10|   ap_memory|                  cpy2_187|         array|
|cpy2_188_address0     |  out|    6|   ap_memory|                  cpy2_188|         array|
|cpy2_188_ce0          |  out|    1|   ap_memory|                  cpy2_188|         array|
|cpy2_188_q0           |   in|   10|   ap_memory|                  cpy2_188|         array|
|cpy2_189_address0     |  out|    6|   ap_memory|                  cpy2_189|         array|
|cpy2_189_ce0          |  out|    1|   ap_memory|                  cpy2_189|         array|
|cpy2_189_q0           |   in|   10|   ap_memory|                  cpy2_189|         array|
|cpy2_190_address0     |  out|    6|   ap_memory|                  cpy2_190|         array|
|cpy2_190_ce0          |  out|    1|   ap_memory|                  cpy2_190|         array|
|cpy2_190_q0           |   in|   10|   ap_memory|                  cpy2_190|         array|
|cpy2_191_address0     |  out|    6|   ap_memory|                  cpy2_191|         array|
|cpy2_191_ce0          |  out|    1|   ap_memory|                  cpy2_191|         array|
|cpy2_191_q0           |   in|   10|   ap_memory|                  cpy2_191|         array|
|cpy2_192_address0     |  out|    6|   ap_memory|                  cpy2_192|         array|
|cpy2_192_ce0          |  out|    1|   ap_memory|                  cpy2_192|         array|
|cpy2_192_q0           |   in|   10|   ap_memory|                  cpy2_192|         array|
|cpy2_193_address0     |  out|    6|   ap_memory|                  cpy2_193|         array|
|cpy2_193_ce0          |  out|    1|   ap_memory|                  cpy2_193|         array|
|cpy2_193_q0           |   in|   10|   ap_memory|                  cpy2_193|         array|
|cpy2_194_address0     |  out|    6|   ap_memory|                  cpy2_194|         array|
|cpy2_194_ce0          |  out|    1|   ap_memory|                  cpy2_194|         array|
|cpy2_194_q0           |   in|   10|   ap_memory|                  cpy2_194|         array|
|cpy2_195_address0     |  out|    6|   ap_memory|                  cpy2_195|         array|
|cpy2_195_ce0          |  out|    1|   ap_memory|                  cpy2_195|         array|
|cpy2_195_q0           |   in|   10|   ap_memory|                  cpy2_195|         array|
|cpy2_196_address0     |  out|    6|   ap_memory|                  cpy2_196|         array|
|cpy2_196_ce0          |  out|    1|   ap_memory|                  cpy2_196|         array|
|cpy2_196_q0           |   in|   10|   ap_memory|                  cpy2_196|         array|
|cpy2_197_address0     |  out|    6|   ap_memory|                  cpy2_197|         array|
|cpy2_197_ce0          |  out|    1|   ap_memory|                  cpy2_197|         array|
|cpy2_197_q0           |   in|   10|   ap_memory|                  cpy2_197|         array|
|cpy2_198_address0     |  out|    6|   ap_memory|                  cpy2_198|         array|
|cpy2_198_ce0          |  out|    1|   ap_memory|                  cpy2_198|         array|
|cpy2_198_q0           |   in|   10|   ap_memory|                  cpy2_198|         array|
|cpy2_199_address0     |  out|    6|   ap_memory|                  cpy2_199|         array|
|cpy2_199_ce0          |  out|    1|   ap_memory|                  cpy2_199|         array|
|cpy2_199_q0           |   in|   10|   ap_memory|                  cpy2_199|         array|
|cpy2_200_address0     |  out|    6|   ap_memory|                  cpy2_200|         array|
|cpy2_200_ce0          |  out|    1|   ap_memory|                  cpy2_200|         array|
|cpy2_200_q0           |   in|   10|   ap_memory|                  cpy2_200|         array|
|cpy2_201_address0     |  out|    6|   ap_memory|                  cpy2_201|         array|
|cpy2_201_ce0          |  out|    1|   ap_memory|                  cpy2_201|         array|
|cpy2_201_q0           |   in|   10|   ap_memory|                  cpy2_201|         array|
|cpy2_202_address0     |  out|    6|   ap_memory|                  cpy2_202|         array|
|cpy2_202_ce0          |  out|    1|   ap_memory|                  cpy2_202|         array|
|cpy2_202_q0           |   in|   10|   ap_memory|                  cpy2_202|         array|
|cpy2_203_address0     |  out|    6|   ap_memory|                  cpy2_203|         array|
|cpy2_203_ce0          |  out|    1|   ap_memory|                  cpy2_203|         array|
|cpy2_203_q0           |   in|   10|   ap_memory|                  cpy2_203|         array|
|cpy2_204_address0     |  out|    6|   ap_memory|                  cpy2_204|         array|
|cpy2_204_ce0          |  out|    1|   ap_memory|                  cpy2_204|         array|
|cpy2_204_q0           |   in|   10|   ap_memory|                  cpy2_204|         array|
|cpy2_205_address0     |  out|    6|   ap_memory|                  cpy2_205|         array|
|cpy2_205_ce0          |  out|    1|   ap_memory|                  cpy2_205|         array|
|cpy2_205_q0           |   in|   10|   ap_memory|                  cpy2_205|         array|
|cpy2_206_address0     |  out|    6|   ap_memory|                  cpy2_206|         array|
|cpy2_206_ce0          |  out|    1|   ap_memory|                  cpy2_206|         array|
|cpy2_206_q0           |   in|   10|   ap_memory|                  cpy2_206|         array|
|cpy2_207_address0     |  out|    6|   ap_memory|                  cpy2_207|         array|
|cpy2_207_ce0          |  out|    1|   ap_memory|                  cpy2_207|         array|
|cpy2_207_q0           |   in|   10|   ap_memory|                  cpy2_207|         array|
|cpy2_208_address0     |  out|    6|   ap_memory|                  cpy2_208|         array|
|cpy2_208_ce0          |  out|    1|   ap_memory|                  cpy2_208|         array|
|cpy2_208_q0           |   in|   10|   ap_memory|                  cpy2_208|         array|
|cpy2_209_address0     |  out|    6|   ap_memory|                  cpy2_209|         array|
|cpy2_209_ce0          |  out|    1|   ap_memory|                  cpy2_209|         array|
|cpy2_209_q0           |   in|   10|   ap_memory|                  cpy2_209|         array|
|cpy2_210_address0     |  out|    6|   ap_memory|                  cpy2_210|         array|
|cpy2_210_ce0          |  out|    1|   ap_memory|                  cpy2_210|         array|
|cpy2_210_q0           |   in|   10|   ap_memory|                  cpy2_210|         array|
|cpy2_211_address0     |  out|    6|   ap_memory|                  cpy2_211|         array|
|cpy2_211_ce0          |  out|    1|   ap_memory|                  cpy2_211|         array|
|cpy2_211_q0           |   in|   10|   ap_memory|                  cpy2_211|         array|
|cpy2_212_address0     |  out|    6|   ap_memory|                  cpy2_212|         array|
|cpy2_212_ce0          |  out|    1|   ap_memory|                  cpy2_212|         array|
|cpy2_212_q0           |   in|   10|   ap_memory|                  cpy2_212|         array|
|cpy2_213_address0     |  out|    6|   ap_memory|                  cpy2_213|         array|
|cpy2_213_ce0          |  out|    1|   ap_memory|                  cpy2_213|         array|
|cpy2_213_q0           |   in|   10|   ap_memory|                  cpy2_213|         array|
|cpy2_214_address0     |  out|    6|   ap_memory|                  cpy2_214|         array|
|cpy2_214_ce0          |  out|    1|   ap_memory|                  cpy2_214|         array|
|cpy2_214_q0           |   in|   10|   ap_memory|                  cpy2_214|         array|
|cpy2_215_address0     |  out|    6|   ap_memory|                  cpy2_215|         array|
|cpy2_215_ce0          |  out|    1|   ap_memory|                  cpy2_215|         array|
|cpy2_215_q0           |   in|   10|   ap_memory|                  cpy2_215|         array|
|cpy2_216_address0     |  out|    6|   ap_memory|                  cpy2_216|         array|
|cpy2_216_ce0          |  out|    1|   ap_memory|                  cpy2_216|         array|
|cpy2_216_q0           |   in|   10|   ap_memory|                  cpy2_216|         array|
|cpy2_217_address0     |  out|    6|   ap_memory|                  cpy2_217|         array|
|cpy2_217_ce0          |  out|    1|   ap_memory|                  cpy2_217|         array|
|cpy2_217_q0           |   in|   10|   ap_memory|                  cpy2_217|         array|
|cpy2_218_address0     |  out|    6|   ap_memory|                  cpy2_218|         array|
|cpy2_218_ce0          |  out|    1|   ap_memory|                  cpy2_218|         array|
|cpy2_218_q0           |   in|   10|   ap_memory|                  cpy2_218|         array|
|cpy2_219_address0     |  out|    6|   ap_memory|                  cpy2_219|         array|
|cpy2_219_ce0          |  out|    1|   ap_memory|                  cpy2_219|         array|
|cpy2_219_q0           |   in|   10|   ap_memory|                  cpy2_219|         array|
|cpy2_220_address0     |  out|    6|   ap_memory|                  cpy2_220|         array|
|cpy2_220_ce0          |  out|    1|   ap_memory|                  cpy2_220|         array|
|cpy2_220_q0           |   in|   10|   ap_memory|                  cpy2_220|         array|
|cpy2_221_address0     |  out|    6|   ap_memory|                  cpy2_221|         array|
|cpy2_221_ce0          |  out|    1|   ap_memory|                  cpy2_221|         array|
|cpy2_221_q0           |   in|   10|   ap_memory|                  cpy2_221|         array|
|cpy2_222_address0     |  out|    6|   ap_memory|                  cpy2_222|         array|
|cpy2_222_ce0          |  out|    1|   ap_memory|                  cpy2_222|         array|
|cpy2_222_q0           |   in|   10|   ap_memory|                  cpy2_222|         array|
|cpy2_223_address0     |  out|    6|   ap_memory|                  cpy2_223|         array|
|cpy2_223_ce0          |  out|    1|   ap_memory|                  cpy2_223|         array|
|cpy2_223_q0           |   in|   10|   ap_memory|                  cpy2_223|         array|
|cpy2_224_address0     |  out|    6|   ap_memory|                  cpy2_224|         array|
|cpy2_224_ce0          |  out|    1|   ap_memory|                  cpy2_224|         array|
|cpy2_224_q0           |   in|   10|   ap_memory|                  cpy2_224|         array|
|cpy2_225_address0     |  out|    6|   ap_memory|                  cpy2_225|         array|
|cpy2_225_ce0          |  out|    1|   ap_memory|                  cpy2_225|         array|
|cpy2_225_q0           |   in|   10|   ap_memory|                  cpy2_225|         array|
|cpy2_226_address0     |  out|    6|   ap_memory|                  cpy2_226|         array|
|cpy2_226_ce0          |  out|    1|   ap_memory|                  cpy2_226|         array|
|cpy2_226_q0           |   in|   10|   ap_memory|                  cpy2_226|         array|
|cpy2_227_address0     |  out|    6|   ap_memory|                  cpy2_227|         array|
|cpy2_227_ce0          |  out|    1|   ap_memory|                  cpy2_227|         array|
|cpy2_227_q0           |   in|   10|   ap_memory|                  cpy2_227|         array|
|cpy2_228_address0     |  out|    6|   ap_memory|                  cpy2_228|         array|
|cpy2_228_ce0          |  out|    1|   ap_memory|                  cpy2_228|         array|
|cpy2_228_q0           |   in|   10|   ap_memory|                  cpy2_228|         array|
|cpy2_229_address0     |  out|    6|   ap_memory|                  cpy2_229|         array|
|cpy2_229_ce0          |  out|    1|   ap_memory|                  cpy2_229|         array|
|cpy2_229_q0           |   in|   10|   ap_memory|                  cpy2_229|         array|
|cpy2_230_address0     |  out|    6|   ap_memory|                  cpy2_230|         array|
|cpy2_230_ce0          |  out|    1|   ap_memory|                  cpy2_230|         array|
|cpy2_230_q0           |   in|   10|   ap_memory|                  cpy2_230|         array|
|cpy2_231_address0     |  out|    6|   ap_memory|                  cpy2_231|         array|
|cpy2_231_ce0          |  out|    1|   ap_memory|                  cpy2_231|         array|
|cpy2_231_q0           |   in|   10|   ap_memory|                  cpy2_231|         array|
|cpy2_232_address0     |  out|    6|   ap_memory|                  cpy2_232|         array|
|cpy2_232_ce0          |  out|    1|   ap_memory|                  cpy2_232|         array|
|cpy2_232_q0           |   in|   10|   ap_memory|                  cpy2_232|         array|
|cpy2_233_address0     |  out|    6|   ap_memory|                  cpy2_233|         array|
|cpy2_233_ce0          |  out|    1|   ap_memory|                  cpy2_233|         array|
|cpy2_233_q0           |   in|   10|   ap_memory|                  cpy2_233|         array|
|cpy2_234_address0     |  out|    6|   ap_memory|                  cpy2_234|         array|
|cpy2_234_ce0          |  out|    1|   ap_memory|                  cpy2_234|         array|
|cpy2_234_q0           |   in|   10|   ap_memory|                  cpy2_234|         array|
|cpy2_235_address0     |  out|    6|   ap_memory|                  cpy2_235|         array|
|cpy2_235_ce0          |  out|    1|   ap_memory|                  cpy2_235|         array|
|cpy2_235_q0           |   in|   10|   ap_memory|                  cpy2_235|         array|
|cpy2_236_address0     |  out|    6|   ap_memory|                  cpy2_236|         array|
|cpy2_236_ce0          |  out|    1|   ap_memory|                  cpy2_236|         array|
|cpy2_236_q0           |   in|   10|   ap_memory|                  cpy2_236|         array|
|cpy2_237_address0     |  out|    6|   ap_memory|                  cpy2_237|         array|
|cpy2_237_ce0          |  out|    1|   ap_memory|                  cpy2_237|         array|
|cpy2_237_q0           |   in|   10|   ap_memory|                  cpy2_237|         array|
|cpy2_238_address0     |  out|    6|   ap_memory|                  cpy2_238|         array|
|cpy2_238_ce0          |  out|    1|   ap_memory|                  cpy2_238|         array|
|cpy2_238_q0           |   in|   10|   ap_memory|                  cpy2_238|         array|
|cpy2_239_address0     |  out|    6|   ap_memory|                  cpy2_239|         array|
|cpy2_239_ce0          |  out|    1|   ap_memory|                  cpy2_239|         array|
|cpy2_239_q0           |   in|   10|   ap_memory|                  cpy2_239|         array|
|order_14_address0     |  out|    6|   ap_memory|                  order_14|         array|
|order_14_ce0          |  out|    1|   ap_memory|                  order_14|         array|
|order_14_q0           |   in|   10|   ap_memory|                  order_14|         array|
+----------------------+-----+-----+------------+--------------------------+--------------+

