

================================================================
== Vitis HLS Report for 'my_window_Pipeline_JUMP1'
================================================================
* Date:           Thu Jul  2 09:25:10 2026

* Version:        2023.2 (Build 4023990 on Oct 11 2023)
* Project:        my_window_proj
* Solution:       solution1 (Vivado IP Flow Target)
* Product family: virtexuplus
* Target device:  xcu250-figd2104-2L-e


================================================================
== Performance Estimates
================================================================
+ Timing: 
    * Summary: 
    +--------+----------+----------+------------+
    |  Clock |  Target  | Estimated| Uncertainty|
    +--------+----------+----------+------------+
    |ap_clk  |  10.00 ns|  2.133 ns|     2.70 ns|
    +--------+----------+----------+------------+

+ Latency: 
    * Summary: 
    +---------+---------+----------+----------+-----+-----+---------+
    |  Latency (cycles) |  Latency (absolute) |  Interval | Pipeline|
    |   min   |   max   |    min   |    max   | min | max |   Type  |
    +---------+---------+----------+----------+-----+-----+---------+
    |       43|       43|  0.430 us|  0.430 us|   43|   43|       no|
    +---------+---------+----------+----------+-----+-----+---------+

    + Detail: 
        * Instance: 
        N/A

        * Loop: 
        +----------+---------+---------+----------+-----------+-----------+------+----------+
        |          |  Latency (cycles) | Iteration|  Initiation Interval  | Trip |          |
        | Loop Name|   min   |   max   |  Latency |  achieved |   target  | Count| Pipelined|
        +----------+---------+---------+----------+-----------+-----------+------+----------+
        |- JUMP1   |       41|       41|         3|          1|          1|    40|       yes|
        +----------+---------+---------+----------+-----------+-----------+------+----------+



================================================================
== Utilization Estimates
================================================================
* Summary: 
+---------------------+---------+-------+---------+---------+------+
|         Name        | BRAM_18K|  DSP  |    FF   |   LUT   | URAM |
+---------------------+---------+-------+---------+---------+------+
|DSP                  |        -|      -|        -|        -|     -|
|Expression           |        -|      -|        0|      283|     -|
|FIFO                 |        -|      -|        -|        -|     -|
|Instance             |        -|      -|        0|      975|     -|
|Memory               |        -|      -|        -|        -|     -|
|Multiplexer          |        -|      -|        -|    31236|     -|
|Register             |        -|      -|      103|        -|     -|
+---------------------+---------+-------+---------+---------+------+
|Total                |        0|      0|      103|    32494|     0|
+---------------------+---------+-------+---------+---------+------+
|Available SLR        |     1344|   3072|   864000|   432000|   320|
+---------------------+---------+-------+---------+---------+------+
|Utilization SLR (%)  |        0|      0|       ~0|        7|     0|
+---------------------+---------+-------+---------+---------+------+
|Available            |     5376|  12288|  3456000|  1728000|  1280|
+---------------------+---------+-------+---------+---------+------+
|Utilization (%)      |        0|      0|       ~0|        1|     0|
+---------------------+---------+-------+---------+---------+------+

+ Detail: 
    * Instance: 
    +-----------------------------+-----------------------+---------+----+---+----+-----+
    |           Instance          |         Module        | BRAM_18K| DSP| FF| LUT| URAM|
    +-----------------------------+-----------------------+---------+----+---+----+-----+
    |sparsemux_33_4_10_1_1_U4191  |sparsemux_33_4_10_1_1  |        0|   0|  0|  65|    0|
    |sparsemux_33_4_10_1_1_U4192  |sparsemux_33_4_10_1_1  |        0|   0|  0|  65|    0|
    |sparsemux_33_4_10_1_1_U4193  |sparsemux_33_4_10_1_1  |        0|   0|  0|  65|    0|
    |sparsemux_33_4_10_1_1_U4194  |sparsemux_33_4_10_1_1  |        0|   0|  0|  65|    0|
    |sparsemux_33_4_10_1_1_U4195  |sparsemux_33_4_10_1_1  |        0|   0|  0|  65|    0|
    |sparsemux_33_4_10_1_1_U4196  |sparsemux_33_4_10_1_1  |        0|   0|  0|  65|    0|
    |sparsemux_33_4_10_1_1_U4197  |sparsemux_33_4_10_1_1  |        0|   0|  0|  65|    0|
    |sparsemux_33_4_10_1_1_U4198  |sparsemux_33_4_10_1_1  |        0|   0|  0|  65|    0|
    |sparsemux_33_4_10_1_1_U4199  |sparsemux_33_4_10_1_1  |        0|   0|  0|  65|    0|
    |sparsemux_33_4_10_1_1_U4200  |sparsemux_33_4_10_1_1  |        0|   0|  0|  65|    0|
    |sparsemux_33_4_10_1_1_U4201  |sparsemux_33_4_10_1_1  |        0|   0|  0|  65|    0|
    |sparsemux_33_4_10_1_1_U4202  |sparsemux_33_4_10_1_1  |        0|   0|  0|  65|    0|
    |sparsemux_33_4_10_1_1_U4203  |sparsemux_33_4_10_1_1  |        0|   0|  0|  65|    0|
    |sparsemux_33_4_10_1_1_U4204  |sparsemux_33_4_10_1_1  |        0|   0|  0|  65|    0|
    |sparsemux_33_4_10_1_1_U4205  |sparsemux_33_4_10_1_1  |        0|   0|  0|  65|    0|
    +-----------------------------+-----------------------+---------+----+---+----+-----+
    |Total                        |                       |        0|   0|  0| 975|    0|
    +-----------------------------+-----------------------+---------+----+---+----+-----+

    * DSP: 
    N/A

    * Memory: 
    N/A

    * FIFO: 
    N/A

    * Expression: 
    +--------------------------+----------+----+---+----+------------+------------+
    |       Variable Name      | Operation| DSP| FF| LUT| Bitwidth P0| Bitwidth P1|
    +--------------------------+----------+----+---+----+------------+------------+
    |add_ln449_fu_35612_p2     |         +|   0|  0|  13|           6|           1|
    |add_ln453_10_fu_36232_p2  |         +|   0|  0|  17|          10|           3|
    |add_ln453_11_fu_36238_p2  |         +|   0|  0|  17|          10|           2|
    |add_ln453_12_fu_36244_p2  |         +|   0|  0|  17|          10|           2|
    |add_ln453_13_fu_36250_p2  |         +|   0|  0|  17|          10|           1|
    |add_ln453_1_fu_36178_p2   |         +|   0|  0|  17|          10|           4|
    |add_ln453_2_fu_36184_p2   |         +|   0|  0|  17|          10|           4|
    |add_ln453_3_fu_36190_p2   |         +|   0|  0|  17|          10|           4|
    |add_ln453_4_fu_36196_p2   |         +|   0|  0|  17|          10|           4|
    |add_ln453_5_fu_36202_p2   |         +|   0|  0|  17|          10|           4|
    |add_ln453_6_fu_36208_p2   |         +|   0|  0|  17|          10|           4|
    |add_ln453_7_fu_36214_p2   |         +|   0|  0|  17|          10|           3|
    |add_ln453_8_fu_36220_p2   |         +|   0|  0|  17|          10|           3|
    |add_ln453_9_fu_36226_p2   |         +|   0|  0|  17|          10|           3|
    |add_ln453_fu_36172_p2     |         +|   0|  0|  17|          10|           4|
    |empty_fu_36166_p2         |         -|   0|  0|  17|          10|          10|
    |icmp_ln449_fu_35606_p2    |      icmp|   0|  0|  13|           6|           6|
    |ap_enable_pp0             |       xor|   0|  0|   2|           1|           2|
    +--------------------------+----------+----+---+----+------------+------------+
    |Total                     |          |   0|  0| 283|         163|          64|
    +--------------------------+----------+----+---+----+------------+------------+

    * Multiplexer: 
    +-------------------------+-----+-----------+-----+-----------+
    |           Name          | LUT | Input Size| Bits| Total Bits|
    +-------------------------+-----+-----------+-----+-----------+
    |ap_done_int              |    9|          2|    1|          2|
    |ap_enable_reg_pp0_iter1  |    9|          2|    1|          2|
    |ap_sig_allocacmp_t       |    9|          2|    6|         12|
    |cpy2_100_address1        |   65|         16|    6|         96|
    |cpy2_100_d1              |   65|         16|   10|        160|
    |cpy2_101_address1        |   65|         16|    6|         96|
    |cpy2_101_d1              |   65|         16|   10|        160|
    |cpy2_102_address1        |   65|         16|    6|         96|
    |cpy2_102_d1              |   65|         16|   10|        160|
    |cpy2_103_address1        |   65|         16|    6|         96|
    |cpy2_103_d1              |   65|         16|   10|        160|
    |cpy2_104_address1        |   65|         16|    6|         96|
    |cpy2_104_d1              |   65|         16|   10|        160|
    |cpy2_105_address1        |   65|         16|    6|         96|
    |cpy2_105_d1              |   65|         16|   10|        160|
    |cpy2_106_address1        |   65|         16|    6|         96|
    |cpy2_106_d1              |   65|         16|   10|        160|
    |cpy2_107_address1        |   65|         16|    6|         96|
    |cpy2_107_d1              |   65|         16|   10|        160|
    |cpy2_108_address1        |   65|         16|    6|         96|
    |cpy2_108_d1              |   65|         16|   10|        160|
    |cpy2_109_address1        |   65|         16|    6|         96|
    |cpy2_109_d1              |   65|         16|   10|        160|
    |cpy2_10_address1         |   65|         16|    6|         96|
    |cpy2_10_d1               |   65|         16|   10|        160|
    |cpy2_110_address1        |   65|         16|    6|         96|
    |cpy2_110_d1              |   65|         16|   10|        160|
    |cpy2_111_address1        |   65|         16|    6|         96|
    |cpy2_111_d1              |   65|         16|   10|        160|
    |cpy2_112_address1        |   65|         16|    6|         96|
    |cpy2_112_d1              |   65|         16|   10|        160|
    |cpy2_113_address1        |   65|         16|    6|         96|
    |cpy2_113_d1              |   65|         16|   10|        160|
    |cpy2_114_address1        |   65|         16|    6|         96|
    |cpy2_114_d1              |   65|         16|   10|        160|
    |cpy2_115_address1        |   65|         16|    6|         96|
    |cpy2_115_d1              |   65|         16|   10|        160|
    |cpy2_116_address1        |   65|         16|    6|         96|
    |cpy2_116_d1              |   65|         16|   10|        160|
    |cpy2_117_address1        |   65|         16|    6|         96|
    |cpy2_117_d1              |   65|         16|   10|        160|
    |cpy2_118_address1        |   65|         16|    6|         96|
    |cpy2_118_d1              |   65|         16|   10|        160|
    |cpy2_119_address1        |   65|         16|    6|         96|
    |cpy2_119_d1              |   65|         16|   10|        160|
    |cpy2_11_address1         |   65|         16|    6|         96|
    |cpy2_11_d1               |   65|         16|   10|        160|
    |cpy2_120_address1        |   65|         16|    6|         96|
    |cpy2_120_d1              |   65|         16|   10|        160|
    |cpy2_121_address1        |   65|         16|    6|         96|
    |cpy2_121_d1              |   65|         16|   10|        160|
    |cpy2_122_address1        |   65|         16|    6|         96|
    |cpy2_122_d1              |   65|         16|   10|        160|
    |cpy2_123_address1        |   65|         16|    6|         96|
    |cpy2_123_d1              |   65|         16|   10|        160|
    |cpy2_124_address1        |   65|         16|    6|         96|
    |cpy2_124_d1              |   65|         16|   10|        160|
    |cpy2_125_address1        |   65|         16|    6|         96|
    |cpy2_125_d1              |   65|         16|   10|        160|
    |cpy2_126_address1        |   65|         16|    6|         96|
    |cpy2_126_d1              |   65|         16|   10|        160|
    |cpy2_127_address1        |   65|         16|    6|         96|
    |cpy2_127_d1              |   65|         16|   10|        160|
    |cpy2_128_address1        |   65|         16|    6|         96|
    |cpy2_128_d1              |   65|         16|   10|        160|
    |cpy2_129_address1        |   65|         16|    6|         96|
    |cpy2_129_d1              |   65|         16|   10|        160|
    |cpy2_12_address1         |   65|         16|    6|         96|
    |cpy2_12_d1               |   65|         16|   10|        160|
    |cpy2_130_address1        |   65|         16|    6|         96|
    |cpy2_130_d1              |   65|         16|   10|        160|
    |cpy2_131_address1        |   65|         16|    6|         96|
    |cpy2_131_d1              |   65|         16|   10|        160|
    |cpy2_132_address1        |   65|         16|    6|         96|
    |cpy2_132_d1              |   65|         16|   10|        160|
    |cpy2_133_address1        |   65|         16|    6|         96|
    |cpy2_133_d1              |   65|         16|   10|        160|
    |cpy2_134_address1        |   65|         16|    6|         96|
    |cpy2_134_d1              |   65|         16|   10|        160|
    |cpy2_135_address1        |   65|         16|    6|         96|
    |cpy2_135_d1              |   65|         16|   10|        160|
    |cpy2_136_address1        |   65|         16|    6|         96|
    |cpy2_136_d1              |   65|         16|   10|        160|
    |cpy2_137_address1        |   65|         16|    6|         96|
    |cpy2_137_d1              |   65|         16|   10|        160|
    |cpy2_138_address1        |   65|         16|    6|         96|
    |cpy2_138_d1              |   65|         16|   10|        160|
    |cpy2_139_address1        |   65|         16|    6|         96|
    |cpy2_139_d1              |   65|         16|   10|        160|
    |cpy2_13_address1         |   65|         16|    6|         96|
    |cpy2_13_d1               |   65|         16|   10|        160|
    |cpy2_140_address1        |   65|         16|    6|         96|
    |cpy2_140_d1              |   65|         16|   10|        160|
    |cpy2_141_address1        |   65|         16|    6|         96|
    |cpy2_141_d1              |   65|         16|   10|        160|
    |cpy2_142_address1        |   65|         16|    6|         96|
    |cpy2_142_d1              |   65|         16|   10|        160|
    |cpy2_143_address1        |   65|         16|    6|         96|
    |cpy2_143_d1              |   65|         16|   10|        160|
    |cpy2_144_address1        |   65|         16|    6|         96|
    |cpy2_144_d1              |   65|         16|   10|        160|
    |cpy2_145_address1        |   65|         16|    6|         96|
    |cpy2_145_d1              |   65|         16|   10|        160|
    |cpy2_146_address1        |   65|         16|    6|         96|
    |cpy2_146_d1              |   65|         16|   10|        160|
    |cpy2_147_address1        |   65|         16|    6|         96|
    |cpy2_147_d1              |   65|         16|   10|        160|
    |cpy2_148_address1        |   65|         16|    6|         96|
    |cpy2_148_d1              |   65|         16|   10|        160|
    |cpy2_149_address1        |   65|         16|    6|         96|
    |cpy2_149_d1              |   65|         16|   10|        160|
    |cpy2_14_address1         |   65|         16|    6|         96|
    |cpy2_14_d1               |   65|         16|   10|        160|
    |cpy2_150_address1        |   65|         16|    6|         96|
    |cpy2_150_d1              |   65|         16|   10|        160|
    |cpy2_151_address1        |   65|         16|    6|         96|
    |cpy2_151_d1              |   65|         16|   10|        160|
    |cpy2_152_address1        |   65|         16|    6|         96|
    |cpy2_152_d1              |   65|         16|   10|        160|
    |cpy2_153_address1        |   65|         16|    6|         96|
    |cpy2_153_d1              |   65|         16|   10|        160|
    |cpy2_154_address1        |   65|         16|    6|         96|
    |cpy2_154_d1              |   65|         16|   10|        160|
    |cpy2_155_address1        |   65|         16|    6|         96|
    |cpy2_155_d1              |   65|         16|   10|        160|
    |cpy2_156_address1        |   65|         16|    6|         96|
    |cpy2_156_d1              |   65|         16|   10|        160|
    |cpy2_157_address1        |   65|         16|    6|         96|
    |cpy2_157_d1              |   65|         16|   10|        160|
    |cpy2_158_address1        |   65|         16|    6|         96|
    |cpy2_158_d1              |   65|         16|   10|        160|
    |cpy2_159_address1        |   65|         16|    6|         96|
    |cpy2_159_d1              |   65|         16|   10|        160|
    |cpy2_15_address1         |   65|         16|    6|         96|
    |cpy2_15_d1               |   65|         16|   10|        160|
    |cpy2_160_address1        |   65|         16|    6|         96|
    |cpy2_160_d1              |   65|         16|   10|        160|
    |cpy2_161_address1        |   65|         16|    6|         96|
    |cpy2_161_d1              |   65|         16|   10|        160|
    |cpy2_162_address1        |   65|         16|    6|         96|
    |cpy2_162_d1              |   65|         16|   10|        160|
    |cpy2_163_address1        |   65|         16|    6|         96|
    |cpy2_163_d1              |   65|         16|   10|        160|
    |cpy2_164_address1        |   65|         16|    6|         96|
    |cpy2_164_d1              |   65|         16|   10|        160|
    |cpy2_165_address1        |   65|         16|    6|         96|
    |cpy2_165_d1              |   65|         16|   10|        160|
    |cpy2_166_address1        |   65|         16|    6|         96|
    |cpy2_166_d1              |   65|         16|   10|        160|
    |cpy2_167_address1        |   65|         16|    6|         96|
    |cpy2_167_d1              |   65|         16|   10|        160|
    |cpy2_168_address1        |   65|         16|    6|         96|
    |cpy2_168_d1              |   65|         16|   10|        160|
    |cpy2_169_address1        |   65|         16|    6|         96|
    |cpy2_169_d1              |   65|         16|   10|        160|
    |cpy2_16_address1         |   65|         16|    6|         96|
    |cpy2_16_d1               |   65|         16|   10|        160|
    |cpy2_170_address1        |   65|         16|    6|         96|
    |cpy2_170_d1              |   65|         16|   10|        160|
    |cpy2_171_address1        |   65|         16|    6|         96|
    |cpy2_171_d1              |   65|         16|   10|        160|
    |cpy2_172_address1        |   65|         16|    6|         96|
    |cpy2_172_d1              |   65|         16|   10|        160|
    |cpy2_173_address1        |   65|         16|    6|         96|
    |cpy2_173_d1              |   65|         16|   10|        160|
    |cpy2_174_address1        |   65|         16|    6|         96|
    |cpy2_174_d1              |   65|         16|   10|        160|
    |cpy2_175_address1        |   65|         16|    6|         96|
    |cpy2_175_d1              |   65|         16|   10|        160|
    |cpy2_176_address1        |   65|         16|    6|         96|
    |cpy2_176_d1              |   65|         16|   10|        160|
    |cpy2_177_address1        |   65|         16|    6|         96|
    |cpy2_177_d1              |   65|         16|   10|        160|
    |cpy2_178_address1        |   65|         16|    6|         96|
    |cpy2_178_d1              |   65|         16|   10|        160|
    |cpy2_179_address1        |   65|         16|    6|         96|
    |cpy2_179_d1              |   65|         16|   10|        160|
    |cpy2_17_address1         |   65|         16|    6|         96|
    |cpy2_17_d1               |   65|         16|   10|        160|
    |cpy2_180_address1        |   65|         16|    6|         96|
    |cpy2_180_d1              |   65|         16|   10|        160|
    |cpy2_181_address1        |   65|         16|    6|         96|
    |cpy2_181_d1              |   65|         16|   10|        160|
    |cpy2_182_address1        |   65|         16|    6|         96|
    |cpy2_182_d1              |   65|         16|   10|        160|
    |cpy2_183_address1        |   65|         16|    6|         96|
    |cpy2_183_d1              |   65|         16|   10|        160|
    |cpy2_184_address1        |   65|         16|    6|         96|
    |cpy2_184_d1              |   65|         16|   10|        160|
    |cpy2_185_address1        |   65|         16|    6|         96|
    |cpy2_185_d1              |   65|         16|   10|        160|
    |cpy2_186_address1        |   65|         16|    6|         96|
    |cpy2_186_d1              |   65|         16|   10|        160|
    |cpy2_187_address1        |   65|         16|    6|         96|
    |cpy2_187_d1              |   65|         16|   10|        160|
    |cpy2_188_address1        |   65|         16|    6|         96|
    |cpy2_188_d1              |   65|         16|   10|        160|
    |cpy2_189_address1        |   65|         16|    6|         96|
    |cpy2_189_d1              |   65|         16|   10|        160|
    |cpy2_18_address1         |   65|         16|    6|         96|
    |cpy2_18_d1               |   65|         16|   10|        160|
    |cpy2_190_address1        |   65|         16|    6|         96|
    |cpy2_190_d1              |   65|         16|   10|        160|
    |cpy2_191_address1        |   65|         16|    6|         96|
    |cpy2_191_d1              |   65|         16|   10|        160|
    |cpy2_192_address1        |   65|         16|    6|         96|
    |cpy2_192_d1              |   65|         16|   10|        160|
    |cpy2_193_address1        |   65|         16|    6|         96|
    |cpy2_193_d1              |   65|         16|   10|        160|
    |cpy2_194_address1        |   65|         16|    6|         96|
    |cpy2_194_d1              |   65|         16|   10|        160|
    |cpy2_195_address1        |   65|         16|    6|         96|
    |cpy2_195_d1              |   65|         16|   10|        160|
    |cpy2_196_address1        |   65|         16|    6|         96|
    |cpy2_196_d1              |   65|         16|   10|        160|
    |cpy2_197_address1        |   65|         16|    6|         96|
    |cpy2_197_d1              |   65|         16|   10|        160|
    |cpy2_198_address1        |   65|         16|    6|         96|
    |cpy2_198_d1              |   65|         16|   10|        160|
    |cpy2_199_address1        |   65|         16|    6|         96|
    |cpy2_199_d1              |   65|         16|   10|        160|
    |cpy2_19_address1         |   65|         16|    6|         96|
    |cpy2_19_d1               |   65|         16|   10|        160|
    |cpy2_1_address1          |   65|         16|    6|         96|
    |cpy2_1_d1                |   65|         16|   10|        160|
    |cpy2_200_address1        |   65|         16|    6|         96|
    |cpy2_200_d1              |   65|         16|   10|        160|
    |cpy2_201_address1        |   65|         16|    6|         96|
    |cpy2_201_d1              |   65|         16|   10|        160|
    |cpy2_202_address1        |   65|         16|    6|         96|
    |cpy2_202_d1              |   65|         16|   10|        160|
    |cpy2_203_address1        |   65|         16|    6|         96|
    |cpy2_203_d1              |   65|         16|   10|        160|
    |cpy2_204_address1        |   65|         16|    6|         96|
    |cpy2_204_d1              |   65|         16|   10|        160|
    |cpy2_205_address1        |   65|         16|    6|         96|
    |cpy2_205_d1              |   65|         16|   10|        160|
    |cpy2_206_address1        |   65|         16|    6|         96|
    |cpy2_206_d1              |   65|         16|   10|        160|
    |cpy2_207_address1        |   65|         16|    6|         96|
    |cpy2_207_d1              |   65|         16|   10|        160|
    |cpy2_208_address1        |   65|         16|    6|         96|
    |cpy2_208_d1              |   65|         16|   10|        160|
    |cpy2_209_address1        |   65|         16|    6|         96|
    |cpy2_209_d1              |   65|         16|   10|        160|
    |cpy2_20_address1         |   65|         16|    6|         96|
    |cpy2_20_d1               |   65|         16|   10|        160|
    |cpy2_210_address1        |   65|         16|    6|         96|
    |cpy2_210_d1              |   65|         16|   10|        160|
    |cpy2_211_address1        |   65|         16|    6|         96|
    |cpy2_211_d1              |   65|         16|   10|        160|
    |cpy2_212_address1        |   65|         16|    6|         96|
    |cpy2_212_d1              |   65|         16|   10|        160|
    |cpy2_213_address1        |   65|         16|    6|         96|
    |cpy2_213_d1              |   65|         16|   10|        160|
    |cpy2_214_address1        |   65|         16|    6|         96|
    |cpy2_214_d1              |   65|         16|   10|        160|
    |cpy2_215_address1        |   65|         16|    6|         96|
    |cpy2_215_d1              |   65|         16|   10|        160|
    |cpy2_216_address1        |   65|         16|    6|         96|
    |cpy2_216_d1              |   65|         16|   10|        160|
    |cpy2_217_address1        |   65|         16|    6|         96|
    |cpy2_217_d1              |   65|         16|   10|        160|
    |cpy2_218_address1        |   65|         16|    6|         96|
    |cpy2_218_d1              |   65|         16|   10|        160|
    |cpy2_219_address1        |   65|         16|    6|         96|
    |cpy2_219_d1              |   65|         16|   10|        160|
    |cpy2_21_address1         |   65|         16|    6|         96|
    |cpy2_21_d1               |   65|         16|   10|        160|
    |cpy2_220_address1        |   65|         16|    6|         96|
    |cpy2_220_d1              |   65|         16|   10|        160|
    |cpy2_221_address1        |   65|         16|    6|         96|
    |cpy2_221_d1              |   65|         16|   10|        160|
    |cpy2_222_address1        |   65|         16|    6|         96|
    |cpy2_222_d1              |   65|         16|   10|        160|
    |cpy2_223_address1        |   65|         16|    6|         96|
    |cpy2_223_d1              |   65|         16|   10|        160|
    |cpy2_224_address1        |   65|         16|    6|         96|
    |cpy2_224_d1              |   65|         16|   10|        160|
    |cpy2_225_address1        |   65|         16|    6|         96|
    |cpy2_225_d1              |   65|         16|   10|        160|
    |cpy2_226_address1        |   65|         16|    6|         96|
    |cpy2_226_d1              |   65|         16|   10|        160|
    |cpy2_227_address1        |   65|         16|    6|         96|
    |cpy2_227_d1              |   65|         16|   10|        160|
    |cpy2_228_address1        |   65|         16|    6|         96|
    |cpy2_228_d1              |   65|         16|   10|        160|
    |cpy2_229_address1        |   65|         16|    6|         96|
    |cpy2_229_d1              |   65|         16|   10|        160|
    |cpy2_22_address1         |   65|         16|    6|         96|
    |cpy2_22_d1               |   65|         16|   10|        160|
    |cpy2_230_address1        |   65|         16|    6|         96|
    |cpy2_230_d1              |   65|         16|   10|        160|
    |cpy2_231_address1        |   65|         16|    6|         96|
    |cpy2_231_d1              |   65|         16|   10|        160|
    |cpy2_232_address1        |   65|         16|    6|         96|
    |cpy2_232_d1              |   65|         16|   10|        160|
    |cpy2_233_address1        |   65|         16|    6|         96|
    |cpy2_233_d1              |   65|         16|   10|        160|
    |cpy2_234_address1        |   65|         16|    6|         96|
    |cpy2_234_d1              |   65|         16|   10|        160|
    |cpy2_235_address1        |   65|         16|    6|         96|
    |cpy2_235_d1              |   65|         16|   10|        160|
    |cpy2_236_address1        |   65|         16|    6|         96|
    |cpy2_236_d1              |   65|         16|   10|        160|
    |cpy2_237_address1        |   65|         16|    6|         96|
    |cpy2_237_d1              |   65|         16|   10|        160|
    |cpy2_238_address1        |   65|         16|    6|         96|
    |cpy2_238_d1              |   65|         16|   10|        160|
    |cpy2_239_address1        |   65|         16|    6|         96|
    |cpy2_239_d1              |   65|         16|   10|        160|
    |cpy2_23_address1         |   65|         16|    6|         96|
    |cpy2_23_d1               |   65|         16|   10|        160|
    |cpy2_24_address1         |   65|         16|    6|         96|
    |cpy2_24_d1               |   65|         16|   10|        160|
    |cpy2_25_address1         |   65|         16|    6|         96|
    |cpy2_25_d1               |   65|         16|   10|        160|
    |cpy2_26_address1         |   65|         16|    6|         96|
    |cpy2_26_d1               |   65|         16|   10|        160|
    |cpy2_27_address1         |   65|         16|    6|         96|
    |cpy2_27_d1               |   65|         16|   10|        160|
    |cpy2_28_address1         |   65|         16|    6|         96|
    |cpy2_28_d1               |   65|         16|   10|        160|
    |cpy2_29_address1         |   65|         16|    6|         96|
    |cpy2_29_d1               |   65|         16|   10|        160|
    |cpy2_2_address1          |   65|         16|    6|         96|
    |cpy2_2_d1                |   65|         16|   10|        160|
    |cpy2_30_address1         |   65|         16|    6|         96|
    |cpy2_30_d1               |   65|         16|   10|        160|
    |cpy2_31_address1         |   65|         16|    6|         96|
    |cpy2_31_d1               |   65|         16|   10|        160|
    |cpy2_32_address1         |   65|         16|    6|         96|
    |cpy2_32_d1               |   65|         16|   10|        160|
    |cpy2_33_address1         |   65|         16|    6|         96|
    |cpy2_33_d1               |   65|         16|   10|        160|
    |cpy2_34_address1         |   65|         16|    6|         96|
    |cpy2_34_d1               |   65|         16|   10|        160|
    |cpy2_35_address1         |   65|         16|    6|         96|
    |cpy2_35_d1               |   65|         16|   10|        160|
    |cpy2_36_address1         |   65|         16|    6|         96|
    |cpy2_36_d1               |   65|         16|   10|        160|
    |cpy2_37_address1         |   65|         16|    6|         96|
    |cpy2_37_d1               |   65|         16|   10|        160|
    |cpy2_38_address1         |   65|         16|    6|         96|
    |cpy2_38_d1               |   65|         16|   10|        160|
    |cpy2_39_address1         |   65|         16|    6|         96|
    |cpy2_39_d1               |   65|         16|   10|        160|
    |cpy2_3_address1          |   65|         16|    6|         96|
    |cpy2_3_d1                |   65|         16|   10|        160|
    |cpy2_40_address1         |   65|         16|    6|         96|
    |cpy2_40_d1               |   65|         16|   10|        160|
    |cpy2_41_address1         |   65|         16|    6|         96|
    |cpy2_41_d1               |   65|         16|   10|        160|
    |cpy2_42_address1         |   65|         16|    6|         96|
    |cpy2_42_d1               |   65|         16|   10|        160|
    |cpy2_43_address1         |   65|         16|    6|         96|
    |cpy2_43_d1               |   65|         16|   10|        160|
    |cpy2_44_address1         |   65|         16|    6|         96|
    |cpy2_44_d1               |   65|         16|   10|        160|
    |cpy2_45_address1         |   65|         16|    6|         96|
    |cpy2_45_d1               |   65|         16|   10|        160|
    |cpy2_46_address1         |   65|         16|    6|         96|
    |cpy2_46_d1               |   65|         16|   10|        160|
    |cpy2_47_address1         |   65|         16|    6|         96|
    |cpy2_47_d1               |   65|         16|   10|        160|
    |cpy2_48_address1         |   65|         16|    6|         96|
    |cpy2_48_d1               |   65|         16|   10|        160|
    |cpy2_49_address1         |   65|         16|    6|         96|
    |cpy2_49_d1               |   65|         16|   10|        160|
    |cpy2_4_address1          |   65|         16|    6|         96|
    |cpy2_4_d1                |   65|         16|   10|        160|
    |cpy2_50_address1         |   65|         16|    6|         96|
    |cpy2_50_d1               |   65|         16|   10|        160|
    |cpy2_51_address1         |   65|         16|    6|         96|
    |cpy2_51_d1               |   65|         16|   10|        160|
    |cpy2_52_address1         |   65|         16|    6|         96|
    |cpy2_52_d1               |   65|         16|   10|        160|
    |cpy2_53_address1         |   65|         16|    6|         96|
    |cpy2_53_d1               |   65|         16|   10|        160|
    |cpy2_54_address1         |   65|         16|    6|         96|
    |cpy2_54_d1               |   65|         16|   10|        160|
    |cpy2_55_address1         |   65|         16|    6|         96|
    |cpy2_55_d1               |   65|         16|   10|        160|
    |cpy2_56_address1         |   65|         16|    6|         96|
    |cpy2_56_d1               |   65|         16|   10|        160|
    |cpy2_57_address1         |   65|         16|    6|         96|
    |cpy2_57_d1               |   65|         16|   10|        160|
    |cpy2_58_address1         |   65|         16|    6|         96|
    |cpy2_58_d1               |   65|         16|   10|        160|
    |cpy2_59_address1         |   65|         16|    6|         96|
    |cpy2_59_d1               |   65|         16|   10|        160|
    |cpy2_5_address1          |   65|         16|    6|         96|
    |cpy2_5_d1                |   65|         16|   10|        160|
    |cpy2_60_address1         |   65|         16|    6|         96|
    |cpy2_60_d1               |   65|         16|   10|        160|
    |cpy2_61_address1         |   65|         16|    6|         96|
    |cpy2_61_d1               |   65|         16|   10|        160|
    |cpy2_62_address1         |   65|         16|    6|         96|
    |cpy2_62_d1               |   65|         16|   10|        160|
    |cpy2_63_address1         |   65|         16|    6|         96|
    |cpy2_63_d1               |   65|         16|   10|        160|
    |cpy2_64_address1         |   65|         16|    6|         96|
    |cpy2_64_d1               |   65|         16|   10|        160|
    |cpy2_65_address1         |   65|         16|    6|         96|
    |cpy2_65_d1               |   65|         16|   10|        160|
    |cpy2_66_address1         |   65|         16|    6|         96|
    |cpy2_66_d1               |   65|         16|   10|        160|
    |cpy2_67_address1         |   65|         16|    6|         96|
    |cpy2_67_d1               |   65|         16|   10|        160|
    |cpy2_68_address1         |   65|         16|    6|         96|
    |cpy2_68_d1               |   65|         16|   10|        160|
    |cpy2_69_address1         |   65|         16|    6|         96|
    |cpy2_69_d1               |   65|         16|   10|        160|
    |cpy2_6_address1          |   65|         16|    6|         96|
    |cpy2_6_d1                |   65|         16|   10|        160|
    |cpy2_70_address1         |   65|         16|    6|         96|
    |cpy2_70_d1               |   65|         16|   10|        160|
    |cpy2_71_address1         |   65|         16|    6|         96|
    |cpy2_71_d1               |   65|         16|   10|        160|
    |cpy2_72_address1         |   65|         16|    6|         96|
    |cpy2_72_d1               |   65|         16|   10|        160|
    |cpy2_73_address1         |   65|         16|    6|         96|
    |cpy2_73_d1               |   65|         16|   10|        160|
    |cpy2_74_address1         |   65|         16|    6|         96|
    |cpy2_74_d1               |   65|         16|   10|        160|
    |cpy2_75_address1         |   65|         16|    6|         96|
    |cpy2_75_d1               |   65|         16|   10|        160|
    |cpy2_76_address1         |   65|         16|    6|         96|
    |cpy2_76_d1               |   65|         16|   10|        160|
    |cpy2_77_address1         |   65|         16|    6|         96|
    |cpy2_77_d1               |   65|         16|   10|        160|
    |cpy2_78_address1         |   65|         16|    6|         96|
    |cpy2_78_d1               |   65|         16|   10|        160|
    |cpy2_79_address1         |   65|         16|    6|         96|
    |cpy2_79_d1               |   65|         16|   10|        160|
    |cpy2_7_address1          |   65|         16|    6|         96|
    |cpy2_7_d1                |   65|         16|   10|        160|
    |cpy2_80_address1         |   65|         16|    6|         96|
    |cpy2_80_d1               |   65|         16|   10|        160|
    |cpy2_81_address1         |   65|         16|    6|         96|
    |cpy2_81_d1               |   65|         16|   10|        160|
    |cpy2_82_address1         |   65|         16|    6|         96|
    |cpy2_82_d1               |   65|         16|   10|        160|
    |cpy2_83_address1         |   65|         16|    6|         96|
    |cpy2_83_d1               |   65|         16|   10|        160|
    |cpy2_84_address1         |   65|         16|    6|         96|
    |cpy2_84_d1               |   65|         16|   10|        160|
    |cpy2_85_address1         |   65|         16|    6|         96|
    |cpy2_85_d1               |   65|         16|   10|        160|
    |cpy2_86_address1         |   65|         16|    6|         96|
    |cpy2_86_d1               |   65|         16|   10|        160|
    |cpy2_87_address1         |   65|         16|    6|         96|
    |cpy2_87_d1               |   65|         16|   10|        160|
    |cpy2_88_address1         |   65|         16|    6|         96|
    |cpy2_88_d1               |   65|         16|   10|        160|
    |cpy2_89_address1         |   65|         16|    6|         96|
    |cpy2_89_d1               |   65|         16|   10|        160|
    |cpy2_8_address1          |   65|         16|    6|         96|
    |cpy2_8_d1                |   65|         16|   10|        160|
    |cpy2_90_address1         |   65|         16|    6|         96|
    |cpy2_90_d1               |   65|         16|   10|        160|
    |cpy2_91_address1         |   65|         16|    6|         96|
    |cpy2_91_d1               |   65|         16|   10|        160|
    |cpy2_92_address1         |   65|         16|    6|         96|
    |cpy2_92_d1               |   65|         16|   10|        160|
    |cpy2_93_address1         |   65|         16|    6|         96|
    |cpy2_93_d1               |   65|         16|   10|        160|
    |cpy2_94_address1         |   65|         16|    6|         96|
    |cpy2_94_d1               |   65|         16|   10|        160|
    |cpy2_95_address1         |   65|         16|    6|         96|
    |cpy2_95_d1               |   65|         16|   10|        160|
    |cpy2_96_address1         |   65|         16|    6|         96|
    |cpy2_96_d1               |   65|         16|   10|        160|
    |cpy2_97_address1         |   65|         16|    6|         96|
    |cpy2_97_d1               |   65|         16|   10|        160|
    |cpy2_98_address1         |   65|         16|    6|         96|
    |cpy2_98_d1               |   65|         16|   10|        160|
    |cpy2_99_address1         |   65|         16|    6|         96|
    |cpy2_99_d1               |   65|         16|   10|        160|
    |cpy2_9_address1          |   65|         16|    6|         96|
    |cpy2_9_d1                |   65|         16|   10|        160|
    |cpy2_address1            |   65|         16|    6|         96|
    |cpy2_d1                  |   65|         16|   10|        160|
    |t_1_fu_1124              |    9|          2|    6|         12|
    +-------------------------+-----+-----------+-----+-----------+
    |Total                    |31236|       7688| 3854|      61468|
    +-------------------------+-----+-----------+-----+-----------+

    * Register: 
    +-------------------------------------+---+----+-----+-----------+
    |                 Name                | FF| LUT| Bits| Const Bits|
    +-------------------------------------+---+----+-----+-----------+
    |ap_CS_fsm                            |  1|   0|    1|          0|
    |ap_done_reg                          |  1|   0|    1|          0|
    |ap_enable_reg_pp0_iter1              |  1|   0|    1|          0|
    |ap_enable_reg_pp0_iter2              |  1|   0|    1|          0|
    |ap_loop_exit_ready_pp0_iter1_reg     |  1|   0|    1|          0|
    |t_1_fu_1124                          |  6|   0|    6|          0|
    |t_reg_44753                          |  6|   0|    6|          0|
    |t_reg_44753_pp0_iter1_reg            |  6|   0|    6|          0|
    |trunc_ln449_reg_44782                |  4|   0|    4|          0|
    |trunc_ln449_reg_44782_pp0_iter1_reg  |  4|   0|    4|          0|
    |trunc_ln453_10_reg_45711             |  4|   0|    4|          0|
    |trunc_ln453_11_reg_45796             |  4|   0|    4|          0|
    |trunc_ln453_12_reg_45881             |  4|   0|    4|          0|
    |trunc_ln453_13_reg_45966             |  4|   0|    4|          0|
    |trunc_ln453_14_reg_46051             |  4|   0|    4|          0|
    |trunc_ln453_1_reg_44946              |  4|   0|    4|          0|
    |trunc_ln453_2_reg_45031              |  4|   0|    4|          0|
    |trunc_ln453_3_reg_45116              |  4|   0|    4|          0|
    |trunc_ln453_4_reg_45201              |  4|   0|    4|          0|
    |trunc_ln453_5_reg_45286              |  4|   0|    4|          0|
    |trunc_ln453_6_reg_45371              |  4|   0|    4|          0|
    |trunc_ln453_7_reg_45456              |  4|   0|    4|          0|
    |trunc_ln453_8_reg_45541              |  4|   0|    4|          0|
    |trunc_ln453_9_reg_45626              |  4|   0|    4|          0|
    |trunc_ln453_reg_44861                |  4|   0|    4|          0|
    |zext_ln449_reg_44763                 |  6|   0|   64|         58|
    |zext_ln449_reg_44763_pp0_iter1_reg   |  6|   0|   64|         58|
    +-------------------------------------+---+----+-----+-----------+
    |Total                                |103|   0|  219|        116|
    +-------------------------------------+---+----+-----+-----------+



================================================================
== Interface
================================================================
* Summary: 
+--------------------+-----+-----+------------+--------------------------+--------------+
|      RTL Ports     | Dir | Bits|  Protocol  |       Source Object      |    C Type    |
+--------------------+-----+-----+------------+--------------------------+--------------+
|ap_clk              |   in|    1|  ap_ctrl_hs|  my_window_Pipeline_JUMP1|  return value|
|ap_rst              |   in|    1|  ap_ctrl_hs|  my_window_Pipeline_JUMP1|  return value|
|ap_start            |   in|    1|  ap_ctrl_hs|  my_window_Pipeline_JUMP1|  return value|
|ap_done             |  out|    1|  ap_ctrl_hs|  my_window_Pipeline_JUMP1|  return value|
|ap_idle             |  out|    1|  ap_ctrl_hs|  my_window_Pipeline_JUMP1|  return value|
|ap_ready            |  out|    1|  ap_ctrl_hs|  my_window_Pipeline_JUMP1|  return value|
|cpy2_239_address1   |  out|    6|   ap_memory|                  cpy2_239|         array|
|cpy2_239_ce1        |  out|    1|   ap_memory|                  cpy2_239|         array|
|cpy2_239_we1        |  out|    1|   ap_memory|                  cpy2_239|         array|
|cpy2_239_d1         |  out|   10|   ap_memory|                  cpy2_239|         array|
|cpy2_238_address1   |  out|    6|   ap_memory|                  cpy2_238|         array|
|cpy2_238_ce1        |  out|    1|   ap_memory|                  cpy2_238|         array|
|cpy2_238_we1        |  out|    1|   ap_memory|                  cpy2_238|         array|
|cpy2_238_d1         |  out|   10|   ap_memory|                  cpy2_238|         array|
|cpy2_237_address1   |  out|    6|   ap_memory|                  cpy2_237|         array|
|cpy2_237_ce1        |  out|    1|   ap_memory|                  cpy2_237|         array|
|cpy2_237_we1        |  out|    1|   ap_memory|                  cpy2_237|         array|
|cpy2_237_d1         |  out|   10|   ap_memory|                  cpy2_237|         array|
|cpy2_236_address1   |  out|    6|   ap_memory|                  cpy2_236|         array|
|cpy2_236_ce1        |  out|    1|   ap_memory|                  cpy2_236|         array|
|cpy2_236_we1        |  out|    1|   ap_memory|                  cpy2_236|         array|
|cpy2_236_d1         |  out|   10|   ap_memory|                  cpy2_236|         array|
|cpy2_235_address1   |  out|    6|   ap_memory|                  cpy2_235|         array|
|cpy2_235_ce1        |  out|    1|   ap_memory|                  cpy2_235|         array|
|cpy2_235_we1        |  out|    1|   ap_memory|                  cpy2_235|         array|
|cpy2_235_d1         |  out|   10|   ap_memory|                  cpy2_235|         array|
|cpy2_234_address1   |  out|    6|   ap_memory|                  cpy2_234|         array|
|cpy2_234_ce1        |  out|    1|   ap_memory|                  cpy2_234|         array|
|cpy2_234_we1        |  out|    1|   ap_memory|                  cpy2_234|         array|
|cpy2_234_d1         |  out|   10|   ap_memory|                  cpy2_234|         array|
|cpy2_233_address1   |  out|    6|   ap_memory|                  cpy2_233|         array|
|cpy2_233_ce1        |  out|    1|   ap_memory|                  cpy2_233|         array|
|cpy2_233_we1        |  out|    1|   ap_memory|                  cpy2_233|         array|
|cpy2_233_d1         |  out|   10|   ap_memory|                  cpy2_233|         array|
|cpy2_232_address1   |  out|    6|   ap_memory|                  cpy2_232|         array|
|cpy2_232_ce1        |  out|    1|   ap_memory|                  cpy2_232|         array|
|cpy2_232_we1        |  out|    1|   ap_memory|                  cpy2_232|         array|
|cpy2_232_d1         |  out|   10|   ap_memory|                  cpy2_232|         array|
|cpy2_231_address1   |  out|    6|   ap_memory|                  cpy2_231|         array|
|cpy2_231_ce1        |  out|    1|   ap_memory|                  cpy2_231|         array|
|cpy2_231_we1        |  out|    1|   ap_memory|                  cpy2_231|         array|
|cpy2_231_d1         |  out|   10|   ap_memory|                  cpy2_231|         array|
|cpy2_230_address1   |  out|    6|   ap_memory|                  cpy2_230|         array|
|cpy2_230_ce1        |  out|    1|   ap_memory|                  cpy2_230|         array|
|cpy2_230_we1        |  out|    1|   ap_memory|                  cpy2_230|         array|
|cpy2_230_d1         |  out|   10|   ap_memory|                  cpy2_230|         array|
|cpy2_229_address1   |  out|    6|   ap_memory|                  cpy2_229|         array|
|cpy2_229_ce1        |  out|    1|   ap_memory|                  cpy2_229|         array|
|cpy2_229_we1        |  out|    1|   ap_memory|                  cpy2_229|         array|
|cpy2_229_d1         |  out|   10|   ap_memory|                  cpy2_229|         array|
|cpy2_228_address1   |  out|    6|   ap_memory|                  cpy2_228|         array|
|cpy2_228_ce1        |  out|    1|   ap_memory|                  cpy2_228|         array|
|cpy2_228_we1        |  out|    1|   ap_memory|                  cpy2_228|         array|
|cpy2_228_d1         |  out|   10|   ap_memory|                  cpy2_228|         array|
|cpy2_227_address1   |  out|    6|   ap_memory|                  cpy2_227|         array|
|cpy2_227_ce1        |  out|    1|   ap_memory|                  cpy2_227|         array|
|cpy2_227_we1        |  out|    1|   ap_memory|                  cpy2_227|         array|
|cpy2_227_d1         |  out|   10|   ap_memory|                  cpy2_227|         array|
|cpy2_226_address1   |  out|    6|   ap_memory|                  cpy2_226|         array|
|cpy2_226_ce1        |  out|    1|   ap_memory|                  cpy2_226|         array|
|cpy2_226_we1        |  out|    1|   ap_memory|                  cpy2_226|         array|
|cpy2_226_d1         |  out|   10|   ap_memory|                  cpy2_226|         array|
|cpy2_225_address1   |  out|    6|   ap_memory|                  cpy2_225|         array|
|cpy2_225_ce1        |  out|    1|   ap_memory|                  cpy2_225|         array|
|cpy2_225_we1        |  out|    1|   ap_memory|                  cpy2_225|         array|
|cpy2_225_d1         |  out|   10|   ap_memory|                  cpy2_225|         array|
|cpy2_224_address1   |  out|    6|   ap_memory|                  cpy2_224|         array|
|cpy2_224_ce1        |  out|    1|   ap_memory|                  cpy2_224|         array|
|cpy2_224_we1        |  out|    1|   ap_memory|                  cpy2_224|         array|
|cpy2_224_d1         |  out|   10|   ap_memory|                  cpy2_224|         array|
|cpy2_223_address1   |  out|    6|   ap_memory|                  cpy2_223|         array|
|cpy2_223_ce1        |  out|    1|   ap_memory|                  cpy2_223|         array|
|cpy2_223_we1        |  out|    1|   ap_memory|                  cpy2_223|         array|
|cpy2_223_d1         |  out|   10|   ap_memory|                  cpy2_223|         array|
|cpy2_222_address1   |  out|    6|   ap_memory|                  cpy2_222|         array|
|cpy2_222_ce1        |  out|    1|   ap_memory|                  cpy2_222|         array|
|cpy2_222_we1        |  out|    1|   ap_memory|                  cpy2_222|         array|
|cpy2_222_d1         |  out|   10|   ap_memory|                  cpy2_222|         array|
|cpy2_221_address1   |  out|    6|   ap_memory|                  cpy2_221|         array|
|cpy2_221_ce1        |  out|    1|   ap_memory|                  cpy2_221|         array|
|cpy2_221_we1        |  out|    1|   ap_memory|                  cpy2_221|         array|
|cpy2_221_d1         |  out|   10|   ap_memory|                  cpy2_221|         array|
|cpy2_220_address1   |  out|    6|   ap_memory|                  cpy2_220|         array|
|cpy2_220_ce1        |  out|    1|   ap_memory|                  cpy2_220|         array|
|cpy2_220_we1        |  out|    1|   ap_memory|                  cpy2_220|         array|
|cpy2_220_d1         |  out|   10|   ap_memory|                  cpy2_220|         array|
|cpy2_219_address1   |  out|    6|   ap_memory|                  cpy2_219|         array|
|cpy2_219_ce1        |  out|    1|   ap_memory|                  cpy2_219|         array|
|cpy2_219_we1        |  out|    1|   ap_memory|                  cpy2_219|         array|
|cpy2_219_d1         |  out|   10|   ap_memory|                  cpy2_219|         array|
|cpy2_218_address1   |  out|    6|   ap_memory|                  cpy2_218|         array|
|cpy2_218_ce1        |  out|    1|   ap_memory|                  cpy2_218|         array|
|cpy2_218_we1        |  out|    1|   ap_memory|                  cpy2_218|         array|
|cpy2_218_d1         |  out|   10|   ap_memory|                  cpy2_218|         array|
|cpy2_217_address1   |  out|    6|   ap_memory|                  cpy2_217|         array|
|cpy2_217_ce1        |  out|    1|   ap_memory|                  cpy2_217|         array|
|cpy2_217_we1        |  out|    1|   ap_memory|                  cpy2_217|         array|
|cpy2_217_d1         |  out|   10|   ap_memory|                  cpy2_217|         array|
|cpy2_216_address1   |  out|    6|   ap_memory|                  cpy2_216|         array|
|cpy2_216_ce1        |  out|    1|   ap_memory|                  cpy2_216|         array|
|cpy2_216_we1        |  out|    1|   ap_memory|                  cpy2_216|         array|
|cpy2_216_d1         |  out|   10|   ap_memory|                  cpy2_216|         array|
|cpy2_215_address1   |  out|    6|   ap_memory|                  cpy2_215|         array|
|cpy2_215_ce1        |  out|    1|   ap_memory|                  cpy2_215|         array|
|cpy2_215_we1        |  out|    1|   ap_memory|                  cpy2_215|         array|
|cpy2_215_d1         |  out|   10|   ap_memory|                  cpy2_215|         array|
|cpy2_214_address1   |  out|    6|   ap_memory|                  cpy2_214|         array|
|cpy2_214_ce1        |  out|    1|   ap_memory|                  cpy2_214|         array|
|cpy2_214_we1        |  out|    1|   ap_memory|                  cpy2_214|         array|
|cpy2_214_d1         |  out|   10|   ap_memory|                  cpy2_214|         array|
|cpy2_213_address1   |  out|    6|   ap_memory|                  cpy2_213|         array|
|cpy2_213_ce1        |  out|    1|   ap_memory|                  cpy2_213|         array|
|cpy2_213_we1        |  out|    1|   ap_memory|                  cpy2_213|         array|
|cpy2_213_d1         |  out|   10|   ap_memory|                  cpy2_213|         array|
|cpy2_212_address1   |  out|    6|   ap_memory|                  cpy2_212|         array|
|cpy2_212_ce1        |  out|    1|   ap_memory|                  cpy2_212|         array|
|cpy2_212_we1        |  out|    1|   ap_memory|                  cpy2_212|         array|
|cpy2_212_d1         |  out|   10|   ap_memory|                  cpy2_212|         array|
|cpy2_211_address1   |  out|    6|   ap_memory|                  cpy2_211|         array|
|cpy2_211_ce1        |  out|    1|   ap_memory|                  cpy2_211|         array|
|cpy2_211_we1        |  out|    1|   ap_memory|                  cpy2_211|         array|
|cpy2_211_d1         |  out|   10|   ap_memory|                  cpy2_211|         array|
|cpy2_210_address1   |  out|    6|   ap_memory|                  cpy2_210|         array|
|cpy2_210_ce1        |  out|    1|   ap_memory|                  cpy2_210|         array|
|cpy2_210_we1        |  out|    1|   ap_memory|                  cpy2_210|         array|
|cpy2_210_d1         |  out|   10|   ap_memory|                  cpy2_210|         array|
|cpy2_209_address1   |  out|    6|   ap_memory|                  cpy2_209|         array|
|cpy2_209_ce1        |  out|    1|   ap_memory|                  cpy2_209|         array|
|cpy2_209_we1        |  out|    1|   ap_memory|                  cpy2_209|         array|
|cpy2_209_d1         |  out|   10|   ap_memory|                  cpy2_209|         array|
|cpy2_208_address1   |  out|    6|   ap_memory|                  cpy2_208|         array|
|cpy2_208_ce1        |  out|    1|   ap_memory|                  cpy2_208|         array|
|cpy2_208_we1        |  out|    1|   ap_memory|                  cpy2_208|         array|
|cpy2_208_d1         |  out|   10|   ap_memory|                  cpy2_208|         array|
|cpy2_207_address1   |  out|    6|   ap_memory|                  cpy2_207|         array|
|cpy2_207_ce1        |  out|    1|   ap_memory|                  cpy2_207|         array|
|cpy2_207_we1        |  out|    1|   ap_memory|                  cpy2_207|         array|
|cpy2_207_d1         |  out|   10|   ap_memory|                  cpy2_207|         array|
|cpy2_206_address1   |  out|    6|   ap_memory|                  cpy2_206|         array|
|cpy2_206_ce1        |  out|    1|   ap_memory|                  cpy2_206|         array|
|cpy2_206_we1        |  out|    1|   ap_memory|                  cpy2_206|         array|
|cpy2_206_d1         |  out|   10|   ap_memory|                  cpy2_206|         array|
|cpy2_205_address1   |  out|    6|   ap_memory|                  cpy2_205|         array|
|cpy2_205_ce1        |  out|    1|   ap_memory|                  cpy2_205|         array|
|cpy2_205_we1        |  out|    1|   ap_memory|                  cpy2_205|         array|
|cpy2_205_d1         |  out|   10|   ap_memory|                  cpy2_205|         array|
|cpy2_204_address1   |  out|    6|   ap_memory|                  cpy2_204|         array|
|cpy2_204_ce1        |  out|    1|   ap_memory|                  cpy2_204|         array|
|cpy2_204_we1        |  out|    1|   ap_memory|                  cpy2_204|         array|
|cpy2_204_d1         |  out|   10|   ap_memory|                  cpy2_204|         array|
|cpy2_203_address1   |  out|    6|   ap_memory|                  cpy2_203|         array|
|cpy2_203_ce1        |  out|    1|   ap_memory|                  cpy2_203|         array|
|cpy2_203_we1        |  out|    1|   ap_memory|                  cpy2_203|         array|
|cpy2_203_d1         |  out|   10|   ap_memory|                  cpy2_203|         array|
|cpy2_202_address1   |  out|    6|   ap_memory|                  cpy2_202|         array|
|cpy2_202_ce1        |  out|    1|   ap_memory|                  cpy2_202|         array|
|cpy2_202_we1        |  out|    1|   ap_memory|                  cpy2_202|         array|
|cpy2_202_d1         |  out|   10|   ap_memory|                  cpy2_202|         array|
|cpy2_201_address1   |  out|    6|   ap_memory|                  cpy2_201|         array|
|cpy2_201_ce1        |  out|    1|   ap_memory|                  cpy2_201|         array|
|cpy2_201_we1        |  out|    1|   ap_memory|                  cpy2_201|         array|
|cpy2_201_d1         |  out|   10|   ap_memory|                  cpy2_201|         array|
|cpy2_200_address1   |  out|    6|   ap_memory|                  cpy2_200|         array|
|cpy2_200_ce1        |  out|    1|   ap_memory|                  cpy2_200|         array|
|cpy2_200_we1        |  out|    1|   ap_memory|                  cpy2_200|         array|
|cpy2_200_d1         |  out|   10|   ap_memory|                  cpy2_200|         array|
|cpy2_199_address1   |  out|    6|   ap_memory|                  cpy2_199|         array|
|cpy2_199_ce1        |  out|    1|   ap_memory|                  cpy2_199|         array|
|cpy2_199_we1        |  out|    1|   ap_memory|                  cpy2_199|         array|
|cpy2_199_d1         |  out|   10|   ap_memory|                  cpy2_199|         array|
|cpy2_198_address1   |  out|    6|   ap_memory|                  cpy2_198|         array|
|cpy2_198_ce1        |  out|    1|   ap_memory|                  cpy2_198|         array|
|cpy2_198_we1        |  out|    1|   ap_memory|                  cpy2_198|         array|
|cpy2_198_d1         |  out|   10|   ap_memory|                  cpy2_198|         array|
|cpy2_197_address1   |  out|    6|   ap_memory|                  cpy2_197|         array|
|cpy2_197_ce1        |  out|    1|   ap_memory|                  cpy2_197|         array|
|cpy2_197_we1        |  out|    1|   ap_memory|                  cpy2_197|         array|
|cpy2_197_d1         |  out|   10|   ap_memory|                  cpy2_197|         array|
|cpy2_196_address1   |  out|    6|   ap_memory|                  cpy2_196|         array|
|cpy2_196_ce1        |  out|    1|   ap_memory|                  cpy2_196|         array|
|cpy2_196_we1        |  out|    1|   ap_memory|                  cpy2_196|         array|
|cpy2_196_d1         |  out|   10|   ap_memory|                  cpy2_196|         array|
|cpy2_195_address1   |  out|    6|   ap_memory|                  cpy2_195|         array|
|cpy2_195_ce1        |  out|    1|   ap_memory|                  cpy2_195|         array|
|cpy2_195_we1        |  out|    1|   ap_memory|                  cpy2_195|         array|
|cpy2_195_d1         |  out|   10|   ap_memory|                  cpy2_195|         array|
|cpy2_194_address1   |  out|    6|   ap_memory|                  cpy2_194|         array|
|cpy2_194_ce1        |  out|    1|   ap_memory|                  cpy2_194|         array|
|cpy2_194_we1        |  out|    1|   ap_memory|                  cpy2_194|         array|
|cpy2_194_d1         |  out|   10|   ap_memory|                  cpy2_194|         array|
|cpy2_193_address1   |  out|    6|   ap_memory|                  cpy2_193|         array|
|cpy2_193_ce1        |  out|    1|   ap_memory|                  cpy2_193|         array|
|cpy2_193_we1        |  out|    1|   ap_memory|                  cpy2_193|         array|
|cpy2_193_d1         |  out|   10|   ap_memory|                  cpy2_193|         array|
|cpy2_192_address1   |  out|    6|   ap_memory|                  cpy2_192|         array|
|cpy2_192_ce1        |  out|    1|   ap_memory|                  cpy2_192|         array|
|cpy2_192_we1        |  out|    1|   ap_memory|                  cpy2_192|         array|
|cpy2_192_d1         |  out|   10|   ap_memory|                  cpy2_192|         array|
|cpy2_191_address1   |  out|    6|   ap_memory|                  cpy2_191|         array|
|cpy2_191_ce1        |  out|    1|   ap_memory|                  cpy2_191|         array|
|cpy2_191_we1        |  out|    1|   ap_memory|                  cpy2_191|         array|
|cpy2_191_d1         |  out|   10|   ap_memory|                  cpy2_191|         array|
|cpy2_190_address1   |  out|    6|   ap_memory|                  cpy2_190|         array|
|cpy2_190_ce1        |  out|    1|   ap_memory|                  cpy2_190|         array|
|cpy2_190_we1        |  out|    1|   ap_memory|                  cpy2_190|         array|
|cpy2_190_d1         |  out|   10|   ap_memory|                  cpy2_190|         array|
|cpy2_189_address1   |  out|    6|   ap_memory|                  cpy2_189|         array|
|cpy2_189_ce1        |  out|    1|   ap_memory|                  cpy2_189|         array|
|cpy2_189_we1        |  out|    1|   ap_memory|                  cpy2_189|         array|
|cpy2_189_d1         |  out|   10|   ap_memory|                  cpy2_189|         array|
|cpy2_188_address1   |  out|    6|   ap_memory|                  cpy2_188|         array|
|cpy2_188_ce1        |  out|    1|   ap_memory|                  cpy2_188|         array|
|cpy2_188_we1        |  out|    1|   ap_memory|                  cpy2_188|         array|
|cpy2_188_d1         |  out|   10|   ap_memory|                  cpy2_188|         array|
|cpy2_187_address1   |  out|    6|   ap_memory|                  cpy2_187|         array|
|cpy2_187_ce1        |  out|    1|   ap_memory|                  cpy2_187|         array|
|cpy2_187_we1        |  out|    1|   ap_memory|                  cpy2_187|         array|
|cpy2_187_d1         |  out|   10|   ap_memory|                  cpy2_187|         array|
|cpy2_186_address1   |  out|    6|   ap_memory|                  cpy2_186|         array|
|cpy2_186_ce1        |  out|    1|   ap_memory|                  cpy2_186|         array|
|cpy2_186_we1        |  out|    1|   ap_memory|                  cpy2_186|         array|
|cpy2_186_d1         |  out|   10|   ap_memory|                  cpy2_186|         array|
|cpy2_185_address1   |  out|    6|   ap_memory|                  cpy2_185|         array|
|cpy2_185_ce1        |  out|    1|   ap_memory|                  cpy2_185|         array|
|cpy2_185_we1        |  out|    1|   ap_memory|                  cpy2_185|         array|
|cpy2_185_d1         |  out|   10|   ap_memory|                  cpy2_185|         array|
|cpy2_184_address1   |  out|    6|   ap_memory|                  cpy2_184|         array|
|cpy2_184_ce1        |  out|    1|   ap_memory|                  cpy2_184|         array|
|cpy2_184_we1        |  out|    1|   ap_memory|                  cpy2_184|         array|
|cpy2_184_d1         |  out|   10|   ap_memory|                  cpy2_184|         array|
|cpy2_183_address1   |  out|    6|   ap_memory|                  cpy2_183|         array|
|cpy2_183_ce1        |  out|    1|   ap_memory|                  cpy2_183|         array|
|cpy2_183_we1        |  out|    1|   ap_memory|                  cpy2_183|         array|
|cpy2_183_d1         |  out|   10|   ap_memory|                  cpy2_183|         array|
|cpy2_182_address1   |  out|    6|   ap_memory|                  cpy2_182|         array|
|cpy2_182_ce1        |  out|    1|   ap_memory|                  cpy2_182|         array|
|cpy2_182_we1        |  out|    1|   ap_memory|                  cpy2_182|         array|
|cpy2_182_d1         |  out|   10|   ap_memory|                  cpy2_182|         array|
|cpy2_181_address1   |  out|    6|   ap_memory|                  cpy2_181|         array|
|cpy2_181_ce1        |  out|    1|   ap_memory|                  cpy2_181|         array|
|cpy2_181_we1        |  out|    1|   ap_memory|                  cpy2_181|         array|
|cpy2_181_d1         |  out|   10|   ap_memory|                  cpy2_181|         array|
|cpy2_180_address1   |  out|    6|   ap_memory|                  cpy2_180|         array|
|cpy2_180_ce1        |  out|    1|   ap_memory|                  cpy2_180|         array|
|cpy2_180_we1        |  out|    1|   ap_memory|                  cpy2_180|         array|
|cpy2_180_d1         |  out|   10|   ap_memory|                  cpy2_180|         array|
|cpy2_179_address1   |  out|    6|   ap_memory|                  cpy2_179|         array|
|cpy2_179_ce1        |  out|    1|   ap_memory|                  cpy2_179|         array|
|cpy2_179_we1        |  out|    1|   ap_memory|                  cpy2_179|         array|
|cpy2_179_d1         |  out|   10|   ap_memory|                  cpy2_179|         array|
|cpy2_178_address1   |  out|    6|   ap_memory|                  cpy2_178|         array|
|cpy2_178_ce1        |  out|    1|   ap_memory|                  cpy2_178|         array|
|cpy2_178_we1        |  out|    1|   ap_memory|                  cpy2_178|         array|
|cpy2_178_d1         |  out|   10|   ap_memory|                  cpy2_178|         array|
|cpy2_177_address1   |  out|    6|   ap_memory|                  cpy2_177|         array|
|cpy2_177_ce1        |  out|    1|   ap_memory|                  cpy2_177|         array|
|cpy2_177_we1        |  out|    1|   ap_memory|                  cpy2_177|         array|
|cpy2_177_d1         |  out|   10|   ap_memory|                  cpy2_177|         array|
|cpy2_176_address1   |  out|    6|   ap_memory|                  cpy2_176|         array|
|cpy2_176_ce1        |  out|    1|   ap_memory|                  cpy2_176|         array|
|cpy2_176_we1        |  out|    1|   ap_memory|                  cpy2_176|         array|
|cpy2_176_d1         |  out|   10|   ap_memory|                  cpy2_176|         array|
|cpy2_175_address1   |  out|    6|   ap_memory|                  cpy2_175|         array|
|cpy2_175_ce1        |  out|    1|   ap_memory|                  cpy2_175|         array|
|cpy2_175_we1        |  out|    1|   ap_memory|                  cpy2_175|         array|
|cpy2_175_d1         |  out|   10|   ap_memory|                  cpy2_175|         array|
|cpy2_174_address1   |  out|    6|   ap_memory|                  cpy2_174|         array|
|cpy2_174_ce1        |  out|    1|   ap_memory|                  cpy2_174|         array|
|cpy2_174_we1        |  out|    1|   ap_memory|                  cpy2_174|         array|
|cpy2_174_d1         |  out|   10|   ap_memory|                  cpy2_174|         array|
|cpy2_173_address1   |  out|    6|   ap_memory|                  cpy2_173|         array|
|cpy2_173_ce1        |  out|    1|   ap_memory|                  cpy2_173|         array|
|cpy2_173_we1        |  out|    1|   ap_memory|                  cpy2_173|         array|
|cpy2_173_d1         |  out|   10|   ap_memory|                  cpy2_173|         array|
|cpy2_172_address1   |  out|    6|   ap_memory|                  cpy2_172|         array|
|cpy2_172_ce1        |  out|    1|   ap_memory|                  cpy2_172|         array|
|cpy2_172_we1        |  out|    1|   ap_memory|                  cpy2_172|         array|
|cpy2_172_d1         |  out|   10|   ap_memory|                  cpy2_172|         array|
|cpy2_171_address1   |  out|    6|   ap_memory|                  cpy2_171|         array|
|cpy2_171_ce1        |  out|    1|   ap_memory|                  cpy2_171|         array|
|cpy2_171_we1        |  out|    1|   ap_memory|                  cpy2_171|         array|
|cpy2_171_d1         |  out|   10|   ap_memory|                  cpy2_171|         array|
|cpy2_170_address1   |  out|    6|   ap_memory|                  cpy2_170|         array|
|cpy2_170_ce1        |  out|    1|   ap_memory|                  cpy2_170|         array|
|cpy2_170_we1        |  out|    1|   ap_memory|                  cpy2_170|         array|
|cpy2_170_d1         |  out|   10|   ap_memory|                  cpy2_170|         array|
|cpy2_169_address1   |  out|    6|   ap_memory|                  cpy2_169|         array|
|cpy2_169_ce1        |  out|    1|   ap_memory|                  cpy2_169|         array|
|cpy2_169_we1        |  out|    1|   ap_memory|                  cpy2_169|         array|
|cpy2_169_d1         |  out|   10|   ap_memory|                  cpy2_169|         array|
|cpy2_168_address1   |  out|    6|   ap_memory|                  cpy2_168|         array|
|cpy2_168_ce1        |  out|    1|   ap_memory|                  cpy2_168|         array|
|cpy2_168_we1        |  out|    1|   ap_memory|                  cpy2_168|         array|
|cpy2_168_d1         |  out|   10|   ap_memory|                  cpy2_168|         array|
|cpy2_167_address1   |  out|    6|   ap_memory|                  cpy2_167|         array|
|cpy2_167_ce1        |  out|    1|   ap_memory|                  cpy2_167|         array|
|cpy2_167_we1        |  out|    1|   ap_memory|                  cpy2_167|         array|
|cpy2_167_d1         |  out|   10|   ap_memory|                  cpy2_167|         array|
|cpy2_166_address1   |  out|    6|   ap_memory|                  cpy2_166|         array|
|cpy2_166_ce1        |  out|    1|   ap_memory|                  cpy2_166|         array|
|cpy2_166_we1        |  out|    1|   ap_memory|                  cpy2_166|         array|
|cpy2_166_d1         |  out|   10|   ap_memory|                  cpy2_166|         array|
|cpy2_165_address1   |  out|    6|   ap_memory|                  cpy2_165|         array|
|cpy2_165_ce1        |  out|    1|   ap_memory|                  cpy2_165|         array|
|cpy2_165_we1        |  out|    1|   ap_memory|                  cpy2_165|         array|
|cpy2_165_d1         |  out|   10|   ap_memory|                  cpy2_165|         array|
|cpy2_164_address1   |  out|    6|   ap_memory|                  cpy2_164|         array|
|cpy2_164_ce1        |  out|    1|   ap_memory|                  cpy2_164|         array|
|cpy2_164_we1        |  out|    1|   ap_memory|                  cpy2_164|         array|
|cpy2_164_d1         |  out|   10|   ap_memory|                  cpy2_164|         array|
|cpy2_163_address1   |  out|    6|   ap_memory|                  cpy2_163|         array|
|cpy2_163_ce1        |  out|    1|   ap_memory|                  cpy2_163|         array|
|cpy2_163_we1        |  out|    1|   ap_memory|                  cpy2_163|         array|
|cpy2_163_d1         |  out|   10|   ap_memory|                  cpy2_163|         array|
|cpy2_162_address1   |  out|    6|   ap_memory|                  cpy2_162|         array|
|cpy2_162_ce1        |  out|    1|   ap_memory|                  cpy2_162|         array|
|cpy2_162_we1        |  out|    1|   ap_memory|                  cpy2_162|         array|
|cpy2_162_d1         |  out|   10|   ap_memory|                  cpy2_162|         array|
|cpy2_161_address1   |  out|    6|   ap_memory|                  cpy2_161|         array|
|cpy2_161_ce1        |  out|    1|   ap_memory|                  cpy2_161|         array|
|cpy2_161_we1        |  out|    1|   ap_memory|                  cpy2_161|         array|
|cpy2_161_d1         |  out|   10|   ap_memory|                  cpy2_161|         array|
|cpy2_160_address1   |  out|    6|   ap_memory|                  cpy2_160|         array|
|cpy2_160_ce1        |  out|    1|   ap_memory|                  cpy2_160|         array|
|cpy2_160_we1        |  out|    1|   ap_memory|                  cpy2_160|         array|
|cpy2_160_d1         |  out|   10|   ap_memory|                  cpy2_160|         array|
|cpy2_159_address1   |  out|    6|   ap_memory|                  cpy2_159|         array|
|cpy2_159_ce1        |  out|    1|   ap_memory|                  cpy2_159|         array|
|cpy2_159_we1        |  out|    1|   ap_memory|                  cpy2_159|         array|
|cpy2_159_d1         |  out|   10|   ap_memory|                  cpy2_159|         array|
|cpy2_158_address1   |  out|    6|   ap_memory|                  cpy2_158|         array|
|cpy2_158_ce1        |  out|    1|   ap_memory|                  cpy2_158|         array|
|cpy2_158_we1        |  out|    1|   ap_memory|                  cpy2_158|         array|
|cpy2_158_d1         |  out|   10|   ap_memory|                  cpy2_158|         array|
|cpy2_157_address1   |  out|    6|   ap_memory|                  cpy2_157|         array|
|cpy2_157_ce1        |  out|    1|   ap_memory|                  cpy2_157|         array|
|cpy2_157_we1        |  out|    1|   ap_memory|                  cpy2_157|         array|
|cpy2_157_d1         |  out|   10|   ap_memory|                  cpy2_157|         array|
|cpy2_156_address1   |  out|    6|   ap_memory|                  cpy2_156|         array|
|cpy2_156_ce1        |  out|    1|   ap_memory|                  cpy2_156|         array|
|cpy2_156_we1        |  out|    1|   ap_memory|                  cpy2_156|         array|
|cpy2_156_d1         |  out|   10|   ap_memory|                  cpy2_156|         array|
|cpy2_155_address1   |  out|    6|   ap_memory|                  cpy2_155|         array|
|cpy2_155_ce1        |  out|    1|   ap_memory|                  cpy2_155|         array|
|cpy2_155_we1        |  out|    1|   ap_memory|                  cpy2_155|         array|
|cpy2_155_d1         |  out|   10|   ap_memory|                  cpy2_155|         array|
|cpy2_154_address1   |  out|    6|   ap_memory|                  cpy2_154|         array|
|cpy2_154_ce1        |  out|    1|   ap_memory|                  cpy2_154|         array|
|cpy2_154_we1        |  out|    1|   ap_memory|                  cpy2_154|         array|
|cpy2_154_d1         |  out|   10|   ap_memory|                  cpy2_154|         array|
|cpy2_153_address1   |  out|    6|   ap_memory|                  cpy2_153|         array|
|cpy2_153_ce1        |  out|    1|   ap_memory|                  cpy2_153|         array|
|cpy2_153_we1        |  out|    1|   ap_memory|                  cpy2_153|         array|
|cpy2_153_d1         |  out|   10|   ap_memory|                  cpy2_153|         array|
|cpy2_152_address1   |  out|    6|   ap_memory|                  cpy2_152|         array|
|cpy2_152_ce1        |  out|    1|   ap_memory|                  cpy2_152|         array|
|cpy2_152_we1        |  out|    1|   ap_memory|                  cpy2_152|         array|
|cpy2_152_d1         |  out|   10|   ap_memory|                  cpy2_152|         array|
|cpy2_151_address1   |  out|    6|   ap_memory|                  cpy2_151|         array|
|cpy2_151_ce1        |  out|    1|   ap_memory|                  cpy2_151|         array|
|cpy2_151_we1        |  out|    1|   ap_memory|                  cpy2_151|         array|
|cpy2_151_d1         |  out|   10|   ap_memory|                  cpy2_151|         array|
|cpy2_150_address1   |  out|    6|   ap_memory|                  cpy2_150|         array|
|cpy2_150_ce1        |  out|    1|   ap_memory|                  cpy2_150|         array|
|cpy2_150_we1        |  out|    1|   ap_memory|                  cpy2_150|         array|
|cpy2_150_d1         |  out|   10|   ap_memory|                  cpy2_150|         array|
|cpy2_149_address1   |  out|    6|   ap_memory|                  cpy2_149|         array|
|cpy2_149_ce1        |  out|    1|   ap_memory|                  cpy2_149|         array|
|cpy2_149_we1        |  out|    1|   ap_memory|                  cpy2_149|         array|
|cpy2_149_d1         |  out|   10|   ap_memory|                  cpy2_149|         array|
|cpy2_148_address1   |  out|    6|   ap_memory|                  cpy2_148|         array|
|cpy2_148_ce1        |  out|    1|   ap_memory|                  cpy2_148|         array|
|cpy2_148_we1        |  out|    1|   ap_memory|                  cpy2_148|         array|
|cpy2_148_d1         |  out|   10|   ap_memory|                  cpy2_148|         array|
|cpy2_147_address1   |  out|    6|   ap_memory|                  cpy2_147|         array|
|cpy2_147_ce1        |  out|    1|   ap_memory|                  cpy2_147|         array|
|cpy2_147_we1        |  out|    1|   ap_memory|                  cpy2_147|         array|
|cpy2_147_d1         |  out|   10|   ap_memory|                  cpy2_147|         array|
|cpy2_146_address1   |  out|    6|   ap_memory|                  cpy2_146|         array|
|cpy2_146_ce1        |  out|    1|   ap_memory|                  cpy2_146|         array|
|cpy2_146_we1        |  out|    1|   ap_memory|                  cpy2_146|         array|
|cpy2_146_d1         |  out|   10|   ap_memory|                  cpy2_146|         array|
|cpy2_145_address1   |  out|    6|   ap_memory|                  cpy2_145|         array|
|cpy2_145_ce1        |  out|    1|   ap_memory|                  cpy2_145|         array|
|cpy2_145_we1        |  out|    1|   ap_memory|                  cpy2_145|         array|
|cpy2_145_d1         |  out|   10|   ap_memory|                  cpy2_145|         array|
|cpy2_144_address1   |  out|    6|   ap_memory|                  cpy2_144|         array|
|cpy2_144_ce1        |  out|    1|   ap_memory|                  cpy2_144|         array|
|cpy2_144_we1        |  out|    1|   ap_memory|                  cpy2_144|         array|
|cpy2_144_d1         |  out|   10|   ap_memory|                  cpy2_144|         array|
|cpy2_143_address1   |  out|    6|   ap_memory|                  cpy2_143|         array|
|cpy2_143_ce1        |  out|    1|   ap_memory|                  cpy2_143|         array|
|cpy2_143_we1        |  out|    1|   ap_memory|                  cpy2_143|         array|
|cpy2_143_d1         |  out|   10|   ap_memory|                  cpy2_143|         array|
|cpy2_142_address1   |  out|    6|   ap_memory|                  cpy2_142|         array|
|cpy2_142_ce1        |  out|    1|   ap_memory|                  cpy2_142|         array|
|cpy2_142_we1        |  out|    1|   ap_memory|                  cpy2_142|         array|
|cpy2_142_d1         |  out|   10|   ap_memory|                  cpy2_142|         array|
|cpy2_141_address1   |  out|    6|   ap_memory|                  cpy2_141|         array|
|cpy2_141_ce1        |  out|    1|   ap_memory|                  cpy2_141|         array|
|cpy2_141_we1        |  out|    1|   ap_memory|                  cpy2_141|         array|
|cpy2_141_d1         |  out|   10|   ap_memory|                  cpy2_141|         array|
|cpy2_140_address1   |  out|    6|   ap_memory|                  cpy2_140|         array|
|cpy2_140_ce1        |  out|    1|   ap_memory|                  cpy2_140|         array|
|cpy2_140_we1        |  out|    1|   ap_memory|                  cpy2_140|         array|
|cpy2_140_d1         |  out|   10|   ap_memory|                  cpy2_140|         array|
|cpy2_139_address1   |  out|    6|   ap_memory|                  cpy2_139|         array|
|cpy2_139_ce1        |  out|    1|   ap_memory|                  cpy2_139|         array|
|cpy2_139_we1        |  out|    1|   ap_memory|                  cpy2_139|         array|
|cpy2_139_d1         |  out|   10|   ap_memory|                  cpy2_139|         array|
|cpy2_138_address1   |  out|    6|   ap_memory|                  cpy2_138|         array|
|cpy2_138_ce1        |  out|    1|   ap_memory|                  cpy2_138|         array|
|cpy2_138_we1        |  out|    1|   ap_memory|                  cpy2_138|         array|
|cpy2_138_d1         |  out|   10|   ap_memory|                  cpy2_138|         array|
|cpy2_137_address1   |  out|    6|   ap_memory|                  cpy2_137|         array|
|cpy2_137_ce1        |  out|    1|   ap_memory|                  cpy2_137|         array|
|cpy2_137_we1        |  out|    1|   ap_memory|                  cpy2_137|         array|
|cpy2_137_d1         |  out|   10|   ap_memory|                  cpy2_137|         array|
|cpy2_136_address1   |  out|    6|   ap_memory|                  cpy2_136|         array|
|cpy2_136_ce1        |  out|    1|   ap_memory|                  cpy2_136|         array|
|cpy2_136_we1        |  out|    1|   ap_memory|                  cpy2_136|         array|
|cpy2_136_d1         |  out|   10|   ap_memory|                  cpy2_136|         array|
|cpy2_135_address1   |  out|    6|   ap_memory|                  cpy2_135|         array|
|cpy2_135_ce1        |  out|    1|   ap_memory|                  cpy2_135|         array|
|cpy2_135_we1        |  out|    1|   ap_memory|                  cpy2_135|         array|
|cpy2_135_d1         |  out|   10|   ap_memory|                  cpy2_135|         array|
|cpy2_134_address1   |  out|    6|   ap_memory|                  cpy2_134|         array|
|cpy2_134_ce1        |  out|    1|   ap_memory|                  cpy2_134|         array|
|cpy2_134_we1        |  out|    1|   ap_memory|                  cpy2_134|         array|
|cpy2_134_d1         |  out|   10|   ap_memory|                  cpy2_134|         array|
|cpy2_133_address1   |  out|    6|   ap_memory|                  cpy2_133|         array|
|cpy2_133_ce1        |  out|    1|   ap_memory|                  cpy2_133|         array|
|cpy2_133_we1        |  out|    1|   ap_memory|                  cpy2_133|         array|
|cpy2_133_d1         |  out|   10|   ap_memory|                  cpy2_133|         array|
|cpy2_132_address1   |  out|    6|   ap_memory|                  cpy2_132|         array|
|cpy2_132_ce1        |  out|    1|   ap_memory|                  cpy2_132|         array|
|cpy2_132_we1        |  out|    1|   ap_memory|                  cpy2_132|         array|
|cpy2_132_d1         |  out|   10|   ap_memory|                  cpy2_132|         array|
|cpy2_131_address1   |  out|    6|   ap_memory|                  cpy2_131|         array|
|cpy2_131_ce1        |  out|    1|   ap_memory|                  cpy2_131|         array|
|cpy2_131_we1        |  out|    1|   ap_memory|                  cpy2_131|         array|
|cpy2_131_d1         |  out|   10|   ap_memory|                  cpy2_131|         array|
|cpy2_130_address1   |  out|    6|   ap_memory|                  cpy2_130|         array|
|cpy2_130_ce1        |  out|    1|   ap_memory|                  cpy2_130|         array|
|cpy2_130_we1        |  out|    1|   ap_memory|                  cpy2_130|         array|
|cpy2_130_d1         |  out|   10|   ap_memory|                  cpy2_130|         array|
|cpy2_129_address1   |  out|    6|   ap_memory|                  cpy2_129|         array|
|cpy2_129_ce1        |  out|    1|   ap_memory|                  cpy2_129|         array|
|cpy2_129_we1        |  out|    1|   ap_memory|                  cpy2_129|         array|
|cpy2_129_d1         |  out|   10|   ap_memory|                  cpy2_129|         array|
|cpy2_128_address1   |  out|    6|   ap_memory|                  cpy2_128|         array|
|cpy2_128_ce1        |  out|    1|   ap_memory|                  cpy2_128|         array|
|cpy2_128_we1        |  out|    1|   ap_memory|                  cpy2_128|         array|
|cpy2_128_d1         |  out|   10|   ap_memory|                  cpy2_128|         array|
|cpy2_127_address1   |  out|    6|   ap_memory|                  cpy2_127|         array|
|cpy2_127_ce1        |  out|    1|   ap_memory|                  cpy2_127|         array|
|cpy2_127_we1        |  out|    1|   ap_memory|                  cpy2_127|         array|
|cpy2_127_d1         |  out|   10|   ap_memory|                  cpy2_127|         array|
|cpy2_126_address1   |  out|    6|   ap_memory|                  cpy2_126|         array|
|cpy2_126_ce1        |  out|    1|   ap_memory|                  cpy2_126|         array|
|cpy2_126_we1        |  out|    1|   ap_memory|                  cpy2_126|         array|
|cpy2_126_d1         |  out|   10|   ap_memory|                  cpy2_126|         array|
|cpy2_125_address1   |  out|    6|   ap_memory|                  cpy2_125|         array|
|cpy2_125_ce1        |  out|    1|   ap_memory|                  cpy2_125|         array|
|cpy2_125_we1        |  out|    1|   ap_memory|                  cpy2_125|         array|
|cpy2_125_d1         |  out|   10|   ap_memory|                  cpy2_125|         array|
|cpy2_124_address1   |  out|    6|   ap_memory|                  cpy2_124|         array|
|cpy2_124_ce1        |  out|    1|   ap_memory|                  cpy2_124|         array|
|cpy2_124_we1        |  out|    1|   ap_memory|                  cpy2_124|         array|
|cpy2_124_d1         |  out|   10|   ap_memory|                  cpy2_124|         array|
|cpy2_123_address1   |  out|    6|   ap_memory|                  cpy2_123|         array|
|cpy2_123_ce1        |  out|    1|   ap_memory|                  cpy2_123|         array|
|cpy2_123_we1        |  out|    1|   ap_memory|                  cpy2_123|         array|
|cpy2_123_d1         |  out|   10|   ap_memory|                  cpy2_123|         array|
|cpy2_122_address1   |  out|    6|   ap_memory|                  cpy2_122|         array|
|cpy2_122_ce1        |  out|    1|   ap_memory|                  cpy2_122|         array|
|cpy2_122_we1        |  out|    1|   ap_memory|                  cpy2_122|         array|
|cpy2_122_d1         |  out|   10|   ap_memory|                  cpy2_122|         array|
|cpy2_121_address1   |  out|    6|   ap_memory|                  cpy2_121|         array|
|cpy2_121_ce1        |  out|    1|   ap_memory|                  cpy2_121|         array|
|cpy2_121_we1        |  out|    1|   ap_memory|                  cpy2_121|         array|
|cpy2_121_d1         |  out|   10|   ap_memory|                  cpy2_121|         array|
|cpy2_120_address1   |  out|    6|   ap_memory|                  cpy2_120|         array|
|cpy2_120_ce1        |  out|    1|   ap_memory|                  cpy2_120|         array|
|cpy2_120_we1        |  out|    1|   ap_memory|                  cpy2_120|         array|
|cpy2_120_d1         |  out|   10|   ap_memory|                  cpy2_120|         array|
|cpy2_119_address1   |  out|    6|   ap_memory|                  cpy2_119|         array|
|cpy2_119_ce1        |  out|    1|   ap_memory|                  cpy2_119|         array|
|cpy2_119_we1        |  out|    1|   ap_memory|                  cpy2_119|         array|
|cpy2_119_d1         |  out|   10|   ap_memory|                  cpy2_119|         array|
|cpy2_118_address1   |  out|    6|   ap_memory|                  cpy2_118|         array|
|cpy2_118_ce1        |  out|    1|   ap_memory|                  cpy2_118|         array|
|cpy2_118_we1        |  out|    1|   ap_memory|                  cpy2_118|         array|
|cpy2_118_d1         |  out|   10|   ap_memory|                  cpy2_118|         array|
|cpy2_117_address1   |  out|    6|   ap_memory|                  cpy2_117|         array|
|cpy2_117_ce1        |  out|    1|   ap_memory|                  cpy2_117|         array|
|cpy2_117_we1        |  out|    1|   ap_memory|                  cpy2_117|         array|
|cpy2_117_d1         |  out|   10|   ap_memory|                  cpy2_117|         array|
|cpy2_116_address1   |  out|    6|   ap_memory|                  cpy2_116|         array|
|cpy2_116_ce1        |  out|    1|   ap_memory|                  cpy2_116|         array|
|cpy2_116_we1        |  out|    1|   ap_memory|                  cpy2_116|         array|
|cpy2_116_d1         |  out|   10|   ap_memory|                  cpy2_116|         array|
|cpy2_115_address1   |  out|    6|   ap_memory|                  cpy2_115|         array|
|cpy2_115_ce1        |  out|    1|   ap_memory|                  cpy2_115|         array|
|cpy2_115_we1        |  out|    1|   ap_memory|                  cpy2_115|         array|
|cpy2_115_d1         |  out|   10|   ap_memory|                  cpy2_115|         array|
|cpy2_114_address1   |  out|    6|   ap_memory|                  cpy2_114|         array|
|cpy2_114_ce1        |  out|    1|   ap_memory|                  cpy2_114|         array|
|cpy2_114_we1        |  out|    1|   ap_memory|                  cpy2_114|         array|
|cpy2_114_d1         |  out|   10|   ap_memory|                  cpy2_114|         array|
|cpy2_113_address1   |  out|    6|   ap_memory|                  cpy2_113|         array|
|cpy2_113_ce1        |  out|    1|   ap_memory|                  cpy2_113|         array|
|cpy2_113_we1        |  out|    1|   ap_memory|                  cpy2_113|         array|
|cpy2_113_d1         |  out|   10|   ap_memory|                  cpy2_113|         array|
|cpy2_112_address1   |  out|    6|   ap_memory|                  cpy2_112|         array|
|cpy2_112_ce1        |  out|    1|   ap_memory|                  cpy2_112|         array|
|cpy2_112_we1        |  out|    1|   ap_memory|                  cpy2_112|         array|
|cpy2_112_d1         |  out|   10|   ap_memory|                  cpy2_112|         array|
|cpy2_111_address1   |  out|    6|   ap_memory|                  cpy2_111|         array|
|cpy2_111_ce1        |  out|    1|   ap_memory|                  cpy2_111|         array|
|cpy2_111_we1        |  out|    1|   ap_memory|                  cpy2_111|         array|
|cpy2_111_d1         |  out|   10|   ap_memory|                  cpy2_111|         array|
|cpy2_110_address1   |  out|    6|   ap_memory|                  cpy2_110|         array|
|cpy2_110_ce1        |  out|    1|   ap_memory|                  cpy2_110|         array|
|cpy2_110_we1        |  out|    1|   ap_memory|                  cpy2_110|         array|
|cpy2_110_d1         |  out|   10|   ap_memory|                  cpy2_110|         array|
|cpy2_109_address1   |  out|    6|   ap_memory|                  cpy2_109|         array|
|cpy2_109_ce1        |  out|    1|   ap_memory|                  cpy2_109|         array|
|cpy2_109_we1        |  out|    1|   ap_memory|                  cpy2_109|         array|
|cpy2_109_d1         |  out|   10|   ap_memory|                  cpy2_109|         array|
|cpy2_108_address1   |  out|    6|   ap_memory|                  cpy2_108|         array|
|cpy2_108_ce1        |  out|    1|   ap_memory|                  cpy2_108|         array|
|cpy2_108_we1        |  out|    1|   ap_memory|                  cpy2_108|         array|
|cpy2_108_d1         |  out|   10|   ap_memory|                  cpy2_108|         array|
|cpy2_107_address1   |  out|    6|   ap_memory|                  cpy2_107|         array|
|cpy2_107_ce1        |  out|    1|   ap_memory|                  cpy2_107|         array|
|cpy2_107_we1        |  out|    1|   ap_memory|                  cpy2_107|         array|
|cpy2_107_d1         |  out|   10|   ap_memory|                  cpy2_107|         array|
|cpy2_106_address1   |  out|    6|   ap_memory|                  cpy2_106|         array|
|cpy2_106_ce1        |  out|    1|   ap_memory|                  cpy2_106|         array|
|cpy2_106_we1        |  out|    1|   ap_memory|                  cpy2_106|         array|
|cpy2_106_d1         |  out|   10|   ap_memory|                  cpy2_106|         array|
|cpy2_105_address1   |  out|    6|   ap_memory|                  cpy2_105|         array|
|cpy2_105_ce1        |  out|    1|   ap_memory|                  cpy2_105|         array|
|cpy2_105_we1        |  out|    1|   ap_memory|                  cpy2_105|         array|
|cpy2_105_d1         |  out|   10|   ap_memory|                  cpy2_105|         array|
|cpy2_104_address1   |  out|    6|   ap_memory|                  cpy2_104|         array|
|cpy2_104_ce1        |  out|    1|   ap_memory|                  cpy2_104|         array|
|cpy2_104_we1        |  out|    1|   ap_memory|                  cpy2_104|         array|
|cpy2_104_d1         |  out|   10|   ap_memory|                  cpy2_104|         array|
|cpy2_103_address1   |  out|    6|   ap_memory|                  cpy2_103|         array|
|cpy2_103_ce1        |  out|    1|   ap_memory|                  cpy2_103|         array|
|cpy2_103_we1        |  out|    1|   ap_memory|                  cpy2_103|         array|
|cpy2_103_d1         |  out|   10|   ap_memory|                  cpy2_103|         array|
|cpy2_102_address1   |  out|    6|   ap_memory|                  cpy2_102|         array|
|cpy2_102_ce1        |  out|    1|   ap_memory|                  cpy2_102|         array|
|cpy2_102_we1        |  out|    1|   ap_memory|                  cpy2_102|         array|
|cpy2_102_d1         |  out|   10|   ap_memory|                  cpy2_102|         array|
|cpy2_101_address1   |  out|    6|   ap_memory|                  cpy2_101|         array|
|cpy2_101_ce1        |  out|    1|   ap_memory|                  cpy2_101|         array|
|cpy2_101_we1        |  out|    1|   ap_memory|                  cpy2_101|         array|
|cpy2_101_d1         |  out|   10|   ap_memory|                  cpy2_101|         array|
|cpy2_100_address1   |  out|    6|   ap_memory|                  cpy2_100|         array|
|cpy2_100_ce1        |  out|    1|   ap_memory|                  cpy2_100|         array|
|cpy2_100_we1        |  out|    1|   ap_memory|                  cpy2_100|         array|
|cpy2_100_d1         |  out|   10|   ap_memory|                  cpy2_100|         array|
|cpy2_99_address1    |  out|    6|   ap_memory|                   cpy2_99|         array|
|cpy2_99_ce1         |  out|    1|   ap_memory|                   cpy2_99|         array|
|cpy2_99_we1         |  out|    1|   ap_memory|                   cpy2_99|         array|
|cpy2_99_d1          |  out|   10|   ap_memory|                   cpy2_99|         array|
|cpy2_98_address1    |  out|    6|   ap_memory|                   cpy2_98|         array|
|cpy2_98_ce1         |  out|    1|   ap_memory|                   cpy2_98|         array|
|cpy2_98_we1         |  out|    1|   ap_memory|                   cpy2_98|         array|
|cpy2_98_d1          |  out|   10|   ap_memory|                   cpy2_98|         array|
|cpy2_97_address1    |  out|    6|   ap_memory|                   cpy2_97|         array|
|cpy2_97_ce1         |  out|    1|   ap_memory|                   cpy2_97|         array|
|cpy2_97_we1         |  out|    1|   ap_memory|                   cpy2_97|         array|
|cpy2_97_d1          |  out|   10|   ap_memory|                   cpy2_97|         array|
|cpy2_96_address1    |  out|    6|   ap_memory|                   cpy2_96|         array|
|cpy2_96_ce1         |  out|    1|   ap_memory|                   cpy2_96|         array|
|cpy2_96_we1         |  out|    1|   ap_memory|                   cpy2_96|         array|
|cpy2_96_d1          |  out|   10|   ap_memory|                   cpy2_96|         array|
|cpy2_95_address1    |  out|    6|   ap_memory|                   cpy2_95|         array|
|cpy2_95_ce1         |  out|    1|   ap_memory|                   cpy2_95|         array|
|cpy2_95_we1         |  out|    1|   ap_memory|                   cpy2_95|         array|
|cpy2_95_d1          |  out|   10|   ap_memory|                   cpy2_95|         array|
|cpy2_94_address1    |  out|    6|   ap_memory|                   cpy2_94|         array|
|cpy2_94_ce1         |  out|    1|   ap_memory|                   cpy2_94|         array|
|cpy2_94_we1         |  out|    1|   ap_memory|                   cpy2_94|         array|
|cpy2_94_d1          |  out|   10|   ap_memory|                   cpy2_94|         array|
|cpy2_93_address1    |  out|    6|   ap_memory|                   cpy2_93|         array|
|cpy2_93_ce1         |  out|    1|   ap_memory|                   cpy2_93|         array|
|cpy2_93_we1         |  out|    1|   ap_memory|                   cpy2_93|         array|
|cpy2_93_d1          |  out|   10|   ap_memory|                   cpy2_93|         array|
|cpy2_92_address1    |  out|    6|   ap_memory|                   cpy2_92|         array|
|cpy2_92_ce1         |  out|    1|   ap_memory|                   cpy2_92|         array|
|cpy2_92_we1         |  out|    1|   ap_memory|                   cpy2_92|         array|
|cpy2_92_d1          |  out|   10|   ap_memory|                   cpy2_92|         array|
|cpy2_91_address1    |  out|    6|   ap_memory|                   cpy2_91|         array|
|cpy2_91_ce1         |  out|    1|   ap_memory|                   cpy2_91|         array|
|cpy2_91_we1         |  out|    1|   ap_memory|                   cpy2_91|         array|
|cpy2_91_d1          |  out|   10|   ap_memory|                   cpy2_91|         array|
|cpy2_90_address1    |  out|    6|   ap_memory|                   cpy2_90|         array|
|cpy2_90_ce1         |  out|    1|   ap_memory|                   cpy2_90|         array|
|cpy2_90_we1         |  out|    1|   ap_memory|                   cpy2_90|         array|
|cpy2_90_d1          |  out|   10|   ap_memory|                   cpy2_90|         array|
|cpy2_89_address1    |  out|    6|   ap_memory|                   cpy2_89|         array|
|cpy2_89_ce1         |  out|    1|   ap_memory|                   cpy2_89|         array|
|cpy2_89_we1         |  out|    1|   ap_memory|                   cpy2_89|         array|
|cpy2_89_d1          |  out|   10|   ap_memory|                   cpy2_89|         array|
|cpy2_88_address1    |  out|    6|   ap_memory|                   cpy2_88|         array|
|cpy2_88_ce1         |  out|    1|   ap_memory|                   cpy2_88|         array|
|cpy2_88_we1         |  out|    1|   ap_memory|                   cpy2_88|         array|
|cpy2_88_d1          |  out|   10|   ap_memory|                   cpy2_88|         array|
|cpy2_87_address1    |  out|    6|   ap_memory|                   cpy2_87|         array|
|cpy2_87_ce1         |  out|    1|   ap_memory|                   cpy2_87|         array|
|cpy2_87_we1         |  out|    1|   ap_memory|                   cpy2_87|         array|
|cpy2_87_d1          |  out|   10|   ap_memory|                   cpy2_87|         array|
|cpy2_86_address1    |  out|    6|   ap_memory|                   cpy2_86|         array|
|cpy2_86_ce1         |  out|    1|   ap_memory|                   cpy2_86|         array|
|cpy2_86_we1         |  out|    1|   ap_memory|                   cpy2_86|         array|
|cpy2_86_d1          |  out|   10|   ap_memory|                   cpy2_86|         array|
|cpy2_85_address1    |  out|    6|   ap_memory|                   cpy2_85|         array|
|cpy2_85_ce1         |  out|    1|   ap_memory|                   cpy2_85|         array|
|cpy2_85_we1         |  out|    1|   ap_memory|                   cpy2_85|         array|
|cpy2_85_d1          |  out|   10|   ap_memory|                   cpy2_85|         array|
|cpy2_84_address1    |  out|    6|   ap_memory|                   cpy2_84|         array|
|cpy2_84_ce1         |  out|    1|   ap_memory|                   cpy2_84|         array|
|cpy2_84_we1         |  out|    1|   ap_memory|                   cpy2_84|         array|
|cpy2_84_d1          |  out|   10|   ap_memory|                   cpy2_84|         array|
|cpy2_83_address1    |  out|    6|   ap_memory|                   cpy2_83|         array|
|cpy2_83_ce1         |  out|    1|   ap_memory|                   cpy2_83|         array|
|cpy2_83_we1         |  out|    1|   ap_memory|                   cpy2_83|         array|
|cpy2_83_d1          |  out|   10|   ap_memory|                   cpy2_83|         array|
|cpy2_82_address1    |  out|    6|   ap_memory|                   cpy2_82|         array|
|cpy2_82_ce1         |  out|    1|   ap_memory|                   cpy2_82|         array|
|cpy2_82_we1         |  out|    1|   ap_memory|                   cpy2_82|         array|
|cpy2_82_d1          |  out|   10|   ap_memory|                   cpy2_82|         array|
|cpy2_81_address1    |  out|    6|   ap_memory|                   cpy2_81|         array|
|cpy2_81_ce1         |  out|    1|   ap_memory|                   cpy2_81|         array|
|cpy2_81_we1         |  out|    1|   ap_memory|                   cpy2_81|         array|
|cpy2_81_d1          |  out|   10|   ap_memory|                   cpy2_81|         array|
|cpy2_80_address1    |  out|    6|   ap_memory|                   cpy2_80|         array|
|cpy2_80_ce1         |  out|    1|   ap_memory|                   cpy2_80|         array|
|cpy2_80_we1         |  out|    1|   ap_memory|                   cpy2_80|         array|
|cpy2_80_d1          |  out|   10|   ap_memory|                   cpy2_80|         array|
|cpy2_79_address1    |  out|    6|   ap_memory|                   cpy2_79|         array|
|cpy2_79_ce1         |  out|    1|   ap_memory|                   cpy2_79|         array|
|cpy2_79_we1         |  out|    1|   ap_memory|                   cpy2_79|         array|
|cpy2_79_d1          |  out|   10|   ap_memory|                   cpy2_79|         array|
|cpy2_78_address1    |  out|    6|   ap_memory|                   cpy2_78|         array|
|cpy2_78_ce1         |  out|    1|   ap_memory|                   cpy2_78|         array|
|cpy2_78_we1         |  out|    1|   ap_memory|                   cpy2_78|         array|
|cpy2_78_d1          |  out|   10|   ap_memory|                   cpy2_78|         array|
|cpy2_77_address1    |  out|    6|   ap_memory|                   cpy2_77|         array|
|cpy2_77_ce1         |  out|    1|   ap_memory|                   cpy2_77|         array|
|cpy2_77_we1         |  out|    1|   ap_memory|                   cpy2_77|         array|
|cpy2_77_d1          |  out|   10|   ap_memory|                   cpy2_77|         array|
|cpy2_76_address1    |  out|    6|   ap_memory|                   cpy2_76|         array|
|cpy2_76_ce1         |  out|    1|   ap_memory|                   cpy2_76|         array|
|cpy2_76_we1         |  out|    1|   ap_memory|                   cpy2_76|         array|
|cpy2_76_d1          |  out|   10|   ap_memory|                   cpy2_76|         array|
|cpy2_75_address1    |  out|    6|   ap_memory|                   cpy2_75|         array|
|cpy2_75_ce1         |  out|    1|   ap_memory|                   cpy2_75|         array|
|cpy2_75_we1         |  out|    1|   ap_memory|                   cpy2_75|         array|
|cpy2_75_d1          |  out|   10|   ap_memory|                   cpy2_75|         array|
|cpy2_74_address1    |  out|    6|   ap_memory|                   cpy2_74|         array|
|cpy2_74_ce1         |  out|    1|   ap_memory|                   cpy2_74|         array|
|cpy2_74_we1         |  out|    1|   ap_memory|                   cpy2_74|         array|
|cpy2_74_d1          |  out|   10|   ap_memory|                   cpy2_74|         array|
|cpy2_73_address1    |  out|    6|   ap_memory|                   cpy2_73|         array|
|cpy2_73_ce1         |  out|    1|   ap_memory|                   cpy2_73|         array|
|cpy2_73_we1         |  out|    1|   ap_memory|                   cpy2_73|         array|
|cpy2_73_d1          |  out|   10|   ap_memory|                   cpy2_73|         array|
|cpy2_72_address1    |  out|    6|   ap_memory|                   cpy2_72|         array|
|cpy2_72_ce1         |  out|    1|   ap_memory|                   cpy2_72|         array|
|cpy2_72_we1         |  out|    1|   ap_memory|                   cpy2_72|         array|
|cpy2_72_d1          |  out|   10|   ap_memory|                   cpy2_72|         array|
|cpy2_71_address1    |  out|    6|   ap_memory|                   cpy2_71|         array|
|cpy2_71_ce1         |  out|    1|   ap_memory|                   cpy2_71|         array|
|cpy2_71_we1         |  out|    1|   ap_memory|                   cpy2_71|         array|
|cpy2_71_d1          |  out|   10|   ap_memory|                   cpy2_71|         array|
|cpy2_70_address1    |  out|    6|   ap_memory|                   cpy2_70|         array|
|cpy2_70_ce1         |  out|    1|   ap_memory|                   cpy2_70|         array|
|cpy2_70_we1         |  out|    1|   ap_memory|                   cpy2_70|         array|
|cpy2_70_d1          |  out|   10|   ap_memory|                   cpy2_70|         array|
|cpy2_69_address1    |  out|    6|   ap_memory|                   cpy2_69|         array|
|cpy2_69_ce1         |  out|    1|   ap_memory|                   cpy2_69|         array|
|cpy2_69_we1         |  out|    1|   ap_memory|                   cpy2_69|         array|
|cpy2_69_d1          |  out|   10|   ap_memory|                   cpy2_69|         array|
|cpy2_68_address1    |  out|    6|   ap_memory|                   cpy2_68|         array|
|cpy2_68_ce1         |  out|    1|   ap_memory|                   cpy2_68|         array|
|cpy2_68_we1         |  out|    1|   ap_memory|                   cpy2_68|         array|
|cpy2_68_d1          |  out|   10|   ap_memory|                   cpy2_68|         array|
|cpy2_67_address1    |  out|    6|   ap_memory|                   cpy2_67|         array|
|cpy2_67_ce1         |  out|    1|   ap_memory|                   cpy2_67|         array|
|cpy2_67_we1         |  out|    1|   ap_memory|                   cpy2_67|         array|
|cpy2_67_d1          |  out|   10|   ap_memory|                   cpy2_67|         array|
|cpy2_66_address1    |  out|    6|   ap_memory|                   cpy2_66|         array|
|cpy2_66_ce1         |  out|    1|   ap_memory|                   cpy2_66|         array|
|cpy2_66_we1         |  out|    1|   ap_memory|                   cpy2_66|         array|
|cpy2_66_d1          |  out|   10|   ap_memory|                   cpy2_66|         array|
|cpy2_65_address1    |  out|    6|   ap_memory|                   cpy2_65|         array|
|cpy2_65_ce1         |  out|    1|   ap_memory|                   cpy2_65|         array|
|cpy2_65_we1         |  out|    1|   ap_memory|                   cpy2_65|         array|
|cpy2_65_d1          |  out|   10|   ap_memory|                   cpy2_65|         array|
|cpy2_64_address1    |  out|    6|   ap_memory|                   cpy2_64|         array|
|cpy2_64_ce1         |  out|    1|   ap_memory|                   cpy2_64|         array|
|cpy2_64_we1         |  out|    1|   ap_memory|                   cpy2_64|         array|
|cpy2_64_d1          |  out|   10|   ap_memory|                   cpy2_64|         array|
|cpy2_63_address1    |  out|    6|   ap_memory|                   cpy2_63|         array|
|cpy2_63_ce1         |  out|    1|   ap_memory|                   cpy2_63|         array|
|cpy2_63_we1         |  out|    1|   ap_memory|                   cpy2_63|         array|
|cpy2_63_d1          |  out|   10|   ap_memory|                   cpy2_63|         array|
|cpy2_62_address1    |  out|    6|   ap_memory|                   cpy2_62|         array|
|cpy2_62_ce1         |  out|    1|   ap_memory|                   cpy2_62|         array|
|cpy2_62_we1         |  out|    1|   ap_memory|                   cpy2_62|         array|
|cpy2_62_d1          |  out|   10|   ap_memory|                   cpy2_62|         array|
|cpy2_61_address1    |  out|    6|   ap_memory|                   cpy2_61|         array|
|cpy2_61_ce1         |  out|    1|   ap_memory|                   cpy2_61|         array|
|cpy2_61_we1         |  out|    1|   ap_memory|                   cpy2_61|         array|
|cpy2_61_d1          |  out|   10|   ap_memory|                   cpy2_61|         array|
|cpy2_60_address1    |  out|    6|   ap_memory|                   cpy2_60|         array|
|cpy2_60_ce1         |  out|    1|   ap_memory|                   cpy2_60|         array|
|cpy2_60_we1         |  out|    1|   ap_memory|                   cpy2_60|         array|
|cpy2_60_d1          |  out|   10|   ap_memory|                   cpy2_60|         array|
|cpy2_59_address1    |  out|    6|   ap_memory|                   cpy2_59|         array|
|cpy2_59_ce1         |  out|    1|   ap_memory|                   cpy2_59|         array|
|cpy2_59_we1         |  out|    1|   ap_memory|                   cpy2_59|         array|
|cpy2_59_d1          |  out|   10|   ap_memory|                   cpy2_59|         array|
|cpy2_58_address1    |  out|    6|   ap_memory|                   cpy2_58|         array|
|cpy2_58_ce1         |  out|    1|   ap_memory|                   cpy2_58|         array|
|cpy2_58_we1         |  out|    1|   ap_memory|                   cpy2_58|         array|
|cpy2_58_d1          |  out|   10|   ap_memory|                   cpy2_58|         array|
|cpy2_57_address1    |  out|    6|   ap_memory|                   cpy2_57|         array|
|cpy2_57_ce1         |  out|    1|   ap_memory|                   cpy2_57|         array|
|cpy2_57_we1         |  out|    1|   ap_memory|                   cpy2_57|         array|
|cpy2_57_d1          |  out|   10|   ap_memory|                   cpy2_57|         array|
|cpy2_56_address1    |  out|    6|   ap_memory|                   cpy2_56|         array|
|cpy2_56_ce1         |  out|    1|   ap_memory|                   cpy2_56|         array|
|cpy2_56_we1         |  out|    1|   ap_memory|                   cpy2_56|         array|
|cpy2_56_d1          |  out|   10|   ap_memory|                   cpy2_56|         array|
|cpy2_55_address1    |  out|    6|   ap_memory|                   cpy2_55|         array|
|cpy2_55_ce1         |  out|    1|   ap_memory|                   cpy2_55|         array|
|cpy2_55_we1         |  out|    1|   ap_memory|                   cpy2_55|         array|
|cpy2_55_d1          |  out|   10|   ap_memory|                   cpy2_55|         array|
|cpy2_54_address1    |  out|    6|   ap_memory|                   cpy2_54|         array|
|cpy2_54_ce1         |  out|    1|   ap_memory|                   cpy2_54|         array|
|cpy2_54_we1         |  out|    1|   ap_memory|                   cpy2_54|         array|
|cpy2_54_d1          |  out|   10|   ap_memory|                   cpy2_54|         array|
|cpy2_53_address1    |  out|    6|   ap_memory|                   cpy2_53|         array|
|cpy2_53_ce1         |  out|    1|   ap_memory|                   cpy2_53|         array|
|cpy2_53_we1         |  out|    1|   ap_memory|                   cpy2_53|         array|
|cpy2_53_d1          |  out|   10|   ap_memory|                   cpy2_53|         array|
|cpy2_52_address1    |  out|    6|   ap_memory|                   cpy2_52|         array|
|cpy2_52_ce1         |  out|    1|   ap_memory|                   cpy2_52|         array|
|cpy2_52_we1         |  out|    1|   ap_memory|                   cpy2_52|         array|
|cpy2_52_d1          |  out|   10|   ap_memory|                   cpy2_52|         array|
|cpy2_51_address1    |  out|    6|   ap_memory|                   cpy2_51|         array|
|cpy2_51_ce1         |  out|    1|   ap_memory|                   cpy2_51|         array|
|cpy2_51_we1         |  out|    1|   ap_memory|                   cpy2_51|         array|
|cpy2_51_d1          |  out|   10|   ap_memory|                   cpy2_51|         array|
|cpy2_50_address1    |  out|    6|   ap_memory|                   cpy2_50|         array|
|cpy2_50_ce1         |  out|    1|   ap_memory|                   cpy2_50|         array|
|cpy2_50_we1         |  out|    1|   ap_memory|                   cpy2_50|         array|
|cpy2_50_d1          |  out|   10|   ap_memory|                   cpy2_50|         array|
|cpy2_49_address1    |  out|    6|   ap_memory|                   cpy2_49|         array|
|cpy2_49_ce1         |  out|    1|   ap_memory|                   cpy2_49|         array|
|cpy2_49_we1         |  out|    1|   ap_memory|                   cpy2_49|         array|
|cpy2_49_d1          |  out|   10|   ap_memory|                   cpy2_49|         array|
|cpy2_48_address1    |  out|    6|   ap_memory|                   cpy2_48|         array|
|cpy2_48_ce1         |  out|    1|   ap_memory|                   cpy2_48|         array|
|cpy2_48_we1         |  out|    1|   ap_memory|                   cpy2_48|         array|
|cpy2_48_d1          |  out|   10|   ap_memory|                   cpy2_48|         array|
|cpy2_47_address1    |  out|    6|   ap_memory|                   cpy2_47|         array|
|cpy2_47_ce1         |  out|    1|   ap_memory|                   cpy2_47|         array|
|cpy2_47_we1         |  out|    1|   ap_memory|                   cpy2_47|         array|
|cpy2_47_d1          |  out|   10|   ap_memory|                   cpy2_47|         array|
|cpy2_46_address1    |  out|    6|   ap_memory|                   cpy2_46|         array|
|cpy2_46_ce1         |  out|    1|   ap_memory|                   cpy2_46|         array|
|cpy2_46_we1         |  out|    1|   ap_memory|                   cpy2_46|         array|
|cpy2_46_d1          |  out|   10|   ap_memory|                   cpy2_46|         array|
|cpy2_45_address1    |  out|    6|   ap_memory|                   cpy2_45|         array|
|cpy2_45_ce1         |  out|    1|   ap_memory|                   cpy2_45|         array|
|cpy2_45_we1         |  out|    1|   ap_memory|                   cpy2_45|         array|
|cpy2_45_d1          |  out|   10|   ap_memory|                   cpy2_45|         array|
|cpy2_44_address1    |  out|    6|   ap_memory|                   cpy2_44|         array|
|cpy2_44_ce1         |  out|    1|   ap_memory|                   cpy2_44|         array|
|cpy2_44_we1         |  out|    1|   ap_memory|                   cpy2_44|         array|
|cpy2_44_d1          |  out|   10|   ap_memory|                   cpy2_44|         array|
|cpy2_43_address1    |  out|    6|   ap_memory|                   cpy2_43|         array|
|cpy2_43_ce1         |  out|    1|   ap_memory|                   cpy2_43|         array|
|cpy2_43_we1         |  out|    1|   ap_memory|                   cpy2_43|         array|
|cpy2_43_d1          |  out|   10|   ap_memory|                   cpy2_43|         array|
|cpy2_42_address1    |  out|    6|   ap_memory|                   cpy2_42|         array|
|cpy2_42_ce1         |  out|    1|   ap_memory|                   cpy2_42|         array|
|cpy2_42_we1         |  out|    1|   ap_memory|                   cpy2_42|         array|
|cpy2_42_d1          |  out|   10|   ap_memory|                   cpy2_42|         array|
|cpy2_41_address1    |  out|    6|   ap_memory|                   cpy2_41|         array|
|cpy2_41_ce1         |  out|    1|   ap_memory|                   cpy2_41|         array|
|cpy2_41_we1         |  out|    1|   ap_memory|                   cpy2_41|         array|
|cpy2_41_d1          |  out|   10|   ap_memory|                   cpy2_41|         array|
|cpy2_40_address1    |  out|    6|   ap_memory|                   cpy2_40|         array|
|cpy2_40_ce1         |  out|    1|   ap_memory|                   cpy2_40|         array|
|cpy2_40_we1         |  out|    1|   ap_memory|                   cpy2_40|         array|
|cpy2_40_d1          |  out|   10|   ap_memory|                   cpy2_40|         array|
|cpy2_39_address1    |  out|    6|   ap_memory|                   cpy2_39|         array|
|cpy2_39_ce1         |  out|    1|   ap_memory|                   cpy2_39|         array|
|cpy2_39_we1         |  out|    1|   ap_memory|                   cpy2_39|         array|
|cpy2_39_d1          |  out|   10|   ap_memory|                   cpy2_39|         array|
|cpy2_38_address1    |  out|    6|   ap_memory|                   cpy2_38|         array|
|cpy2_38_ce1         |  out|    1|   ap_memory|                   cpy2_38|         array|
|cpy2_38_we1         |  out|    1|   ap_memory|                   cpy2_38|         array|
|cpy2_38_d1          |  out|   10|   ap_memory|                   cpy2_38|         array|
|cpy2_37_address1    |  out|    6|   ap_memory|                   cpy2_37|         array|
|cpy2_37_ce1         |  out|    1|   ap_memory|                   cpy2_37|         array|
|cpy2_37_we1         |  out|    1|   ap_memory|                   cpy2_37|         array|
|cpy2_37_d1          |  out|   10|   ap_memory|                   cpy2_37|         array|
|cpy2_36_address1    |  out|    6|   ap_memory|                   cpy2_36|         array|
|cpy2_36_ce1         |  out|    1|   ap_memory|                   cpy2_36|         array|
|cpy2_36_we1         |  out|    1|   ap_memory|                   cpy2_36|         array|
|cpy2_36_d1          |  out|   10|   ap_memory|                   cpy2_36|         array|
|cpy2_35_address1    |  out|    6|   ap_memory|                   cpy2_35|         array|
|cpy2_35_ce1         |  out|    1|   ap_memory|                   cpy2_35|         array|
|cpy2_35_we1         |  out|    1|   ap_memory|                   cpy2_35|         array|
|cpy2_35_d1          |  out|   10|   ap_memory|                   cpy2_35|         array|
|cpy2_34_address1    |  out|    6|   ap_memory|                   cpy2_34|         array|
|cpy2_34_ce1         |  out|    1|   ap_memory|                   cpy2_34|         array|
|cpy2_34_we1         |  out|    1|   ap_memory|                   cpy2_34|         array|
|cpy2_34_d1          |  out|   10|   ap_memory|                   cpy2_34|         array|
|cpy2_33_address1    |  out|    6|   ap_memory|                   cpy2_33|         array|
|cpy2_33_ce1         |  out|    1|   ap_memory|                   cpy2_33|         array|
|cpy2_33_we1         |  out|    1|   ap_memory|                   cpy2_33|         array|
|cpy2_33_d1          |  out|   10|   ap_memory|                   cpy2_33|         array|
|cpy2_32_address1    |  out|    6|   ap_memory|                   cpy2_32|         array|
|cpy2_32_ce1         |  out|    1|   ap_memory|                   cpy2_32|         array|
|cpy2_32_we1         |  out|    1|   ap_memory|                   cpy2_32|         array|
|cpy2_32_d1          |  out|   10|   ap_memory|                   cpy2_32|         array|
|cpy2_31_address1    |  out|    6|   ap_memory|                   cpy2_31|         array|
|cpy2_31_ce1         |  out|    1|   ap_memory|                   cpy2_31|         array|
|cpy2_31_we1         |  out|    1|   ap_memory|                   cpy2_31|         array|
|cpy2_31_d1          |  out|   10|   ap_memory|                   cpy2_31|         array|
|cpy2_30_address1    |  out|    6|   ap_memory|                   cpy2_30|         array|
|cpy2_30_ce1         |  out|    1|   ap_memory|                   cpy2_30|         array|
|cpy2_30_we1         |  out|    1|   ap_memory|                   cpy2_30|         array|
|cpy2_30_d1          |  out|   10|   ap_memory|                   cpy2_30|         array|
|cpy2_29_address1    |  out|    6|   ap_memory|                   cpy2_29|         array|
|cpy2_29_ce1         |  out|    1|   ap_memory|                   cpy2_29|         array|
|cpy2_29_we1         |  out|    1|   ap_memory|                   cpy2_29|         array|
|cpy2_29_d1          |  out|   10|   ap_memory|                   cpy2_29|         array|
|cpy2_28_address1    |  out|    6|   ap_memory|                   cpy2_28|         array|
|cpy2_28_ce1         |  out|    1|   ap_memory|                   cpy2_28|         array|
|cpy2_28_we1         |  out|    1|   ap_memory|                   cpy2_28|         array|
|cpy2_28_d1          |  out|   10|   ap_memory|                   cpy2_28|         array|
|cpy2_27_address1    |  out|    6|   ap_memory|                   cpy2_27|         array|
|cpy2_27_ce1         |  out|    1|   ap_memory|                   cpy2_27|         array|
|cpy2_27_we1         |  out|    1|   ap_memory|                   cpy2_27|         array|
|cpy2_27_d1          |  out|   10|   ap_memory|                   cpy2_27|         array|
|cpy2_26_address1    |  out|    6|   ap_memory|                   cpy2_26|         array|
|cpy2_26_ce1         |  out|    1|   ap_memory|                   cpy2_26|         array|
|cpy2_26_we1         |  out|    1|   ap_memory|                   cpy2_26|         array|
|cpy2_26_d1          |  out|   10|   ap_memory|                   cpy2_26|         array|
|cpy2_25_address1    |  out|    6|   ap_memory|                   cpy2_25|         array|
|cpy2_25_ce1         |  out|    1|   ap_memory|                   cpy2_25|         array|
|cpy2_25_we1         |  out|    1|   ap_memory|                   cpy2_25|         array|
|cpy2_25_d1          |  out|   10|   ap_memory|                   cpy2_25|         array|
|cpy2_24_address1    |  out|    6|   ap_memory|                   cpy2_24|         array|
|cpy2_24_ce1         |  out|    1|   ap_memory|                   cpy2_24|         array|
|cpy2_24_we1         |  out|    1|   ap_memory|                   cpy2_24|         array|
|cpy2_24_d1          |  out|   10|   ap_memory|                   cpy2_24|         array|
|cpy2_23_address1    |  out|    6|   ap_memory|                   cpy2_23|         array|
|cpy2_23_ce1         |  out|    1|   ap_memory|                   cpy2_23|         array|
|cpy2_23_we1         |  out|    1|   ap_memory|                   cpy2_23|         array|
|cpy2_23_d1          |  out|   10|   ap_memory|                   cpy2_23|         array|
|cpy2_22_address1    |  out|    6|   ap_memory|                   cpy2_22|         array|
|cpy2_22_ce1         |  out|    1|   ap_memory|                   cpy2_22|         array|
|cpy2_22_we1         |  out|    1|   ap_memory|                   cpy2_22|         array|
|cpy2_22_d1          |  out|   10|   ap_memory|                   cpy2_22|         array|
|cpy2_21_address1    |  out|    6|   ap_memory|                   cpy2_21|         array|
|cpy2_21_ce1         |  out|    1|   ap_memory|                   cpy2_21|         array|
|cpy2_21_we1         |  out|    1|   ap_memory|                   cpy2_21|         array|
|cpy2_21_d1          |  out|   10|   ap_memory|                   cpy2_21|         array|
|cpy2_20_address1    |  out|    6|   ap_memory|                   cpy2_20|         array|
|cpy2_20_ce1         |  out|    1|   ap_memory|                   cpy2_20|         array|
|cpy2_20_we1         |  out|    1|   ap_memory|                   cpy2_20|         array|
|cpy2_20_d1          |  out|   10|   ap_memory|                   cpy2_20|         array|
|cpy2_19_address1    |  out|    6|   ap_memory|                   cpy2_19|         array|
|cpy2_19_ce1         |  out|    1|   ap_memory|                   cpy2_19|         array|
|cpy2_19_we1         |  out|    1|   ap_memory|                   cpy2_19|         array|
|cpy2_19_d1          |  out|   10|   ap_memory|                   cpy2_19|         array|
|cpy2_18_address1    |  out|    6|   ap_memory|                   cpy2_18|         array|
|cpy2_18_ce1         |  out|    1|   ap_memory|                   cpy2_18|         array|
|cpy2_18_we1         |  out|    1|   ap_memory|                   cpy2_18|         array|
|cpy2_18_d1          |  out|   10|   ap_memory|                   cpy2_18|         array|
|cpy2_17_address1    |  out|    6|   ap_memory|                   cpy2_17|         array|
|cpy2_17_ce1         |  out|    1|   ap_memory|                   cpy2_17|         array|
|cpy2_17_we1         |  out|    1|   ap_memory|                   cpy2_17|         array|
|cpy2_17_d1          |  out|   10|   ap_memory|                   cpy2_17|         array|
|cpy2_16_address1    |  out|    6|   ap_memory|                   cpy2_16|         array|
|cpy2_16_ce1         |  out|    1|   ap_memory|                   cpy2_16|         array|
|cpy2_16_we1         |  out|    1|   ap_memory|                   cpy2_16|         array|
|cpy2_16_d1          |  out|   10|   ap_memory|                   cpy2_16|         array|
|cpy2_15_address1    |  out|    6|   ap_memory|                   cpy2_15|         array|
|cpy2_15_ce1         |  out|    1|   ap_memory|                   cpy2_15|         array|
|cpy2_15_we1         |  out|    1|   ap_memory|                   cpy2_15|         array|
|cpy2_15_d1          |  out|   10|   ap_memory|                   cpy2_15|         array|
|cpy2_14_address1    |  out|    6|   ap_memory|                   cpy2_14|         array|
|cpy2_14_ce1         |  out|    1|   ap_memory|                   cpy2_14|         array|
|cpy2_14_we1         |  out|    1|   ap_memory|                   cpy2_14|         array|
|cpy2_14_d1          |  out|   10|   ap_memory|                   cpy2_14|         array|
|cpy2_13_address1    |  out|    6|   ap_memory|                   cpy2_13|         array|
|cpy2_13_ce1         |  out|    1|   ap_memory|                   cpy2_13|         array|
|cpy2_13_we1         |  out|    1|   ap_memory|                   cpy2_13|         array|
|cpy2_13_d1          |  out|   10|   ap_memory|                   cpy2_13|         array|
|cpy2_12_address1    |  out|    6|   ap_memory|                   cpy2_12|         array|
|cpy2_12_ce1         |  out|    1|   ap_memory|                   cpy2_12|         array|
|cpy2_12_we1         |  out|    1|   ap_memory|                   cpy2_12|         array|
|cpy2_12_d1          |  out|   10|   ap_memory|                   cpy2_12|         array|
|cpy2_11_address1    |  out|    6|   ap_memory|                   cpy2_11|         array|
|cpy2_11_ce1         |  out|    1|   ap_memory|                   cpy2_11|         array|
|cpy2_11_we1         |  out|    1|   ap_memory|                   cpy2_11|         array|
|cpy2_11_d1          |  out|   10|   ap_memory|                   cpy2_11|         array|
|cpy2_10_address1    |  out|    6|   ap_memory|                   cpy2_10|         array|
|cpy2_10_ce1         |  out|    1|   ap_memory|                   cpy2_10|         array|
|cpy2_10_we1         |  out|    1|   ap_memory|                   cpy2_10|         array|
|cpy2_10_d1          |  out|   10|   ap_memory|                   cpy2_10|         array|
|cpy2_9_address1     |  out|    6|   ap_memory|                    cpy2_9|         array|
|cpy2_9_ce1          |  out|    1|   ap_memory|                    cpy2_9|         array|
|cpy2_9_we1          |  out|    1|   ap_memory|                    cpy2_9|         array|
|cpy2_9_d1           |  out|   10|   ap_memory|                    cpy2_9|         array|
|cpy2_8_address1     |  out|    6|   ap_memory|                    cpy2_8|         array|
|cpy2_8_ce1          |  out|    1|   ap_memory|                    cpy2_8|         array|
|cpy2_8_we1          |  out|    1|   ap_memory|                    cpy2_8|         array|
|cpy2_8_d1           |  out|   10|   ap_memory|                    cpy2_8|         array|
|cpy2_7_address1     |  out|    6|   ap_memory|                    cpy2_7|         array|
|cpy2_7_ce1          |  out|    1|   ap_memory|                    cpy2_7|         array|
|cpy2_7_we1          |  out|    1|   ap_memory|                    cpy2_7|         array|
|cpy2_7_d1           |  out|   10|   ap_memory|                    cpy2_7|         array|
|cpy2_6_address1     |  out|    6|   ap_memory|                    cpy2_6|         array|
|cpy2_6_ce1          |  out|    1|   ap_memory|                    cpy2_6|         array|
|cpy2_6_we1          |  out|    1|   ap_memory|                    cpy2_6|         array|
|cpy2_6_d1           |  out|   10|   ap_memory|                    cpy2_6|         array|
|cpy2_5_address1     |  out|    6|   ap_memory|                    cpy2_5|         array|
|cpy2_5_ce1          |  out|    1|   ap_memory|                    cpy2_5|         array|
|cpy2_5_we1          |  out|    1|   ap_memory|                    cpy2_5|         array|
|cpy2_5_d1           |  out|   10|   ap_memory|                    cpy2_5|         array|
|cpy2_4_address1     |  out|    6|   ap_memory|                    cpy2_4|         array|
|cpy2_4_ce1          |  out|    1|   ap_memory|                    cpy2_4|         array|
|cpy2_4_we1          |  out|    1|   ap_memory|                    cpy2_4|         array|
|cpy2_4_d1           |  out|   10|   ap_memory|                    cpy2_4|         array|
|cpy2_3_address1     |  out|    6|   ap_memory|                    cpy2_3|         array|
|cpy2_3_ce1          |  out|    1|   ap_memory|                    cpy2_3|         array|
|cpy2_3_we1          |  out|    1|   ap_memory|                    cpy2_3|         array|
|cpy2_3_d1           |  out|   10|   ap_memory|                    cpy2_3|         array|
|cpy2_2_address1     |  out|    6|   ap_memory|                    cpy2_2|         array|
|cpy2_2_ce1          |  out|    1|   ap_memory|                    cpy2_2|         array|
|cpy2_2_we1          |  out|    1|   ap_memory|                    cpy2_2|         array|
|cpy2_2_d1           |  out|   10|   ap_memory|                    cpy2_2|         array|
|cpy2_1_address1     |  out|    6|   ap_memory|                    cpy2_1|         array|
|cpy2_1_ce1          |  out|    1|   ap_memory|                    cpy2_1|         array|
|cpy2_1_we1          |  out|    1|   ap_memory|                    cpy2_1|         array|
|cpy2_1_d1           |  out|   10|   ap_memory|                    cpy2_1|         array|
|cpy2_address1       |  out|    6|   ap_memory|                      cpy2|         array|
|cpy2_ce1            |  out|    1|   ap_memory|                      cpy2|         array|
|cpy2_we1            |  out|    1|   ap_memory|                      cpy2|         array|
|cpy2_d1             |  out|   10|   ap_memory|                      cpy2|         array|
|comp_b_14_address0  |  out|    6|   ap_memory|                 comp_b_14|         array|
|comp_b_14_ce0       |  out|    1|   ap_memory|                 comp_b_14|         array|
|comp_b_14_we0       |  out|    1|   ap_memory|                 comp_b_14|         array|
|comp_b_14_d0        |  out|   10|   ap_memory|                 comp_b_14|         array|
|comp_b_13_address0  |  out|    6|   ap_memory|                 comp_b_13|         array|
|comp_b_13_ce0       |  out|    1|   ap_memory|                 comp_b_13|         array|
|comp_b_13_we0       |  out|    1|   ap_memory|                 comp_b_13|         array|
|comp_b_13_d0        |  out|   10|   ap_memory|                 comp_b_13|         array|
|comp_b_12_address0  |  out|    6|   ap_memory|                 comp_b_12|         array|
|comp_b_12_ce0       |  out|    1|   ap_memory|                 comp_b_12|         array|
|comp_b_12_we0       |  out|    1|   ap_memory|                 comp_b_12|         array|
|comp_b_12_d0        |  out|   10|   ap_memory|                 comp_b_12|         array|
|comp_b_11_address0  |  out|    6|   ap_memory|                 comp_b_11|         array|
|comp_b_11_ce0       |  out|    1|   ap_memory|                 comp_b_11|         array|
|comp_b_11_we0       |  out|    1|   ap_memory|                 comp_b_11|         array|
|comp_b_11_d0        |  out|   10|   ap_memory|                 comp_b_11|         array|
|comp_b_10_address0  |  out|    6|   ap_memory|                 comp_b_10|         array|
|comp_b_10_ce0       |  out|    1|   ap_memory|                 comp_b_10|         array|
|comp_b_10_we0       |  out|    1|   ap_memory|                 comp_b_10|         array|
|comp_b_10_d0        |  out|   10|   ap_memory|                 comp_b_10|         array|
|comp_b_9_address0   |  out|    6|   ap_memory|                  comp_b_9|         array|
|comp_b_9_ce0        |  out|    1|   ap_memory|                  comp_b_9|         array|
|comp_b_9_we0        |  out|    1|   ap_memory|                  comp_b_9|         array|
|comp_b_9_d0         |  out|   10|   ap_memory|                  comp_b_9|         array|
|comp_b_8_address0   |  out|    6|   ap_memory|                  comp_b_8|         array|
|comp_b_8_ce0        |  out|    1|   ap_memory|                  comp_b_8|         array|
|comp_b_8_we0        |  out|    1|   ap_memory|                  comp_b_8|         array|
|comp_b_8_d0         |  out|   10|   ap_memory|                  comp_b_8|         array|
|comp_b_7_address0   |  out|    6|   ap_memory|                  comp_b_7|         array|
|comp_b_7_ce0        |  out|    1|   ap_memory|                  comp_b_7|         array|
|comp_b_7_we0        |  out|    1|   ap_memory|                  comp_b_7|         array|
|comp_b_7_d0         |  out|   10|   ap_memory|                  comp_b_7|         array|
|comp_b_6_address0   |  out|    6|   ap_memory|                  comp_b_6|         array|
|comp_b_6_ce0        |  out|    1|   ap_memory|                  comp_b_6|         array|
|comp_b_6_we0        |  out|    1|   ap_memory|                  comp_b_6|         array|
|comp_b_6_d0         |  out|   10|   ap_memory|                  comp_b_6|         array|
|comp_b_5_address0   |  out|    6|   ap_memory|                  comp_b_5|         array|
|comp_b_5_ce0        |  out|    1|   ap_memory|                  comp_b_5|         array|
|comp_b_5_we0        |  out|    1|   ap_memory|                  comp_b_5|         array|
|comp_b_5_d0         |  out|   10|   ap_memory|                  comp_b_5|         array|
|comp_b_4_address0   |  out|    6|   ap_memory|                  comp_b_4|         array|
|comp_b_4_ce0        |  out|    1|   ap_memory|                  comp_b_4|         array|
|comp_b_4_we0        |  out|    1|   ap_memory|                  comp_b_4|         array|
|comp_b_4_d0         |  out|   10|   ap_memory|                  comp_b_4|         array|
|comp_b_3_address0   |  out|    6|   ap_memory|                  comp_b_3|         array|
|comp_b_3_ce0        |  out|    1|   ap_memory|                  comp_b_3|         array|
|comp_b_3_we0        |  out|    1|   ap_memory|                  comp_b_3|         array|
|comp_b_3_d0         |  out|   10|   ap_memory|                  comp_b_3|         array|
|comp_b_2_address0   |  out|    6|   ap_memory|                  comp_b_2|         array|
|comp_b_2_ce0        |  out|    1|   ap_memory|                  comp_b_2|         array|
|comp_b_2_we0        |  out|    1|   ap_memory|                  comp_b_2|         array|
|comp_b_2_d0         |  out|   10|   ap_memory|                  comp_b_2|         array|
|comp_b_1_address0   |  out|    6|   ap_memory|                  comp_b_1|         array|
|comp_b_1_ce0        |  out|    1|   ap_memory|                  comp_b_1|         array|
|comp_b_1_we0        |  out|    1|   ap_memory|                  comp_b_1|         array|
|comp_b_1_d0         |  out|   10|   ap_memory|                  comp_b_1|         array|
|comp_b_address0     |  out|    6|   ap_memory|                    comp_b|         array|
|comp_b_ce0          |  out|    1|   ap_memory|                    comp_b|         array|
|comp_b_we0          |  out|    1|   ap_memory|                    comp_b|         array|
|comp_b_d0           |  out|   10|   ap_memory|                    comp_b|         array|
|comp_r_address0     |  out|    6|   ap_memory|                    comp_r|         array|
|comp_r_ce0          |  out|    1|   ap_memory|                    comp_r|         array|
|comp_r_q0           |   in|   10|   ap_memory|                    comp_r|         array|
|cpy_address0        |  out|    6|   ap_memory|                       cpy|         array|
|cpy_ce0             |  out|    1|   ap_memory|                       cpy|         array|
|cpy_q0              |   in|   10|   ap_memory|                       cpy|         array|
|cpy_1_address0      |  out|    6|   ap_memory|                     cpy_1|         array|
|cpy_1_ce0           |  out|    1|   ap_memory|                     cpy_1|         array|
|cpy_1_q0            |   in|   10|   ap_memory|                     cpy_1|         array|
|cpy_2_address0      |  out|    6|   ap_memory|                     cpy_2|         array|
|cpy_2_ce0           |  out|    1|   ap_memory|                     cpy_2|         array|
|cpy_2_q0            |   in|   10|   ap_memory|                     cpy_2|         array|
|cpy_3_address0      |  out|    6|   ap_memory|                     cpy_3|         array|
|cpy_3_ce0           |  out|    1|   ap_memory|                     cpy_3|         array|
|cpy_3_q0            |   in|   10|   ap_memory|                     cpy_3|         array|
|cpy_4_address0      |  out|    6|   ap_memory|                     cpy_4|         array|
|cpy_4_ce0           |  out|    1|   ap_memory|                     cpy_4|         array|
|cpy_4_q0            |   in|   10|   ap_memory|                     cpy_4|         array|
|cpy_5_address0      |  out|    6|   ap_memory|                     cpy_5|         array|
|cpy_5_ce0           |  out|    1|   ap_memory|                     cpy_5|         array|
|cpy_5_q0            |   in|   10|   ap_memory|                     cpy_5|         array|
|cpy_6_address0      |  out|    6|   ap_memory|                     cpy_6|         array|
|cpy_6_ce0           |  out|    1|   ap_memory|                     cpy_6|         array|
|cpy_6_q0            |   in|   10|   ap_memory|                     cpy_6|         array|
|cpy_7_address0      |  out|    6|   ap_memory|                     cpy_7|         array|
|cpy_7_ce0           |  out|    1|   ap_memory|                     cpy_7|         array|
|cpy_7_q0            |   in|   10|   ap_memory|                     cpy_7|         array|
|cpy_8_address0      |  out|    6|   ap_memory|                     cpy_8|         array|
|cpy_8_ce0           |  out|    1|   ap_memory|                     cpy_8|         array|
|cpy_8_q0            |   in|   10|   ap_memory|                     cpy_8|         array|
|cpy_9_address0      |  out|    6|   ap_memory|                     cpy_9|         array|
|cpy_9_ce0           |  out|    1|   ap_memory|                     cpy_9|         array|
|cpy_9_q0            |   in|   10|   ap_memory|                     cpy_9|         array|
|cpy_10_address0     |  out|    6|   ap_memory|                    cpy_10|         array|
|cpy_10_ce0          |  out|    1|   ap_memory|                    cpy_10|         array|
|cpy_10_q0           |   in|   10|   ap_memory|                    cpy_10|         array|
|cpy_11_address0     |  out|    6|   ap_memory|                    cpy_11|         array|
|cpy_11_ce0          |  out|    1|   ap_memory|                    cpy_11|         array|
|cpy_11_q0           |   in|   10|   ap_memory|                    cpy_11|         array|
|cpy_12_address0     |  out|    6|   ap_memory|                    cpy_12|         array|
|cpy_12_ce0          |  out|    1|   ap_memory|                    cpy_12|         array|
|cpy_12_q0           |   in|   10|   ap_memory|                    cpy_12|         array|
|cpy_13_address0     |  out|    6|   ap_memory|                    cpy_13|         array|
|cpy_13_ce0          |  out|    1|   ap_memory|                    cpy_13|         array|
|cpy_13_q0           |   in|   10|   ap_memory|                    cpy_13|         array|
|cpy_14_address0     |  out|    6|   ap_memory|                    cpy_14|         array|
|cpy_14_ce0          |  out|    1|   ap_memory|                    cpy_14|         array|
|cpy_14_q0           |   in|   10|   ap_memory|                    cpy_14|         array|
|cpy_15_address0     |  out|    6|   ap_memory|                    cpy_15|         array|
|cpy_15_ce0          |  out|    1|   ap_memory|                    cpy_15|         array|
|cpy_15_q0           |   in|   10|   ap_memory|                    cpy_15|         array|
|comp_r_1_address0   |  out|    6|   ap_memory|                  comp_r_1|         array|
|comp_r_1_ce0        |  out|    1|   ap_memory|                  comp_r_1|         array|
|comp_r_1_q0         |   in|   10|   ap_memory|                  comp_r_1|         array|
|comp_r_2_address0   |  out|    6|   ap_memory|                  comp_r_2|         array|
|comp_r_2_ce0        |  out|    1|   ap_memory|                  comp_r_2|         array|
|comp_r_2_q0         |   in|   10|   ap_memory|                  comp_r_2|         array|
|comp_r_3_address0   |  out|    6|   ap_memory|                  comp_r_3|         array|
|comp_r_3_ce0        |  out|    1|   ap_memory|                  comp_r_3|         array|
|comp_r_3_q0         |   in|   10|   ap_memory|                  comp_r_3|         array|
|comp_r_4_address0   |  out|    6|   ap_memory|                  comp_r_4|         array|
|comp_r_4_ce0        |  out|    1|   ap_memory|                  comp_r_4|         array|
|comp_r_4_q0         |   in|   10|   ap_memory|                  comp_r_4|         array|
|comp_r_5_address0   |  out|    6|   ap_memory|                  comp_r_5|         array|
|comp_r_5_ce0        |  out|    1|   ap_memory|                  comp_r_5|         array|
|comp_r_5_q0         |   in|   10|   ap_memory|                  comp_r_5|         array|
|comp_r_6_address0   |  out|    6|   ap_memory|                  comp_r_6|         array|
|comp_r_6_ce0        |  out|    1|   ap_memory|                  comp_r_6|         array|
|comp_r_6_q0         |   in|   10|   ap_memory|                  comp_r_6|         array|
|comp_r_7_address0   |  out|    6|   ap_memory|                  comp_r_7|         array|
|comp_r_7_ce0        |  out|    1|   ap_memory|                  comp_r_7|         array|
|comp_r_7_q0         |   in|   10|   ap_memory|                  comp_r_7|         array|
|comp_r_8_address0   |  out|    6|   ap_memory|                  comp_r_8|         array|
|comp_r_8_ce0        |  out|    1|   ap_memory|                  comp_r_8|         array|
|comp_r_8_q0         |   in|   10|   ap_memory|                  comp_r_8|         array|
|comp_r_9_address0   |  out|    6|   ap_memory|                  comp_r_9|         array|
|comp_r_9_ce0        |  out|    1|   ap_memory|                  comp_r_9|         array|
|comp_r_9_q0         |   in|   10|   ap_memory|                  comp_r_9|         array|
|comp_r_10_address0  |  out|    6|   ap_memory|                 comp_r_10|         array|
|comp_r_10_ce0       |  out|    1|   ap_memory|                 comp_r_10|         array|
|comp_r_10_q0        |   in|   10|   ap_memory|                 comp_r_10|         array|
|comp_r_11_address0  |  out|    6|   ap_memory|                 comp_r_11|         array|
|comp_r_11_ce0       |  out|    1|   ap_memory|                 comp_r_11|         array|
|comp_r_11_q0        |   in|   10|   ap_memory|                 comp_r_11|         array|
|comp_r_12_address0  |  out|    6|   ap_memory|                 comp_r_12|         array|
|comp_r_12_ce0       |  out|    1|   ap_memory|                 comp_r_12|         array|
|comp_r_12_q0        |   in|   10|   ap_memory|                 comp_r_12|         array|
|comp_r_13_address0  |  out|    6|   ap_memory|                 comp_r_13|         array|
|comp_r_13_ce0       |  out|    1|   ap_memory|                 comp_r_13|         array|
|comp_r_13_q0        |   in|   10|   ap_memory|                 comp_r_13|         array|
|comp_r_14_address0  |  out|    6|   ap_memory|                 comp_r_14|         array|
|comp_r_14_ce0       |  out|    1|   ap_memory|                 comp_r_14|         array|
|comp_r_14_q0        |   in|   10|   ap_memory|                 comp_r_14|         array|
|cpy_16_address0     |  out|    6|   ap_memory|                    cpy_16|         array|
|cpy_16_ce0          |  out|    1|   ap_memory|                    cpy_16|         array|
|cpy_16_q0           |   in|   10|   ap_memory|                    cpy_16|         array|
|cpy_17_address0     |  out|    6|   ap_memory|                    cpy_17|         array|
|cpy_17_ce0          |  out|    1|   ap_memory|                    cpy_17|         array|
|cpy_17_q0           |   in|   10|   ap_memory|                    cpy_17|         array|
|cpy_18_address0     |  out|    6|   ap_memory|                    cpy_18|         array|
|cpy_18_ce0          |  out|    1|   ap_memory|                    cpy_18|         array|
|cpy_18_q0           |   in|   10|   ap_memory|                    cpy_18|         array|
|cpy_19_address0     |  out|    6|   ap_memory|                    cpy_19|         array|
|cpy_19_ce0          |  out|    1|   ap_memory|                    cpy_19|         array|
|cpy_19_q0           |   in|   10|   ap_memory|                    cpy_19|         array|
|cpy_20_address0     |  out|    6|   ap_memory|                    cpy_20|         array|
|cpy_20_ce0          |  out|    1|   ap_memory|                    cpy_20|         array|
|cpy_20_q0           |   in|   10|   ap_memory|                    cpy_20|         array|
|cpy_21_address0     |  out|    6|   ap_memory|                    cpy_21|         array|
|cpy_21_ce0          |  out|    1|   ap_memory|                    cpy_21|         array|
|cpy_21_q0           |   in|   10|   ap_memory|                    cpy_21|         array|
|cpy_22_address0     |  out|    6|   ap_memory|                    cpy_22|         array|
|cpy_22_ce0          |  out|    1|   ap_memory|                    cpy_22|         array|
|cpy_22_q0           |   in|   10|   ap_memory|                    cpy_22|         array|
|cpy_23_address0     |  out|    6|   ap_memory|                    cpy_23|         array|
|cpy_23_ce0          |  out|    1|   ap_memory|                    cpy_23|         array|
|cpy_23_q0           |   in|   10|   ap_memory|                    cpy_23|         array|
|cpy_24_address0     |  out|    6|   ap_memory|                    cpy_24|         array|
|cpy_24_ce0          |  out|    1|   ap_memory|                    cpy_24|         array|
|cpy_24_q0           |   in|   10|   ap_memory|                    cpy_24|         array|
|cpy_25_address0     |  out|    6|   ap_memory|                    cpy_25|         array|
|cpy_25_ce0          |  out|    1|   ap_memory|                    cpy_25|         array|
|cpy_25_q0           |   in|   10|   ap_memory|                    cpy_25|         array|
|cpy_26_address0     |  out|    6|   ap_memory|                    cpy_26|         array|
|cpy_26_ce0          |  out|    1|   ap_memory|                    cpy_26|         array|
|cpy_26_q0           |   in|   10|   ap_memory|                    cpy_26|         array|
|cpy_27_address0     |  out|    6|   ap_memory|                    cpy_27|         array|
|cpy_27_ce0          |  out|    1|   ap_memory|                    cpy_27|         array|
|cpy_27_q0           |   in|   10|   ap_memory|                    cpy_27|         array|
|cpy_28_address0     |  out|    6|   ap_memory|                    cpy_28|         array|
|cpy_28_ce0          |  out|    1|   ap_memory|                    cpy_28|         array|
|cpy_28_q0           |   in|   10|   ap_memory|                    cpy_28|         array|
|cpy_29_address0     |  out|    6|   ap_memory|                    cpy_29|         array|
|cpy_29_ce0          |  out|    1|   ap_memory|                    cpy_29|         array|
|cpy_29_q0           |   in|   10|   ap_memory|                    cpy_29|         array|
|cpy_30_address0     |  out|    6|   ap_memory|                    cpy_30|         array|
|cpy_30_ce0          |  out|    1|   ap_memory|                    cpy_30|         array|
|cpy_30_q0           |   in|   10|   ap_memory|                    cpy_30|         array|
|cpy_31_address0     |  out|    6|   ap_memory|                    cpy_31|         array|
|cpy_31_ce0          |  out|    1|   ap_memory|                    cpy_31|         array|
|cpy_31_q0           |   in|   10|   ap_memory|                    cpy_31|         array|
|cpy_32_address0     |  out|    6|   ap_memory|                    cpy_32|         array|
|cpy_32_ce0          |  out|    1|   ap_memory|                    cpy_32|         array|
|cpy_32_q0           |   in|   10|   ap_memory|                    cpy_32|         array|
|cpy_33_address0     |  out|    6|   ap_memory|                    cpy_33|         array|
|cpy_33_ce0          |  out|    1|   ap_memory|                    cpy_33|         array|
|cpy_33_q0           |   in|   10|   ap_memory|                    cpy_33|         array|
|cpy_34_address0     |  out|    6|   ap_memory|                    cpy_34|         array|
|cpy_34_ce0          |  out|    1|   ap_memory|                    cpy_34|         array|
|cpy_34_q0           |   in|   10|   ap_memory|                    cpy_34|         array|
|cpy_35_address0     |  out|    6|   ap_memory|                    cpy_35|         array|
|cpy_35_ce0          |  out|    1|   ap_memory|                    cpy_35|         array|
|cpy_35_q0           |   in|   10|   ap_memory|                    cpy_35|         array|
|cpy_36_address0     |  out|    6|   ap_memory|                    cpy_36|         array|
|cpy_36_ce0          |  out|    1|   ap_memory|                    cpy_36|         array|
|cpy_36_q0           |   in|   10|   ap_memory|                    cpy_36|         array|
|cpy_37_address0     |  out|    6|   ap_memory|                    cpy_37|         array|
|cpy_37_ce0          |  out|    1|   ap_memory|                    cpy_37|         array|
|cpy_37_q0           |   in|   10|   ap_memory|                    cpy_37|         array|
|cpy_38_address0     |  out|    6|   ap_memory|                    cpy_38|         array|
|cpy_38_ce0          |  out|    1|   ap_memory|                    cpy_38|         array|
|cpy_38_q0           |   in|   10|   ap_memory|                    cpy_38|         array|
|cpy_39_address0     |  out|    6|   ap_memory|                    cpy_39|         array|
|cpy_39_ce0          |  out|    1|   ap_memory|                    cpy_39|         array|
|cpy_39_q0           |   in|   10|   ap_memory|                    cpy_39|         array|
|cpy_40_address0     |  out|    6|   ap_memory|                    cpy_40|         array|
|cpy_40_ce0          |  out|    1|   ap_memory|                    cpy_40|         array|
|cpy_40_q0           |   in|   10|   ap_memory|                    cpy_40|         array|
|cpy_41_address0     |  out|    6|   ap_memory|                    cpy_41|         array|
|cpy_41_ce0          |  out|    1|   ap_memory|                    cpy_41|         array|
|cpy_41_q0           |   in|   10|   ap_memory|                    cpy_41|         array|
|cpy_42_address0     |  out|    6|   ap_memory|                    cpy_42|         array|
|cpy_42_ce0          |  out|    1|   ap_memory|                    cpy_42|         array|
|cpy_42_q0           |   in|   10|   ap_memory|                    cpy_42|         array|
|cpy_43_address0     |  out|    6|   ap_memory|                    cpy_43|         array|
|cpy_43_ce0          |  out|    1|   ap_memory|                    cpy_43|         array|
|cpy_43_q0           |   in|   10|   ap_memory|                    cpy_43|         array|
|cpy_44_address0     |  out|    6|   ap_memory|                    cpy_44|         array|
|cpy_44_ce0          |  out|    1|   ap_memory|                    cpy_44|         array|
|cpy_44_q0           |   in|   10|   ap_memory|                    cpy_44|         array|
|cpy_45_address0     |  out|    6|   ap_memory|                    cpy_45|         array|
|cpy_45_ce0          |  out|    1|   ap_memory|                    cpy_45|         array|
|cpy_45_q0           |   in|   10|   ap_memory|                    cpy_45|         array|
|cpy_46_address0     |  out|    6|   ap_memory|                    cpy_46|         array|
|cpy_46_ce0          |  out|    1|   ap_memory|                    cpy_46|         array|
|cpy_46_q0           |   in|   10|   ap_memory|                    cpy_46|         array|
|cpy_47_address0     |  out|    6|   ap_memory|                    cpy_47|         array|
|cpy_47_ce0          |  out|    1|   ap_memory|                    cpy_47|         array|
|cpy_47_q0           |   in|   10|   ap_memory|                    cpy_47|         array|
|cpy_48_address0     |  out|    6|   ap_memory|                    cpy_48|         array|
|cpy_48_ce0          |  out|    1|   ap_memory|                    cpy_48|         array|
|cpy_48_q0           |   in|   10|   ap_memory|                    cpy_48|         array|
|cpy_49_address0     |  out|    6|   ap_memory|                    cpy_49|         array|
|cpy_49_ce0          |  out|    1|   ap_memory|                    cpy_49|         array|
|cpy_49_q0           |   in|   10|   ap_memory|                    cpy_49|         array|
|cpy_50_address0     |  out|    6|   ap_memory|                    cpy_50|         array|
|cpy_50_ce0          |  out|    1|   ap_memory|                    cpy_50|         array|
|cpy_50_q0           |   in|   10|   ap_memory|                    cpy_50|         array|
|cpy_51_address0     |  out|    6|   ap_memory|                    cpy_51|         array|
|cpy_51_ce0          |  out|    1|   ap_memory|                    cpy_51|         array|
|cpy_51_q0           |   in|   10|   ap_memory|                    cpy_51|         array|
|cpy_52_address0     |  out|    6|   ap_memory|                    cpy_52|         array|
|cpy_52_ce0          |  out|    1|   ap_memory|                    cpy_52|         array|
|cpy_52_q0           |   in|   10|   ap_memory|                    cpy_52|         array|
|cpy_53_address0     |  out|    6|   ap_memory|                    cpy_53|         array|
|cpy_53_ce0          |  out|    1|   ap_memory|                    cpy_53|         array|
|cpy_53_q0           |   in|   10|   ap_memory|                    cpy_53|         array|
|cpy_54_address0     |  out|    6|   ap_memory|                    cpy_54|         array|
|cpy_54_ce0          |  out|    1|   ap_memory|                    cpy_54|         array|
|cpy_54_q0           |   in|   10|   ap_memory|                    cpy_54|         array|
|cpy_55_address0     |  out|    6|   ap_memory|                    cpy_55|         array|
|cpy_55_ce0          |  out|    1|   ap_memory|                    cpy_55|         array|
|cpy_55_q0           |   in|   10|   ap_memory|                    cpy_55|         array|
|cpy_56_address0     |  out|    6|   ap_memory|                    cpy_56|         array|
|cpy_56_ce0          |  out|    1|   ap_memory|                    cpy_56|         array|
|cpy_56_q0           |   in|   10|   ap_memory|                    cpy_56|         array|
|cpy_57_address0     |  out|    6|   ap_memory|                    cpy_57|         array|
|cpy_57_ce0          |  out|    1|   ap_memory|                    cpy_57|         array|
|cpy_57_q0           |   in|   10|   ap_memory|                    cpy_57|         array|
|cpy_58_address0     |  out|    6|   ap_memory|                    cpy_58|         array|
|cpy_58_ce0          |  out|    1|   ap_memory|                    cpy_58|         array|
|cpy_58_q0           |   in|   10|   ap_memory|                    cpy_58|         array|
|cpy_59_address0     |  out|    6|   ap_memory|                    cpy_59|         array|
|cpy_59_ce0          |  out|    1|   ap_memory|                    cpy_59|         array|
|cpy_59_q0           |   in|   10|   ap_memory|                    cpy_59|         array|
|cpy_60_address0     |  out|    6|   ap_memory|                    cpy_60|         array|
|cpy_60_ce0          |  out|    1|   ap_memory|                    cpy_60|         array|
|cpy_60_q0           |   in|   10|   ap_memory|                    cpy_60|         array|
|cpy_61_address0     |  out|    6|   ap_memory|                    cpy_61|         array|
|cpy_61_ce0          |  out|    1|   ap_memory|                    cpy_61|         array|
|cpy_61_q0           |   in|   10|   ap_memory|                    cpy_61|         array|
|cpy_62_address0     |  out|    6|   ap_memory|                    cpy_62|         array|
|cpy_62_ce0          |  out|    1|   ap_memory|                    cpy_62|         array|
|cpy_62_q0           |   in|   10|   ap_memory|                    cpy_62|         array|
|cpy_63_address0     |  out|    6|   ap_memory|                    cpy_63|         array|
|cpy_63_ce0          |  out|    1|   ap_memory|                    cpy_63|         array|
|cpy_63_q0           |   in|   10|   ap_memory|                    cpy_63|         array|
|cpy_64_address0     |  out|    6|   ap_memory|                    cpy_64|         array|
|cpy_64_ce0          |  out|    1|   ap_memory|                    cpy_64|         array|
|cpy_64_q0           |   in|   10|   ap_memory|                    cpy_64|         array|
|cpy_65_address0     |  out|    6|   ap_memory|                    cpy_65|         array|
|cpy_65_ce0          |  out|    1|   ap_memory|                    cpy_65|         array|
|cpy_65_q0           |   in|   10|   ap_memory|                    cpy_65|         array|
|cpy_66_address0     |  out|    6|   ap_memory|                    cpy_66|         array|
|cpy_66_ce0          |  out|    1|   ap_memory|                    cpy_66|         array|
|cpy_66_q0           |   in|   10|   ap_memory|                    cpy_66|         array|
|cpy_67_address0     |  out|    6|   ap_memory|                    cpy_67|         array|
|cpy_67_ce0          |  out|    1|   ap_memory|                    cpy_67|         array|
|cpy_67_q0           |   in|   10|   ap_memory|                    cpy_67|         array|
|cpy_68_address0     |  out|    6|   ap_memory|                    cpy_68|         array|
|cpy_68_ce0          |  out|    1|   ap_memory|                    cpy_68|         array|
|cpy_68_q0           |   in|   10|   ap_memory|                    cpy_68|         array|
|cpy_69_address0     |  out|    6|   ap_memory|                    cpy_69|         array|
|cpy_69_ce0          |  out|    1|   ap_memory|                    cpy_69|         array|
|cpy_69_q0           |   in|   10|   ap_memory|                    cpy_69|         array|
|cpy_70_address0     |  out|    6|   ap_memory|                    cpy_70|         array|
|cpy_70_ce0          |  out|    1|   ap_memory|                    cpy_70|         array|
|cpy_70_q0           |   in|   10|   ap_memory|                    cpy_70|         array|
|cpy_71_address0     |  out|    6|   ap_memory|                    cpy_71|         array|
|cpy_71_ce0          |  out|    1|   ap_memory|                    cpy_71|         array|
|cpy_71_q0           |   in|   10|   ap_memory|                    cpy_71|         array|
|cpy_72_address0     |  out|    6|   ap_memory|                    cpy_72|         array|
|cpy_72_ce0          |  out|    1|   ap_memory|                    cpy_72|         array|
|cpy_72_q0           |   in|   10|   ap_memory|                    cpy_72|         array|
|cpy_73_address0     |  out|    6|   ap_memory|                    cpy_73|         array|
|cpy_73_ce0          |  out|    1|   ap_memory|                    cpy_73|         array|
|cpy_73_q0           |   in|   10|   ap_memory|                    cpy_73|         array|
|cpy_74_address0     |  out|    6|   ap_memory|                    cpy_74|         array|
|cpy_74_ce0          |  out|    1|   ap_memory|                    cpy_74|         array|
|cpy_74_q0           |   in|   10|   ap_memory|                    cpy_74|         array|
|cpy_75_address0     |  out|    6|   ap_memory|                    cpy_75|         array|
|cpy_75_ce0          |  out|    1|   ap_memory|                    cpy_75|         array|
|cpy_75_q0           |   in|   10|   ap_memory|                    cpy_75|         array|
|cpy_76_address0     |  out|    6|   ap_memory|                    cpy_76|         array|
|cpy_76_ce0          |  out|    1|   ap_memory|                    cpy_76|         array|
|cpy_76_q0           |   in|   10|   ap_memory|                    cpy_76|         array|
|cpy_77_address0     |  out|    6|   ap_memory|                    cpy_77|         array|
|cpy_77_ce0          |  out|    1|   ap_memory|                    cpy_77|         array|
|cpy_77_q0           |   in|   10|   ap_memory|                    cpy_77|         array|
|cpy_78_address0     |  out|    6|   ap_memory|                    cpy_78|         array|
|cpy_78_ce0          |  out|    1|   ap_memory|                    cpy_78|         array|
|cpy_78_q0           |   in|   10|   ap_memory|                    cpy_78|         array|
|cpy_79_address0     |  out|    6|   ap_memory|                    cpy_79|         array|
|cpy_79_ce0          |  out|    1|   ap_memory|                    cpy_79|         array|
|cpy_79_q0           |   in|   10|   ap_memory|                    cpy_79|         array|
|cpy_80_address0     |  out|    6|   ap_memory|                    cpy_80|         array|
|cpy_80_ce0          |  out|    1|   ap_memory|                    cpy_80|         array|
|cpy_80_q0           |   in|   10|   ap_memory|                    cpy_80|         array|
|cpy_81_address0     |  out|    6|   ap_memory|                    cpy_81|         array|
|cpy_81_ce0          |  out|    1|   ap_memory|                    cpy_81|         array|
|cpy_81_q0           |   in|   10|   ap_memory|                    cpy_81|         array|
|cpy_82_address0     |  out|    6|   ap_memory|                    cpy_82|         array|
|cpy_82_ce0          |  out|    1|   ap_memory|                    cpy_82|         array|
|cpy_82_q0           |   in|   10|   ap_memory|                    cpy_82|         array|
|cpy_83_address0     |  out|    6|   ap_memory|                    cpy_83|         array|
|cpy_83_ce0          |  out|    1|   ap_memory|                    cpy_83|         array|
|cpy_83_q0           |   in|   10|   ap_memory|                    cpy_83|         array|
|cpy_84_address0     |  out|    6|   ap_memory|                    cpy_84|         array|
|cpy_84_ce0          |  out|    1|   ap_memory|                    cpy_84|         array|
|cpy_84_q0           |   in|   10|   ap_memory|                    cpy_84|         array|
|cpy_85_address0     |  out|    6|   ap_memory|                    cpy_85|         array|
|cpy_85_ce0          |  out|    1|   ap_memory|                    cpy_85|         array|
|cpy_85_q0           |   in|   10|   ap_memory|                    cpy_85|         array|
|cpy_86_address0     |  out|    6|   ap_memory|                    cpy_86|         array|
|cpy_86_ce0          |  out|    1|   ap_memory|                    cpy_86|         array|
|cpy_86_q0           |   in|   10|   ap_memory|                    cpy_86|         array|
|cpy_87_address0     |  out|    6|   ap_memory|                    cpy_87|         array|
|cpy_87_ce0          |  out|    1|   ap_memory|                    cpy_87|         array|
|cpy_87_q0           |   in|   10|   ap_memory|                    cpy_87|         array|
|cpy_88_address0     |  out|    6|   ap_memory|                    cpy_88|         array|
|cpy_88_ce0          |  out|    1|   ap_memory|                    cpy_88|         array|
|cpy_88_q0           |   in|   10|   ap_memory|                    cpy_88|         array|
|cpy_89_address0     |  out|    6|   ap_memory|                    cpy_89|         array|
|cpy_89_ce0          |  out|    1|   ap_memory|                    cpy_89|         array|
|cpy_89_q0           |   in|   10|   ap_memory|                    cpy_89|         array|
|cpy_90_address0     |  out|    6|   ap_memory|                    cpy_90|         array|
|cpy_90_ce0          |  out|    1|   ap_memory|                    cpy_90|         array|
|cpy_90_q0           |   in|   10|   ap_memory|                    cpy_90|         array|
|cpy_91_address0     |  out|    6|   ap_memory|                    cpy_91|         array|
|cpy_91_ce0          |  out|    1|   ap_memory|                    cpy_91|         array|
|cpy_91_q0           |   in|   10|   ap_memory|                    cpy_91|         array|
|cpy_92_address0     |  out|    6|   ap_memory|                    cpy_92|         array|
|cpy_92_ce0          |  out|    1|   ap_memory|                    cpy_92|         array|
|cpy_92_q0           |   in|   10|   ap_memory|                    cpy_92|         array|
|cpy_93_address0     |  out|    6|   ap_memory|                    cpy_93|         array|
|cpy_93_ce0          |  out|    1|   ap_memory|                    cpy_93|         array|
|cpy_93_q0           |   in|   10|   ap_memory|                    cpy_93|         array|
|cpy_94_address0     |  out|    6|   ap_memory|                    cpy_94|         array|
|cpy_94_ce0          |  out|    1|   ap_memory|                    cpy_94|         array|
|cpy_94_q0           |   in|   10|   ap_memory|                    cpy_94|         array|
|cpy_95_address0     |  out|    6|   ap_memory|                    cpy_95|         array|
|cpy_95_ce0          |  out|    1|   ap_memory|                    cpy_95|         array|
|cpy_95_q0           |   in|   10|   ap_memory|                    cpy_95|         array|
|cpy_96_address0     |  out|    6|   ap_memory|                    cpy_96|         array|
|cpy_96_ce0          |  out|    1|   ap_memory|                    cpy_96|         array|
|cpy_96_q0           |   in|   10|   ap_memory|                    cpy_96|         array|
|cpy_97_address0     |  out|    6|   ap_memory|                    cpy_97|         array|
|cpy_97_ce0          |  out|    1|   ap_memory|                    cpy_97|         array|
|cpy_97_q0           |   in|   10|   ap_memory|                    cpy_97|         array|
|cpy_98_address0     |  out|    6|   ap_memory|                    cpy_98|         array|
|cpy_98_ce0          |  out|    1|   ap_memory|                    cpy_98|         array|
|cpy_98_q0           |   in|   10|   ap_memory|                    cpy_98|         array|
|cpy_99_address0     |  out|    6|   ap_memory|                    cpy_99|         array|
|cpy_99_ce0          |  out|    1|   ap_memory|                    cpy_99|         array|
|cpy_99_q0           |   in|   10|   ap_memory|                    cpy_99|         array|
|cpy_100_address0    |  out|    6|   ap_memory|                   cpy_100|         array|
|cpy_100_ce0         |  out|    1|   ap_memory|                   cpy_100|         array|
|cpy_100_q0          |   in|   10|   ap_memory|                   cpy_100|         array|
|cpy_101_address0    |  out|    6|   ap_memory|                   cpy_101|         array|
|cpy_101_ce0         |  out|    1|   ap_memory|                   cpy_101|         array|
|cpy_101_q0          |   in|   10|   ap_memory|                   cpy_101|         array|
|cpy_102_address0    |  out|    6|   ap_memory|                   cpy_102|         array|
|cpy_102_ce0         |  out|    1|   ap_memory|                   cpy_102|         array|
|cpy_102_q0          |   in|   10|   ap_memory|                   cpy_102|         array|
|cpy_103_address0    |  out|    6|   ap_memory|                   cpy_103|         array|
|cpy_103_ce0         |  out|    1|   ap_memory|                   cpy_103|         array|
|cpy_103_q0          |   in|   10|   ap_memory|                   cpy_103|         array|
|cpy_104_address0    |  out|    6|   ap_memory|                   cpy_104|         array|
|cpy_104_ce0         |  out|    1|   ap_memory|                   cpy_104|         array|
|cpy_104_q0          |   in|   10|   ap_memory|                   cpy_104|         array|
|cpy_105_address0    |  out|    6|   ap_memory|                   cpy_105|         array|
|cpy_105_ce0         |  out|    1|   ap_memory|                   cpy_105|         array|
|cpy_105_q0          |   in|   10|   ap_memory|                   cpy_105|         array|
|cpy_106_address0    |  out|    6|   ap_memory|                   cpy_106|         array|
|cpy_106_ce0         |  out|    1|   ap_memory|                   cpy_106|         array|
|cpy_106_q0          |   in|   10|   ap_memory|                   cpy_106|         array|
|cpy_107_address0    |  out|    6|   ap_memory|                   cpy_107|         array|
|cpy_107_ce0         |  out|    1|   ap_memory|                   cpy_107|         array|
|cpy_107_q0          |   in|   10|   ap_memory|                   cpy_107|         array|
|cpy_108_address0    |  out|    6|   ap_memory|                   cpy_108|         array|
|cpy_108_ce0         |  out|    1|   ap_memory|                   cpy_108|         array|
|cpy_108_q0          |   in|   10|   ap_memory|                   cpy_108|         array|
|cpy_109_address0    |  out|    6|   ap_memory|                   cpy_109|         array|
|cpy_109_ce0         |  out|    1|   ap_memory|                   cpy_109|         array|
|cpy_109_q0          |   in|   10|   ap_memory|                   cpy_109|         array|
|cpy_110_address0    |  out|    6|   ap_memory|                   cpy_110|         array|
|cpy_110_ce0         |  out|    1|   ap_memory|                   cpy_110|         array|
|cpy_110_q0          |   in|   10|   ap_memory|                   cpy_110|         array|
|cpy_111_address0    |  out|    6|   ap_memory|                   cpy_111|         array|
|cpy_111_ce0         |  out|    1|   ap_memory|                   cpy_111|         array|
|cpy_111_q0          |   in|   10|   ap_memory|                   cpy_111|         array|
|cpy_112_address0    |  out|    6|   ap_memory|                   cpy_112|         array|
|cpy_112_ce0         |  out|    1|   ap_memory|                   cpy_112|         array|
|cpy_112_q0          |   in|   10|   ap_memory|                   cpy_112|         array|
|cpy_113_address0    |  out|    6|   ap_memory|                   cpy_113|         array|
|cpy_113_ce0         |  out|    1|   ap_memory|                   cpy_113|         array|
|cpy_113_q0          |   in|   10|   ap_memory|                   cpy_113|         array|
|cpy_114_address0    |  out|    6|   ap_memory|                   cpy_114|         array|
|cpy_114_ce0         |  out|    1|   ap_memory|                   cpy_114|         array|
|cpy_114_q0          |   in|   10|   ap_memory|                   cpy_114|         array|
|cpy_115_address0    |  out|    6|   ap_memory|                   cpy_115|         array|
|cpy_115_ce0         |  out|    1|   ap_memory|                   cpy_115|         array|
|cpy_115_q0          |   in|   10|   ap_memory|                   cpy_115|         array|
|cpy_116_address0    |  out|    6|   ap_memory|                   cpy_116|         array|
|cpy_116_ce0         |  out|    1|   ap_memory|                   cpy_116|         array|
|cpy_116_q0          |   in|   10|   ap_memory|                   cpy_116|         array|
|cpy_117_address0    |  out|    6|   ap_memory|                   cpy_117|         array|
|cpy_117_ce0         |  out|    1|   ap_memory|                   cpy_117|         array|
|cpy_117_q0          |   in|   10|   ap_memory|                   cpy_117|         array|
|cpy_118_address0    |  out|    6|   ap_memory|                   cpy_118|         array|
|cpy_118_ce0         |  out|    1|   ap_memory|                   cpy_118|         array|
|cpy_118_q0          |   in|   10|   ap_memory|                   cpy_118|         array|
|cpy_119_address0    |  out|    6|   ap_memory|                   cpy_119|         array|
|cpy_119_ce0         |  out|    1|   ap_memory|                   cpy_119|         array|
|cpy_119_q0          |   in|   10|   ap_memory|                   cpy_119|         array|
|cpy_120_address0    |  out|    6|   ap_memory|                   cpy_120|         array|
|cpy_120_ce0         |  out|    1|   ap_memory|                   cpy_120|         array|
|cpy_120_q0          |   in|   10|   ap_memory|                   cpy_120|         array|
|cpy_121_address0    |  out|    6|   ap_memory|                   cpy_121|         array|
|cpy_121_ce0         |  out|    1|   ap_memory|                   cpy_121|         array|
|cpy_121_q0          |   in|   10|   ap_memory|                   cpy_121|         array|
|cpy_122_address0    |  out|    6|   ap_memory|                   cpy_122|         array|
|cpy_122_ce0         |  out|    1|   ap_memory|                   cpy_122|         array|
|cpy_122_q0          |   in|   10|   ap_memory|                   cpy_122|         array|
|cpy_123_address0    |  out|    6|   ap_memory|                   cpy_123|         array|
|cpy_123_ce0         |  out|    1|   ap_memory|                   cpy_123|         array|
|cpy_123_q0          |   in|   10|   ap_memory|                   cpy_123|         array|
|cpy_124_address0    |  out|    6|   ap_memory|                   cpy_124|         array|
|cpy_124_ce0         |  out|    1|   ap_memory|                   cpy_124|         array|
|cpy_124_q0          |   in|   10|   ap_memory|                   cpy_124|         array|
|cpy_125_address0    |  out|    6|   ap_memory|                   cpy_125|         array|
|cpy_125_ce0         |  out|    1|   ap_memory|                   cpy_125|         array|
|cpy_125_q0          |   in|   10|   ap_memory|                   cpy_125|         array|
|cpy_126_address0    |  out|    6|   ap_memory|                   cpy_126|         array|
|cpy_126_ce0         |  out|    1|   ap_memory|                   cpy_126|         array|
|cpy_126_q0          |   in|   10|   ap_memory|                   cpy_126|         array|
|cpy_127_address0    |  out|    6|   ap_memory|                   cpy_127|         array|
|cpy_127_ce0         |  out|    1|   ap_memory|                   cpy_127|         array|
|cpy_127_q0          |   in|   10|   ap_memory|                   cpy_127|         array|
|cpy_128_address0    |  out|    6|   ap_memory|                   cpy_128|         array|
|cpy_128_ce0         |  out|    1|   ap_memory|                   cpy_128|         array|
|cpy_128_q0          |   in|   10|   ap_memory|                   cpy_128|         array|
|cpy_129_address0    |  out|    6|   ap_memory|                   cpy_129|         array|
|cpy_129_ce0         |  out|    1|   ap_memory|                   cpy_129|         array|
|cpy_129_q0          |   in|   10|   ap_memory|                   cpy_129|         array|
|cpy_130_address0    |  out|    6|   ap_memory|                   cpy_130|         array|
|cpy_130_ce0         |  out|    1|   ap_memory|                   cpy_130|         array|
|cpy_130_q0          |   in|   10|   ap_memory|                   cpy_130|         array|
|cpy_131_address0    |  out|    6|   ap_memory|                   cpy_131|         array|
|cpy_131_ce0         |  out|    1|   ap_memory|                   cpy_131|         array|
|cpy_131_q0          |   in|   10|   ap_memory|                   cpy_131|         array|
|cpy_132_address0    |  out|    6|   ap_memory|                   cpy_132|         array|
|cpy_132_ce0         |  out|    1|   ap_memory|                   cpy_132|         array|
|cpy_132_q0          |   in|   10|   ap_memory|                   cpy_132|         array|
|cpy_133_address0    |  out|    6|   ap_memory|                   cpy_133|         array|
|cpy_133_ce0         |  out|    1|   ap_memory|                   cpy_133|         array|
|cpy_133_q0          |   in|   10|   ap_memory|                   cpy_133|         array|
|cpy_134_address0    |  out|    6|   ap_memory|                   cpy_134|         array|
|cpy_134_ce0         |  out|    1|   ap_memory|                   cpy_134|         array|
|cpy_134_q0          |   in|   10|   ap_memory|                   cpy_134|         array|
|cpy_135_address0    |  out|    6|   ap_memory|                   cpy_135|         array|
|cpy_135_ce0         |  out|    1|   ap_memory|                   cpy_135|         array|
|cpy_135_q0          |   in|   10|   ap_memory|                   cpy_135|         array|
|cpy_136_address0    |  out|    6|   ap_memory|                   cpy_136|         array|
|cpy_136_ce0         |  out|    1|   ap_memory|                   cpy_136|         array|
|cpy_136_q0          |   in|   10|   ap_memory|                   cpy_136|         array|
|cpy_137_address0    |  out|    6|   ap_memory|                   cpy_137|         array|
|cpy_137_ce0         |  out|    1|   ap_memory|                   cpy_137|         array|
|cpy_137_q0          |   in|   10|   ap_memory|                   cpy_137|         array|
|cpy_138_address0    |  out|    6|   ap_memory|                   cpy_138|         array|
|cpy_138_ce0         |  out|    1|   ap_memory|                   cpy_138|         array|
|cpy_138_q0          |   in|   10|   ap_memory|                   cpy_138|         array|
|cpy_139_address0    |  out|    6|   ap_memory|                   cpy_139|         array|
|cpy_139_ce0         |  out|    1|   ap_memory|                   cpy_139|         array|
|cpy_139_q0          |   in|   10|   ap_memory|                   cpy_139|         array|
|cpy_140_address0    |  out|    6|   ap_memory|                   cpy_140|         array|
|cpy_140_ce0         |  out|    1|   ap_memory|                   cpy_140|         array|
|cpy_140_q0          |   in|   10|   ap_memory|                   cpy_140|         array|
|cpy_141_address0    |  out|    6|   ap_memory|                   cpy_141|         array|
|cpy_141_ce0         |  out|    1|   ap_memory|                   cpy_141|         array|
|cpy_141_q0          |   in|   10|   ap_memory|                   cpy_141|         array|
|cpy_142_address0    |  out|    6|   ap_memory|                   cpy_142|         array|
|cpy_142_ce0         |  out|    1|   ap_memory|                   cpy_142|         array|
|cpy_142_q0          |   in|   10|   ap_memory|                   cpy_142|         array|
|cpy_143_address0    |  out|    6|   ap_memory|                   cpy_143|         array|
|cpy_143_ce0         |  out|    1|   ap_memory|                   cpy_143|         array|
|cpy_143_q0          |   in|   10|   ap_memory|                   cpy_143|         array|
|cpy_144_address0    |  out|    6|   ap_memory|                   cpy_144|         array|
|cpy_144_ce0         |  out|    1|   ap_memory|                   cpy_144|         array|
|cpy_144_q0          |   in|   10|   ap_memory|                   cpy_144|         array|
|cpy_145_address0    |  out|    6|   ap_memory|                   cpy_145|         array|
|cpy_145_ce0         |  out|    1|   ap_memory|                   cpy_145|         array|
|cpy_145_q0          |   in|   10|   ap_memory|                   cpy_145|         array|
|cpy_146_address0    |  out|    6|   ap_memory|                   cpy_146|         array|
|cpy_146_ce0         |  out|    1|   ap_memory|                   cpy_146|         array|
|cpy_146_q0          |   in|   10|   ap_memory|                   cpy_146|         array|
|cpy_147_address0    |  out|    6|   ap_memory|                   cpy_147|         array|
|cpy_147_ce0         |  out|    1|   ap_memory|                   cpy_147|         array|
|cpy_147_q0          |   in|   10|   ap_memory|                   cpy_147|         array|
|cpy_148_address0    |  out|    6|   ap_memory|                   cpy_148|         array|
|cpy_148_ce0         |  out|    1|   ap_memory|                   cpy_148|         array|
|cpy_148_q0          |   in|   10|   ap_memory|                   cpy_148|         array|
|cpy_149_address0    |  out|    6|   ap_memory|                   cpy_149|         array|
|cpy_149_ce0         |  out|    1|   ap_memory|                   cpy_149|         array|
|cpy_149_q0          |   in|   10|   ap_memory|                   cpy_149|         array|
|cpy_150_address0    |  out|    6|   ap_memory|                   cpy_150|         array|
|cpy_150_ce0         |  out|    1|   ap_memory|                   cpy_150|         array|
|cpy_150_q0          |   in|   10|   ap_memory|                   cpy_150|         array|
|cpy_151_address0    |  out|    6|   ap_memory|                   cpy_151|         array|
|cpy_151_ce0         |  out|    1|   ap_memory|                   cpy_151|         array|
|cpy_151_q0          |   in|   10|   ap_memory|                   cpy_151|         array|
|cpy_152_address0    |  out|    6|   ap_memory|                   cpy_152|         array|
|cpy_152_ce0         |  out|    1|   ap_memory|                   cpy_152|         array|
|cpy_152_q0          |   in|   10|   ap_memory|                   cpy_152|         array|
|cpy_153_address0    |  out|    6|   ap_memory|                   cpy_153|         array|
|cpy_153_ce0         |  out|    1|   ap_memory|                   cpy_153|         array|
|cpy_153_q0          |   in|   10|   ap_memory|                   cpy_153|         array|
|cpy_154_address0    |  out|    6|   ap_memory|                   cpy_154|         array|
|cpy_154_ce0         |  out|    1|   ap_memory|                   cpy_154|         array|
|cpy_154_q0          |   in|   10|   ap_memory|                   cpy_154|         array|
|cpy_155_address0    |  out|    6|   ap_memory|                   cpy_155|         array|
|cpy_155_ce0         |  out|    1|   ap_memory|                   cpy_155|         array|
|cpy_155_q0          |   in|   10|   ap_memory|                   cpy_155|         array|
|cpy_156_address0    |  out|    6|   ap_memory|                   cpy_156|         array|
|cpy_156_ce0         |  out|    1|   ap_memory|                   cpy_156|         array|
|cpy_156_q0          |   in|   10|   ap_memory|                   cpy_156|         array|
|cpy_157_address0    |  out|    6|   ap_memory|                   cpy_157|         array|
|cpy_157_ce0         |  out|    1|   ap_memory|                   cpy_157|         array|
|cpy_157_q0          |   in|   10|   ap_memory|                   cpy_157|         array|
|cpy_158_address0    |  out|    6|   ap_memory|                   cpy_158|         array|
|cpy_158_ce0         |  out|    1|   ap_memory|                   cpy_158|         array|
|cpy_158_q0          |   in|   10|   ap_memory|                   cpy_158|         array|
|cpy_159_address0    |  out|    6|   ap_memory|                   cpy_159|         array|
|cpy_159_ce0         |  out|    1|   ap_memory|                   cpy_159|         array|
|cpy_159_q0          |   in|   10|   ap_memory|                   cpy_159|         array|
|cpy_160_address0    |  out|    6|   ap_memory|                   cpy_160|         array|
|cpy_160_ce0         |  out|    1|   ap_memory|                   cpy_160|         array|
|cpy_160_q0          |   in|   10|   ap_memory|                   cpy_160|         array|
|cpy_161_address0    |  out|    6|   ap_memory|                   cpy_161|         array|
|cpy_161_ce0         |  out|    1|   ap_memory|                   cpy_161|         array|
|cpy_161_q0          |   in|   10|   ap_memory|                   cpy_161|         array|
|cpy_162_address0    |  out|    6|   ap_memory|                   cpy_162|         array|
|cpy_162_ce0         |  out|    1|   ap_memory|                   cpy_162|         array|
|cpy_162_q0          |   in|   10|   ap_memory|                   cpy_162|         array|
|cpy_163_address0    |  out|    6|   ap_memory|                   cpy_163|         array|
|cpy_163_ce0         |  out|    1|   ap_memory|                   cpy_163|         array|
|cpy_163_q0          |   in|   10|   ap_memory|                   cpy_163|         array|
|cpy_164_address0    |  out|    6|   ap_memory|                   cpy_164|         array|
|cpy_164_ce0         |  out|    1|   ap_memory|                   cpy_164|         array|
|cpy_164_q0          |   in|   10|   ap_memory|                   cpy_164|         array|
|cpy_165_address0    |  out|    6|   ap_memory|                   cpy_165|         array|
|cpy_165_ce0         |  out|    1|   ap_memory|                   cpy_165|         array|
|cpy_165_q0          |   in|   10|   ap_memory|                   cpy_165|         array|
|cpy_166_address0    |  out|    6|   ap_memory|                   cpy_166|         array|
|cpy_166_ce0         |  out|    1|   ap_memory|                   cpy_166|         array|
|cpy_166_q0          |   in|   10|   ap_memory|                   cpy_166|         array|
|cpy_167_address0    |  out|    6|   ap_memory|                   cpy_167|         array|
|cpy_167_ce0         |  out|    1|   ap_memory|                   cpy_167|         array|
|cpy_167_q0          |   in|   10|   ap_memory|                   cpy_167|         array|
|cpy_168_address0    |  out|    6|   ap_memory|                   cpy_168|         array|
|cpy_168_ce0         |  out|    1|   ap_memory|                   cpy_168|         array|
|cpy_168_q0          |   in|   10|   ap_memory|                   cpy_168|         array|
|cpy_169_address0    |  out|    6|   ap_memory|                   cpy_169|         array|
|cpy_169_ce0         |  out|    1|   ap_memory|                   cpy_169|         array|
|cpy_169_q0          |   in|   10|   ap_memory|                   cpy_169|         array|
|cpy_170_address0    |  out|    6|   ap_memory|                   cpy_170|         array|
|cpy_170_ce0         |  out|    1|   ap_memory|                   cpy_170|         array|
|cpy_170_q0          |   in|   10|   ap_memory|                   cpy_170|         array|
|cpy_171_address0    |  out|    6|   ap_memory|                   cpy_171|         array|
|cpy_171_ce0         |  out|    1|   ap_memory|                   cpy_171|         array|
|cpy_171_q0          |   in|   10|   ap_memory|                   cpy_171|         array|
|cpy_172_address0    |  out|    6|   ap_memory|                   cpy_172|         array|
|cpy_172_ce0         |  out|    1|   ap_memory|                   cpy_172|         array|
|cpy_172_q0          |   in|   10|   ap_memory|                   cpy_172|         array|
|cpy_173_address0    |  out|    6|   ap_memory|                   cpy_173|         array|
|cpy_173_ce0         |  out|    1|   ap_memory|                   cpy_173|         array|
|cpy_173_q0          |   in|   10|   ap_memory|                   cpy_173|         array|
|cpy_174_address0    |  out|    6|   ap_memory|                   cpy_174|         array|
|cpy_174_ce0         |  out|    1|   ap_memory|                   cpy_174|         array|
|cpy_174_q0          |   in|   10|   ap_memory|                   cpy_174|         array|
|cpy_175_address0    |  out|    6|   ap_memory|                   cpy_175|         array|
|cpy_175_ce0         |  out|    1|   ap_memory|                   cpy_175|         array|
|cpy_175_q0          |   in|   10|   ap_memory|                   cpy_175|         array|
|cpy_176_address0    |  out|    6|   ap_memory|                   cpy_176|         array|
|cpy_176_ce0         |  out|    1|   ap_memory|                   cpy_176|         array|
|cpy_176_q0          |   in|   10|   ap_memory|                   cpy_176|         array|
|cpy_177_address0    |  out|    6|   ap_memory|                   cpy_177|         array|
|cpy_177_ce0         |  out|    1|   ap_memory|                   cpy_177|         array|
|cpy_177_q0          |   in|   10|   ap_memory|                   cpy_177|         array|
|cpy_178_address0    |  out|    6|   ap_memory|                   cpy_178|         array|
|cpy_178_ce0         |  out|    1|   ap_memory|                   cpy_178|         array|
|cpy_178_q0          |   in|   10|   ap_memory|                   cpy_178|         array|
|cpy_179_address0    |  out|    6|   ap_memory|                   cpy_179|         array|
|cpy_179_ce0         |  out|    1|   ap_memory|                   cpy_179|         array|
|cpy_179_q0          |   in|   10|   ap_memory|                   cpy_179|         array|
|cpy_180_address0    |  out|    6|   ap_memory|                   cpy_180|         array|
|cpy_180_ce0         |  out|    1|   ap_memory|                   cpy_180|         array|
|cpy_180_q0          |   in|   10|   ap_memory|                   cpy_180|         array|
|cpy_181_address0    |  out|    6|   ap_memory|                   cpy_181|         array|
|cpy_181_ce0         |  out|    1|   ap_memory|                   cpy_181|         array|
|cpy_181_q0          |   in|   10|   ap_memory|                   cpy_181|         array|
|cpy_182_address0    |  out|    6|   ap_memory|                   cpy_182|         array|
|cpy_182_ce0         |  out|    1|   ap_memory|                   cpy_182|         array|
|cpy_182_q0          |   in|   10|   ap_memory|                   cpy_182|         array|
|cpy_183_address0    |  out|    6|   ap_memory|                   cpy_183|         array|
|cpy_183_ce0         |  out|    1|   ap_memory|                   cpy_183|         array|
|cpy_183_q0          |   in|   10|   ap_memory|                   cpy_183|         array|
|cpy_184_address0    |  out|    6|   ap_memory|                   cpy_184|         array|
|cpy_184_ce0         |  out|    1|   ap_memory|                   cpy_184|         array|
|cpy_184_q0          |   in|   10|   ap_memory|                   cpy_184|         array|
|cpy_185_address0    |  out|    6|   ap_memory|                   cpy_185|         array|
|cpy_185_ce0         |  out|    1|   ap_memory|                   cpy_185|         array|
|cpy_185_q0          |   in|   10|   ap_memory|                   cpy_185|         array|
|cpy_186_address0    |  out|    6|   ap_memory|                   cpy_186|         array|
|cpy_186_ce0         |  out|    1|   ap_memory|                   cpy_186|         array|
|cpy_186_q0          |   in|   10|   ap_memory|                   cpy_186|         array|
|cpy_187_address0    |  out|    6|   ap_memory|                   cpy_187|         array|
|cpy_187_ce0         |  out|    1|   ap_memory|                   cpy_187|         array|
|cpy_187_q0          |   in|   10|   ap_memory|                   cpy_187|         array|
|cpy_188_address0    |  out|    6|   ap_memory|                   cpy_188|         array|
|cpy_188_ce0         |  out|    1|   ap_memory|                   cpy_188|         array|
|cpy_188_q0          |   in|   10|   ap_memory|                   cpy_188|         array|
|cpy_189_address0    |  out|    6|   ap_memory|                   cpy_189|         array|
|cpy_189_ce0         |  out|    1|   ap_memory|                   cpy_189|         array|
|cpy_189_q0          |   in|   10|   ap_memory|                   cpy_189|         array|
|cpy_190_address0    |  out|    6|   ap_memory|                   cpy_190|         array|
|cpy_190_ce0         |  out|    1|   ap_memory|                   cpy_190|         array|
|cpy_190_q0          |   in|   10|   ap_memory|                   cpy_190|         array|
|cpy_191_address0    |  out|    6|   ap_memory|                   cpy_191|         array|
|cpy_191_ce0         |  out|    1|   ap_memory|                   cpy_191|         array|
|cpy_191_q0          |   in|   10|   ap_memory|                   cpy_191|         array|
|cpy_192_address0    |  out|    6|   ap_memory|                   cpy_192|         array|
|cpy_192_ce0         |  out|    1|   ap_memory|                   cpy_192|         array|
|cpy_192_q0          |   in|   10|   ap_memory|                   cpy_192|         array|
|cpy_193_address0    |  out|    6|   ap_memory|                   cpy_193|         array|
|cpy_193_ce0         |  out|    1|   ap_memory|                   cpy_193|         array|
|cpy_193_q0          |   in|   10|   ap_memory|                   cpy_193|         array|
|cpy_194_address0    |  out|    6|   ap_memory|                   cpy_194|         array|
|cpy_194_ce0         |  out|    1|   ap_memory|                   cpy_194|         array|
|cpy_194_q0          |   in|   10|   ap_memory|                   cpy_194|         array|
|cpy_195_address0    |  out|    6|   ap_memory|                   cpy_195|         array|
|cpy_195_ce0         |  out|    1|   ap_memory|                   cpy_195|         array|
|cpy_195_q0          |   in|   10|   ap_memory|                   cpy_195|         array|
|cpy_196_address0    |  out|    6|   ap_memory|                   cpy_196|         array|
|cpy_196_ce0         |  out|    1|   ap_memory|                   cpy_196|         array|
|cpy_196_q0          |   in|   10|   ap_memory|                   cpy_196|         array|
|cpy_197_address0    |  out|    6|   ap_memory|                   cpy_197|         array|
|cpy_197_ce0         |  out|    1|   ap_memory|                   cpy_197|         array|
|cpy_197_q0          |   in|   10|   ap_memory|                   cpy_197|         array|
|cpy_198_address0    |  out|    6|   ap_memory|                   cpy_198|         array|
|cpy_198_ce0         |  out|    1|   ap_memory|                   cpy_198|         array|
|cpy_198_q0          |   in|   10|   ap_memory|                   cpy_198|         array|
|cpy_199_address0    |  out|    6|   ap_memory|                   cpy_199|         array|
|cpy_199_ce0         |  out|    1|   ap_memory|                   cpy_199|         array|
|cpy_199_q0          |   in|   10|   ap_memory|                   cpy_199|         array|
|cpy_200_address0    |  out|    6|   ap_memory|                   cpy_200|         array|
|cpy_200_ce0         |  out|    1|   ap_memory|                   cpy_200|         array|
|cpy_200_q0          |   in|   10|   ap_memory|                   cpy_200|         array|
|cpy_201_address0    |  out|    6|   ap_memory|                   cpy_201|         array|
|cpy_201_ce0         |  out|    1|   ap_memory|                   cpy_201|         array|
|cpy_201_q0          |   in|   10|   ap_memory|                   cpy_201|         array|
|cpy_202_address0    |  out|    6|   ap_memory|                   cpy_202|         array|
|cpy_202_ce0         |  out|    1|   ap_memory|                   cpy_202|         array|
|cpy_202_q0          |   in|   10|   ap_memory|                   cpy_202|         array|
|cpy_203_address0    |  out|    6|   ap_memory|                   cpy_203|         array|
|cpy_203_ce0         |  out|    1|   ap_memory|                   cpy_203|         array|
|cpy_203_q0          |   in|   10|   ap_memory|                   cpy_203|         array|
|cpy_204_address0    |  out|    6|   ap_memory|                   cpy_204|         array|
|cpy_204_ce0         |  out|    1|   ap_memory|                   cpy_204|         array|
|cpy_204_q0          |   in|   10|   ap_memory|                   cpy_204|         array|
|cpy_205_address0    |  out|    6|   ap_memory|                   cpy_205|         array|
|cpy_205_ce0         |  out|    1|   ap_memory|                   cpy_205|         array|
|cpy_205_q0          |   in|   10|   ap_memory|                   cpy_205|         array|
|cpy_206_address0    |  out|    6|   ap_memory|                   cpy_206|         array|
|cpy_206_ce0         |  out|    1|   ap_memory|                   cpy_206|         array|
|cpy_206_q0          |   in|   10|   ap_memory|                   cpy_206|         array|
|cpy_207_address0    |  out|    6|   ap_memory|                   cpy_207|         array|
|cpy_207_ce0         |  out|    1|   ap_memory|                   cpy_207|         array|
|cpy_207_q0          |   in|   10|   ap_memory|                   cpy_207|         array|
|cpy_208_address0    |  out|    6|   ap_memory|                   cpy_208|         array|
|cpy_208_ce0         |  out|    1|   ap_memory|                   cpy_208|         array|
|cpy_208_q0          |   in|   10|   ap_memory|                   cpy_208|         array|
|cpy_209_address0    |  out|    6|   ap_memory|                   cpy_209|         array|
|cpy_209_ce0         |  out|    1|   ap_memory|                   cpy_209|         array|
|cpy_209_q0          |   in|   10|   ap_memory|                   cpy_209|         array|
|cpy_210_address0    |  out|    6|   ap_memory|                   cpy_210|         array|
|cpy_210_ce0         |  out|    1|   ap_memory|                   cpy_210|         array|
|cpy_210_q0          |   in|   10|   ap_memory|                   cpy_210|         array|
|cpy_211_address0    |  out|    6|   ap_memory|                   cpy_211|         array|
|cpy_211_ce0         |  out|    1|   ap_memory|                   cpy_211|         array|
|cpy_211_q0          |   in|   10|   ap_memory|                   cpy_211|         array|
|cpy_212_address0    |  out|    6|   ap_memory|                   cpy_212|         array|
|cpy_212_ce0         |  out|    1|   ap_memory|                   cpy_212|         array|
|cpy_212_q0          |   in|   10|   ap_memory|                   cpy_212|         array|
|cpy_213_address0    |  out|    6|   ap_memory|                   cpy_213|         array|
|cpy_213_ce0         |  out|    1|   ap_memory|                   cpy_213|         array|
|cpy_213_q0          |   in|   10|   ap_memory|                   cpy_213|         array|
|cpy_214_address0    |  out|    6|   ap_memory|                   cpy_214|         array|
|cpy_214_ce0         |  out|    1|   ap_memory|                   cpy_214|         array|
|cpy_214_q0          |   in|   10|   ap_memory|                   cpy_214|         array|
|cpy_215_address0    |  out|    6|   ap_memory|                   cpy_215|         array|
|cpy_215_ce0         |  out|    1|   ap_memory|                   cpy_215|         array|
|cpy_215_q0          |   in|   10|   ap_memory|                   cpy_215|         array|
|cpy_216_address0    |  out|    6|   ap_memory|                   cpy_216|         array|
|cpy_216_ce0         |  out|    1|   ap_memory|                   cpy_216|         array|
|cpy_216_q0          |   in|   10|   ap_memory|                   cpy_216|         array|
|cpy_217_address0    |  out|    6|   ap_memory|                   cpy_217|         array|
|cpy_217_ce0         |  out|    1|   ap_memory|                   cpy_217|         array|
|cpy_217_q0          |   in|   10|   ap_memory|                   cpy_217|         array|
|cpy_218_address0    |  out|    6|   ap_memory|                   cpy_218|         array|
|cpy_218_ce0         |  out|    1|   ap_memory|                   cpy_218|         array|
|cpy_218_q0          |   in|   10|   ap_memory|                   cpy_218|         array|
|cpy_219_address0    |  out|    6|   ap_memory|                   cpy_219|         array|
|cpy_219_ce0         |  out|    1|   ap_memory|                   cpy_219|         array|
|cpy_219_q0          |   in|   10|   ap_memory|                   cpy_219|         array|
|cpy_220_address0    |  out|    6|   ap_memory|                   cpy_220|         array|
|cpy_220_ce0         |  out|    1|   ap_memory|                   cpy_220|         array|
|cpy_220_q0          |   in|   10|   ap_memory|                   cpy_220|         array|
|cpy_221_address0    |  out|    6|   ap_memory|                   cpy_221|         array|
|cpy_221_ce0         |  out|    1|   ap_memory|                   cpy_221|         array|
|cpy_221_q0          |   in|   10|   ap_memory|                   cpy_221|         array|
|cpy_222_address0    |  out|    6|   ap_memory|                   cpy_222|         array|
|cpy_222_ce0         |  out|    1|   ap_memory|                   cpy_222|         array|
|cpy_222_q0          |   in|   10|   ap_memory|                   cpy_222|         array|
|cpy_223_address0    |  out|    6|   ap_memory|                   cpy_223|         array|
|cpy_223_ce0         |  out|    1|   ap_memory|                   cpy_223|         array|
|cpy_223_q0          |   in|   10|   ap_memory|                   cpy_223|         array|
|cpy_224_address0    |  out|    6|   ap_memory|                   cpy_224|         array|
|cpy_224_ce0         |  out|    1|   ap_memory|                   cpy_224|         array|
|cpy_224_q0          |   in|   10|   ap_memory|                   cpy_224|         array|
|cpy_225_address0    |  out|    6|   ap_memory|                   cpy_225|         array|
|cpy_225_ce0         |  out|    1|   ap_memory|                   cpy_225|         array|
|cpy_225_q0          |   in|   10|   ap_memory|                   cpy_225|         array|
|cpy_226_address0    |  out|    6|   ap_memory|                   cpy_226|         array|
|cpy_226_ce0         |  out|    1|   ap_memory|                   cpy_226|         array|
|cpy_226_q0          |   in|   10|   ap_memory|                   cpy_226|         array|
|cpy_227_address0    |  out|    6|   ap_memory|                   cpy_227|         array|
|cpy_227_ce0         |  out|    1|   ap_memory|                   cpy_227|         array|
|cpy_227_q0          |   in|   10|   ap_memory|                   cpy_227|         array|
|cpy_228_address0    |  out|    6|   ap_memory|                   cpy_228|         array|
|cpy_228_ce0         |  out|    1|   ap_memory|                   cpy_228|         array|
|cpy_228_q0          |   in|   10|   ap_memory|                   cpy_228|         array|
|cpy_229_address0    |  out|    6|   ap_memory|                   cpy_229|         array|
|cpy_229_ce0         |  out|    1|   ap_memory|                   cpy_229|         array|
|cpy_229_q0          |   in|   10|   ap_memory|                   cpy_229|         array|
|cpy_230_address0    |  out|    6|   ap_memory|                   cpy_230|         array|
|cpy_230_ce0         |  out|    1|   ap_memory|                   cpy_230|         array|
|cpy_230_q0          |   in|   10|   ap_memory|                   cpy_230|         array|
|cpy_231_address0    |  out|    6|   ap_memory|                   cpy_231|         array|
|cpy_231_ce0         |  out|    1|   ap_memory|                   cpy_231|         array|
|cpy_231_q0          |   in|   10|   ap_memory|                   cpy_231|         array|
|cpy_232_address0    |  out|    6|   ap_memory|                   cpy_232|         array|
|cpy_232_ce0         |  out|    1|   ap_memory|                   cpy_232|         array|
|cpy_232_q0          |   in|   10|   ap_memory|                   cpy_232|         array|
|cpy_233_address0    |  out|    6|   ap_memory|                   cpy_233|         array|
|cpy_233_ce0         |  out|    1|   ap_memory|                   cpy_233|         array|
|cpy_233_q0          |   in|   10|   ap_memory|                   cpy_233|         array|
|cpy_234_address0    |  out|    6|   ap_memory|                   cpy_234|         array|
|cpy_234_ce0         |  out|    1|   ap_memory|                   cpy_234|         array|
|cpy_234_q0          |   in|   10|   ap_memory|                   cpy_234|         array|
|cpy_235_address0    |  out|    6|   ap_memory|                   cpy_235|         array|
|cpy_235_ce0         |  out|    1|   ap_memory|                   cpy_235|         array|
|cpy_235_q0          |   in|   10|   ap_memory|                   cpy_235|         array|
|cpy_236_address0    |  out|    6|   ap_memory|                   cpy_236|         array|
|cpy_236_ce0         |  out|    1|   ap_memory|                   cpy_236|         array|
|cpy_236_q0          |   in|   10|   ap_memory|                   cpy_236|         array|
|cpy_237_address0    |  out|    6|   ap_memory|                   cpy_237|         array|
|cpy_237_ce0         |  out|    1|   ap_memory|                   cpy_237|         array|
|cpy_237_q0          |   in|   10|   ap_memory|                   cpy_237|         array|
|cpy_238_address0    |  out|    6|   ap_memory|                   cpy_238|         array|
|cpy_238_ce0         |  out|    1|   ap_memory|                   cpy_238|         array|
|cpy_238_q0          |   in|   10|   ap_memory|                   cpy_238|         array|
|cpy_239_address0    |  out|    6|   ap_memory|                   cpy_239|         array|
|cpy_239_ce0         |  out|    1|   ap_memory|                   cpy_239|         array|
|cpy_239_q0          |   in|   10|   ap_memory|                   cpy_239|         array|
+--------------------+-----+-----+------------+--------------------------+--------------+

