

================================================================
== Vitis HLS Report for 'my_window_Pipeline_EMIT_EDGE_SPLIT'
================================================================
* Date:           Thu Jul  2 09:24:50 2026

* Version:        2023.2 (Build 4023990 on Oct 11 2023)
* Project:        my_window_proj
* Solution:       solution1 (Vivado IP Flow Target)
* Product family: virtexuplus
* Target device:  xcu250-figd2104-2L-e


================================================================
== Performance Estimates
================================================================
+ Timing: 
    * Summary: 
    +--------+----------+----------+------------+
    |  Clock |  Target  | Estimated| Uncertainty|
    +--------+----------+----------+------------+
    |ap_clk  |  10.00 ns|  4.306 ns|     2.70 ns|
    +--------+----------+----------+------------+

+ Latency: 
    * Summary: 
    +---------+---------+----------+----------+-----+-----+---------+
    |  Latency (cycles) |  Latency (absolute) |  Interval | Pipeline|
    |   min   |   max   |    min   |    max   | min | max |   Type  |
    +---------+---------+----------+----------+-----+-----+---------+
    |       89|       89|  0.890 us|  0.890 us|   89|   89|       no|
    +---------+---------+----------+----------+-----+-----+---------+

    + Detail: 
        * Instance: 
        N/A

        * Loop: 
        +-------------------+---------+---------+----------+-----------+-----------+------+----------+
        |                   |  Latency (cycles) | Iteration|  Initiation Interval  | Trip |          |
        |     Loop Name     |   min   |   max   |  Latency |  achieved |   target  | Count| Pipelined|
        +-------------------+---------+---------+----------+-----------+-----------+------+----------+
        |- EMIT_EDGE_SPLIT  |       87|       87|         7|          1|          1|    82|       yes|
        +-------------------+---------+---------+----------+-----------+-----------+------+----------+



================================================================
== Utilization Estimates
================================================================
* Summary: 
+---------------------+---------+-------+---------+---------+------+
|         Name        | BRAM_18K|  DSP  |    FF   |   LUT   | URAM |
+---------------------+---------+-------+---------+---------+------+
|DSP                  |        -|    360|        -|        -|     -|
|Expression           |        -|      -|        0|    71819|     -|
|FIFO                 |        -|      -|        -|        -|     -|
|Instance             |        -|    360|        0|      720|     -|
|Memory               |        0|      -|     1920|     2040|     0|
|Multiplexer          |        -|      -|        -|       36|     -|
|Register             |        -|      -|     8920|      544|     -|
+---------------------+---------+-------+---------+---------+------+
|Total                |        0|    720|    10840|    75159|     0|
+---------------------+---------+-------+---------+---------+------+
|Available SLR        |     1344|   3072|   864000|   432000|   320|
+---------------------+---------+-------+---------+---------+------+
|Utilization SLR (%)  |        0|     23|        1|       17|     0|
+---------------------+---------+-------+---------+---------+------+
|Available            |     5376|  12288|  3456000|  1728000|  1280|
+---------------------+---------+-------+---------+---------+------+
|Utilization (%)      |        0|      5|       ~0|        4|     0|
+---------------------+---------+-------+---------+---------+------+

+ Detail: 
    * Instance: 
    +--------------------------+--------------------+---------+----+---+----+-----+
    |         Instance         |       Module       | BRAM_18K| DSP| FF| LUT| URAM|
    +--------------------------+--------------------+---------+----+---+----+-----+
    |mul_15s_15s_30_1_1_U2130  |mul_15s_15s_30_1_1  |        0|   1|  0|   2|    0|
    |mul_15s_15s_30_1_1_U2131  |mul_15s_15s_30_1_1  |        0|   1|  0|   2|    0|
    |mul_15s_15s_30_1_1_U2132  |mul_15s_15s_30_1_1  |        0|   1|  0|   2|    0|
    |mul_15s_15s_30_1_1_U2133  |mul_15s_15s_30_1_1  |        0|   1|  0|   2|    0|
    |mul_15s_15s_30_1_1_U2134  |mul_15s_15s_30_1_1  |        0|   1|  0|   2|    0|
    |mul_15s_15s_30_1_1_U2135  |mul_15s_15s_30_1_1  |        0|   1|  0|   2|    0|
    |mul_15s_15s_30_1_1_U2136  |mul_15s_15s_30_1_1  |        0|   1|  0|   2|    0|
    |mul_15s_15s_30_1_1_U2137  |mul_15s_15s_30_1_1  |        0|   1|  0|   2|    0|
    |mul_15s_15s_30_1_1_U2138  |mul_15s_15s_30_1_1  |        0|   1|  0|   2|    0|
    |mul_15s_15s_30_1_1_U2139  |mul_15s_15s_30_1_1  |        0|   1|  0|   2|    0|
    |mul_15s_15s_30_1_1_U2140  |mul_15s_15s_30_1_1  |        0|   1|  0|   2|    0|
    |mul_15s_15s_30_1_1_U2141  |mul_15s_15s_30_1_1  |        0|   1|  0|   2|    0|
    |mul_15s_15s_30_1_1_U2142  |mul_15s_15s_30_1_1  |        0|   1|  0|   2|    0|
    |mul_15s_15s_30_1_1_U2143  |mul_15s_15s_30_1_1  |        0|   1|  0|   2|    0|
    |mul_15s_15s_30_1_1_U2144  |mul_15s_15s_30_1_1  |        0|   1|  0|   2|    0|
    |mul_15s_15s_30_1_1_U2145  |mul_15s_15s_30_1_1  |        0|   1|  0|   2|    0|
    |mul_15s_15s_30_1_1_U2146  |mul_15s_15s_30_1_1  |        0|   1|  0|   2|    0|
    |mul_15s_15s_30_1_1_U2147  |mul_15s_15s_30_1_1  |        0|   1|  0|   2|    0|
    |mul_15s_15s_30_1_1_U2148  |mul_15s_15s_30_1_1  |        0|   1|  0|   2|    0|
    |mul_15s_15s_30_1_1_U2149  |mul_15s_15s_30_1_1  |        0|   1|  0|   2|    0|
    |mul_15s_15s_30_1_1_U2150  |mul_15s_15s_30_1_1  |        0|   1|  0|   2|    0|
    |mul_15s_15s_30_1_1_U2151  |mul_15s_15s_30_1_1  |        0|   1|  0|   2|    0|
    |mul_15s_15s_30_1_1_U2152  |mul_15s_15s_30_1_1  |        0|   1|  0|   2|    0|
    |mul_15s_15s_30_1_1_U2153  |mul_15s_15s_30_1_1  |        0|   1|  0|   2|    0|
    |mul_15s_15s_30_1_1_U2154  |mul_15s_15s_30_1_1  |        0|   1|  0|   2|    0|
    |mul_15s_15s_30_1_1_U2155  |mul_15s_15s_30_1_1  |        0|   1|  0|   2|    0|
    |mul_15s_15s_30_1_1_U2156  |mul_15s_15s_30_1_1  |        0|   1|  0|   2|    0|
    |mul_15s_15s_30_1_1_U2157  |mul_15s_15s_30_1_1  |        0|   1|  0|   2|    0|
    |mul_15s_15s_30_1_1_U2158  |mul_15s_15s_30_1_1  |        0|   1|  0|   2|    0|
    |mul_15s_15s_30_1_1_U2159  |mul_15s_15s_30_1_1  |        0|   1|  0|   2|    0|
    |mul_15s_15s_30_1_1_U2160  |mul_15s_15s_30_1_1  |        0|   1|  0|   2|    0|
    |mul_15s_15s_30_1_1_U2161  |mul_15s_15s_30_1_1  |        0|   1|  0|   2|    0|
    |mul_15s_15s_30_1_1_U2162  |mul_15s_15s_30_1_1  |        0|   1|  0|   2|    0|
    |mul_15s_15s_30_1_1_U2163  |mul_15s_15s_30_1_1  |        0|   1|  0|   2|    0|
    |mul_15s_15s_30_1_1_U2164  |mul_15s_15s_30_1_1  |        0|   1|  0|   2|    0|
    |mul_15s_15s_30_1_1_U2165  |mul_15s_15s_30_1_1  |        0|   1|  0|   2|    0|
    |mul_15s_15s_30_1_1_U2166  |mul_15s_15s_30_1_1  |        0|   1|  0|   2|    0|
    |mul_15s_15s_30_1_1_U2167  |mul_15s_15s_30_1_1  |        0|   1|  0|   2|    0|
    |mul_15s_15s_30_1_1_U2168  |mul_15s_15s_30_1_1  |        0|   1|  0|   2|    0|
    |mul_15s_15s_30_1_1_U2169  |mul_15s_15s_30_1_1  |        0|   1|  0|   2|    0|
    |mul_15s_15s_30_1_1_U2170  |mul_15s_15s_30_1_1  |        0|   1|  0|   2|    0|
    |mul_15s_15s_30_1_1_U2171  |mul_15s_15s_30_1_1  |        0|   1|  0|   2|    0|
    |mul_15s_15s_30_1_1_U2172  |mul_15s_15s_30_1_1  |        0|   1|  0|   2|    0|
    |mul_15s_15s_30_1_1_U2173  |mul_15s_15s_30_1_1  |        0|   1|  0|   2|    0|
    |mul_15s_15s_30_1_1_U2174  |mul_15s_15s_30_1_1  |        0|   1|  0|   2|    0|
    |mul_15s_15s_30_1_1_U2175  |mul_15s_15s_30_1_1  |        0|   1|  0|   2|    0|
    |mul_15s_15s_30_1_1_U2176  |mul_15s_15s_30_1_1  |        0|   1|  0|   2|    0|
    |mul_15s_15s_30_1_1_U2177  |mul_15s_15s_30_1_1  |        0|   1|  0|   2|    0|
    |mul_15s_15s_30_1_1_U2178  |mul_15s_15s_30_1_1  |        0|   1|  0|   2|    0|
    |mul_15s_15s_30_1_1_U2179  |mul_15s_15s_30_1_1  |        0|   1|  0|   2|    0|
    |mul_15s_15s_30_1_1_U2180  |mul_15s_15s_30_1_1  |        0|   1|  0|   2|    0|
    |mul_15s_15s_30_1_1_U2181  |mul_15s_15s_30_1_1  |        0|   1|  0|   2|    0|
    |mul_15s_15s_30_1_1_U2182  |mul_15s_15s_30_1_1  |        0|   1|  0|   2|    0|
    |mul_15s_15s_30_1_1_U2183  |mul_15s_15s_30_1_1  |        0|   1|  0|   2|    0|
    |mul_15s_15s_30_1_1_U2184  |mul_15s_15s_30_1_1  |        0|   1|  0|   2|    0|
    |mul_15s_15s_30_1_1_U2185  |mul_15s_15s_30_1_1  |        0|   1|  0|   2|    0|
    |mul_15s_15s_30_1_1_U2186  |mul_15s_15s_30_1_1  |        0|   1|  0|   2|    0|
    |mul_15s_15s_30_1_1_U2187  |mul_15s_15s_30_1_1  |        0|   1|  0|   2|    0|
    |mul_15s_15s_30_1_1_U2188  |mul_15s_15s_30_1_1  |        0|   1|  0|   2|    0|
    |mul_15s_15s_30_1_1_U2189  |mul_15s_15s_30_1_1  |        0|   1|  0|   2|    0|
    |mul_15s_15s_30_1_1_U2190  |mul_15s_15s_30_1_1  |        0|   1|  0|   2|    0|
    |mul_15s_15s_30_1_1_U2191  |mul_15s_15s_30_1_1  |        0|   1|  0|   2|    0|
    |mul_15s_15s_30_1_1_U2192  |mul_15s_15s_30_1_1  |        0|   1|  0|   2|    0|
    |mul_15s_15s_30_1_1_U2193  |mul_15s_15s_30_1_1  |        0|   1|  0|   2|    0|
    |mul_15s_15s_30_1_1_U2194  |mul_15s_15s_30_1_1  |        0|   1|  0|   2|    0|
    |mul_15s_15s_30_1_1_U2195  |mul_15s_15s_30_1_1  |        0|   1|  0|   2|    0|
    |mul_15s_15s_30_1_1_U2196  |mul_15s_15s_30_1_1  |        0|   1|  0|   2|    0|
    |mul_15s_15s_30_1_1_U2197  |mul_15s_15s_30_1_1  |        0|   1|  0|   2|    0|
    |mul_15s_15s_30_1_1_U2198  |mul_15s_15s_30_1_1  |        0|   1|  0|   2|    0|
    |mul_15s_15s_30_1_1_U2199  |mul_15s_15s_30_1_1  |        0|   1|  0|   2|    0|
    |mul_15s_15s_30_1_1_U2200  |mul_15s_15s_30_1_1  |        0|   1|  0|   2|    0|
    |mul_15s_15s_30_1_1_U2201  |mul_15s_15s_30_1_1  |        0|   1|  0|   2|    0|
    |mul_15s_15s_30_1_1_U2202  |mul_15s_15s_30_1_1  |        0|   1|  0|   2|    0|
    |mul_15s_15s_30_1_1_U2203  |mul_15s_15s_30_1_1  |        0|   1|  0|   2|    0|
    |mul_15s_15s_30_1_1_U2204  |mul_15s_15s_30_1_1  |        0|   1|  0|   2|    0|
    |mul_15s_15s_30_1_1_U2205  |mul_15s_15s_30_1_1  |        0|   1|  0|   2|    0|
    |mul_15s_15s_30_1_1_U2206  |mul_15s_15s_30_1_1  |        0|   1|  0|   2|    0|
    |mul_15s_15s_30_1_1_U2207  |mul_15s_15s_30_1_1  |        0|   1|  0|   2|    0|
    |mul_15s_15s_30_1_1_U2208  |mul_15s_15s_30_1_1  |        0|   1|  0|   2|    0|
    |mul_15s_15s_30_1_1_U2209  |mul_15s_15s_30_1_1  |        0|   1|  0|   2|    0|
    |mul_15s_15s_30_1_1_U2210  |mul_15s_15s_30_1_1  |        0|   1|  0|   2|    0|
    |mul_15s_15s_30_1_1_U2211  |mul_15s_15s_30_1_1  |        0|   1|  0|   2|    0|
    |mul_15s_15s_30_1_1_U2212  |mul_15s_15s_30_1_1  |        0|   1|  0|   2|    0|
    |mul_15s_15s_30_1_1_U2213  |mul_15s_15s_30_1_1  |        0|   1|  0|   2|    0|
    |mul_15s_15s_30_1_1_U2214  |mul_15s_15s_30_1_1  |        0|   1|  0|   2|    0|
    |mul_15s_15s_30_1_1_U2215  |mul_15s_15s_30_1_1  |        0|   1|  0|   2|    0|
    |mul_15s_15s_30_1_1_U2216  |mul_15s_15s_30_1_1  |        0|   1|  0|   2|    0|
    |mul_15s_15s_30_1_1_U2217  |mul_15s_15s_30_1_1  |        0|   1|  0|   2|    0|
    |mul_15s_15s_30_1_1_U2218  |mul_15s_15s_30_1_1  |        0|   1|  0|   2|    0|
    |mul_15s_15s_30_1_1_U2219  |mul_15s_15s_30_1_1  |        0|   1|  0|   2|    0|
    |mul_15s_15s_30_1_1_U2220  |mul_15s_15s_30_1_1  |        0|   1|  0|   2|    0|
    |mul_15s_15s_30_1_1_U2221  |mul_15s_15s_30_1_1  |        0|   1|  0|   2|    0|
    |mul_15s_15s_30_1_1_U2222  |mul_15s_15s_30_1_1  |        0|   1|  0|   2|    0|
    |mul_15s_15s_30_1_1_U2223  |mul_15s_15s_30_1_1  |        0|   1|  0|   2|    0|
    |mul_15s_15s_30_1_1_U2224  |mul_15s_15s_30_1_1  |        0|   1|  0|   2|    0|
    |mul_15s_15s_30_1_1_U2225  |mul_15s_15s_30_1_1  |        0|   1|  0|   2|    0|
    |mul_15s_15s_30_1_1_U2226  |mul_15s_15s_30_1_1  |        0|   1|  0|   2|    0|
    |mul_15s_15s_30_1_1_U2227  |mul_15s_15s_30_1_1  |        0|   1|  0|   2|    0|
    |mul_15s_15s_30_1_1_U2228  |mul_15s_15s_30_1_1  |        0|   1|  0|   2|    0|
    |mul_15s_15s_30_1_1_U2229  |mul_15s_15s_30_1_1  |        0|   1|  0|   2|    0|
    |mul_15s_15s_30_1_1_U2230  |mul_15s_15s_30_1_1  |        0|   1|  0|   2|    0|
    |mul_15s_15s_30_1_1_U2231  |mul_15s_15s_30_1_1  |        0|   1|  0|   2|    0|
    |mul_15s_15s_30_1_1_U2232  |mul_15s_15s_30_1_1  |        0|   1|  0|   2|    0|
    |mul_15s_15s_30_1_1_U2233  |mul_15s_15s_30_1_1  |        0|   1|  0|   2|    0|
    |mul_15s_15s_30_1_1_U2234  |mul_15s_15s_30_1_1  |        0|   1|  0|   2|    0|
    |mul_15s_15s_30_1_1_U2235  |mul_15s_15s_30_1_1  |        0|   1|  0|   2|    0|
    |mul_15s_15s_30_1_1_U2236  |mul_15s_15s_30_1_1  |        0|   1|  0|   2|    0|
    |mul_15s_15s_30_1_1_U2237  |mul_15s_15s_30_1_1  |        0|   1|  0|   2|    0|
    |mul_15s_15s_30_1_1_U2238  |mul_15s_15s_30_1_1  |        0|   1|  0|   2|    0|
    |mul_15s_15s_30_1_1_U2239  |mul_15s_15s_30_1_1  |        0|   1|  0|   2|    0|
    |mul_15s_15s_30_1_1_U2240  |mul_15s_15s_30_1_1  |        0|   1|  0|   2|    0|
    |mul_15s_15s_30_1_1_U2241  |mul_15s_15s_30_1_1  |        0|   1|  0|   2|    0|
    |mul_15s_15s_30_1_1_U2242  |mul_15s_15s_30_1_1  |        0|   1|  0|   2|    0|
    |mul_15s_15s_30_1_1_U2243  |mul_15s_15s_30_1_1  |        0|   1|  0|   2|    0|
    |mul_15s_15s_30_1_1_U2244  |mul_15s_15s_30_1_1  |        0|   1|  0|   2|    0|
    |mul_15s_15s_30_1_1_U2245  |mul_15s_15s_30_1_1  |        0|   1|  0|   2|    0|
    |mul_15s_15s_30_1_1_U2246  |mul_15s_15s_30_1_1  |        0|   1|  0|   2|    0|
    |mul_15s_15s_30_1_1_U2247  |mul_15s_15s_30_1_1  |        0|   1|  0|   2|    0|
    |mul_15s_15s_30_1_1_U2248  |mul_15s_15s_30_1_1  |        0|   1|  0|   2|    0|
    |mul_15s_15s_30_1_1_U2249  |mul_15s_15s_30_1_1  |        0|   1|  0|   2|    0|
    |mul_15s_15s_30_1_1_U2250  |mul_15s_15s_30_1_1  |        0|   1|  0|   2|    0|
    |mul_15s_15s_30_1_1_U2251  |mul_15s_15s_30_1_1  |        0|   1|  0|   2|    0|
    |mul_15s_15s_30_1_1_U2252  |mul_15s_15s_30_1_1  |        0|   1|  0|   2|    0|
    |mul_15s_15s_30_1_1_U2253  |mul_15s_15s_30_1_1  |        0|   1|  0|   2|    0|
    |mul_15s_15s_30_1_1_U2254  |mul_15s_15s_30_1_1  |        0|   1|  0|   2|    0|
    |mul_15s_15s_30_1_1_U2255  |mul_15s_15s_30_1_1  |        0|   1|  0|   2|    0|
    |mul_15s_15s_30_1_1_U2256  |mul_15s_15s_30_1_1  |        0|   1|  0|   2|    0|
    |mul_15s_15s_30_1_1_U2257  |mul_15s_15s_30_1_1  |        0|   1|  0|   2|    0|
    |mul_15s_15s_30_1_1_U2258  |mul_15s_15s_30_1_1  |        0|   1|  0|   2|    0|
    |mul_15s_15s_30_1_1_U2259  |mul_15s_15s_30_1_1  |        0|   1|  0|   2|    0|
    |mul_15s_15s_30_1_1_U2260  |mul_15s_15s_30_1_1  |        0|   1|  0|   2|    0|
    |mul_15s_15s_30_1_1_U2261  |mul_15s_15s_30_1_1  |        0|   1|  0|   2|    0|
    |mul_15s_15s_30_1_1_U2262  |mul_15s_15s_30_1_1  |        0|   1|  0|   2|    0|
    |mul_15s_15s_30_1_1_U2263  |mul_15s_15s_30_1_1  |        0|   1|  0|   2|    0|
    |mul_15s_15s_30_1_1_U2264  |mul_15s_15s_30_1_1  |        0|   1|  0|   2|    0|
    |mul_15s_15s_30_1_1_U2265  |mul_15s_15s_30_1_1  |        0|   1|  0|   2|    0|
    |mul_15s_15s_30_1_1_U2266  |mul_15s_15s_30_1_1  |        0|   1|  0|   2|    0|
    |mul_15s_15s_30_1_1_U2267  |mul_15s_15s_30_1_1  |        0|   1|  0|   2|    0|
    |mul_15s_15s_30_1_1_U2268  |mul_15s_15s_30_1_1  |        0|   1|  0|   2|    0|
    |mul_15s_15s_30_1_1_U2269  |mul_15s_15s_30_1_1  |        0|   1|  0|   2|    0|
    |mul_15s_15s_30_1_1_U2270  |mul_15s_15s_30_1_1  |        0|   1|  0|   2|    0|
    |mul_15s_15s_30_1_1_U2271  |mul_15s_15s_30_1_1  |        0|   1|  0|   2|    0|
    |mul_15s_15s_30_1_1_U2272  |mul_15s_15s_30_1_1  |        0|   1|  0|   2|    0|
    |mul_15s_15s_30_1_1_U2273  |mul_15s_15s_30_1_1  |        0|   1|  0|   2|    0|
    |mul_15s_15s_30_1_1_U2274  |mul_15s_15s_30_1_1  |        0|   1|  0|   2|    0|
    |mul_15s_15s_30_1_1_U2275  |mul_15s_15s_30_1_1  |        0|   1|  0|   2|    0|
    |mul_15s_15s_30_1_1_U2276  |mul_15s_15s_30_1_1  |        0|   1|  0|   2|    0|
    |mul_15s_15s_30_1_1_U2277  |mul_15s_15s_30_1_1  |        0|   1|  0|   2|    0|
    |mul_15s_15s_30_1_1_U2278  |mul_15s_15s_30_1_1  |        0|   1|  0|   2|    0|
    |mul_15s_15s_30_1_1_U2279  |mul_15s_15s_30_1_1  |        0|   1|  0|   2|    0|
    |mul_15s_15s_30_1_1_U2280  |mul_15s_15s_30_1_1  |        0|   1|  0|   2|    0|
    |mul_15s_15s_30_1_1_U2281  |mul_15s_15s_30_1_1  |        0|   1|  0|   2|    0|
    |mul_15s_15s_30_1_1_U2282  |mul_15s_15s_30_1_1  |        0|   1|  0|   2|    0|
    |mul_15s_15s_30_1_1_U2283  |mul_15s_15s_30_1_1  |        0|   1|  0|   2|    0|
    |mul_15s_15s_30_1_1_U2284  |mul_15s_15s_30_1_1  |        0|   1|  0|   2|    0|
    |mul_15s_15s_30_1_1_U2285  |mul_15s_15s_30_1_1  |        0|   1|  0|   2|    0|
    |mul_15s_15s_30_1_1_U2286  |mul_15s_15s_30_1_1  |        0|   1|  0|   2|    0|
    |mul_15s_15s_30_1_1_U2287  |mul_15s_15s_30_1_1  |        0|   1|  0|   2|    0|
    |mul_15s_15s_30_1_1_U2288  |mul_15s_15s_30_1_1  |        0|   1|  0|   2|    0|
    |mul_15s_15s_30_1_1_U2289  |mul_15s_15s_30_1_1  |        0|   1|  0|   2|    0|
    |mul_15s_15s_30_1_1_U2290  |mul_15s_15s_30_1_1  |        0|   1|  0|   2|    0|
    |mul_15s_15s_30_1_1_U2291  |mul_15s_15s_30_1_1  |        0|   1|  0|   2|    0|
    |mul_15s_15s_30_1_1_U2292  |mul_15s_15s_30_1_1  |        0|   1|  0|   2|    0|
    |mul_15s_15s_30_1_1_U2293  |mul_15s_15s_30_1_1  |        0|   1|  0|   2|    0|
    |mul_15s_15s_30_1_1_U2294  |mul_15s_15s_30_1_1  |        0|   1|  0|   2|    0|
    |mul_15s_15s_30_1_1_U2295  |mul_15s_15s_30_1_1  |        0|   1|  0|   2|    0|
    |mul_15s_15s_30_1_1_U2296  |mul_15s_15s_30_1_1  |        0|   1|  0|   2|    0|
    |mul_15s_15s_30_1_1_U2297  |mul_15s_15s_30_1_1  |        0|   1|  0|   2|    0|
    |mul_15s_15s_30_1_1_U2298  |mul_15s_15s_30_1_1  |        0|   1|  0|   2|    0|
    |mul_15s_15s_30_1_1_U2299  |mul_15s_15s_30_1_1  |        0|   1|  0|   2|    0|
    |mul_15s_15s_30_1_1_U2300  |mul_15s_15s_30_1_1  |        0|   1|  0|   2|    0|
    |mul_15s_15s_30_1_1_U2301  |mul_15s_15s_30_1_1  |        0|   1|  0|   2|    0|
    |mul_15s_15s_30_1_1_U2302  |mul_15s_15s_30_1_1  |        0|   1|  0|   2|    0|
    |mul_15s_15s_30_1_1_U2303  |mul_15s_15s_30_1_1  |        0|   1|  0|   2|    0|
    |mul_15s_15s_30_1_1_U2304  |mul_15s_15s_30_1_1  |        0|   1|  0|   2|    0|
    |mul_15s_15s_30_1_1_U2305  |mul_15s_15s_30_1_1  |        0|   1|  0|   2|    0|
    |mul_15s_15s_30_1_1_U2306  |mul_15s_15s_30_1_1  |        0|   1|  0|   2|    0|
    |mul_15s_15s_30_1_1_U2307  |mul_15s_15s_30_1_1  |        0|   1|  0|   2|    0|
    |mul_15s_15s_30_1_1_U2308  |mul_15s_15s_30_1_1  |        0|   1|  0|   2|    0|
    |mul_15s_15s_30_1_1_U2309  |mul_15s_15s_30_1_1  |        0|   1|  0|   2|    0|
    |mul_15s_15s_30_1_1_U2310  |mul_15s_15s_30_1_1  |        0|   1|  0|   2|    0|
    |mul_15s_15s_30_1_1_U2311  |mul_15s_15s_30_1_1  |        0|   1|  0|   2|    0|
    |mul_15s_15s_30_1_1_U2312  |mul_15s_15s_30_1_1  |        0|   1|  0|   2|    0|
    |mul_15s_15s_30_1_1_U2313  |mul_15s_15s_30_1_1  |        0|   1|  0|   2|    0|
    |mul_15s_15s_30_1_1_U2314  |mul_15s_15s_30_1_1  |        0|   1|  0|   2|    0|
    |mul_15s_15s_30_1_1_U2315  |mul_15s_15s_30_1_1  |        0|   1|  0|   2|    0|
    |mul_15s_15s_30_1_1_U2316  |mul_15s_15s_30_1_1  |        0|   1|  0|   2|    0|
    |mul_15s_15s_30_1_1_U2317  |mul_15s_15s_30_1_1  |        0|   1|  0|   2|    0|
    |mul_15s_15s_30_1_1_U2318  |mul_15s_15s_30_1_1  |        0|   1|  0|   2|    0|
    |mul_15s_15s_30_1_1_U2319  |mul_15s_15s_30_1_1  |        0|   1|  0|   2|    0|
    |mul_15s_15s_30_1_1_U2320  |mul_15s_15s_30_1_1  |        0|   1|  0|   2|    0|
    |mul_15s_15s_30_1_1_U2321  |mul_15s_15s_30_1_1  |        0|   1|  0|   2|    0|
    |mul_15s_15s_30_1_1_U2322  |mul_15s_15s_30_1_1  |        0|   1|  0|   2|    0|
    |mul_15s_15s_30_1_1_U2323  |mul_15s_15s_30_1_1  |        0|   1|  0|   2|    0|
    |mul_15s_15s_30_1_1_U2324  |mul_15s_15s_30_1_1  |        0|   1|  0|   2|    0|
    |mul_15s_15s_30_1_1_U2325  |mul_15s_15s_30_1_1  |        0|   1|  0|   2|    0|
    |mul_15s_15s_30_1_1_U2326  |mul_15s_15s_30_1_1  |        0|   1|  0|   2|    0|
    |mul_15s_15s_30_1_1_U2327  |mul_15s_15s_30_1_1  |        0|   1|  0|   2|    0|
    |mul_15s_15s_30_1_1_U2328  |mul_15s_15s_30_1_1  |        0|   1|  0|   2|    0|
    |mul_15s_15s_30_1_1_U2329  |mul_15s_15s_30_1_1  |        0|   1|  0|   2|    0|
    |mul_15s_15s_30_1_1_U2330  |mul_15s_15s_30_1_1  |        0|   1|  0|   2|    0|
    |mul_15s_15s_30_1_1_U2331  |mul_15s_15s_30_1_1  |        0|   1|  0|   2|    0|
    |mul_15s_15s_30_1_1_U2332  |mul_15s_15s_30_1_1  |        0|   1|  0|   2|    0|
    |mul_15s_15s_30_1_1_U2333  |mul_15s_15s_30_1_1  |        0|   1|  0|   2|    0|
    |mul_15s_15s_30_1_1_U2334  |mul_15s_15s_30_1_1  |        0|   1|  0|   2|    0|
    |mul_15s_15s_30_1_1_U2335  |mul_15s_15s_30_1_1  |        0|   1|  0|   2|    0|
    |mul_15s_15s_30_1_1_U2336  |mul_15s_15s_30_1_1  |        0|   1|  0|   2|    0|
    |mul_15s_15s_30_1_1_U2337  |mul_15s_15s_30_1_1  |        0|   1|  0|   2|    0|
    |mul_15s_15s_30_1_1_U2338  |mul_15s_15s_30_1_1  |        0|   1|  0|   2|    0|
    |mul_15s_15s_30_1_1_U2339  |mul_15s_15s_30_1_1  |        0|   1|  0|   2|    0|
    |mul_15s_15s_30_1_1_U2340  |mul_15s_15s_30_1_1  |        0|   1|  0|   2|    0|
    |mul_15s_15s_30_1_1_U2341  |mul_15s_15s_30_1_1  |        0|   1|  0|   2|    0|
    |mul_15s_15s_30_1_1_U2342  |mul_15s_15s_30_1_1  |        0|   1|  0|   2|    0|
    |mul_15s_15s_30_1_1_U2343  |mul_15s_15s_30_1_1  |        0|   1|  0|   2|    0|
    |mul_15s_15s_30_1_1_U2344  |mul_15s_15s_30_1_1  |        0|   1|  0|   2|    0|
    |mul_15s_15s_30_1_1_U2345  |mul_15s_15s_30_1_1  |        0|   1|  0|   2|    0|
    |mul_15s_15s_30_1_1_U2346  |mul_15s_15s_30_1_1  |        0|   1|  0|   2|    0|
    |mul_15s_15s_30_1_1_U2347  |mul_15s_15s_30_1_1  |        0|   1|  0|   2|    0|
    |mul_15s_15s_30_1_1_U2348  |mul_15s_15s_30_1_1  |        0|   1|  0|   2|    0|
    |mul_15s_15s_30_1_1_U2349  |mul_15s_15s_30_1_1  |        0|   1|  0|   2|    0|
    |mul_15s_15s_30_1_1_U2350  |mul_15s_15s_30_1_1  |        0|   1|  0|   2|    0|
    |mul_15s_15s_30_1_1_U2351  |mul_15s_15s_30_1_1  |        0|   1|  0|   2|    0|
    |mul_15s_15s_30_1_1_U2352  |mul_15s_15s_30_1_1  |        0|   1|  0|   2|    0|
    |mul_15s_15s_30_1_1_U2353  |mul_15s_15s_30_1_1  |        0|   1|  0|   2|    0|
    |mul_15s_15s_30_1_1_U2354  |mul_15s_15s_30_1_1  |        0|   1|  0|   2|    0|
    |mul_15s_15s_30_1_1_U2355  |mul_15s_15s_30_1_1  |        0|   1|  0|   2|    0|
    |mul_15s_15s_30_1_1_U2356  |mul_15s_15s_30_1_1  |        0|   1|  0|   2|    0|
    |mul_15s_15s_30_1_1_U2357  |mul_15s_15s_30_1_1  |        0|   1|  0|   2|    0|
    |mul_15s_15s_30_1_1_U2358  |mul_15s_15s_30_1_1  |        0|   1|  0|   2|    0|
    |mul_15s_15s_30_1_1_U2359  |mul_15s_15s_30_1_1  |        0|   1|  0|   2|    0|
    |mul_15s_15s_30_1_1_U2360  |mul_15s_15s_30_1_1  |        0|   1|  0|   2|    0|
    |mul_15s_15s_30_1_1_U2361  |mul_15s_15s_30_1_1  |        0|   1|  0|   2|    0|
    |mul_15s_15s_30_1_1_U2362  |mul_15s_15s_30_1_1  |        0|   1|  0|   2|    0|
    |mul_15s_15s_30_1_1_U2363  |mul_15s_15s_30_1_1  |        0|   1|  0|   2|    0|
    |mul_15s_15s_30_1_1_U2364  |mul_15s_15s_30_1_1  |        0|   1|  0|   2|    0|
    |mul_15s_15s_30_1_1_U2365  |mul_15s_15s_30_1_1  |        0|   1|  0|   2|    0|
    |mul_15s_15s_30_1_1_U2366  |mul_15s_15s_30_1_1  |        0|   1|  0|   2|    0|
    |mul_15s_15s_30_1_1_U2367  |mul_15s_15s_30_1_1  |        0|   1|  0|   2|    0|
    |mul_15s_15s_30_1_1_U2368  |mul_15s_15s_30_1_1  |        0|   1|  0|   2|    0|
    |mul_15s_15s_30_1_1_U2369  |mul_15s_15s_30_1_1  |        0|   1|  0|   2|    0|
    |mul_15s_15s_30_1_1_U2370  |mul_15s_15s_30_1_1  |        0|   1|  0|   2|    0|
    |mul_15s_15s_30_1_1_U2371  |mul_15s_15s_30_1_1  |        0|   1|  0|   2|    0|
    |mul_15s_15s_30_1_1_U2372  |mul_15s_15s_30_1_1  |        0|   1|  0|   2|    0|
    |mul_15s_15s_30_1_1_U2373  |mul_15s_15s_30_1_1  |        0|   1|  0|   2|    0|
    |mul_15s_15s_30_1_1_U2374  |mul_15s_15s_30_1_1  |        0|   1|  0|   2|    0|
    |mul_15s_15s_30_1_1_U2375  |mul_15s_15s_30_1_1  |        0|   1|  0|   2|    0|
    |mul_15s_15s_30_1_1_U2376  |mul_15s_15s_30_1_1  |        0|   1|  0|   2|    0|
    |mul_15s_15s_30_1_1_U2377  |mul_15s_15s_30_1_1  |        0|   1|  0|   2|    0|
    |mul_15s_15s_30_1_1_U2378  |mul_15s_15s_30_1_1  |        0|   1|  0|   2|    0|
    |mul_15s_15s_30_1_1_U2379  |mul_15s_15s_30_1_1  |        0|   1|  0|   2|    0|
    |mul_15s_15s_30_1_1_U2380  |mul_15s_15s_30_1_1  |        0|   1|  0|   2|    0|
    |mul_15s_15s_30_1_1_U2381  |mul_15s_15s_30_1_1  |        0|   1|  0|   2|    0|
    |mul_15s_15s_30_1_1_U2382  |mul_15s_15s_30_1_1  |        0|   1|  0|   2|    0|
    |mul_15s_15s_30_1_1_U2383  |mul_15s_15s_30_1_1  |        0|   1|  0|   2|    0|
    |mul_15s_15s_30_1_1_U2384  |mul_15s_15s_30_1_1  |        0|   1|  0|   2|    0|
    |mul_15s_15s_30_1_1_U2385  |mul_15s_15s_30_1_1  |        0|   1|  0|   2|    0|
    |mul_15s_15s_30_1_1_U2386  |mul_15s_15s_30_1_1  |        0|   1|  0|   2|    0|
    |mul_15s_15s_30_1_1_U2387  |mul_15s_15s_30_1_1  |        0|   1|  0|   2|    0|
    |mul_15s_15s_30_1_1_U2388  |mul_15s_15s_30_1_1  |        0|   1|  0|   2|    0|
    |mul_15s_15s_30_1_1_U2389  |mul_15s_15s_30_1_1  |        0|   1|  0|   2|    0|
    |mul_15s_15s_30_1_1_U2390  |mul_15s_15s_30_1_1  |        0|   1|  0|   2|    0|
    |mul_15s_15s_30_1_1_U2391  |mul_15s_15s_30_1_1  |        0|   1|  0|   2|    0|
    |mul_15s_15s_30_1_1_U2392  |mul_15s_15s_30_1_1  |        0|   1|  0|   2|    0|
    |mul_15s_15s_30_1_1_U2393  |mul_15s_15s_30_1_1  |        0|   1|  0|   2|    0|
    |mul_15s_15s_30_1_1_U2394  |mul_15s_15s_30_1_1  |        0|   1|  0|   2|    0|
    |mul_15s_15s_30_1_1_U2395  |mul_15s_15s_30_1_1  |        0|   1|  0|   2|    0|
    |mul_15s_15s_30_1_1_U2396  |mul_15s_15s_30_1_1  |        0|   1|  0|   2|    0|
    |mul_15s_15s_30_1_1_U2397  |mul_15s_15s_30_1_1  |        0|   1|  0|   2|    0|
    |mul_15s_15s_30_1_1_U2398  |mul_15s_15s_30_1_1  |        0|   1|  0|   2|    0|
    |mul_15s_15s_30_1_1_U2399  |mul_15s_15s_30_1_1  |        0|   1|  0|   2|    0|
    |mul_15s_15s_30_1_1_U2400  |mul_15s_15s_30_1_1  |        0|   1|  0|   2|    0|
    |mul_15s_15s_30_1_1_U2401  |mul_15s_15s_30_1_1  |        0|   1|  0|   2|    0|
    |mul_15s_15s_30_1_1_U2402  |mul_15s_15s_30_1_1  |        0|   1|  0|   2|    0|
    |mul_15s_15s_30_1_1_U2403  |mul_15s_15s_30_1_1  |        0|   1|  0|   2|    0|
    |mul_15s_15s_30_1_1_U2404  |mul_15s_15s_30_1_1  |        0|   1|  0|   2|    0|
    |mul_15s_15s_30_1_1_U2405  |mul_15s_15s_30_1_1  |        0|   1|  0|   2|    0|
    |mul_15s_15s_30_1_1_U2406  |mul_15s_15s_30_1_1  |        0|   1|  0|   2|    0|
    |mul_15s_15s_30_1_1_U2407  |mul_15s_15s_30_1_1  |        0|   1|  0|   2|    0|
    |mul_15s_15s_30_1_1_U2408  |mul_15s_15s_30_1_1  |        0|   1|  0|   2|    0|
    |mul_15s_15s_30_1_1_U2409  |mul_15s_15s_30_1_1  |        0|   1|  0|   2|    0|
    |mul_15s_15s_30_1_1_U2410  |mul_15s_15s_30_1_1  |        0|   1|  0|   2|    0|
    |mul_15s_15s_30_1_1_U2411  |mul_15s_15s_30_1_1  |        0|   1|  0|   2|    0|
    |mul_15s_15s_30_1_1_U2412  |mul_15s_15s_30_1_1  |        0|   1|  0|   2|    0|
    |mul_15s_15s_30_1_1_U2413  |mul_15s_15s_30_1_1  |        0|   1|  0|   2|    0|
    |mul_15s_15s_30_1_1_U2414  |mul_15s_15s_30_1_1  |        0|   1|  0|   2|    0|
    |mul_15s_15s_30_1_1_U2415  |mul_15s_15s_30_1_1  |        0|   1|  0|   2|    0|
    |mul_15s_15s_30_1_1_U2416  |mul_15s_15s_30_1_1  |        0|   1|  0|   2|    0|
    |mul_15s_15s_30_1_1_U2417  |mul_15s_15s_30_1_1  |        0|   1|  0|   2|    0|
    |mul_15s_15s_30_1_1_U2418  |mul_15s_15s_30_1_1  |        0|   1|  0|   2|    0|
    |mul_15s_15s_30_1_1_U2419  |mul_15s_15s_30_1_1  |        0|   1|  0|   2|    0|
    |mul_15s_15s_30_1_1_U2420  |mul_15s_15s_30_1_1  |        0|   1|  0|   2|    0|
    |mul_15s_15s_30_1_1_U2421  |mul_15s_15s_30_1_1  |        0|   1|  0|   2|    0|
    |mul_15s_15s_30_1_1_U2422  |mul_15s_15s_30_1_1  |        0|   1|  0|   2|    0|
    |mul_15s_15s_30_1_1_U2423  |mul_15s_15s_30_1_1  |        0|   1|  0|   2|    0|
    |mul_15s_15s_30_1_1_U2424  |mul_15s_15s_30_1_1  |        0|   1|  0|   2|    0|
    |mul_15s_15s_30_1_1_U2425  |mul_15s_15s_30_1_1  |        0|   1|  0|   2|    0|
    |mul_15s_15s_30_1_1_U2426  |mul_15s_15s_30_1_1  |        0|   1|  0|   2|    0|
    |mul_15s_15s_30_1_1_U2427  |mul_15s_15s_30_1_1  |        0|   1|  0|   2|    0|
    |mul_15s_15s_30_1_1_U2428  |mul_15s_15s_30_1_1  |        0|   1|  0|   2|    0|
    |mul_15s_15s_30_1_1_U2429  |mul_15s_15s_30_1_1  |        0|   1|  0|   2|    0|
    |mul_15s_15s_30_1_1_U2430  |mul_15s_15s_30_1_1  |        0|   1|  0|   2|    0|
    |mul_15s_15s_30_1_1_U2431  |mul_15s_15s_30_1_1  |        0|   1|  0|   2|    0|
    |mul_15s_15s_30_1_1_U2432  |mul_15s_15s_30_1_1  |        0|   1|  0|   2|    0|
    |mul_15s_15s_30_1_1_U2433  |mul_15s_15s_30_1_1  |        0|   1|  0|   2|    0|
    |mul_15s_15s_30_1_1_U2434  |mul_15s_15s_30_1_1  |        0|   1|  0|   2|    0|
    |mul_15s_15s_30_1_1_U2435  |mul_15s_15s_30_1_1  |        0|   1|  0|   2|    0|
    |mul_15s_15s_30_1_1_U2436  |mul_15s_15s_30_1_1  |        0|   1|  0|   2|    0|
    |mul_15s_15s_30_1_1_U2437  |mul_15s_15s_30_1_1  |        0|   1|  0|   2|    0|
    |mul_15s_15s_30_1_1_U2438  |mul_15s_15s_30_1_1  |        0|   1|  0|   2|    0|
    |mul_15s_15s_30_1_1_U2439  |mul_15s_15s_30_1_1  |        0|   1|  0|   2|    0|
    |mul_15s_15s_30_1_1_U2440  |mul_15s_15s_30_1_1  |        0|   1|  0|   2|    0|
    |mul_15s_15s_30_1_1_U2441  |mul_15s_15s_30_1_1  |        0|   1|  0|   2|    0|
    |mul_15s_15s_30_1_1_U2442  |mul_15s_15s_30_1_1  |        0|   1|  0|   2|    0|
    |mul_15s_15s_30_1_1_U2443  |mul_15s_15s_30_1_1  |        0|   1|  0|   2|    0|
    |mul_15s_15s_30_1_1_U2444  |mul_15s_15s_30_1_1  |        0|   1|  0|   2|    0|
    |mul_15s_15s_30_1_1_U2445  |mul_15s_15s_30_1_1  |        0|   1|  0|   2|    0|
    |mul_15s_15s_30_1_1_U2446  |mul_15s_15s_30_1_1  |        0|   1|  0|   2|    0|
    |mul_15s_15s_30_1_1_U2447  |mul_15s_15s_30_1_1  |        0|   1|  0|   2|    0|
    |mul_15s_15s_30_1_1_U2448  |mul_15s_15s_30_1_1  |        0|   1|  0|   2|    0|
    |mul_15s_15s_30_1_1_U2449  |mul_15s_15s_30_1_1  |        0|   1|  0|   2|    0|
    |mul_15s_15s_30_1_1_U2450  |mul_15s_15s_30_1_1  |        0|   1|  0|   2|    0|
    |mul_15s_15s_30_1_1_U2451  |mul_15s_15s_30_1_1  |        0|   1|  0|   2|    0|
    |mul_15s_15s_30_1_1_U2452  |mul_15s_15s_30_1_1  |        0|   1|  0|   2|    0|
    |mul_15s_15s_30_1_1_U2453  |mul_15s_15s_30_1_1  |        0|   1|  0|   2|    0|
    |mul_15s_15s_30_1_1_U2454  |mul_15s_15s_30_1_1  |        0|   1|  0|   2|    0|
    |mul_15s_15s_30_1_1_U2455  |mul_15s_15s_30_1_1  |        0|   1|  0|   2|    0|
    |mul_15s_15s_30_1_1_U2456  |mul_15s_15s_30_1_1  |        0|   1|  0|   2|    0|
    |mul_15s_15s_30_1_1_U2457  |mul_15s_15s_30_1_1  |        0|   1|  0|   2|    0|
    |mul_15s_15s_30_1_1_U2458  |mul_15s_15s_30_1_1  |        0|   1|  0|   2|    0|
    |mul_15s_15s_30_1_1_U2459  |mul_15s_15s_30_1_1  |        0|   1|  0|   2|    0|
    |mul_15s_15s_30_1_1_U2460  |mul_15s_15s_30_1_1  |        0|   1|  0|   2|    0|
    |mul_15s_15s_30_1_1_U2461  |mul_15s_15s_30_1_1  |        0|   1|  0|   2|    0|
    |mul_15s_15s_30_1_1_U2462  |mul_15s_15s_30_1_1  |        0|   1|  0|   2|    0|
    |mul_15s_15s_30_1_1_U2463  |mul_15s_15s_30_1_1  |        0|   1|  0|   2|    0|
    |mul_15s_15s_30_1_1_U2464  |mul_15s_15s_30_1_1  |        0|   1|  0|   2|    0|
    |mul_15s_15s_30_1_1_U2465  |mul_15s_15s_30_1_1  |        0|   1|  0|   2|    0|
    |mul_15s_15s_30_1_1_U2466  |mul_15s_15s_30_1_1  |        0|   1|  0|   2|    0|
    |mul_15s_15s_30_1_1_U2467  |mul_15s_15s_30_1_1  |        0|   1|  0|   2|    0|
    |mul_15s_15s_30_1_1_U2468  |mul_15s_15s_30_1_1  |        0|   1|  0|   2|    0|
    |mul_15s_15s_30_1_1_U2469  |mul_15s_15s_30_1_1  |        0|   1|  0|   2|    0|
    |mul_15s_15s_30_1_1_U2470  |mul_15s_15s_30_1_1  |        0|   1|  0|   2|    0|
    |mul_15s_15s_30_1_1_U2471  |mul_15s_15s_30_1_1  |        0|   1|  0|   2|    0|
    |mul_15s_15s_30_1_1_U2472  |mul_15s_15s_30_1_1  |        0|   1|  0|   2|    0|
    |mul_15s_15s_30_1_1_U2473  |mul_15s_15s_30_1_1  |        0|   1|  0|   2|    0|
    |mul_15s_15s_30_1_1_U2474  |mul_15s_15s_30_1_1  |        0|   1|  0|   2|    0|
    |mul_15s_15s_30_1_1_U2475  |mul_15s_15s_30_1_1  |        0|   1|  0|   2|    0|
    |mul_15s_15s_30_1_1_U2476  |mul_15s_15s_30_1_1  |        0|   1|  0|   2|    0|
    |mul_15s_15s_30_1_1_U2477  |mul_15s_15s_30_1_1  |        0|   1|  0|   2|    0|
    |mul_15s_15s_30_1_1_U2478  |mul_15s_15s_30_1_1  |        0|   1|  0|   2|    0|
    |mul_15s_15s_30_1_1_U2479  |mul_15s_15s_30_1_1  |        0|   1|  0|   2|    0|
    |mul_15s_15s_30_1_1_U2480  |mul_15s_15s_30_1_1  |        0|   1|  0|   2|    0|
    |mul_15s_15s_30_1_1_U2481  |mul_15s_15s_30_1_1  |        0|   1|  0|   2|    0|
    |mul_15s_15s_30_1_1_U2482  |mul_15s_15s_30_1_1  |        0|   1|  0|   2|    0|
    |mul_15s_15s_30_1_1_U2483  |mul_15s_15s_30_1_1  |        0|   1|  0|   2|    0|
    |mul_15s_15s_30_1_1_U2484  |mul_15s_15s_30_1_1  |        0|   1|  0|   2|    0|
    |mul_15s_15s_30_1_1_U2485  |mul_15s_15s_30_1_1  |        0|   1|  0|   2|    0|
    |mul_15s_15s_30_1_1_U2486  |mul_15s_15s_30_1_1  |        0|   1|  0|   2|    0|
    |mul_15s_15s_30_1_1_U2487  |mul_15s_15s_30_1_1  |        0|   1|  0|   2|    0|
    |mul_15s_15s_30_1_1_U2488  |mul_15s_15s_30_1_1  |        0|   1|  0|   2|    0|
    |mul_15s_15s_30_1_1_U2489  |mul_15s_15s_30_1_1  |        0|   1|  0|   2|    0|
    +--------------------------+--------------------+---------+----+---+----+-----+
    |Total                     |                    |        0| 360|  0| 720|    0|
    +--------------------------+--------------------+---------+----+---+----+-----+

    * DSP: 
    +-------------------------------------+-------------------------------+--------------+
    |               Instance              |             Module            |  Expression  |
    +-------------------------------------+-------------------------------+--------------+
    |mac_muladd_15s_15s_30s_31_4_1_U2490  |mac_muladd_15s_15s_30s_31_4_1  |  i0 + i1 * i1|
    |mac_muladd_15s_15s_30s_31_4_1_U2491  |mac_muladd_15s_15s_30s_31_4_1  |  i0 + i1 * i1|
    |mac_muladd_15s_15s_30s_31_4_1_U2492  |mac_muladd_15s_15s_30s_31_4_1  |  i0 + i1 * i1|
    |mac_muladd_15s_15s_30s_31_4_1_U2493  |mac_muladd_15s_15s_30s_31_4_1  |  i0 + i1 * i1|
    |mac_muladd_15s_15s_30s_31_4_1_U2494  |mac_muladd_15s_15s_30s_31_4_1  |  i0 + i1 * i1|
    |mac_muladd_15s_15s_30s_31_4_1_U2495  |mac_muladd_15s_15s_30s_31_4_1  |  i0 + i1 * i1|
    |mac_muladd_15s_15s_30s_31_4_1_U2496  |mac_muladd_15s_15s_30s_31_4_1  |  i0 + i1 * i1|
    |mac_muladd_15s_15s_30s_31_4_1_U2497  |mac_muladd_15s_15s_30s_31_4_1  |  i0 + i1 * i1|
    |mac_muladd_15s_15s_30s_31_4_1_U2498  |mac_muladd_15s_15s_30s_31_4_1  |  i0 + i1 * i1|
    |mac_muladd_15s_15s_30s_31_4_1_U2499  |mac_muladd_15s_15s_30s_31_4_1  |  i0 + i1 * i1|
    |mac_muladd_15s_15s_30s_31_4_1_U2500  |mac_muladd_15s_15s_30s_31_4_1  |  i0 + i1 * i1|
    |mac_muladd_15s_15s_30s_31_4_1_U2501  |mac_muladd_15s_15s_30s_31_4_1  |  i0 + i1 * i1|
    |mac_muladd_15s_15s_30s_31_4_1_U2502  |mac_muladd_15s_15s_30s_31_4_1  |  i0 + i1 * i1|
    |mac_muladd_15s_15s_30s_31_4_1_U2503  |mac_muladd_15s_15s_30s_31_4_1  |  i0 + i1 * i1|
    |mac_muladd_15s_15s_30s_31_4_1_U2504  |mac_muladd_15s_15s_30s_31_4_1  |  i0 + i1 * i1|
    |mac_muladd_15s_15s_30s_31_4_1_U2505  |mac_muladd_15s_15s_30s_31_4_1  |  i0 + i1 * i1|
    |mac_muladd_15s_15s_30s_31_4_1_U2506  |mac_muladd_15s_15s_30s_31_4_1  |  i0 + i1 * i1|
    |mac_muladd_15s_15s_30s_31_4_1_U2507  |mac_muladd_15s_15s_30s_31_4_1  |  i0 + i1 * i1|
    |mac_muladd_15s_15s_30s_31_4_1_U2508  |mac_muladd_15s_15s_30s_31_4_1  |  i0 + i1 * i1|
    |mac_muladd_15s_15s_30s_31_4_1_U2509  |mac_muladd_15s_15s_30s_31_4_1  |  i0 + i1 * i1|
    |mac_muladd_15s_15s_30s_31_4_1_U2510  |mac_muladd_15s_15s_30s_31_4_1  |  i0 + i1 * i1|
    |mac_muladd_15s_15s_30s_31_4_1_U2511  |mac_muladd_15s_15s_30s_31_4_1  |  i0 + i1 * i1|
    |mac_muladd_15s_15s_30s_31_4_1_U2512  |mac_muladd_15s_15s_30s_31_4_1  |  i0 + i1 * i1|
    |mac_muladd_15s_15s_30s_31_4_1_U2513  |mac_muladd_15s_15s_30s_31_4_1  |  i0 + i1 * i1|
    |mac_muladd_15s_15s_30s_31_4_1_U2514  |mac_muladd_15s_15s_30s_31_4_1  |  i0 + i1 * i1|
    |mac_muladd_15s_15s_30s_31_4_1_U2515  |mac_muladd_15s_15s_30s_31_4_1  |  i0 + i1 * i1|
    |mac_muladd_15s_15s_30s_31_4_1_U2516  |mac_muladd_15s_15s_30s_31_4_1  |  i0 + i1 * i1|
    |mac_muladd_15s_15s_30s_31_4_1_U2517  |mac_muladd_15s_15s_30s_31_4_1  |  i0 + i1 * i1|
    |mac_muladd_15s_15s_30s_31_4_1_U2518  |mac_muladd_15s_15s_30s_31_4_1  |  i0 + i1 * i1|
    |mac_muladd_15s_15s_30s_31_4_1_U2519  |mac_muladd_15s_15s_30s_31_4_1  |  i0 + i1 * i1|
    |mac_muladd_15s_15s_30s_31_4_1_U2520  |mac_muladd_15s_15s_30s_31_4_1  |  i0 + i1 * i1|
    |mac_muladd_15s_15s_30s_31_4_1_U2521  |mac_muladd_15s_15s_30s_31_4_1  |  i0 + i1 * i1|
    |mac_muladd_15s_15s_30s_31_4_1_U2522  |mac_muladd_15s_15s_30s_31_4_1  |  i0 + i1 * i1|
    |mac_muladd_15s_15s_30s_31_4_1_U2523  |mac_muladd_15s_15s_30s_31_4_1  |  i0 + i1 * i1|
    |mac_muladd_15s_15s_30s_31_4_1_U2524  |mac_muladd_15s_15s_30s_31_4_1  |  i0 + i1 * i1|
    |mac_muladd_15s_15s_30s_31_4_1_U2525  |mac_muladd_15s_15s_30s_31_4_1  |  i0 + i1 * i1|
    |mac_muladd_15s_15s_30s_31_4_1_U2526  |mac_muladd_15s_15s_30s_31_4_1  |  i0 + i1 * i1|
    |mac_muladd_15s_15s_30s_31_4_1_U2527  |mac_muladd_15s_15s_30s_31_4_1  |  i0 + i1 * i1|
    |mac_muladd_15s_15s_30s_31_4_1_U2528  |mac_muladd_15s_15s_30s_31_4_1  |  i0 + i1 * i1|
    |mac_muladd_15s_15s_30s_31_4_1_U2529  |mac_muladd_15s_15s_30s_31_4_1  |  i0 + i1 * i1|
    |mac_muladd_15s_15s_30s_31_4_1_U2530  |mac_muladd_15s_15s_30s_31_4_1  |  i0 + i1 * i1|
    |mac_muladd_15s_15s_30s_31_4_1_U2531  |mac_muladd_15s_15s_30s_31_4_1  |  i0 + i1 * i1|
    |mac_muladd_15s_15s_30s_31_4_1_U2532  |mac_muladd_15s_15s_30s_31_4_1  |  i0 + i1 * i1|
    |mac_muladd_15s_15s_30s_31_4_1_U2533  |mac_muladd_15s_15s_30s_31_4_1  |  i0 + i1 * i1|
    |mac_muladd_15s_15s_30s_31_4_1_U2534  |mac_muladd_15s_15s_30s_31_4_1  |  i0 + i1 * i1|
    |mac_muladd_15s_15s_30s_31_4_1_U2535  |mac_muladd_15s_15s_30s_31_4_1  |  i0 + i1 * i1|
    |mac_muladd_15s_15s_30s_31_4_1_U2536  |mac_muladd_15s_15s_30s_31_4_1  |  i0 + i1 * i1|
    |mac_muladd_15s_15s_30s_31_4_1_U2537  |mac_muladd_15s_15s_30s_31_4_1  |  i0 + i1 * i1|
    |mac_muladd_15s_15s_30s_31_4_1_U2538  |mac_muladd_15s_15s_30s_31_4_1  |  i0 + i1 * i1|
    |mac_muladd_15s_15s_30s_31_4_1_U2539  |mac_muladd_15s_15s_30s_31_4_1  |  i0 + i1 * i1|
    |mac_muladd_15s_15s_30s_31_4_1_U2540  |mac_muladd_15s_15s_30s_31_4_1  |  i0 + i1 * i1|
    |mac_muladd_15s_15s_30s_31_4_1_U2541  |mac_muladd_15s_15s_30s_31_4_1  |  i0 + i1 * i1|
    |mac_muladd_15s_15s_30s_31_4_1_U2542  |mac_muladd_15s_15s_30s_31_4_1  |  i0 + i1 * i1|
    |mac_muladd_15s_15s_30s_31_4_1_U2543  |mac_muladd_15s_15s_30s_31_4_1  |  i0 + i1 * i1|
    |mac_muladd_15s_15s_30s_31_4_1_U2544  |mac_muladd_15s_15s_30s_31_4_1  |  i0 + i1 * i1|
    |mac_muladd_15s_15s_30s_31_4_1_U2545  |mac_muladd_15s_15s_30s_31_4_1  |  i0 + i1 * i1|
    |mac_muladd_15s_15s_30s_31_4_1_U2546  |mac_muladd_15s_15s_30s_31_4_1  |  i0 + i1 * i1|
    |mac_muladd_15s_15s_30s_31_4_1_U2547  |mac_muladd_15s_15s_30s_31_4_1  |  i0 + i1 * i1|
    |mac_muladd_15s_15s_30s_31_4_1_U2548  |mac_muladd_15s_15s_30s_31_4_1  |  i0 + i1 * i1|
    |mac_muladd_15s_15s_30s_31_4_1_U2549  |mac_muladd_15s_15s_30s_31_4_1  |  i0 + i1 * i1|
    |mac_muladd_15s_15s_30s_31_4_1_U2550  |mac_muladd_15s_15s_30s_31_4_1  |  i0 + i1 * i1|
    |mac_muladd_15s_15s_30s_31_4_1_U2551  |mac_muladd_15s_15s_30s_31_4_1  |  i0 + i1 * i1|
    |mac_muladd_15s_15s_30s_31_4_1_U2552  |mac_muladd_15s_15s_30s_31_4_1  |  i0 + i1 * i1|
    |mac_muladd_15s_15s_30s_31_4_1_U2553  |mac_muladd_15s_15s_30s_31_4_1  |  i0 + i1 * i1|
    |mac_muladd_15s_15s_30s_31_4_1_U2554  |mac_muladd_15s_15s_30s_31_4_1  |  i0 + i1 * i1|
    |mac_muladd_15s_15s_30s_31_4_1_U2555  |mac_muladd_15s_15s_30s_31_4_1  |  i0 + i1 * i1|
    |mac_muladd_15s_15s_30s_31_4_1_U2556  |mac_muladd_15s_15s_30s_31_4_1  |  i0 + i1 * i1|
    |mac_muladd_15s_15s_30s_31_4_1_U2557  |mac_muladd_15s_15s_30s_31_4_1  |  i0 + i1 * i1|
    |mac_muladd_15s_15s_30s_31_4_1_U2558  |mac_muladd_15s_15s_30s_31_4_1  |  i0 + i1 * i1|
    |mac_muladd_15s_15s_30s_31_4_1_U2559  |mac_muladd_15s_15s_30s_31_4_1  |  i0 + i1 * i1|
    |mac_muladd_15s_15s_30s_31_4_1_U2560  |mac_muladd_15s_15s_30s_31_4_1  |  i0 + i1 * i1|
    |mac_muladd_15s_15s_30s_31_4_1_U2561  |mac_muladd_15s_15s_30s_31_4_1  |  i0 + i1 * i1|
    |mac_muladd_15s_15s_30s_31_4_1_U2562  |mac_muladd_15s_15s_30s_31_4_1  |  i0 + i1 * i1|
    |mac_muladd_15s_15s_30s_31_4_1_U2563  |mac_muladd_15s_15s_30s_31_4_1  |  i0 + i1 * i1|
    |mac_muladd_15s_15s_30s_31_4_1_U2564  |mac_muladd_15s_15s_30s_31_4_1  |  i0 + i1 * i1|
    |mac_muladd_15s_15s_30s_31_4_1_U2565  |mac_muladd_15s_15s_30s_31_4_1  |  i0 + i1 * i1|
    |mac_muladd_15s_15s_30s_31_4_1_U2566  |mac_muladd_15s_15s_30s_31_4_1  |  i0 + i1 * i1|
    |mac_muladd_15s_15s_30s_31_4_1_U2567  |mac_muladd_15s_15s_30s_31_4_1  |  i0 + i1 * i1|
    |mac_muladd_15s_15s_30s_31_4_1_U2568  |mac_muladd_15s_15s_30s_31_4_1  |  i0 + i1 * i1|
    |mac_muladd_15s_15s_30s_31_4_1_U2569  |mac_muladd_15s_15s_30s_31_4_1  |  i0 + i1 * i1|
    |mac_muladd_15s_15s_30s_31_4_1_U2570  |mac_muladd_15s_15s_30s_31_4_1  |  i0 + i1 * i1|
    |mac_muladd_15s_15s_30s_31_4_1_U2571  |mac_muladd_15s_15s_30s_31_4_1  |  i0 + i1 * i1|
    |mac_muladd_15s_15s_30s_31_4_1_U2572  |mac_muladd_15s_15s_30s_31_4_1  |  i0 + i1 * i1|
    |mac_muladd_15s_15s_30s_31_4_1_U2573  |mac_muladd_15s_15s_30s_31_4_1  |  i0 + i1 * i1|
    |mac_muladd_15s_15s_30s_31_4_1_U2574  |mac_muladd_15s_15s_30s_31_4_1  |  i0 + i1 * i1|
    |mac_muladd_15s_15s_30s_31_4_1_U2575  |mac_muladd_15s_15s_30s_31_4_1  |  i0 + i1 * i1|
    |mac_muladd_15s_15s_30s_31_4_1_U2576  |mac_muladd_15s_15s_30s_31_4_1  |  i0 + i1 * i1|
    |mac_muladd_15s_15s_30s_31_4_1_U2577  |mac_muladd_15s_15s_30s_31_4_1  |  i0 + i1 * i1|
    |mac_muladd_15s_15s_30s_31_4_1_U2578  |mac_muladd_15s_15s_30s_31_4_1  |  i0 + i1 * i1|
    |mac_muladd_15s_15s_30s_31_4_1_U2579  |mac_muladd_15s_15s_30s_31_4_1  |  i0 + i1 * i1|
    |mac_muladd_15s_15s_30s_31_4_1_U2580  |mac_muladd_15s_15s_30s_31_4_1  |  i0 + i1 * i1|
    |mac_muladd_15s_15s_30s_31_4_1_U2581  |mac_muladd_15s_15s_30s_31_4_1  |  i0 + i1 * i1|
    |mac_muladd_15s_15s_30s_31_4_1_U2582  |mac_muladd_15s_15s_30s_31_4_1  |  i0 + i1 * i1|
    |mac_muladd_15s_15s_30s_31_4_1_U2583  |mac_muladd_15s_15s_30s_31_4_1  |  i0 + i1 * i1|
    |mac_muladd_15s_15s_30s_31_4_1_U2584  |mac_muladd_15s_15s_30s_31_4_1  |  i0 + i1 * i1|
    |mac_muladd_15s_15s_30s_31_4_1_U2585  |mac_muladd_15s_15s_30s_31_4_1  |  i0 + i1 * i1|
    |mac_muladd_15s_15s_30s_31_4_1_U2586  |mac_muladd_15s_15s_30s_31_4_1  |  i0 + i1 * i1|
    |mac_muladd_15s_15s_30s_31_4_1_U2587  |mac_muladd_15s_15s_30s_31_4_1  |  i0 + i1 * i1|
    |mac_muladd_15s_15s_30s_31_4_1_U2588  |mac_muladd_15s_15s_30s_31_4_1  |  i0 + i1 * i1|
    |mac_muladd_15s_15s_30s_31_4_1_U2589  |mac_muladd_15s_15s_30s_31_4_1  |  i0 + i1 * i1|
    |mac_muladd_15s_15s_30s_31_4_1_U2590  |mac_muladd_15s_15s_30s_31_4_1  |  i0 + i1 * i1|
    |mac_muladd_15s_15s_30s_31_4_1_U2591  |mac_muladd_15s_15s_30s_31_4_1  |  i0 + i1 * i1|
    |mac_muladd_15s_15s_30s_31_4_1_U2592  |mac_muladd_15s_15s_30s_31_4_1  |  i0 + i1 * i1|
    |mac_muladd_15s_15s_30s_31_4_1_U2593  |mac_muladd_15s_15s_30s_31_4_1  |  i0 + i1 * i1|
    |mac_muladd_15s_15s_30s_31_4_1_U2594  |mac_muladd_15s_15s_30s_31_4_1  |  i0 + i1 * i1|
    |mac_muladd_15s_15s_30s_31_4_1_U2595  |mac_muladd_15s_15s_30s_31_4_1  |  i0 + i1 * i1|
    |mac_muladd_15s_15s_30s_31_4_1_U2596  |mac_muladd_15s_15s_30s_31_4_1  |  i0 + i1 * i1|
    |mac_muladd_15s_15s_30s_31_4_1_U2597  |mac_muladd_15s_15s_30s_31_4_1  |  i0 + i1 * i1|
    |mac_muladd_15s_15s_30s_31_4_1_U2598  |mac_muladd_15s_15s_30s_31_4_1  |  i0 + i1 * i1|
    |mac_muladd_15s_15s_30s_31_4_1_U2599  |mac_muladd_15s_15s_30s_31_4_1  |  i0 + i1 * i1|
    |mac_muladd_15s_15s_30s_31_4_1_U2600  |mac_muladd_15s_15s_30s_31_4_1  |  i0 + i1 * i1|
    |mac_muladd_15s_15s_30s_31_4_1_U2601  |mac_muladd_15s_15s_30s_31_4_1  |  i0 + i1 * i1|
    |mac_muladd_15s_15s_30s_31_4_1_U2602  |mac_muladd_15s_15s_30s_31_4_1  |  i0 + i1 * i1|
    |mac_muladd_15s_15s_30s_31_4_1_U2603  |mac_muladd_15s_15s_30s_31_4_1  |  i0 + i1 * i1|
    |mac_muladd_15s_15s_30s_31_4_1_U2604  |mac_muladd_15s_15s_30s_31_4_1  |  i0 + i1 * i1|
    |mac_muladd_15s_15s_30s_31_4_1_U2605  |mac_muladd_15s_15s_30s_31_4_1  |  i0 + i1 * i1|
    |mac_muladd_15s_15s_30s_31_4_1_U2606  |mac_muladd_15s_15s_30s_31_4_1  |  i0 + i1 * i1|
    |mac_muladd_15s_15s_30s_31_4_1_U2607  |mac_muladd_15s_15s_30s_31_4_1  |  i0 + i1 * i1|
    |mac_muladd_15s_15s_30s_31_4_1_U2608  |mac_muladd_15s_15s_30s_31_4_1  |  i0 + i1 * i1|
    |mac_muladd_15s_15s_30s_31_4_1_U2609  |mac_muladd_15s_15s_30s_31_4_1  |  i0 + i1 * i1|
    |mac_muladd_15s_15s_30s_31_4_1_U2610  |mac_muladd_15s_15s_30s_31_4_1  |  i0 + i1 * i1|
    |mac_muladd_15s_15s_30s_31_4_1_U2611  |mac_muladd_15s_15s_30s_31_4_1  |  i0 + i1 * i1|
    |mac_muladd_15s_15s_30s_31_4_1_U2612  |mac_muladd_15s_15s_30s_31_4_1  |  i0 + i1 * i1|
    |mac_muladd_15s_15s_30s_31_4_1_U2613  |mac_muladd_15s_15s_30s_31_4_1  |  i0 + i1 * i1|
    |mac_muladd_15s_15s_30s_31_4_1_U2614  |mac_muladd_15s_15s_30s_31_4_1  |  i0 + i1 * i1|
    |mac_muladd_15s_15s_30s_31_4_1_U2615  |mac_muladd_15s_15s_30s_31_4_1  |  i0 + i1 * i1|
    |mac_muladd_15s_15s_30s_31_4_1_U2616  |mac_muladd_15s_15s_30s_31_4_1  |  i0 + i1 * i1|
    |mac_muladd_15s_15s_30s_31_4_1_U2617  |mac_muladd_15s_15s_30s_31_4_1  |  i0 + i1 * i1|
    |mac_muladd_15s_15s_30s_31_4_1_U2618  |mac_muladd_15s_15s_30s_31_4_1  |  i0 + i1 * i1|
    |mac_muladd_15s_15s_30s_31_4_1_U2619  |mac_muladd_15s_15s_30s_31_4_1  |  i0 + i1 * i1|
    |mac_muladd_15s_15s_30s_31_4_1_U2620  |mac_muladd_15s_15s_30s_31_4_1  |  i0 + i1 * i1|
    |mac_muladd_15s_15s_30s_31_4_1_U2621  |mac_muladd_15s_15s_30s_31_4_1  |  i0 + i1 * i1|
    |mac_muladd_15s_15s_30s_31_4_1_U2622  |mac_muladd_15s_15s_30s_31_4_1  |  i0 + i1 * i1|
    |mac_muladd_15s_15s_30s_31_4_1_U2623  |mac_muladd_15s_15s_30s_31_4_1  |  i0 + i1 * i1|
    |mac_muladd_15s_15s_30s_31_4_1_U2624  |mac_muladd_15s_15s_30s_31_4_1  |  i0 + i1 * i1|
    |mac_muladd_15s_15s_30s_31_4_1_U2625  |mac_muladd_15s_15s_30s_31_4_1  |  i0 + i1 * i1|
    |mac_muladd_15s_15s_30s_31_4_1_U2626  |mac_muladd_15s_15s_30s_31_4_1  |  i0 + i1 * i1|
    |mac_muladd_15s_15s_30s_31_4_1_U2627  |mac_muladd_15s_15s_30s_31_4_1  |  i0 + i1 * i1|
    |mac_muladd_15s_15s_30s_31_4_1_U2628  |mac_muladd_15s_15s_30s_31_4_1  |  i0 + i1 * i1|
    |mac_muladd_15s_15s_30s_31_4_1_U2629  |mac_muladd_15s_15s_30s_31_4_1  |  i0 + i1 * i1|
    |mac_muladd_15s_15s_30s_31_4_1_U2630  |mac_muladd_15s_15s_30s_31_4_1  |  i0 + i1 * i1|
    |mac_muladd_15s_15s_30s_31_4_1_U2631  |mac_muladd_15s_15s_30s_31_4_1  |  i0 + i1 * i1|
    |mac_muladd_15s_15s_30s_31_4_1_U2632  |mac_muladd_15s_15s_30s_31_4_1  |  i0 + i1 * i1|
    |mac_muladd_15s_15s_30s_31_4_1_U2633  |mac_muladd_15s_15s_30s_31_4_1  |  i0 + i1 * i1|
    |mac_muladd_15s_15s_30s_31_4_1_U2634  |mac_muladd_15s_15s_30s_31_4_1  |  i0 + i1 * i1|
    |mac_muladd_15s_15s_30s_31_4_1_U2635  |mac_muladd_15s_15s_30s_31_4_1  |  i0 + i1 * i1|
    |mac_muladd_15s_15s_30s_31_4_1_U2636  |mac_muladd_15s_15s_30s_31_4_1  |  i0 + i1 * i1|
    |mac_muladd_15s_15s_30s_31_4_1_U2637  |mac_muladd_15s_15s_30s_31_4_1  |  i0 + i1 * i1|
    |mac_muladd_15s_15s_30s_31_4_1_U2638  |mac_muladd_15s_15s_30s_31_4_1  |  i0 + i1 * i1|
    |mac_muladd_15s_15s_30s_31_4_1_U2639  |mac_muladd_15s_15s_30s_31_4_1  |  i0 + i1 * i1|
    |mac_muladd_15s_15s_30s_31_4_1_U2640  |mac_muladd_15s_15s_30s_31_4_1  |  i0 + i1 * i1|
    |mac_muladd_15s_15s_30s_31_4_1_U2641  |mac_muladd_15s_15s_30s_31_4_1  |  i0 + i1 * i1|
    |mac_muladd_15s_15s_30s_31_4_1_U2642  |mac_muladd_15s_15s_30s_31_4_1  |  i0 + i1 * i1|
    |mac_muladd_15s_15s_30s_31_4_1_U2643  |mac_muladd_15s_15s_30s_31_4_1  |  i0 + i1 * i1|
    |mac_muladd_15s_15s_30s_31_4_1_U2644  |mac_muladd_15s_15s_30s_31_4_1  |  i0 + i1 * i1|
    |mac_muladd_15s_15s_30s_31_4_1_U2645  |mac_muladd_15s_15s_30s_31_4_1  |  i0 + i1 * i1|
    |mac_muladd_15s_15s_30s_31_4_1_U2646  |mac_muladd_15s_15s_30s_31_4_1  |  i0 + i1 * i1|
    |mac_muladd_15s_15s_30s_31_4_1_U2647  |mac_muladd_15s_15s_30s_31_4_1  |  i0 + i1 * i1|
    |mac_muladd_15s_15s_30s_31_4_1_U2648  |mac_muladd_15s_15s_30s_31_4_1  |  i0 + i1 * i1|
    |mac_muladd_15s_15s_30s_31_4_1_U2649  |mac_muladd_15s_15s_30s_31_4_1  |  i0 + i1 * i1|
    |mac_muladd_15s_15s_30s_31_4_1_U2650  |mac_muladd_15s_15s_30s_31_4_1  |  i0 + i1 * i1|
    |mac_muladd_15s_15s_30s_31_4_1_U2651  |mac_muladd_15s_15s_30s_31_4_1  |  i0 + i1 * i1|
    |mac_muladd_15s_15s_30s_31_4_1_U2652  |mac_muladd_15s_15s_30s_31_4_1  |  i0 + i1 * i1|
    |mac_muladd_15s_15s_30s_31_4_1_U2653  |mac_muladd_15s_15s_30s_31_4_1  |  i0 + i1 * i1|
    |mac_muladd_15s_15s_30s_31_4_1_U2654  |mac_muladd_15s_15s_30s_31_4_1  |  i0 + i1 * i1|
    |mac_muladd_15s_15s_30s_31_4_1_U2655  |mac_muladd_15s_15s_30s_31_4_1  |  i0 + i1 * i1|
    |mac_muladd_15s_15s_30s_31_4_1_U2656  |mac_muladd_15s_15s_30s_31_4_1  |  i0 + i1 * i1|
    |mac_muladd_15s_15s_30s_31_4_1_U2657  |mac_muladd_15s_15s_30s_31_4_1  |  i0 + i1 * i1|
    |mac_muladd_15s_15s_30s_31_4_1_U2658  |mac_muladd_15s_15s_30s_31_4_1  |  i0 + i1 * i1|
    |mac_muladd_15s_15s_30s_31_4_1_U2659  |mac_muladd_15s_15s_30s_31_4_1  |  i0 + i1 * i1|
    |mac_muladd_15s_15s_30s_31_4_1_U2660  |mac_muladd_15s_15s_30s_31_4_1  |  i0 + i1 * i1|
    |mac_muladd_15s_15s_30s_31_4_1_U2661  |mac_muladd_15s_15s_30s_31_4_1  |  i0 + i1 * i1|
    |mac_muladd_15s_15s_30s_31_4_1_U2662  |mac_muladd_15s_15s_30s_31_4_1  |  i0 + i1 * i1|
    |mac_muladd_15s_15s_30s_31_4_1_U2663  |mac_muladd_15s_15s_30s_31_4_1  |  i0 + i1 * i1|
    |mac_muladd_15s_15s_30s_31_4_1_U2664  |mac_muladd_15s_15s_30s_31_4_1  |  i0 + i1 * i1|
    |mac_muladd_15s_15s_30s_31_4_1_U2665  |mac_muladd_15s_15s_30s_31_4_1  |  i0 + i1 * i1|
    |mac_muladd_15s_15s_30s_31_4_1_U2666  |mac_muladd_15s_15s_30s_31_4_1  |  i0 + i1 * i1|
    |mac_muladd_15s_15s_30s_31_4_1_U2667  |mac_muladd_15s_15s_30s_31_4_1  |  i0 + i1 * i1|
    |mac_muladd_15s_15s_30s_31_4_1_U2668  |mac_muladd_15s_15s_30s_31_4_1  |  i0 + i1 * i1|
    |mac_muladd_15s_15s_30s_31_4_1_U2669  |mac_muladd_15s_15s_30s_31_4_1  |  i0 + i1 * i1|
    |mac_muladd_15s_15s_30s_31_4_1_U2670  |mac_muladd_15s_15s_30s_31_4_1  |  i0 + i1 * i1|
    |mac_muladd_15s_15s_30s_31_4_1_U2671  |mac_muladd_15s_15s_30s_31_4_1  |  i0 + i1 * i1|
    |mac_muladd_15s_15s_30s_31_4_1_U2672  |mac_muladd_15s_15s_30s_31_4_1  |  i0 + i1 * i1|
    |mac_muladd_15s_15s_30s_31_4_1_U2673  |mac_muladd_15s_15s_30s_31_4_1  |  i0 + i1 * i1|
    |mac_muladd_15s_15s_30s_31_4_1_U2674  |mac_muladd_15s_15s_30s_31_4_1  |  i0 + i1 * i1|
    |mac_muladd_15s_15s_30s_31_4_1_U2675  |mac_muladd_15s_15s_30s_31_4_1  |  i0 + i1 * i1|
    |mac_muladd_15s_15s_30s_31_4_1_U2676  |mac_muladd_15s_15s_30s_31_4_1  |  i0 + i1 * i1|
    |mac_muladd_15s_15s_30s_31_4_1_U2677  |mac_muladd_15s_15s_30s_31_4_1  |  i0 + i1 * i1|
    |mac_muladd_15s_15s_30s_31_4_1_U2678  |mac_muladd_15s_15s_30s_31_4_1  |  i0 + i1 * i1|
    |mac_muladd_15s_15s_30s_31_4_1_U2679  |mac_muladd_15s_15s_30s_31_4_1  |  i0 + i1 * i1|
    |mac_muladd_15s_15s_30s_31_4_1_U2680  |mac_muladd_15s_15s_30s_31_4_1  |  i0 + i1 * i1|
    |mac_muladd_15s_15s_30s_31_4_1_U2681  |mac_muladd_15s_15s_30s_31_4_1  |  i0 + i1 * i1|
    |mac_muladd_15s_15s_30s_31_4_1_U2682  |mac_muladd_15s_15s_30s_31_4_1  |  i0 + i1 * i1|
    |mac_muladd_15s_15s_30s_31_4_1_U2683  |mac_muladd_15s_15s_30s_31_4_1  |  i0 + i1 * i1|
    |mac_muladd_15s_15s_30s_31_4_1_U2684  |mac_muladd_15s_15s_30s_31_4_1  |  i0 + i1 * i1|
    |mac_muladd_15s_15s_30s_31_4_1_U2685  |mac_muladd_15s_15s_30s_31_4_1  |  i0 + i1 * i1|
    |mac_muladd_15s_15s_30s_31_4_1_U2686  |mac_muladd_15s_15s_30s_31_4_1  |  i0 + i1 * i1|
    |mac_muladd_15s_15s_30s_31_4_1_U2687  |mac_muladd_15s_15s_30s_31_4_1  |  i0 + i1 * i1|
    |mac_muladd_15s_15s_30s_31_4_1_U2688  |mac_muladd_15s_15s_30s_31_4_1  |  i0 + i1 * i1|
    |mac_muladd_15s_15s_30s_31_4_1_U2689  |mac_muladd_15s_15s_30s_31_4_1  |  i0 + i1 * i1|
    |mac_muladd_15s_15s_30s_31_4_1_U2690  |mac_muladd_15s_15s_30s_31_4_1  |  i0 + i1 * i1|
    |mac_muladd_15s_15s_30s_31_4_1_U2691  |mac_muladd_15s_15s_30s_31_4_1  |  i0 + i1 * i1|
    |mac_muladd_15s_15s_30s_31_4_1_U2692  |mac_muladd_15s_15s_30s_31_4_1  |  i0 + i1 * i1|
    |mac_muladd_15s_15s_30s_31_4_1_U2693  |mac_muladd_15s_15s_30s_31_4_1  |  i0 + i1 * i1|
    |mac_muladd_15s_15s_30s_31_4_1_U2694  |mac_muladd_15s_15s_30s_31_4_1  |  i0 + i1 * i1|
    |mac_muladd_15s_15s_30s_31_4_1_U2695  |mac_muladd_15s_15s_30s_31_4_1  |  i0 + i1 * i1|
    |mac_muladd_15s_15s_30s_31_4_1_U2696  |mac_muladd_15s_15s_30s_31_4_1  |  i0 + i1 * i1|
    |mac_muladd_15s_15s_30s_31_4_1_U2697  |mac_muladd_15s_15s_30s_31_4_1  |  i0 + i1 * i1|
    |mac_muladd_15s_15s_30s_31_4_1_U2698  |mac_muladd_15s_15s_30s_31_4_1  |  i0 + i1 * i1|
    |mac_muladd_15s_15s_30s_31_4_1_U2699  |mac_muladd_15s_15s_30s_31_4_1  |  i0 + i1 * i1|
    |mac_muladd_15s_15s_30s_31_4_1_U2700  |mac_muladd_15s_15s_30s_31_4_1  |  i0 + i1 * i1|
    |mac_muladd_15s_15s_30s_31_4_1_U2701  |mac_muladd_15s_15s_30s_31_4_1  |  i0 + i1 * i1|
    |mac_muladd_15s_15s_30s_31_4_1_U2702  |mac_muladd_15s_15s_30s_31_4_1  |  i0 + i1 * i1|
    |mac_muladd_15s_15s_30s_31_4_1_U2703  |mac_muladd_15s_15s_30s_31_4_1  |  i0 + i1 * i1|
    |mac_muladd_15s_15s_30s_31_4_1_U2704  |mac_muladd_15s_15s_30s_31_4_1  |  i0 + i1 * i1|
    |mac_muladd_15s_15s_30s_31_4_1_U2705  |mac_muladd_15s_15s_30s_31_4_1  |  i0 + i1 * i1|
    |mac_muladd_15s_15s_30s_31_4_1_U2706  |mac_muladd_15s_15s_30s_31_4_1  |  i0 + i1 * i1|
    |mac_muladd_15s_15s_30s_31_4_1_U2707  |mac_muladd_15s_15s_30s_31_4_1  |  i0 + i1 * i1|
    |mac_muladd_15s_15s_30s_31_4_1_U2708  |mac_muladd_15s_15s_30s_31_4_1  |  i0 + i1 * i1|
    |mac_muladd_15s_15s_30s_31_4_1_U2709  |mac_muladd_15s_15s_30s_31_4_1  |  i0 + i1 * i1|
    |mac_muladd_15s_15s_30s_31_4_1_U2710  |mac_muladd_15s_15s_30s_31_4_1  |  i0 + i1 * i1|
    |mac_muladd_15s_15s_30s_31_4_1_U2711  |mac_muladd_15s_15s_30s_31_4_1  |  i0 + i1 * i1|
    |mac_muladd_15s_15s_30s_31_4_1_U2712  |mac_muladd_15s_15s_30s_31_4_1  |  i0 + i1 * i1|
    |mac_muladd_15s_15s_30s_31_4_1_U2713  |mac_muladd_15s_15s_30s_31_4_1  |  i0 + i1 * i1|
    |mac_muladd_15s_15s_30s_31_4_1_U2714  |mac_muladd_15s_15s_30s_31_4_1  |  i0 + i1 * i1|
    |mac_muladd_15s_15s_30s_31_4_1_U2715  |mac_muladd_15s_15s_30s_31_4_1  |  i0 + i1 * i1|
    |mac_muladd_15s_15s_30s_31_4_1_U2716  |mac_muladd_15s_15s_30s_31_4_1  |  i0 + i1 * i1|
    |mac_muladd_15s_15s_30s_31_4_1_U2717  |mac_muladd_15s_15s_30s_31_4_1  |  i0 + i1 * i1|
    |mac_muladd_15s_15s_30s_31_4_1_U2718  |mac_muladd_15s_15s_30s_31_4_1  |  i0 + i1 * i1|
    |mac_muladd_15s_15s_30s_31_4_1_U2719  |mac_muladd_15s_15s_30s_31_4_1  |  i0 + i1 * i1|
    |mac_muladd_15s_15s_30s_31_4_1_U2720  |mac_muladd_15s_15s_30s_31_4_1  |  i0 + i1 * i1|
    |mac_muladd_15s_15s_30s_31_4_1_U2721  |mac_muladd_15s_15s_30s_31_4_1  |  i0 + i1 * i1|
    |mac_muladd_15s_15s_30s_31_4_1_U2722  |mac_muladd_15s_15s_30s_31_4_1  |  i0 + i1 * i1|
    |mac_muladd_15s_15s_30s_31_4_1_U2723  |mac_muladd_15s_15s_30s_31_4_1  |  i0 + i1 * i1|
    |mac_muladd_15s_15s_30s_31_4_1_U2724  |mac_muladd_15s_15s_30s_31_4_1  |  i0 + i1 * i1|
    |mac_muladd_15s_15s_30s_31_4_1_U2725  |mac_muladd_15s_15s_30s_31_4_1  |  i0 + i1 * i1|
    |mac_muladd_15s_15s_30s_31_4_1_U2726  |mac_muladd_15s_15s_30s_31_4_1  |  i0 + i1 * i1|
    |mac_muladd_15s_15s_30s_31_4_1_U2727  |mac_muladd_15s_15s_30s_31_4_1  |  i0 + i1 * i1|
    |mac_muladd_15s_15s_30s_31_4_1_U2728  |mac_muladd_15s_15s_30s_31_4_1  |  i0 + i1 * i1|
    |mac_muladd_15s_15s_30s_31_4_1_U2729  |mac_muladd_15s_15s_30s_31_4_1  |  i0 + i1 * i1|
    |mac_muladd_15s_15s_30s_31_4_1_U2730  |mac_muladd_15s_15s_30s_31_4_1  |  i0 + i1 * i1|
    |mac_muladd_15s_15s_30s_31_4_1_U2731  |mac_muladd_15s_15s_30s_31_4_1  |  i0 + i1 * i1|
    |mac_muladd_15s_15s_30s_31_4_1_U2732  |mac_muladd_15s_15s_30s_31_4_1  |  i0 + i1 * i1|
    |mac_muladd_15s_15s_30s_31_4_1_U2733  |mac_muladd_15s_15s_30s_31_4_1  |  i0 + i1 * i1|
    |mac_muladd_15s_15s_30s_31_4_1_U2734  |mac_muladd_15s_15s_30s_31_4_1  |  i0 + i1 * i1|
    |mac_muladd_15s_15s_30s_31_4_1_U2735  |mac_muladd_15s_15s_30s_31_4_1  |  i0 + i1 * i1|
    |mac_muladd_15s_15s_30s_31_4_1_U2736  |mac_muladd_15s_15s_30s_31_4_1  |  i0 + i1 * i1|
    |mac_muladd_15s_15s_30s_31_4_1_U2737  |mac_muladd_15s_15s_30s_31_4_1  |  i0 + i1 * i1|
    |mac_muladd_15s_15s_30s_31_4_1_U2738  |mac_muladd_15s_15s_30s_31_4_1  |  i0 + i1 * i1|
    |mac_muladd_15s_15s_30s_31_4_1_U2739  |mac_muladd_15s_15s_30s_31_4_1  |  i0 + i1 * i1|
    |mac_muladd_15s_15s_30s_31_4_1_U2740  |mac_muladd_15s_15s_30s_31_4_1  |  i0 + i1 * i1|
    |mac_muladd_15s_15s_30s_31_4_1_U2741  |mac_muladd_15s_15s_30s_31_4_1  |  i0 + i1 * i1|
    |mac_muladd_15s_15s_30s_31_4_1_U2742  |mac_muladd_15s_15s_30s_31_4_1  |  i0 + i1 * i1|
    |mac_muladd_15s_15s_30s_31_4_1_U2743  |mac_muladd_15s_15s_30s_31_4_1  |  i0 + i1 * i1|
    |mac_muladd_15s_15s_30s_31_4_1_U2744  |mac_muladd_15s_15s_30s_31_4_1  |  i0 + i1 * i1|
    |mac_muladd_15s_15s_30s_31_4_1_U2745  |mac_muladd_15s_15s_30s_31_4_1  |  i0 + i1 * i1|
    |mac_muladd_15s_15s_30s_31_4_1_U2746  |mac_muladd_15s_15s_30s_31_4_1  |  i0 + i1 * i1|
    |mac_muladd_15s_15s_30s_31_4_1_U2747  |mac_muladd_15s_15s_30s_31_4_1  |  i0 + i1 * i1|
    |mac_muladd_15s_15s_30s_31_4_1_U2748  |mac_muladd_15s_15s_30s_31_4_1  |  i0 + i1 * i1|
    |mac_muladd_15s_15s_30s_31_4_1_U2749  |mac_muladd_15s_15s_30s_31_4_1  |  i0 + i1 * i1|
    |mac_muladd_15s_15s_30s_31_4_1_U2750  |mac_muladd_15s_15s_30s_31_4_1  |  i0 + i1 * i1|
    |mac_muladd_15s_15s_30s_31_4_1_U2751  |mac_muladd_15s_15s_30s_31_4_1  |  i0 + i1 * i1|
    |mac_muladd_15s_15s_30s_31_4_1_U2752  |mac_muladd_15s_15s_30s_31_4_1  |  i0 + i1 * i1|
    |mac_muladd_15s_15s_30s_31_4_1_U2753  |mac_muladd_15s_15s_30s_31_4_1  |  i0 + i1 * i1|
    |mac_muladd_15s_15s_30s_31_4_1_U2754  |mac_muladd_15s_15s_30s_31_4_1  |  i0 + i1 * i1|
    |mac_muladd_15s_15s_30s_31_4_1_U2755  |mac_muladd_15s_15s_30s_31_4_1  |  i0 + i1 * i1|
    |mac_muladd_15s_15s_30s_31_4_1_U2756  |mac_muladd_15s_15s_30s_31_4_1  |  i0 + i1 * i1|
    |mac_muladd_15s_15s_30s_31_4_1_U2757  |mac_muladd_15s_15s_30s_31_4_1  |  i0 + i1 * i1|
    |mac_muladd_15s_15s_30s_31_4_1_U2758  |mac_muladd_15s_15s_30s_31_4_1  |  i0 + i1 * i1|
    |mac_muladd_15s_15s_30s_31_4_1_U2759  |mac_muladd_15s_15s_30s_31_4_1  |  i0 + i1 * i1|
    |mac_muladd_15s_15s_30s_31_4_1_U2760  |mac_muladd_15s_15s_30s_31_4_1  |  i0 + i1 * i1|
    |mac_muladd_15s_15s_30s_31_4_1_U2761  |mac_muladd_15s_15s_30s_31_4_1  |  i0 + i1 * i1|
    |mac_muladd_15s_15s_30s_31_4_1_U2762  |mac_muladd_15s_15s_30s_31_4_1  |  i0 + i1 * i1|
    |mac_muladd_15s_15s_30s_31_4_1_U2763  |mac_muladd_15s_15s_30s_31_4_1  |  i0 + i1 * i1|
    |mac_muladd_15s_15s_30s_31_4_1_U2764  |mac_muladd_15s_15s_30s_31_4_1  |  i0 + i1 * i1|
    |mac_muladd_15s_15s_30s_31_4_1_U2765  |mac_muladd_15s_15s_30s_31_4_1  |  i0 + i1 * i1|
    |mac_muladd_15s_15s_30s_31_4_1_U2766  |mac_muladd_15s_15s_30s_31_4_1  |  i0 + i1 * i1|
    |mac_muladd_15s_15s_30s_31_4_1_U2767  |mac_muladd_15s_15s_30s_31_4_1  |  i0 + i1 * i1|
    |mac_muladd_15s_15s_30s_31_4_1_U2768  |mac_muladd_15s_15s_30s_31_4_1  |  i0 + i1 * i1|
    |mac_muladd_15s_15s_30s_31_4_1_U2769  |mac_muladd_15s_15s_30s_31_4_1  |  i0 + i1 * i1|
    |mac_muladd_15s_15s_30s_31_4_1_U2770  |mac_muladd_15s_15s_30s_31_4_1  |  i0 + i1 * i1|
    |mac_muladd_15s_15s_30s_31_4_1_U2771  |mac_muladd_15s_15s_30s_31_4_1  |  i0 + i1 * i1|
    |mac_muladd_15s_15s_30s_31_4_1_U2772  |mac_muladd_15s_15s_30s_31_4_1  |  i0 + i1 * i1|
    |mac_muladd_15s_15s_30s_31_4_1_U2773  |mac_muladd_15s_15s_30s_31_4_1  |  i0 + i1 * i1|
    |mac_muladd_15s_15s_30s_31_4_1_U2774  |mac_muladd_15s_15s_30s_31_4_1  |  i0 + i1 * i1|
    |mac_muladd_15s_15s_30s_31_4_1_U2775  |mac_muladd_15s_15s_30s_31_4_1  |  i0 + i1 * i1|
    |mac_muladd_15s_15s_30s_31_4_1_U2776  |mac_muladd_15s_15s_30s_31_4_1  |  i0 + i1 * i1|
    |mac_muladd_15s_15s_30s_31_4_1_U2777  |mac_muladd_15s_15s_30s_31_4_1  |  i0 + i1 * i1|
    |mac_muladd_15s_15s_30s_31_4_1_U2778  |mac_muladd_15s_15s_30s_31_4_1  |  i0 + i1 * i1|
    |mac_muladd_15s_15s_30s_31_4_1_U2779  |mac_muladd_15s_15s_30s_31_4_1  |  i0 + i1 * i1|
    |mac_muladd_15s_15s_30s_31_4_1_U2780  |mac_muladd_15s_15s_30s_31_4_1  |  i0 + i1 * i1|
    |mac_muladd_15s_15s_30s_31_4_1_U2781  |mac_muladd_15s_15s_30s_31_4_1  |  i0 + i1 * i1|
    |mac_muladd_15s_15s_30s_31_4_1_U2782  |mac_muladd_15s_15s_30s_31_4_1  |  i0 + i1 * i1|
    |mac_muladd_15s_15s_30s_31_4_1_U2783  |mac_muladd_15s_15s_30s_31_4_1  |  i0 + i1 * i1|
    |mac_muladd_15s_15s_30s_31_4_1_U2784  |mac_muladd_15s_15s_30s_31_4_1  |  i0 + i1 * i1|
    |mac_muladd_15s_15s_30s_31_4_1_U2785  |mac_muladd_15s_15s_30s_31_4_1  |  i0 + i1 * i1|
    |mac_muladd_15s_15s_30s_31_4_1_U2786  |mac_muladd_15s_15s_30s_31_4_1  |  i0 + i1 * i1|
    |mac_muladd_15s_15s_30s_31_4_1_U2787  |mac_muladd_15s_15s_30s_31_4_1  |  i0 + i1 * i1|
    |mac_muladd_15s_15s_30s_31_4_1_U2788  |mac_muladd_15s_15s_30s_31_4_1  |  i0 + i1 * i1|
    |mac_muladd_15s_15s_30s_31_4_1_U2789  |mac_muladd_15s_15s_30s_31_4_1  |  i0 + i1 * i1|
    |mac_muladd_15s_15s_30s_31_4_1_U2790  |mac_muladd_15s_15s_30s_31_4_1  |  i0 + i1 * i1|
    |mac_muladd_15s_15s_30s_31_4_1_U2791  |mac_muladd_15s_15s_30s_31_4_1  |  i0 + i1 * i1|
    |mac_muladd_15s_15s_30s_31_4_1_U2792  |mac_muladd_15s_15s_30s_31_4_1  |  i0 + i1 * i1|
    |mac_muladd_15s_15s_30s_31_4_1_U2793  |mac_muladd_15s_15s_30s_31_4_1  |  i0 + i1 * i1|
    |mac_muladd_15s_15s_30s_31_4_1_U2794  |mac_muladd_15s_15s_30s_31_4_1  |  i0 + i1 * i1|
    |mac_muladd_15s_15s_30s_31_4_1_U2795  |mac_muladd_15s_15s_30s_31_4_1  |  i0 + i1 * i1|
    |mac_muladd_15s_15s_30s_31_4_1_U2796  |mac_muladd_15s_15s_30s_31_4_1  |  i0 + i1 * i1|
    |mac_muladd_15s_15s_30s_31_4_1_U2797  |mac_muladd_15s_15s_30s_31_4_1  |  i0 + i1 * i1|
    |mac_muladd_15s_15s_30s_31_4_1_U2798  |mac_muladd_15s_15s_30s_31_4_1  |  i0 + i1 * i1|
    |mac_muladd_15s_15s_30s_31_4_1_U2799  |mac_muladd_15s_15s_30s_31_4_1  |  i0 + i1 * i1|
    |mac_muladd_15s_15s_30s_31_4_1_U2800  |mac_muladd_15s_15s_30s_31_4_1  |  i0 + i1 * i1|
    |mac_muladd_15s_15s_30s_31_4_1_U2801  |mac_muladd_15s_15s_30s_31_4_1  |  i0 + i1 * i1|
    |mac_muladd_15s_15s_30s_31_4_1_U2802  |mac_muladd_15s_15s_30s_31_4_1  |  i0 + i1 * i1|
    |mac_muladd_15s_15s_30s_31_4_1_U2803  |mac_muladd_15s_15s_30s_31_4_1  |  i0 + i1 * i1|
    |mac_muladd_15s_15s_30s_31_4_1_U2804  |mac_muladd_15s_15s_30s_31_4_1  |  i0 + i1 * i1|
    |mac_muladd_15s_15s_30s_31_4_1_U2805  |mac_muladd_15s_15s_30s_31_4_1  |  i0 + i1 * i1|
    |mac_muladd_15s_15s_30s_31_4_1_U2806  |mac_muladd_15s_15s_30s_31_4_1  |  i0 + i1 * i1|
    |mac_muladd_15s_15s_30s_31_4_1_U2807  |mac_muladd_15s_15s_30s_31_4_1  |  i0 + i1 * i1|
    |mac_muladd_15s_15s_30s_31_4_1_U2808  |mac_muladd_15s_15s_30s_31_4_1  |  i0 + i1 * i1|
    |mac_muladd_15s_15s_30s_31_4_1_U2809  |mac_muladd_15s_15s_30s_31_4_1  |  i0 + i1 * i1|
    |mac_muladd_15s_15s_30s_31_4_1_U2810  |mac_muladd_15s_15s_30s_31_4_1  |  i0 + i1 * i1|
    |mac_muladd_15s_15s_30s_31_4_1_U2811  |mac_muladd_15s_15s_30s_31_4_1  |  i0 + i1 * i1|
    |mac_muladd_15s_15s_30s_31_4_1_U2812  |mac_muladd_15s_15s_30s_31_4_1  |  i0 + i1 * i1|
    |mac_muladd_15s_15s_30s_31_4_1_U2813  |mac_muladd_15s_15s_30s_31_4_1  |  i0 + i1 * i1|
    |mac_muladd_15s_15s_30s_31_4_1_U2814  |mac_muladd_15s_15s_30s_31_4_1  |  i0 + i1 * i1|
    |mac_muladd_15s_15s_30s_31_4_1_U2815  |mac_muladd_15s_15s_30s_31_4_1  |  i0 + i1 * i1|
    |mac_muladd_15s_15s_30s_31_4_1_U2816  |mac_muladd_15s_15s_30s_31_4_1  |  i0 + i1 * i1|
    |mac_muladd_15s_15s_30s_31_4_1_U2817  |mac_muladd_15s_15s_30s_31_4_1  |  i0 + i1 * i1|
    |mac_muladd_15s_15s_30s_31_4_1_U2818  |mac_muladd_15s_15s_30s_31_4_1  |  i0 + i1 * i1|
    |mac_muladd_15s_15s_30s_31_4_1_U2819  |mac_muladd_15s_15s_30s_31_4_1  |  i0 + i1 * i1|
    |mac_muladd_15s_15s_30s_31_4_1_U2820  |mac_muladd_15s_15s_30s_31_4_1  |  i0 + i1 * i1|
    |mac_muladd_15s_15s_30s_31_4_1_U2821  |mac_muladd_15s_15s_30s_31_4_1  |  i0 + i1 * i1|
    |mac_muladd_15s_15s_30s_31_4_1_U2822  |mac_muladd_15s_15s_30s_31_4_1  |  i0 + i1 * i1|
    |mac_muladd_15s_15s_30s_31_4_1_U2823  |mac_muladd_15s_15s_30s_31_4_1  |  i0 + i1 * i1|
    |mac_muladd_15s_15s_30s_31_4_1_U2824  |mac_muladd_15s_15s_30s_31_4_1  |  i0 + i1 * i1|
    |mac_muladd_15s_15s_30s_31_4_1_U2825  |mac_muladd_15s_15s_30s_31_4_1  |  i0 + i1 * i1|
    |mac_muladd_15s_15s_30s_31_4_1_U2826  |mac_muladd_15s_15s_30s_31_4_1  |  i0 + i1 * i1|
    |mac_muladd_15s_15s_30s_31_4_1_U2827  |mac_muladd_15s_15s_30s_31_4_1  |  i0 + i1 * i1|
    |mac_muladd_15s_15s_30s_31_4_1_U2828  |mac_muladd_15s_15s_30s_31_4_1  |  i0 + i1 * i1|
    |mac_muladd_15s_15s_30s_31_4_1_U2829  |mac_muladd_15s_15s_30s_31_4_1  |  i0 + i1 * i1|
    |mac_muladd_15s_15s_30s_31_4_1_U2830  |mac_muladd_15s_15s_30s_31_4_1  |  i0 + i1 * i1|
    |mac_muladd_15s_15s_30s_31_4_1_U2831  |mac_muladd_15s_15s_30s_31_4_1  |  i0 + i1 * i1|
    |mac_muladd_15s_15s_30s_31_4_1_U2832  |mac_muladd_15s_15s_30s_31_4_1  |  i0 + i1 * i1|
    |mac_muladd_15s_15s_30s_31_4_1_U2833  |mac_muladd_15s_15s_30s_31_4_1  |  i0 + i1 * i1|
    |mac_muladd_15s_15s_30s_31_4_1_U2834  |mac_muladd_15s_15s_30s_31_4_1  |  i0 + i1 * i1|
    |mac_muladd_15s_15s_30s_31_4_1_U2835  |mac_muladd_15s_15s_30s_31_4_1  |  i0 + i1 * i1|
    |mac_muladd_15s_15s_30s_31_4_1_U2836  |mac_muladd_15s_15s_30s_31_4_1  |  i0 + i1 * i1|
    |mac_muladd_15s_15s_30s_31_4_1_U2837  |mac_muladd_15s_15s_30s_31_4_1  |  i0 + i1 * i1|
    |mac_muladd_15s_15s_30s_31_4_1_U2838  |mac_muladd_15s_15s_30s_31_4_1  |  i0 + i1 * i1|
    |mac_muladd_15s_15s_30s_31_4_1_U2839  |mac_muladd_15s_15s_30s_31_4_1  |  i0 + i1 * i1|
    |mac_muladd_15s_15s_30s_31_4_1_U2840  |mac_muladd_15s_15s_30s_31_4_1  |  i0 + i1 * i1|
    |mac_muladd_15s_15s_30s_31_4_1_U2841  |mac_muladd_15s_15s_30s_31_4_1  |  i0 + i1 * i1|
    |mac_muladd_15s_15s_30s_31_4_1_U2842  |mac_muladd_15s_15s_30s_31_4_1  |  i0 + i1 * i1|
    |mac_muladd_15s_15s_30s_31_4_1_U2843  |mac_muladd_15s_15s_30s_31_4_1  |  i0 + i1 * i1|
    |mac_muladd_15s_15s_30s_31_4_1_U2844  |mac_muladd_15s_15s_30s_31_4_1  |  i0 + i1 * i1|
    |mac_muladd_15s_15s_30s_31_4_1_U2845  |mac_muladd_15s_15s_30s_31_4_1  |  i0 + i1 * i1|
    |mac_muladd_15s_15s_30s_31_4_1_U2846  |mac_muladd_15s_15s_30s_31_4_1  |  i0 + i1 * i1|
    |mac_muladd_15s_15s_30s_31_4_1_U2847  |mac_muladd_15s_15s_30s_31_4_1  |  i0 + i1 * i1|
    |mac_muladd_15s_15s_30s_31_4_1_U2848  |mac_muladd_15s_15s_30s_31_4_1  |  i0 + i1 * i1|
    |mac_muladd_15s_15s_30s_31_4_1_U2849  |mac_muladd_15s_15s_30s_31_4_1  |  i0 + i1 * i1|
    +-------------------------------------+-------------------------------+--------------+

    * Memory: 
    +-------------------+-------------------------------------------------------------------+---------+----+----+-----+------+-----+------+-------------+
    |       Memory      |                               Module                              | BRAM_18K| FF | LUT| URAM| Words| Bits| Banks| W*Bits*Banks|
    +-------------------+-------------------------------------------------------------------+---------+----+----+-----+------+-----+------+-------------+
    |pca8_sorted_96_U   |my_window_Pipeline_EMIT_EDGE_SPLIT_pca8_sorted_96_RAM_AUTO_1R1W    |        0|  16|  17|    0|    40|   15|     1|          600|
    |pca8_sorted_97_U   |my_window_Pipeline_EMIT_EDGE_SPLIT_pca8_sorted_96_RAM_AUTO_1R1W    |        0|  16|  17|    0|    40|   15|     1|          600|
    |pca8_sorted_98_U   |my_window_Pipeline_EMIT_EDGE_SPLIT_pca8_sorted_96_RAM_AUTO_1R1W    |        0|  16|  17|    0|    40|   15|     1|          600|
    |pca8_sorted_99_U   |my_window_Pipeline_EMIT_EDGE_SPLIT_pca8_sorted_96_RAM_AUTO_1R1W    |        0|  16|  17|    0|    40|   15|     1|          600|
    |pca8_sorted_100_U  |my_window_Pipeline_EMIT_EDGE_SPLIT_pca8_sorted_96_RAM_AUTO_1R1W    |        0|  16|  17|    0|    40|   15|     1|          600|
    |pca8_sorted_101_U  |my_window_Pipeline_EMIT_EDGE_SPLIT_pca8_sorted_96_RAM_AUTO_1R1W    |        0|  16|  17|    0|    40|   15|     1|          600|
    |pca8_sorted_102_U  |my_window_Pipeline_EMIT_EDGE_SPLIT_pca8_sorted_96_RAM_AUTO_1R1W    |        0|  16|  17|    0|    40|   15|     1|          600|
    |pca8_sorted_103_U  |my_window_Pipeline_EMIT_EDGE_SPLIT_pca8_sorted_96_RAM_AUTO_1R1W    |        0|  16|  17|    0|    40|   15|     1|          600|
    |pca8_sorted_104_U  |my_window_Pipeline_EMIT_EDGE_SPLIT_pca8_sorted_96_RAM_AUTO_1R1W    |        0|  16|  17|    0|    40|   15|     1|          600|
    |pca8_sorted_105_U  |my_window_Pipeline_EMIT_EDGE_SPLIT_pca8_sorted_96_RAM_AUTO_1R1W    |        0|  16|  17|    0|    40|   15|     1|          600|
    |pca8_sorted_106_U  |my_window_Pipeline_EMIT_EDGE_SPLIT_pca8_sorted_96_RAM_AUTO_1R1W    |        0|  16|  17|    0|    40|   15|     1|          600|
    |pca8_sorted_107_U  |my_window_Pipeline_EMIT_EDGE_SPLIT_pca8_sorted_96_RAM_AUTO_1R1W    |        0|  16|  17|    0|    40|   15|     1|          600|
    |pca8_sorted_108_U  |my_window_Pipeline_EMIT_EDGE_SPLIT_pca8_sorted_96_RAM_AUTO_1R1W    |        0|  16|  17|    0|    40|   15|     1|          600|
    |pca8_sorted_109_U  |my_window_Pipeline_EMIT_EDGE_SPLIT_pca8_sorted_96_RAM_AUTO_1R1W    |        0|  16|  17|    0|    40|   15|     1|          600|
    |pca8_sorted_110_U  |my_window_Pipeline_EMIT_EDGE_SPLIT_pca8_sorted_96_RAM_AUTO_1R1W    |        0|  16|  17|    0|    40|   15|     1|          600|
    |pca8_sorted_111_U  |my_window_Pipeline_EMIT_EDGE_SPLIT_pca8_sorted_96_RAM_AUTO_1R1W    |        0|  16|  17|    0|    40|   15|     1|          600|
    |pca8_sorted_112_U  |my_window_Pipeline_EMIT_EDGE_SPLIT_pca8_sorted_96_RAM_AUTO_1R1W    |        0|  16|  17|    0|    40|   15|     1|          600|
    |pca8_sorted_113_U  |my_window_Pipeline_EMIT_EDGE_SPLIT_pca8_sorted_96_RAM_AUTO_1R1W    |        0|  16|  17|    0|    40|   15|     1|          600|
    |pca8_sorted_114_U  |my_window_Pipeline_EMIT_EDGE_SPLIT_pca8_sorted_96_RAM_AUTO_1R1W    |        0|  16|  17|    0|    40|   15|     1|          600|
    |pca8_sorted_115_U  |my_window_Pipeline_EMIT_EDGE_SPLIT_pca8_sorted_96_RAM_AUTO_1R1W    |        0|  16|  17|    0|    40|   15|     1|          600|
    |pca8_sorted_116_U  |my_window_Pipeline_EMIT_EDGE_SPLIT_pca8_sorted_96_RAM_AUTO_1R1W    |        0|  16|  17|    0|    40|   15|     1|          600|
    |pca8_sorted_117_U  |my_window_Pipeline_EMIT_EDGE_SPLIT_pca8_sorted_96_RAM_AUTO_1R1W    |        0|  16|  17|    0|    40|   15|     1|          600|
    |pca8_sorted_118_U  |my_window_Pipeline_EMIT_EDGE_SPLIT_pca8_sorted_96_RAM_AUTO_1R1W    |        0|  16|  17|    0|    40|   15|     1|          600|
    |pca8_sorted_119_U  |my_window_Pipeline_EMIT_EDGE_SPLIT_pca8_sorted_96_RAM_AUTO_1R1W    |        0|  16|  17|    0|    40|   15|     1|          600|
    |pca8_sorted_U      |my_window_Pipeline_EMIT_EDGE_SPLIT_pca8_sorted_RAM_1WNR_AUTO_1R1W  |        0|  16|  17|    0|    40|   15|     1|          600|
    |pca8_sorted_1_U    |my_window_Pipeline_EMIT_EDGE_SPLIT_pca8_sorted_RAM_1WNR_AUTO_1R1W  |        0|  16|  17|    0|    40|   15|     1|          600|
    |pca8_sorted_2_U    |my_window_Pipeline_EMIT_EDGE_SPLIT_pca8_sorted_RAM_1WNR_AUTO_1R1W  |        0|  16|  17|    0|    40|   15|     1|          600|
    |pca8_sorted_3_U    |my_window_Pipeline_EMIT_EDGE_SPLIT_pca8_sorted_RAM_1WNR_AUTO_1R1W  |        0|  16|  17|    0|    40|   15|     1|          600|
    |pca8_sorted_4_U    |my_window_Pipeline_EMIT_EDGE_SPLIT_pca8_sorted_RAM_1WNR_AUTO_1R1W  |        0|  16|  17|    0|    40|   15|     1|          600|
    |pca8_sorted_5_U    |my_window_Pipeline_EMIT_EDGE_SPLIT_pca8_sorted_RAM_1WNR_AUTO_1R1W  |        0|  16|  17|    0|    40|   15|     1|          600|
    |pca8_sorted_6_U    |my_window_Pipeline_EMIT_EDGE_SPLIT_pca8_sorted_RAM_1WNR_AUTO_1R1W  |        0|  16|  17|    0|    40|   15|     1|          600|
    |pca8_sorted_7_U    |my_window_Pipeline_EMIT_EDGE_SPLIT_pca8_sorted_RAM_1WNR_AUTO_1R1W  |        0|  16|  17|    0|    40|   15|     1|          600|
    |pca8_sorted_8_U    |my_window_Pipeline_EMIT_EDGE_SPLIT_pca8_sorted_RAM_1WNR_AUTO_1R1W  |        0|  16|  17|    0|    40|   15|     1|          600|
    |pca8_sorted_9_U    |my_window_Pipeline_EMIT_EDGE_SPLIT_pca8_sorted_RAM_1WNR_AUTO_1R1W  |        0|  16|  17|    0|    40|   15|     1|          600|
    |pca8_sorted_10_U   |my_window_Pipeline_EMIT_EDGE_SPLIT_pca8_sorted_RAM_1WNR_AUTO_1R1W  |        0|  16|  17|    0|    40|   15|     1|          600|
    |pca8_sorted_11_U   |my_window_Pipeline_EMIT_EDGE_SPLIT_pca8_sorted_RAM_1WNR_AUTO_1R1W  |        0|  16|  17|    0|    40|   15|     1|          600|
    |pca8_sorted_12_U   |my_window_Pipeline_EMIT_EDGE_SPLIT_pca8_sorted_RAM_1WNR_AUTO_1R1W  |        0|  16|  17|    0|    40|   15|     1|          600|
    |pca8_sorted_13_U   |my_window_Pipeline_EMIT_EDGE_SPLIT_pca8_sorted_RAM_1WNR_AUTO_1R1W  |        0|  16|  17|    0|    40|   15|     1|          600|
    |pca8_sorted_14_U   |my_window_Pipeline_EMIT_EDGE_SPLIT_pca8_sorted_RAM_1WNR_AUTO_1R1W  |        0|  16|  17|    0|    40|   15|     1|          600|
    |pca8_sorted_15_U   |my_window_Pipeline_EMIT_EDGE_SPLIT_pca8_sorted_RAM_1WNR_AUTO_1R1W  |        0|  16|  17|    0|    40|   15|     1|          600|
    |pca8_sorted_16_U   |my_window_Pipeline_EMIT_EDGE_SPLIT_pca8_sorted_RAM_1WNR_AUTO_1R1W  |        0|  16|  17|    0|    40|   15|     1|          600|
    |pca8_sorted_17_U   |my_window_Pipeline_EMIT_EDGE_SPLIT_pca8_sorted_RAM_1WNR_AUTO_1R1W  |        0|  16|  17|    0|    40|   15|     1|          600|
    |pca8_sorted_18_U   |my_window_Pipeline_EMIT_EDGE_SPLIT_pca8_sorted_RAM_1WNR_AUTO_1R1W  |        0|  16|  17|    0|    40|   15|     1|          600|
    |pca8_sorted_19_U   |my_window_Pipeline_EMIT_EDGE_SPLIT_pca8_sorted_RAM_1WNR_AUTO_1R1W  |        0|  16|  17|    0|    40|   15|     1|          600|
    |pca8_sorted_20_U   |my_window_Pipeline_EMIT_EDGE_SPLIT_pca8_sorted_RAM_1WNR_AUTO_1R1W  |        0|  16|  17|    0|    40|   15|     1|          600|
    |pca8_sorted_21_U   |my_window_Pipeline_EMIT_EDGE_SPLIT_pca8_sorted_RAM_1WNR_AUTO_1R1W  |        0|  16|  17|    0|    40|   15|     1|          600|
    |pca8_sorted_22_U   |my_window_Pipeline_EMIT_EDGE_SPLIT_pca8_sorted_RAM_1WNR_AUTO_1R1W  |        0|  16|  17|    0|    40|   15|     1|          600|
    |pca8_sorted_23_U   |my_window_Pipeline_EMIT_EDGE_SPLIT_pca8_sorted_RAM_1WNR_AUTO_1R1W  |        0|  16|  17|    0|    40|   15|     1|          600|
    |pca8_sorted_24_U   |my_window_Pipeline_EMIT_EDGE_SPLIT_pca8_sorted_RAM_1WNR_AUTO_1R1W  |        0|  16|  17|    0|    40|   15|     1|          600|
    |pca8_sorted_25_U   |my_window_Pipeline_EMIT_EDGE_SPLIT_pca8_sorted_RAM_1WNR_AUTO_1R1W  |        0|  16|  17|    0|    40|   15|     1|          600|
    |pca8_sorted_26_U   |my_window_Pipeline_EMIT_EDGE_SPLIT_pca8_sorted_RAM_1WNR_AUTO_1R1W  |        0|  16|  17|    0|    40|   15|     1|          600|
    |pca8_sorted_27_U   |my_window_Pipeline_EMIT_EDGE_SPLIT_pca8_sorted_RAM_1WNR_AUTO_1R1W  |        0|  16|  17|    0|    40|   15|     1|          600|
    |pca8_sorted_28_U   |my_window_Pipeline_EMIT_EDGE_SPLIT_pca8_sorted_RAM_1WNR_AUTO_1R1W  |        0|  16|  17|    0|    40|   15|     1|          600|
    |pca8_sorted_29_U   |my_window_Pipeline_EMIT_EDGE_SPLIT_pca8_sorted_RAM_1WNR_AUTO_1R1W  |        0|  16|  17|    0|    40|   15|     1|          600|
    |pca8_sorted_30_U   |my_window_Pipeline_EMIT_EDGE_SPLIT_pca8_sorted_RAM_1WNR_AUTO_1R1W  |        0|  16|  17|    0|    40|   15|     1|          600|
    |pca8_sorted_31_U   |my_window_Pipeline_EMIT_EDGE_SPLIT_pca8_sorted_RAM_1WNR_AUTO_1R1W  |        0|  16|  17|    0|    40|   15|     1|          600|
    |pca8_sorted_32_U   |my_window_Pipeline_EMIT_EDGE_SPLIT_pca8_sorted_RAM_1WNR_AUTO_1R1W  |        0|  16|  17|    0|    40|   15|     1|          600|
    |pca8_sorted_33_U   |my_window_Pipeline_EMIT_EDGE_SPLIT_pca8_sorted_RAM_1WNR_AUTO_1R1W  |        0|  16|  17|    0|    40|   15|     1|          600|
    |pca8_sorted_34_U   |my_window_Pipeline_EMIT_EDGE_SPLIT_pca8_sorted_RAM_1WNR_AUTO_1R1W  |        0|  16|  17|    0|    40|   15|     1|          600|
    |pca8_sorted_35_U   |my_window_Pipeline_EMIT_EDGE_SPLIT_pca8_sorted_RAM_1WNR_AUTO_1R1W  |        0|  16|  17|    0|    40|   15|     1|          600|
    |pca8_sorted_36_U   |my_window_Pipeline_EMIT_EDGE_SPLIT_pca8_sorted_RAM_1WNR_AUTO_1R1W  |        0|  16|  17|    0|    40|   15|     1|          600|
    |pca8_sorted_37_U   |my_window_Pipeline_EMIT_EDGE_SPLIT_pca8_sorted_RAM_1WNR_AUTO_1R1W  |        0|  16|  17|    0|    40|   15|     1|          600|
    |pca8_sorted_38_U   |my_window_Pipeline_EMIT_EDGE_SPLIT_pca8_sorted_RAM_1WNR_AUTO_1R1W  |        0|  16|  17|    0|    40|   15|     1|          600|
    |pca8_sorted_39_U   |my_window_Pipeline_EMIT_EDGE_SPLIT_pca8_sorted_RAM_1WNR_AUTO_1R1W  |        0|  16|  17|    0|    40|   15|     1|          600|
    |pca8_sorted_40_U   |my_window_Pipeline_EMIT_EDGE_SPLIT_pca8_sorted_RAM_1WNR_AUTO_1R1W  |        0|  16|  17|    0|    40|   15|     1|          600|
    |pca8_sorted_41_U   |my_window_Pipeline_EMIT_EDGE_SPLIT_pca8_sorted_RAM_1WNR_AUTO_1R1W  |        0|  16|  17|    0|    40|   15|     1|          600|
    |pca8_sorted_42_U   |my_window_Pipeline_EMIT_EDGE_SPLIT_pca8_sorted_RAM_1WNR_AUTO_1R1W  |        0|  16|  17|    0|    40|   15|     1|          600|
    |pca8_sorted_43_U   |my_window_Pipeline_EMIT_EDGE_SPLIT_pca8_sorted_RAM_1WNR_AUTO_1R1W  |        0|  16|  17|    0|    40|   15|     1|          600|
    |pca8_sorted_44_U   |my_window_Pipeline_EMIT_EDGE_SPLIT_pca8_sorted_RAM_1WNR_AUTO_1R1W  |        0|  16|  17|    0|    40|   15|     1|          600|
    |pca8_sorted_45_U   |my_window_Pipeline_EMIT_EDGE_SPLIT_pca8_sorted_RAM_1WNR_AUTO_1R1W  |        0|  16|  17|    0|    40|   15|     1|          600|
    |pca8_sorted_46_U   |my_window_Pipeline_EMIT_EDGE_SPLIT_pca8_sorted_RAM_1WNR_AUTO_1R1W  |        0|  16|  17|    0|    40|   15|     1|          600|
    |pca8_sorted_47_U   |my_window_Pipeline_EMIT_EDGE_SPLIT_pca8_sorted_RAM_1WNR_AUTO_1R1W  |        0|  16|  17|    0|    40|   15|     1|          600|
    |pca8_sorted_48_U   |my_window_Pipeline_EMIT_EDGE_SPLIT_pca8_sorted_RAM_1WNR_AUTO_1R1W  |        0|  16|  17|    0|    40|   15|     1|          600|
    |pca8_sorted_49_U   |my_window_Pipeline_EMIT_EDGE_SPLIT_pca8_sorted_RAM_1WNR_AUTO_1R1W  |        0|  16|  17|    0|    40|   15|     1|          600|
    |pca8_sorted_50_U   |my_window_Pipeline_EMIT_EDGE_SPLIT_pca8_sorted_RAM_1WNR_AUTO_1R1W  |        0|  16|  17|    0|    40|   15|     1|          600|
    |pca8_sorted_51_U   |my_window_Pipeline_EMIT_EDGE_SPLIT_pca8_sorted_RAM_1WNR_AUTO_1R1W  |        0|  16|  17|    0|    40|   15|     1|          600|
    |pca8_sorted_52_U   |my_window_Pipeline_EMIT_EDGE_SPLIT_pca8_sorted_RAM_1WNR_AUTO_1R1W  |        0|  16|  17|    0|    40|   15|     1|          600|
    |pca8_sorted_53_U   |my_window_Pipeline_EMIT_EDGE_SPLIT_pca8_sorted_RAM_1WNR_AUTO_1R1W  |        0|  16|  17|    0|    40|   15|     1|          600|
    |pca8_sorted_54_U   |my_window_Pipeline_EMIT_EDGE_SPLIT_pca8_sorted_RAM_1WNR_AUTO_1R1W  |        0|  16|  17|    0|    40|   15|     1|          600|
    |pca8_sorted_55_U   |my_window_Pipeline_EMIT_EDGE_SPLIT_pca8_sorted_RAM_1WNR_AUTO_1R1W  |        0|  16|  17|    0|    40|   15|     1|          600|
    |pca8_sorted_56_U   |my_window_Pipeline_EMIT_EDGE_SPLIT_pca8_sorted_RAM_1WNR_AUTO_1R1W  |        0|  16|  17|    0|    40|   15|     1|          600|
    |pca8_sorted_57_U   |my_window_Pipeline_EMIT_EDGE_SPLIT_pca8_sorted_RAM_1WNR_AUTO_1R1W  |        0|  16|  17|    0|    40|   15|     1|          600|
    |pca8_sorted_58_U   |my_window_Pipeline_EMIT_EDGE_SPLIT_pca8_sorted_RAM_1WNR_AUTO_1R1W  |        0|  16|  17|    0|    40|   15|     1|          600|
    |pca8_sorted_59_U   |my_window_Pipeline_EMIT_EDGE_SPLIT_pca8_sorted_RAM_1WNR_AUTO_1R1W  |        0|  16|  17|    0|    40|   15|     1|          600|
    |pca8_sorted_60_U   |my_window_Pipeline_EMIT_EDGE_SPLIT_pca8_sorted_RAM_1WNR_AUTO_1R1W  |        0|  16|  17|    0|    40|   15|     1|          600|
    |pca8_sorted_61_U   |my_window_Pipeline_EMIT_EDGE_SPLIT_pca8_sorted_RAM_1WNR_AUTO_1R1W  |        0|  16|  17|    0|    40|   15|     1|          600|
    |pca8_sorted_62_U   |my_window_Pipeline_EMIT_EDGE_SPLIT_pca8_sorted_RAM_1WNR_AUTO_1R1W  |        0|  16|  17|    0|    40|   15|     1|          600|
    |pca8_sorted_63_U   |my_window_Pipeline_EMIT_EDGE_SPLIT_pca8_sorted_RAM_1WNR_AUTO_1R1W  |        0|  16|  17|    0|    40|   15|     1|          600|
    |pca8_sorted_64_U   |my_window_Pipeline_EMIT_EDGE_SPLIT_pca8_sorted_RAM_1WNR_AUTO_1R1W  |        0|  16|  17|    0|    40|   15|     1|          600|
    |pca8_sorted_65_U   |my_window_Pipeline_EMIT_EDGE_SPLIT_pca8_sorted_RAM_1WNR_AUTO_1R1W  |        0|  16|  17|    0|    40|   15|     1|          600|
    |pca8_sorted_66_U   |my_window_Pipeline_EMIT_EDGE_SPLIT_pca8_sorted_RAM_1WNR_AUTO_1R1W  |        0|  16|  17|    0|    40|   15|     1|          600|
    |pca8_sorted_67_U   |my_window_Pipeline_EMIT_EDGE_SPLIT_pca8_sorted_RAM_1WNR_AUTO_1R1W  |        0|  16|  17|    0|    40|   15|     1|          600|
    |pca8_sorted_68_U   |my_window_Pipeline_EMIT_EDGE_SPLIT_pca8_sorted_RAM_1WNR_AUTO_1R1W  |        0|  16|  17|    0|    40|   15|     1|          600|
    |pca8_sorted_69_U   |my_window_Pipeline_EMIT_EDGE_SPLIT_pca8_sorted_RAM_1WNR_AUTO_1R1W  |        0|  16|  17|    0|    40|   15|     1|          600|
    |pca8_sorted_70_U   |my_window_Pipeline_EMIT_EDGE_SPLIT_pca8_sorted_RAM_1WNR_AUTO_1R1W  |        0|  16|  17|    0|    40|   15|     1|          600|
    |pca8_sorted_71_U   |my_window_Pipeline_EMIT_EDGE_SPLIT_pca8_sorted_RAM_1WNR_AUTO_1R1W  |        0|  16|  17|    0|    40|   15|     1|          600|
    |pca8_sorted_72_U   |my_window_Pipeline_EMIT_EDGE_SPLIT_pca8_sorted_RAM_1WNR_AUTO_1R1W  |        0|  16|  17|    0|    40|   15|     1|          600|
    |pca8_sorted_73_U   |my_window_Pipeline_EMIT_EDGE_SPLIT_pca8_sorted_RAM_1WNR_AUTO_1R1W  |        0|  16|  17|    0|    40|   15|     1|          600|
    |pca8_sorted_74_U   |my_window_Pipeline_EMIT_EDGE_SPLIT_pca8_sorted_RAM_1WNR_AUTO_1R1W  |        0|  16|  17|    0|    40|   15|     1|          600|
    |pca8_sorted_75_U   |my_window_Pipeline_EMIT_EDGE_SPLIT_pca8_sorted_RAM_1WNR_AUTO_1R1W  |        0|  16|  17|    0|    40|   15|     1|          600|
    |pca8_sorted_76_U   |my_window_Pipeline_EMIT_EDGE_SPLIT_pca8_sorted_RAM_1WNR_AUTO_1R1W  |        0|  16|  17|    0|    40|   15|     1|          600|
    |pca8_sorted_77_U   |my_window_Pipeline_EMIT_EDGE_SPLIT_pca8_sorted_RAM_1WNR_AUTO_1R1W  |        0|  16|  17|    0|    40|   15|     1|          600|
    |pca8_sorted_78_U   |my_window_Pipeline_EMIT_EDGE_SPLIT_pca8_sorted_RAM_1WNR_AUTO_1R1W  |        0|  16|  17|    0|    40|   15|     1|          600|
    |pca8_sorted_79_U   |my_window_Pipeline_EMIT_EDGE_SPLIT_pca8_sorted_RAM_1WNR_AUTO_1R1W  |        0|  16|  17|    0|    40|   15|     1|          600|
    |pca8_sorted_80_U   |my_window_Pipeline_EMIT_EDGE_SPLIT_pca8_sorted_RAM_1WNR_AUTO_1R1W  |        0|  16|  17|    0|    40|   15|     1|          600|
    |pca8_sorted_81_U   |my_window_Pipeline_EMIT_EDGE_SPLIT_pca8_sorted_RAM_1WNR_AUTO_1R1W  |        0|  16|  17|    0|    40|   15|     1|          600|
    |pca8_sorted_82_U   |my_window_Pipeline_EMIT_EDGE_SPLIT_pca8_sorted_RAM_1WNR_AUTO_1R1W  |        0|  16|  17|    0|    40|   15|     1|          600|
    |pca8_sorted_83_U   |my_window_Pipeline_EMIT_EDGE_SPLIT_pca8_sorted_RAM_1WNR_AUTO_1R1W  |        0|  16|  17|    0|    40|   15|     1|          600|
    |pca8_sorted_84_U   |my_window_Pipeline_EMIT_EDGE_SPLIT_pca8_sorted_RAM_1WNR_AUTO_1R1W  |        0|  16|  17|    0|    40|   15|     1|          600|
    |pca8_sorted_85_U   |my_window_Pipeline_EMIT_EDGE_SPLIT_pca8_sorted_RAM_1WNR_AUTO_1R1W  |        0|  16|  17|    0|    40|   15|     1|          600|
    |pca8_sorted_86_U   |my_window_Pipeline_EMIT_EDGE_SPLIT_pca8_sorted_RAM_1WNR_AUTO_1R1W  |        0|  16|  17|    0|    40|   15|     1|          600|
    |pca8_sorted_87_U   |my_window_Pipeline_EMIT_EDGE_SPLIT_pca8_sorted_RAM_1WNR_AUTO_1R1W  |        0|  16|  17|    0|    40|   15|     1|          600|
    |pca8_sorted_88_U   |my_window_Pipeline_EMIT_EDGE_SPLIT_pca8_sorted_RAM_1WNR_AUTO_1R1W  |        0|  16|  17|    0|    40|   15|     1|          600|
    |pca8_sorted_89_U   |my_window_Pipeline_EMIT_EDGE_SPLIT_pca8_sorted_RAM_1WNR_AUTO_1R1W  |        0|  16|  17|    0|    40|   15|     1|          600|
    |pca8_sorted_90_U   |my_window_Pipeline_EMIT_EDGE_SPLIT_pca8_sorted_RAM_1WNR_AUTO_1R1W  |        0|  16|  17|    0|    40|   15|     1|          600|
    |pca8_sorted_91_U   |my_window_Pipeline_EMIT_EDGE_SPLIT_pca8_sorted_RAM_1WNR_AUTO_1R1W  |        0|  16|  17|    0|    40|   15|     1|          600|
    |pca8_sorted_92_U   |my_window_Pipeline_EMIT_EDGE_SPLIT_pca8_sorted_RAM_1WNR_AUTO_1R1W  |        0|  16|  17|    0|    40|   15|     1|          600|
    |pca8_sorted_93_U   |my_window_Pipeline_EMIT_EDGE_SPLIT_pca8_sorted_RAM_1WNR_AUTO_1R1W  |        0|  16|  17|    0|    40|   15|     1|          600|
    |pca8_sorted_94_U   |my_window_Pipeline_EMIT_EDGE_SPLIT_pca8_sorted_RAM_1WNR_AUTO_1R1W  |        0|  16|  17|    0|    40|   15|     1|          600|
    |pca8_sorted_95_U   |my_window_Pipeline_EMIT_EDGE_SPLIT_pca8_sorted_RAM_1WNR_AUTO_1R1W  |        0|  16|  17|    0|    40|   15|     1|          600|
    +-------------------+-------------------------------------------------------------------+---------+----+----+-----+------+-----+------+-------------+
    |Total              |                                                                   |        0|1920|2040|    0|  4800| 1800|   120|        72000|
    +-------------------+-------------------------------------------------------------------+---------+----+----+-----+------+-----+------+-------------+

    * FIFO: 
    N/A

    * Expression: 
    +------------------------------+----------+----+---+-----+------------+------------+
    |         Variable Name        | Operation| DSP| FF| LUT | Bitwidth P0| Bitwidth P1|
    +------------------------------+----------+----+---+-----+------------+------------+
    |add_ln316_fu_18457_p2         |         +|   0|  0|   14|           7|           1|
    |add_ln338_fu_19288_p2         |         +|   0|  0|   15|           8|           3|
    |add_ln347_fu_26069_p2         |         +|   0|  0|   13|           6|           1|
    |comp_a_10_d0                  |         +|   0|  0|   17|          10|           4|
    |comp_a_11_d0                  |         +|   0|  0|   17|          10|           4|
    |comp_a_12_d0                  |         +|   0|  0|   17|          10|           4|
    |comp_a_13_d0                  |         +|   0|  0|   17|          10|           4|
    |comp_a_14_d0                  |         +|   0|  0|   17|          10|           4|
    |comp_a_1_d0                   |         +|   0|  0|   17|          10|           1|
    |comp_a_2_d0                   |         +|   0|  0|   17|          10|           2|
    |comp_a_3_d0                   |         +|   0|  0|   17|          10|           2|
    |comp_a_4_d0                   |         +|   0|  0|   17|          10|           3|
    |comp_a_5_d0                   |         +|   0|  0|   17|          10|           3|
    |comp_a_6_d0                   |         +|   0|  0|   17|          10|           3|
    |comp_a_7_d0                   |         +|   0|  0|   17|          10|           3|
    |comp_a_8_d0                   |         +|   0|  0|   17|          10|           4|
    |comp_a_9_d0                   |         +|   0|  0|   17|          10|           4|
    |d2_100_fu_40545_p2            |         +|   0|  0|   39|          32|          32|
    |d2_101_fu_40558_p2            |         +|   0|  0|   39|          32|          32|
    |d2_102_fu_40598_p2            |         +|   0|  0|   39|          32|          32|
    |d2_103_fu_40643_p2            |         +|   0|  0|   39|          32|          32|
    |d2_104_fu_40688_p2            |         +|   0|  0|   39|          32|          32|
    |d2_105_fu_40733_p2            |         +|   0|  0|   39|          32|          32|
    |d2_106_fu_40778_p2            |         +|   0|  0|   39|          32|          32|
    |d2_107_fu_40923_p2            |         +|   0|  0|   39|          32|          32|
    |d2_108_fu_40941_p2            |         +|   0|  0|   39|          32|          32|
    |d2_109_fu_40954_p2            |         +|   0|  0|   39|          32|          32|
    |d2_10_fu_38095_p2             |         +|   0|  0|   39|          32|          32|
    |d2_110_fu_40967_p2            |         +|   0|  0|   39|          32|          32|
    |d2_111_fu_40980_p2            |         +|   0|  0|   39|          32|          32|
    |d2_112_fu_40993_p2            |         +|   0|  0|   39|          32|          32|
    |d2_113_fu_41033_p2            |         +|   0|  0|   39|          32|          32|
    |d2_114_fu_41078_p2            |         +|   0|  0|   39|          32|          32|
    |d2_115_fu_41123_p2            |         +|   0|  0|   39|          32|          32|
    |d2_116_fu_41168_p2            |         +|   0|  0|   39|          32|          32|
    |d2_117_fu_41213_p2            |         +|   0|  0|   39|          32|          32|
    |d2_118_fu_41258_p2            |         +|   0|  0|   39|          32|          32|
    |d2_119_fu_41383_p2            |         +|   0|  0|   39|          32|          32|
    |d2_11_fu_38108_p2             |         +|   0|  0|   39|          32|          32|
    |d2_120_fu_41401_p2            |         +|   0|  0|   39|          32|          32|
    |d2_121_fu_41414_p2            |         +|   0|  0|   39|          32|          32|
    |d2_122_fu_41427_p2            |         +|   0|  0|   39|          32|          32|
    |d2_123_fu_41440_p2            |         +|   0|  0|   39|          32|          32|
    |d2_124_fu_41480_p2            |         +|   0|  0|   39|          32|          32|
    |d2_125_fu_41525_p2            |         +|   0|  0|   39|          32|          32|
    |d2_126_fu_41570_p2            |         +|   0|  0|   39|          32|          32|
    |d2_127_fu_41615_p2            |         +|   0|  0|   39|          32|          32|
    |d2_128_fu_41660_p2            |         +|   0|  0|   39|          32|          32|
    |d2_129_fu_41705_p2            |         +|   0|  0|   39|          32|          32|
    |d2_12_fu_38121_p2             |         +|   0|  0|   39|          32|          32|
    |d2_130_fu_41750_p2            |         +|   0|  0|   39|          32|          32|
    |d2_131_fu_41855_p2            |         +|   0|  0|   39|          32|          32|
    |d2_132_fu_41873_p2            |         +|   0|  0|   39|          32|          32|
    |d2_133_fu_41886_p2            |         +|   0|  0|   39|          32|          32|
    |d2_134_fu_41899_p2            |         +|   0|  0|   39|          32|          32|
    |d2_135_fu_41939_p2            |         +|   0|  0|   39|          32|          32|
    |d2_136_fu_41984_p2            |         +|   0|  0|   39|          32|          32|
    |d2_137_fu_42029_p2            |         +|   0|  0|   39|          32|          32|
    |d2_138_fu_42074_p2            |         +|   0|  0|   39|          32|          32|
    |d2_139_fu_42119_p2            |         +|   0|  0|   39|          32|          32|
    |d2_13_fu_38134_p2             |         +|   0|  0|   39|          32|          32|
    |d2_140_fu_42164_p2            |         +|   0|  0|   39|          32|          32|
    |d2_141_fu_42209_p2            |         +|   0|  0|   39|          32|          32|
    |d2_142_fu_42254_p2            |         +|   0|  0|   39|          32|          32|
    |d2_143_fu_42339_p2            |         +|   0|  0|   39|          32|          32|
    |d2_144_fu_42357_p2            |         +|   0|  0|   39|          32|          32|
    |d2_145_fu_42370_p2            |         +|   0|  0|   39|          32|          32|
    |d2_146_fu_42410_p2            |         +|   0|  0|   39|          32|          32|
    |d2_147_fu_42455_p2            |         +|   0|  0|   39|          32|          32|
    |d2_148_fu_42500_p2            |         +|   0|  0|   39|          32|          32|
    |d2_149_fu_42545_p2            |         +|   0|  0|   39|          32|          32|
    |d2_14_fu_38147_p2             |         +|   0|  0|   39|          32|          32|
    |d2_150_fu_42590_p2            |         +|   0|  0|   39|          32|          32|
    |d2_151_fu_42635_p2            |         +|   0|  0|   39|          32|          32|
    |d2_152_fu_42680_p2            |         +|   0|  0|   39|          32|          32|
    |d2_153_fu_42725_p2            |         +|   0|  0|   39|          32|          32|
    |d2_154_fu_42770_p2            |         +|   0|  0|   39|          32|          32|
    |d2_155_fu_42835_p2            |         +|   0|  0|   39|          32|          32|
    |d2_156_fu_42853_p2            |         +|   0|  0|   39|          32|          32|
    |d2_157_fu_42893_p2            |         +|   0|  0|   39|          32|          32|
    |d2_158_fu_42938_p2            |         +|   0|  0|   39|          32|          32|
    |d2_159_fu_42983_p2            |         +|   0|  0|   39|          32|          32|
    |d2_15_fu_38160_p2             |         +|   0|  0|   39|          32|          32|
    |d2_160_fu_43028_p2            |         +|   0|  0|   39|          32|          32|
    |d2_161_fu_43073_p2            |         +|   0|  0|   39|          32|          32|
    |d2_162_fu_43118_p2            |         +|   0|  0|   39|          32|          32|
    |d2_163_fu_43163_p2            |         +|   0|  0|   39|          32|          32|
    |d2_164_fu_43208_p2            |         +|   0|  0|   39|          32|          32|
    |d2_165_fu_43253_p2            |         +|   0|  0|   39|          32|          32|
    |d2_166_fu_43298_p2            |         +|   0|  0|   39|          32|          32|
    |d2_167_fu_43343_p2            |         +|   0|  0|   39|          32|          32|
    |d2_168_fu_43388_p2            |         +|   0|  0|   39|          32|          32|
    |d2_169_fu_43433_p2            |         +|   0|  0|   39|          32|          32|
    |d2_16_fu_38173_p2             |         +|   0|  0|   39|          32|          32|
    |d2_170_fu_43478_p2            |         +|   0|  0|   39|          32|          32|
    |d2_171_fu_43523_p2            |         +|   0|  0|   39|          32|          32|
    |d2_172_fu_43568_p2            |         +|   0|  0|   39|          32|          32|
    |d2_173_fu_43613_p2            |         +|   0|  0|   39|          32|          32|
    |d2_174_fu_43658_p2            |         +|   0|  0|   39|          32|          32|
    |d2_175_fu_43703_p2            |         +|   0|  0|   39|          32|          32|
    |d2_176_fu_43748_p2            |         +|   0|  0|   39|          32|          32|
    |d2_177_fu_43793_p2            |         +|   0|  0|   39|          32|          32|
    |d2_178_fu_43838_p2            |         +|   0|  0|   39|          32|          32|
    |d2_179_fu_43883_p2            |         +|   0|  0|   39|          32|          32|
    |d2_17_fu_38186_p2             |         +|   0|  0|   39|          32|          32|
    |d2_18_fu_38199_p2             |         +|   0|  0|   39|          32|          32|
    |d2_19_fu_38212_p2             |         +|   0|  0|   39|          32|          32|
    |d2_1_fu_37978_p2              |         +|   0|  0|   39|          32|          32|
    |d2_20_fu_38225_p2             |         +|   0|  0|   39|          32|          32|
    |d2_21_fu_38238_p2             |         +|   0|  0|   39|          32|          32|
    |d2_22_fu_38251_p2             |         +|   0|  0|   39|          32|          32|
    |d2_23_fu_38264_p2             |         +|   0|  0|   39|          32|          32|
    |d2_24_fu_38277_p2             |         +|   0|  0|   39|          32|          32|
    |d2_25_fu_38290_p2             |         +|   0|  0|   39|          32|          32|
    |d2_26_fu_38303_p2             |         +|   0|  0|   39|          32|          32|
    |d2_27_fu_38316_p2             |         +|   0|  0|   39|          32|          32|
    |d2_28_fu_38329_p2             |         +|   0|  0|   39|          32|          32|
    |d2_29_fu_38342_p2             |         +|   0|  0|   39|          32|          32|
    |d2_2_fu_37991_p2              |         +|   0|  0|   39|          32|          32|
    |d2_30_fu_38355_p2             |         +|   0|  0|   39|          32|          32|
    |d2_31_fu_38368_p2             |         +|   0|  0|   39|          32|          32|
    |d2_32_fu_38381_p2             |         +|   0|  0|   39|          32|          32|
    |d2_33_fu_38394_p2             |         +|   0|  0|   39|          32|          32|
    |d2_34_fu_38407_p2             |         +|   0|  0|   39|          32|          32|
    |d2_35_fu_38420_p2             |         +|   0|  0|   39|          32|          32|
    |d2_36_fu_38433_p2             |         +|   0|  0|   39|          32|          32|
    |d2_37_fu_38446_p2             |         +|   0|  0|   39|          32|          32|
    |d2_38_fu_38459_p2             |         +|   0|  0|   39|          32|          32|
    |d2_39_fu_38472_p2             |         +|   0|  0|   39|          32|          32|
    |d2_3_fu_38004_p2              |         +|   0|  0|   39|          32|          32|
    |d2_40_fu_38485_p2             |         +|   0|  0|   39|          32|          32|
    |d2_41_fu_38498_p2             |         +|   0|  0|   39|          32|          32|
    |d2_42_fu_38511_p2             |         +|   0|  0|   39|          32|          32|
    |d2_43_fu_38524_p2             |         +|   0|  0|   39|          32|          32|
    |d2_44_fu_38537_p2             |         +|   0|  0|   39|          32|          32|
    |d2_45_fu_38550_p2             |         +|   0|  0|   39|          32|          32|
    |d2_46_fu_38563_p2             |         +|   0|  0|   39|          32|          32|
    |d2_47_fu_38803_p2             |         +|   0|  0|   39|          32|          32|
    |d2_48_fu_38821_p2             |         +|   0|  0|   39|          32|          32|
    |d2_49_fu_38834_p2             |         +|   0|  0|   39|          32|          32|
    |d2_4_fu_38017_p2              |         +|   0|  0|   39|          32|          32|
    |d2_50_fu_38847_p2             |         +|   0|  0|   39|          32|          32|
    |d2_51_fu_38860_p2             |         +|   0|  0|   39|          32|          32|
    |d2_52_fu_38873_p2             |         +|   0|  0|   39|          32|          32|
    |d2_53_fu_38886_p2             |         +|   0|  0|   39|          32|          32|
    |d2_54_fu_38899_p2             |         +|   0|  0|   39|          32|          32|
    |d2_55_fu_38912_p2             |         +|   0|  0|   39|          32|          32|
    |d2_56_fu_38925_p2             |         +|   0|  0|   39|          32|          32|
    |d2_57_fu_38938_p2             |         +|   0|  0|   39|          32|          32|
    |d2_58_fu_38978_p2             |         +|   0|  0|   39|          32|          32|
    |d2_59_fu_39203_p2             |         +|   0|  0|   39|          32|          32|
    |d2_5_fu_38030_p2              |         +|   0|  0|   39|          32|          32|
    |d2_60_fu_39221_p2             |         +|   0|  0|   39|          32|          32|
    |d2_61_fu_39234_p2             |         +|   0|  0|   39|          32|          32|
    |d2_62_fu_39247_p2             |         +|   0|  0|   39|          32|          32|
    |d2_63_fu_39260_p2             |         +|   0|  0|   39|          32|          32|
    |d2_64_fu_39273_p2             |         +|   0|  0|   39|          32|          32|
    |d2_65_fu_39286_p2             |         +|   0|  0|   39|          32|          32|
    |d2_66_fu_39299_p2             |         +|   0|  0|   39|          32|          32|
    |d2_67_fu_39312_p2             |         +|   0|  0|   39|          32|          32|
    |d2_68_fu_39325_p2             |         +|   0|  0|   39|          32|          32|
    |d2_69_fu_39365_p2             |         +|   0|  0|   39|          32|          32|
    |d2_6_fu_38043_p2              |         +|   0|  0|   39|          32|          32|
    |d2_70_fu_39410_p2             |         +|   0|  0|   39|          32|          32|
    |d2_71_fu_39615_p2             |         +|   0|  0|   39|          32|          32|
    |d2_72_fu_39633_p2             |         +|   0|  0|   39|          32|          32|
    |d2_73_fu_39646_p2             |         +|   0|  0|   39|          32|          32|
    |d2_74_fu_39659_p2             |         +|   0|  0|   39|          32|          32|
    |d2_75_fu_39672_p2             |         +|   0|  0|   39|          32|          32|
    |d2_76_fu_39685_p2             |         +|   0|  0|   39|          32|          32|
    |d2_77_fu_39698_p2             |         +|   0|  0|   39|          32|          32|
    |d2_78_fu_39711_p2             |         +|   0|  0|   39|          32|          32|
    |d2_79_fu_39724_p2             |         +|   0|  0|   39|          32|          32|
    |d2_7_fu_38056_p2              |         +|   0|  0|   39|          32|          32|
    |d2_80_fu_39764_p2             |         +|   0|  0|   39|          32|          32|
    |d2_81_fu_39809_p2             |         +|   0|  0|   39|          32|          32|
    |d2_82_fu_39854_p2             |         +|   0|  0|   39|          32|          32|
    |d2_83_fu_40039_p2             |         +|   0|  0|   39|          32|          32|
    |d2_84_fu_40057_p2             |         +|   0|  0|   39|          32|          32|
    |d2_85_fu_40070_p2             |         +|   0|  0|   39|          32|          32|
    |d2_86_fu_40083_p2             |         +|   0|  0|   39|          32|          32|
    |d2_87_fu_40096_p2             |         +|   0|  0|   39|          32|          32|
    |d2_88_fu_40109_p2             |         +|   0|  0|   39|          32|          32|
    |d2_89_fu_40122_p2             |         +|   0|  0|   39|          32|          32|
    |d2_8_fu_38069_p2              |         +|   0|  0|   39|          32|          32|
    |d2_90_fu_40135_p2             |         +|   0|  0|   39|          32|          32|
    |d2_91_fu_40175_p2             |         +|   0|  0|   39|          32|          32|
    |d2_92_fu_40220_p2             |         +|   0|  0|   39|          32|          32|
    |d2_93_fu_40265_p2             |         +|   0|  0|   39|          32|          32|
    |d2_94_fu_40310_p2             |         +|   0|  0|   39|          32|          32|
    |d2_95_fu_40475_p2             |         +|   0|  0|   39|          32|          32|
    |d2_96_fu_40493_p2             |         +|   0|  0|   39|          32|          32|
    |d2_97_fu_40506_p2             |         +|   0|  0|   39|          32|          32|
    |d2_98_fu_40519_p2             |         +|   0|  0|   39|          32|          32|
    |d2_99_fu_40532_p2             |         +|   0|  0|   39|          32|          32|
    |d2_9_fu_38082_p2              |         +|   0|  0|   39|          32|          32|
    |d2_fu_37960_p2                |         +|   0|  0|   39|          32|          32|
    |empty_35_fu_25796_p2          |         +|   0|  0|   19|          12|           4|
    |empty_36_fu_25802_p2          |         +|   0|  0|   19|          12|           5|
    |empty_37_fu_25808_p2          |         +|   0|  0|   19|          12|           5|
    |empty_38_fu_25814_p2          |         +|   0|  0|   19|          12|           5|
    |empty_39_fu_25820_p2          |         +|   0|  0|   19|          12|           5|
    |empty_40_fu_25826_p2          |         +|   0|  0|   19|          12|           5|
    |empty_41_fu_25832_p2          |         +|   0|  0|   19|          12|           5|
    |empty_42_fu_25838_p2          |         +|   0|  0|   19|          12|           5|
    |empty_43_fu_25844_p2          |         +|   0|  0|   19|          12|           5|
    |empty_44_fu_25850_p2          |         +|   0|  0|   19|          12|           5|
    |empty_45_fu_25856_p2          |         +|   0|  0|   19|          12|           5|
    |empty_46_fu_25862_p2          |         +|   0|  0|   19|          12|           5|
    |i_fu_25790_p2                 |         +|   0|  0|   19|          12|           1|
    |partial_101_fu_38613_p2       |         +|   0|  0|   39|          32|          32|
    |partial_103_fu_38625_p2       |         +|   0|  0|   39|          32|          32|
    |partial_105_fu_38637_p2       |         +|   0|  0|   39|          32|          32|
    |partial_107_fu_38649_p2       |         +|   0|  0|   39|          32|          32|
    |partial_109_fu_38661_p2       |         +|   0|  0|   39|          32|          32|
    |partial_10_fu_37074_p2        |         +|   0|  0|   39|          32|          32|
    |partial_111_fu_38673_p2       |         +|   0|  0|   39|          32|          32|
    |partial_113_fu_38685_p2       |         +|   0|  0|   39|          32|          32|
    |partial_115_fu_38697_p2       |         +|   0|  0|   39|          32|          32|
    |partial_117_fu_38709_p2       |         +|   0|  0|   39|          32|          32|
    |partial_119_fu_38957_p2       |         +|   0|  0|   39|          32|          32|
    |partial_122_fu_39002_p2       |         +|   0|  0|   39|          32|          32|
    |partial_125_fu_39021_p2       |         +|   0|  0|   39|          32|          32|
    |partial_127_fu_39033_p2       |         +|   0|  0|   39|          32|          32|
    |partial_129_fu_39045_p2       |         +|   0|  0|   39|          32|          32|
    |partial_12_fu_37086_p2        |         +|   0|  0|   39|          32|          32|
    |partial_131_fu_39057_p2       |         +|   0|  0|   39|          32|          32|
    |partial_133_fu_39069_p2       |         +|   0|  0|   39|          32|          32|
    |partial_135_fu_39081_p2       |         +|   0|  0|   39|          32|          32|
    |partial_137_fu_39093_p2       |         +|   0|  0|   39|          32|          32|
    |partial_139_fu_39105_p2       |         +|   0|  0|   39|          32|          32|
    |partial_141_fu_39117_p2       |         +|   0|  0|   39|          32|          32|
    |partial_143_fu_39344_p2       |         +|   0|  0|   39|          32|          32|
    |partial_146_fu_39389_p2       |         +|   0|  0|   39|          32|          32|
    |partial_149_fu_39434_p2       |         +|   0|  0|   39|          32|          32|
    |partial_14_fu_37098_p2        |         +|   0|  0|   39|          32|          32|
    |partial_152_fu_39453_p2       |         +|   0|  0|   39|          32|          32|
    |partial_154_fu_39465_p2       |         +|   0|  0|   39|          32|          32|
    |partial_156_fu_39477_p2       |         +|   0|  0|   39|          32|          32|
    |partial_158_fu_39489_p2       |         +|   0|  0|   39|          32|          32|
    |partial_160_fu_39501_p2       |         +|   0|  0|   39|          32|          32|
    |partial_162_fu_39513_p2       |         +|   0|  0|   39|          32|          32|
    |partial_164_fu_39525_p2       |         +|   0|  0|   39|          32|          32|
    |partial_166_fu_39537_p2       |         +|   0|  0|   39|          32|          32|
    |partial_168_fu_39743_p2       |         +|   0|  0|   39|          32|          32|
    |partial_16_fu_37110_p2        |         +|   0|  0|   39|          32|          32|
    |partial_171_fu_39788_p2       |         +|   0|  0|   39|          32|          32|
    |partial_174_fu_39833_p2       |         +|   0|  0|   39|          32|          32|
    |partial_177_fu_39878_p2       |         +|   0|  0|   39|          32|          32|
    |partial_180_fu_39897_p2       |         +|   0|  0|   39|          32|          32|
    |partial_182_fu_39909_p2       |         +|   0|  0|   39|          32|          32|
    |partial_184_fu_39921_p2       |         +|   0|  0|   39|          32|          32|
    |partial_186_fu_39933_p2       |         +|   0|  0|   39|          32|          32|
    |partial_188_fu_39945_p2       |         +|   0|  0|   39|          32|          32|
    |partial_18_fu_37122_p2        |         +|   0|  0|   39|          32|          32|
    |partial_190_fu_39957_p2       |         +|   0|  0|   39|          32|          32|
    |partial_192_fu_39969_p2       |         +|   0|  0|   39|          32|          32|
    |partial_194_fu_40154_p2       |         +|   0|  0|   39|          32|          32|
    |partial_197_fu_40199_p2       |         +|   0|  0|   39|          32|          32|
    |partial_1_fu_37019_p2         |         +|   0|  0|   39|          32|          32|
    |partial_200_fu_40244_p2       |         +|   0|  0|   39|          32|          32|
    |partial_203_fu_40289_p2       |         +|   0|  0|   39|          32|          32|
    |partial_206_fu_40334_p2       |         +|   0|  0|   39|          32|          32|
    |partial_209_fu_40353_p2       |         +|   0|  0|   39|          32|          32|
    |partial_20_fu_37134_p2        |         +|   0|  0|   39|          32|          32|
    |partial_211_fu_40365_p2       |         +|   0|  0|   39|          32|          32|
    |partial_213_fu_40377_p2       |         +|   0|  0|   39|          32|          32|
    |partial_215_fu_40389_p2       |         +|   0|  0|   39|          32|          32|
    |partial_217_fu_40401_p2       |         +|   0|  0|   39|          32|          32|
    |partial_219_fu_40413_p2       |         +|   0|  0|   39|          32|          32|
    |partial_221_fu_40577_p2       |         +|   0|  0|   39|          32|          32|
    |partial_224_fu_40622_p2       |         +|   0|  0|   39|          32|          32|
    |partial_227_fu_40667_p2       |         +|   0|  0|   39|          32|          32|
    |partial_22_fu_37146_p2        |         +|   0|  0|   39|          32|          32|
    |partial_230_fu_40712_p2       |         +|   0|  0|   39|          32|          32|
    |partial_233_fu_40757_p2       |         +|   0|  0|   39|          32|          32|
    |partial_236_fu_40802_p2       |         +|   0|  0|   39|          32|          32|
    |partial_239_fu_40821_p2       |         +|   0|  0|   39|          32|          32|
    |partial_241_fu_40833_p2       |         +|   0|  0|   39|          32|          32|
    |partial_243_fu_40845_p2       |         +|   0|  0|   39|          32|          32|
    |partial_245_fu_40857_p2       |         +|   0|  0|   39|          32|          32|
    |partial_247_fu_40869_p2       |         +|   0|  0|   39|          32|          32|
    |partial_249_fu_41012_p2       |         +|   0|  0|   39|          32|          32|
    |partial_24_fu_37158_p2        |         +|   0|  0|   39|          32|          32|
    |partial_252_fu_41057_p2       |         +|   0|  0|   39|          32|          32|
    |partial_255_fu_41102_p2       |         +|   0|  0|   39|          32|          32|
    |partial_258_fu_41147_p2       |         +|   0|  0|   39|          32|          32|
    |partial_261_fu_41192_p2       |         +|   0|  0|   39|          32|          32|
    |partial_264_fu_41237_p2       |         +|   0|  0|   39|          32|          32|
    |partial_267_fu_41282_p2       |         +|   0|  0|   39|          32|          32|
    |partial_26_fu_37170_p2        |         +|   0|  0|   39|          32|          32|
    |partial_270_fu_41301_p2       |         +|   0|  0|   39|          32|          32|
    |partial_272_fu_41313_p2       |         +|   0|  0|   39|          32|          32|
    |partial_274_fu_41325_p2       |         +|   0|  0|   39|          32|          32|
    |partial_276_fu_41337_p2       |         +|   0|  0|   39|          32|          32|
    |partial_278_fu_41459_p2       |         +|   0|  0|   39|          32|          32|
    |partial_281_fu_41504_p2       |         +|   0|  0|   39|          32|          32|
    |partial_284_fu_41549_p2       |         +|   0|  0|   39|          32|          32|
    |partial_287_fu_41594_p2       |         +|   0|  0|   39|          32|          32|
    |partial_28_fu_37182_p2        |         +|   0|  0|   39|          32|          32|
    |partial_290_fu_41639_p2       |         +|   0|  0|   39|          32|          32|
    |partial_293_fu_41684_p2       |         +|   0|  0|   39|          32|          32|
    |partial_296_fu_41729_p2       |         +|   0|  0|   39|          32|          32|
    |partial_299_fu_41774_p2       |         +|   0|  0|   39|          32|          32|
    |partial_302_fu_41793_p2       |         +|   0|  0|   39|          32|          32|
    |partial_304_fu_41805_p2       |         +|   0|  0|   39|          32|          32|
    |partial_306_fu_41817_p2       |         +|   0|  0|   39|          32|          32|
    |partial_308_fu_41918_p2       |         +|   0|  0|   39|          32|          32|
    |partial_30_fu_37194_p2        |         +|   0|  0|   39|          32|          32|
    |partial_311_fu_41963_p2       |         +|   0|  0|   39|          32|          32|
    |partial_314_fu_42008_p2       |         +|   0|  0|   39|          32|          32|
    |partial_317_fu_42053_p2       |         +|   0|  0|   39|          32|          32|
    |partial_320_fu_42098_p2       |         +|   0|  0|   39|          32|          32|
    |partial_323_fu_42143_p2       |         +|   0|  0|   39|          32|          32|
    |partial_326_fu_42188_p2       |         +|   0|  0|   39|          32|          32|
    |partial_329_fu_42233_p2       |         +|   0|  0|   39|          32|          32|
    |partial_32_fu_37206_p2        |         +|   0|  0|   39|          32|          32|
    |partial_332_fu_42278_p2       |         +|   0|  0|   39|          32|          32|
    |partial_335_fu_42297_p2       |         +|   0|  0|   39|          32|          32|
    |partial_337_fu_42309_p2       |         +|   0|  0|   39|          32|          32|
    |partial_339_fu_42389_p2       |         +|   0|  0|   39|          32|          32|
    |partial_342_fu_42434_p2       |         +|   0|  0|   39|          32|          32|
    |partial_345_fu_42479_p2       |         +|   0|  0|   39|          32|          32|
    |partial_348_fu_42524_p2       |         +|   0|  0|   39|          32|          32|
    |partial_34_fu_37218_p2        |         +|   0|  0|   39|          32|          32|
    |partial_351_fu_42569_p2       |         +|   0|  0|   39|          32|          32|
    |partial_354_fu_42614_p2       |         +|   0|  0|   39|          32|          32|
    |partial_357_fu_42659_p2       |         +|   0|  0|   39|          32|          32|
    |partial_360_fu_42704_p2       |         +|   0|  0|   39|          32|          32|
    |partial_363_fu_42749_p2       |         +|   0|  0|   39|          32|          32|
    |partial_366_fu_42794_p2       |         +|   0|  0|   39|          32|          32|
    |partial_369_fu_42813_p2       |         +|   0|  0|   39|          32|          32|
    |partial_36_fu_37230_p2        |         +|   0|  0|   39|          32|          32|
    |partial_371_fu_42872_p2       |         +|   0|  0|   39|          32|          32|
    |partial_374_fu_42917_p2       |         +|   0|  0|   39|          32|          32|
    |partial_377_fu_42962_p2       |         +|   0|  0|   39|          32|          32|
    |partial_380_fu_43007_p2       |         +|   0|  0|   39|          32|          32|
    |partial_383_fu_43052_p2       |         +|   0|  0|   39|          32|          32|
    |partial_386_fu_43097_p2       |         +|   0|  0|   39|          32|          32|
    |partial_389_fu_43142_p2       |         +|   0|  0|   39|          32|          32|
    |partial_38_fu_37242_p2        |         +|   0|  0|   39|          32|          32|
    |partial_392_fu_43187_p2       |         +|   0|  0|   39|          32|          32|
    |partial_395_fu_43232_p2       |         +|   0|  0|   39|          32|          32|
    |partial_398_fu_43277_p2       |         +|   0|  0|   39|          32|          32|
    |partial_401_fu_43322_p2       |         +|   0|  0|   39|          32|          32|
    |partial_404_fu_43367_p2       |         +|   0|  0|   39|          32|          32|
    |partial_407_fu_43412_p2       |         +|   0|  0|   39|          32|          32|
    |partial_40_fu_37254_p2        |         +|   0|  0|   39|          32|          32|
    |partial_410_fu_43457_p2       |         +|   0|  0|   39|          32|          32|
    |partial_413_fu_43502_p2       |         +|   0|  0|   39|          32|          32|
    |partial_416_fu_43547_p2       |         +|   0|  0|   39|          32|          32|
    |partial_419_fu_43592_p2       |         +|   0|  0|   39|          32|          32|
    |partial_422_fu_43637_p2       |         +|   0|  0|   39|          32|          32|
    |partial_425_fu_43682_p2       |         +|   0|  0|   39|          32|          32|
    |partial_428_fu_43727_p2       |         +|   0|  0|   39|          32|          32|
    |partial_42_fu_37266_p2        |         +|   0|  0|   39|          32|          32|
    |partial_431_fu_43772_p2       |         +|   0|  0|   39|          32|          32|
    |partial_434_fu_43817_p2       |         +|   0|  0|   39|          32|          32|
    |partial_437_fu_43862_p2       |         +|   0|  0|   39|          32|          32|
    |partial_44_fu_37278_p2        |         +|   0|  0|   39|          32|          32|
    |partial_46_fu_37290_p2        |         +|   0|  0|   39|          32|          32|
    |partial_48_fu_37302_p2        |         +|   0|  0|   39|          32|          32|
    |partial_4_fu_37038_p2         |         +|   0|  0|   39|          32|          32|
    |partial_50_fu_37314_p2        |         +|   0|  0|   39|          32|          32|
    |partial_52_fu_37326_p2        |         +|   0|  0|   39|          32|          32|
    |partial_54_fu_37338_p2        |         +|   0|  0|   39|          32|          32|
    |partial_56_fu_37350_p2        |         +|   0|  0|   39|          32|          32|
    |partial_58_fu_37362_p2        |         +|   0|  0|   39|          32|          32|
    |partial_60_fu_37374_p2        |         +|   0|  0|   39|          32|          32|
    |partial_62_fu_37386_p2        |         +|   0|  0|   39|          32|          32|
    |partial_64_fu_37398_p2        |         +|   0|  0|   39|          32|          32|
    |partial_66_fu_37410_p2        |         +|   0|  0|   39|          32|          32|
    |partial_68_fu_37422_p2        |         +|   0|  0|   39|          32|          32|
    |partial_6_fu_37050_p2         |         +|   0|  0|   39|          32|          32|
    |partial_70_fu_37434_p2        |         +|   0|  0|   39|          32|          32|
    |partial_72_fu_37446_p2        |         +|   0|  0|   39|          32|          32|
    |partial_74_fu_37458_p2        |         +|   0|  0|   39|          32|          32|
    |partial_76_fu_37470_p2        |         +|   0|  0|   39|          32|          32|
    |partial_78_fu_37482_p2        |         +|   0|  0|   39|          32|          32|
    |partial_80_fu_37494_p2        |         +|   0|  0|   39|          32|          32|
    |partial_82_fu_37506_p2        |         +|   0|  0|   39|          32|          32|
    |partial_84_fu_37518_p2        |         +|   0|  0|   39|          32|          32|
    |partial_86_fu_37530_p2        |         +|   0|  0|   39|          32|          32|
    |partial_88_fu_37542_p2        |         +|   0|  0|   39|          32|          32|
    |partial_8_fu_37062_p2         |         +|   0|  0|   39|          32|          32|
    |partial_90_fu_37554_p2        |         +|   0|  0|   39|          32|          32|
    |partial_92_fu_37566_p2        |         +|   0|  0|   39|          32|          32|
    |partial_94_fu_37578_p2        |         +|   0|  0|   39|          32|          32|
    |partial_96_fu_38582_p2        |         +|   0|  0|   39|          32|          32|
    |partial_99_fu_38601_p2        |         +|   0|  0|   39|          32|          32|
    |diff_100_fu_31443_p2          |         -|   0|  0|   22|          15|          15|
    |diff_101_fu_31461_p2          |         -|   0|  0|   22|          15|          15|
    |diff_102_fu_27072_p2          |         -|   0|  0|   22|          15|          15|
    |diff_103_fu_27082_p2          |         -|   0|  0|   22|          15|          15|
    |diff_104_fu_31479_p2          |         -|   0|  0|   22|          15|          15|
    |diff_105_fu_31497_p2          |         -|   0|  0|   22|          15|          15|
    |diff_106_fu_27092_p2          |         -|   0|  0|   22|          15|          15|
    |diff_107_fu_27102_p2          |         -|   0|  0|   22|          15|          15|
    |diff_108_fu_31515_p2          |         -|   0|  0|   22|          15|          15|
    |diff_109_fu_31533_p2          |         -|   0|  0|   22|          15|          15|
    |diff_10_fu_26325_p2           |         -|   0|  0|   22|          15|          15|
    |diff_110_fu_27112_p2          |         -|   0|  0|   22|          15|          15|
    |diff_111_fu_27122_p2          |         -|   0|  0|   22|          15|          15|
    |diff_112_fu_31551_p2          |         -|   0|  0|   22|          15|          15|
    |diff_113_fu_31569_p2          |         -|   0|  0|   22|          15|          15|
    |diff_114_fu_27132_p2          |         -|   0|  0|   22|          15|          15|
    |diff_115_fu_27142_p2          |         -|   0|  0|   22|          15|          15|
    |diff_116_fu_31587_p2          |         -|   0|  0|   22|          15|          15|
    |diff_117_fu_31605_p2          |         -|   0|  0|   22|          15|          15|
    |diff_118_fu_27152_p2          |         -|   0|  0|   22|          15|          15|
    |diff_119_fu_27162_p2          |         -|   0|  0|   22|          15|          15|
    |diff_11_fu_26342_p2           |         -|   0|  0|   22|          15|          15|
    |diff_120_fu_31623_p2          |         -|   0|  0|   22|          15|          15|
    |diff_121_fu_31641_p2          |         -|   0|  0|   22|          15|          15|
    |diff_122_fu_27172_p2          |         -|   0|  0|   22|          15|          15|
    |diff_123_fu_27182_p2          |         -|   0|  0|   22|          15|          15|
    |diff_124_fu_31659_p2          |         -|   0|  0|   22|          15|          15|
    |diff_125_fu_31677_p2          |         -|   0|  0|   22|          15|          15|
    |diff_126_fu_27192_p2          |         -|   0|  0|   22|          15|          15|
    |diff_127_fu_27202_p2          |         -|   0|  0|   22|          15|          15|
    |diff_128_fu_31695_p2          |         -|   0|  0|   22|          15|          15|
    |diff_129_fu_31713_p2          |         -|   0|  0|   22|          15|          15|
    |diff_12_fu_30651_p2           |         -|   0|  0|   22|          15|          15|
    |diff_130_fu_27212_p2          |         -|   0|  0|   22|          15|          15|
    |diff_131_fu_27222_p2          |         -|   0|  0|   22|          15|          15|
    |diff_132_fu_31731_p2          |         -|   0|  0|   22|          15|          15|
    |diff_133_fu_31749_p2          |         -|   0|  0|   22|          15|          15|
    |diff_134_fu_27232_p2          |         -|   0|  0|   22|          15|          15|
    |diff_135_fu_27242_p2          |         -|   0|  0|   22|          15|          15|
    |diff_136_fu_31767_p2          |         -|   0|  0|   22|          15|          15|
    |diff_137_fu_31785_p2          |         -|   0|  0|   22|          15|          15|
    |diff_138_fu_27252_p2          |         -|   0|  0|   22|          15|          15|
    |diff_139_fu_27262_p2          |         -|   0|  0|   22|          15|          15|
    |diff_13_fu_30669_p2           |         -|   0|  0|   22|          15|          15|
    |diff_140_fu_31803_p2          |         -|   0|  0|   22|          15|          15|
    |diff_141_fu_31821_p2          |         -|   0|  0|   22|          15|          15|
    |diff_142_fu_27293_p2          |         -|   0|  0|   22|          15|          15|
    |diff_143_fu_27310_p2          |         -|   0|  0|   22|          15|          15|
    |diff_144_fu_31839_p2          |         -|   0|  0|   22|          15|          15|
    |diff_145_fu_31857_p2          |         -|   0|  0|   22|          15|          15|
    |diff_146_fu_27320_p2          |         -|   0|  0|   22|          15|          15|
    |diff_147_fu_27330_p2          |         -|   0|  0|   22|          15|          15|
    |diff_148_fu_31875_p2          |         -|   0|  0|   22|          15|          15|
    |diff_149_fu_31893_p2          |         -|   0|  0|   22|          15|          15|
    |diff_14_fu_26373_p2           |         -|   0|  0|   22|          15|          15|
    |diff_150_fu_27340_p2          |         -|   0|  0|   22|          15|          15|
    |diff_151_fu_27350_p2          |         -|   0|  0|   22|          15|          15|
    |diff_152_fu_31911_p2          |         -|   0|  0|   22|          15|          15|
    |diff_153_fu_31929_p2          |         -|   0|  0|   22|          15|          15|
    |diff_154_fu_27360_p2          |         -|   0|  0|   22|          15|          15|
    |diff_155_fu_27370_p2          |         -|   0|  0|   22|          15|          15|
    |diff_156_fu_31947_p2          |         -|   0|  0|   22|          15|          15|
    |diff_157_fu_31965_p2          |         -|   0|  0|   22|          15|          15|
    |diff_158_fu_27380_p2          |         -|   0|  0|   22|          15|          15|
    |diff_159_fu_27390_p2          |         -|   0|  0|   22|          15|          15|
    |diff_15_fu_26390_p2           |         -|   0|  0|   22|          15|          15|
    |diff_160_fu_31983_p2          |         -|   0|  0|   22|          15|          15|
    |diff_161_fu_32001_p2          |         -|   0|  0|   22|          15|          15|
    |diff_162_fu_27400_p2          |         -|   0|  0|   22|          15|          15|
    |diff_163_fu_27410_p2          |         -|   0|  0|   22|          15|          15|
    |diff_164_fu_32019_p2          |         -|   0|  0|   22|          15|          15|
    |diff_165_fu_32037_p2          |         -|   0|  0|   22|          15|          15|
    |diff_166_fu_27420_p2          |         -|   0|  0|   22|          15|          15|
    |diff_167_fu_27430_p2          |         -|   0|  0|   22|          15|          15|
    |diff_168_fu_32055_p2          |         -|   0|  0|   22|          15|          15|
    |diff_169_fu_32073_p2          |         -|   0|  0|   22|          15|          15|
    |diff_16_fu_30687_p2           |         -|   0|  0|   22|          15|          15|
    |diff_170_fu_27440_p2          |         -|   0|  0|   22|          15|          15|
    |diff_171_fu_27450_p2          |         -|   0|  0|   22|          15|          15|
    |diff_172_fu_32091_p2          |         -|   0|  0|   22|          15|          15|
    |diff_173_fu_32109_p2          |         -|   0|  0|   22|          15|          15|
    |diff_174_fu_27460_p2          |         -|   0|  0|   22|          15|          15|
    |diff_175_fu_27470_p2          |         -|   0|  0|   22|          15|          15|
    |diff_176_fu_32127_p2          |         -|   0|  0|   22|          15|          15|
    |diff_177_fu_32145_p2          |         -|   0|  0|   22|          15|          15|
    |diff_178_fu_27480_p2          |         -|   0|  0|   22|          15|          15|
    |diff_179_fu_27490_p2          |         -|   0|  0|   22|          15|          15|
    |diff_17_fu_30705_p2           |         -|   0|  0|   22|          15|          15|
    |diff_180_fu_32163_p2          |         -|   0|  0|   22|          15|          15|
    |diff_181_fu_32181_p2          |         -|   0|  0|   22|          15|          15|
    |diff_182_fu_27500_p2          |         -|   0|  0|   22|          15|          15|
    |diff_183_fu_27510_p2          |         -|   0|  0|   22|          15|          15|
    |diff_184_fu_32199_p2          |         -|   0|  0|   22|          15|          15|
    |diff_185_fu_32217_p2          |         -|   0|  0|   22|          15|          15|
    |diff_186_fu_27520_p2          |         -|   0|  0|   22|          15|          15|
    |diff_187_fu_27530_p2          |         -|   0|  0|   22|          15|          15|
    |diff_188_fu_27547_p2          |         -|   0|  0|   22|          15|          15|
    |diff_189_fu_32235_p2          |         -|   0|  0|   22|          15|          15|
    |diff_18_fu_26421_p2           |         -|   0|  0|   22|          15|          15|
    |diff_190_fu_32253_p2          |         -|   0|  0|   22|          15|          15|
    |diff_191_fu_27578_p2          |         -|   0|  0|   22|          15|          15|
    |diff_192_fu_32271_p2          |         -|   0|  0|   22|          15|          15|
    |diff_193_fu_32289_p2          |         -|   0|  0|   22|          15|          15|
    |diff_194_fu_27588_p2          |         -|   0|  0|   22|          15|          15|
    |diff_195_fu_27598_p2          |         -|   0|  0|   22|          15|          15|
    |diff_196_fu_32307_p2          |         -|   0|  0|   22|          15|          15|
    |diff_197_fu_32325_p2          |         -|   0|  0|   22|          15|          15|
    |diff_198_fu_27608_p2          |         -|   0|  0|   22|          15|          15|
    |diff_199_fu_27618_p2          |         -|   0|  0|   22|          15|          15|
    |diff_19_fu_26438_p2           |         -|   0|  0|   22|          15|          15|
    |diff_1_fu_30548_p2            |         -|   0|  0|   22|          15|          15|
    |diff_200_fu_32343_p2          |         -|   0|  0|   22|          15|          15|
    |diff_201_fu_32361_p2          |         -|   0|  0|   22|          15|          15|
    |diff_202_fu_27628_p2          |         -|   0|  0|   22|          15|          15|
    |diff_203_fu_27638_p2          |         -|   0|  0|   22|          15|          15|
    |diff_204_fu_32379_p2          |         -|   0|  0|   22|          15|          15|
    |diff_205_fu_32397_p2          |         -|   0|  0|   22|          15|          15|
    |diff_206_fu_27648_p2          |         -|   0|  0|   22|          15|          15|
    |diff_207_fu_27658_p2          |         -|   0|  0|   22|          15|          15|
    |diff_208_fu_32415_p2          |         -|   0|  0|   22|          15|          15|
    |diff_209_fu_32433_p2          |         -|   0|  0|   22|          15|          15|
    |diff_20_fu_30723_p2           |         -|   0|  0|   22|          15|          15|
    |diff_210_fu_27668_p2          |         -|   0|  0|   22|          15|          15|
    |diff_211_fu_27678_p2          |         -|   0|  0|   22|          15|          15|
    |diff_212_fu_32451_p2          |         -|   0|  0|   22|          15|          15|
    |diff_213_fu_32469_p2          |         -|   0|  0|   22|          15|          15|
    |diff_214_fu_27688_p2          |         -|   0|  0|   22|          15|          15|
    |diff_215_fu_27698_p2          |         -|   0|  0|   22|          15|          15|
    |diff_216_fu_32487_p2          |         -|   0|  0|   22|          15|          15|
    |diff_217_fu_32505_p2          |         -|   0|  0|   22|          15|          15|
    |diff_218_fu_27708_p2          |         -|   0|  0|   22|          15|          15|
    |diff_219_fu_27718_p2          |         -|   0|  0|   22|          15|          15|
    |diff_21_fu_30741_p2           |         -|   0|  0|   22|          15|          15|
    |diff_220_fu_32523_p2          |         -|   0|  0|   22|          15|          15|
    |diff_221_fu_32541_p2          |         -|   0|  0|   22|          15|          15|
    |diff_222_fu_27728_p2          |         -|   0|  0|   22|          15|          15|
    |diff_223_fu_27738_p2          |         -|   0|  0|   22|          15|          15|
    |diff_224_fu_32559_p2          |         -|   0|  0|   22|          15|          15|
    |diff_225_fu_32577_p2          |         -|   0|  0|   22|          15|          15|
    |diff_226_fu_27748_p2          |         -|   0|  0|   22|          15|          15|
    |diff_227_fu_27758_p2          |         -|   0|  0|   22|          15|          15|
    |diff_228_fu_32595_p2          |         -|   0|  0|   22|          15|          15|
    |diff_229_fu_32613_p2          |         -|   0|  0|   22|          15|          15|
    |diff_22_fu_26469_p2           |         -|   0|  0|   22|          15|          15|
    |diff_230_fu_27768_p2          |         -|   0|  0|   22|          15|          15|
    |diff_231_fu_27778_p2          |         -|   0|  0|   22|          15|          15|
    |diff_232_fu_27788_p2          |         -|   0|  0|   22|          15|          15|
    |diff_233_fu_32631_p2          |         -|   0|  0|   22|          15|          15|
    |diff_234_fu_32649_p2          |         -|   0|  0|   22|          15|          15|
    |diff_235_fu_27798_p2          |         -|   0|  0|   22|          15|          15|
    |diff_236_fu_27815_p2          |         -|   0|  0|   22|          15|          15|
    |diff_237_fu_32667_p2          |         -|   0|  0|   22|          15|          15|
    |diff_238_fu_32685_p2          |         -|   0|  0|   22|          15|          15|
    |diff_239_fu_27846_p2          |         -|   0|  0|   22|          15|          15|
    |diff_23_fu_26486_p2           |         -|   0|  0|   22|          15|          15|
    |diff_240_fu_32703_p2          |         -|   0|  0|   22|          15|          15|
    |diff_241_fu_32721_p2          |         -|   0|  0|   22|          15|          15|
    |diff_242_fu_27856_p2          |         -|   0|  0|   22|          15|          15|
    |diff_243_fu_27866_p2          |         -|   0|  0|   22|          15|          15|
    |diff_244_fu_32739_p2          |         -|   0|  0|   22|          15|          15|
    |diff_245_fu_32757_p2          |         -|   0|  0|   22|          15|          15|
    |diff_246_fu_27876_p2          |         -|   0|  0|   22|          15|          15|
    |diff_247_fu_27886_p2          |         -|   0|  0|   22|          15|          15|
    |diff_248_fu_32775_p2          |         -|   0|  0|   22|          15|          15|
    |diff_249_fu_32793_p2          |         -|   0|  0|   22|          15|          15|
    |diff_24_fu_30759_p2           |         -|   0|  0|   22|          15|          15|
    |diff_250_fu_27896_p2          |         -|   0|  0|   22|          15|          15|
    |diff_251_fu_27906_p2          |         -|   0|  0|   22|          15|          15|
    |diff_252_fu_32811_p2          |         -|   0|  0|   22|          15|          15|
    |diff_253_fu_32829_p2          |         -|   0|  0|   22|          15|          15|
    |diff_254_fu_27916_p2          |         -|   0|  0|   22|          15|          15|
    |diff_255_fu_27926_p2          |         -|   0|  0|   22|          15|          15|
    |diff_256_fu_32847_p2          |         -|   0|  0|   22|          15|          15|
    |diff_257_fu_32865_p2          |         -|   0|  0|   22|          15|          15|
    |diff_258_fu_27936_p2          |         -|   0|  0|   22|          15|          15|
    |diff_259_fu_27946_p2          |         -|   0|  0|   22|          15|          15|
    |diff_25_fu_30777_p2           |         -|   0|  0|   22|          15|          15|
    |diff_260_fu_32883_p2          |         -|   0|  0|   22|          15|          15|
    |diff_261_fu_32901_p2          |         -|   0|  0|   22|          15|          15|
    |diff_262_fu_27956_p2          |         -|   0|  0|   22|          15|          15|
    |diff_263_fu_27966_p2          |         -|   0|  0|   22|          15|          15|
    |diff_264_fu_32919_p2          |         -|   0|  0|   22|          15|          15|
    |diff_265_fu_32937_p2          |         -|   0|  0|   22|          15|          15|
    |diff_266_fu_27976_p2          |         -|   0|  0|   22|          15|          15|
    |diff_267_fu_27986_p2          |         -|   0|  0|   22|          15|          15|
    |diff_268_fu_32955_p2          |         -|   0|  0|   22|          15|          15|
    |diff_269_fu_32973_p2          |         -|   0|  0|   22|          15|          15|
    |diff_26_fu_26517_p2           |         -|   0|  0|   22|          15|          15|
    |diff_270_fu_27996_p2          |         -|   0|  0|   22|          15|          15|
    |diff_271_fu_28006_p2          |         -|   0|  0|   22|          15|          15|
    |diff_272_fu_32991_p2          |         -|   0|  0|   22|          15|          15|
    |diff_273_fu_33009_p2          |         -|   0|  0|   22|          15|          15|
    |diff_274_fu_28016_p2          |         -|   0|  0|   22|          15|          15|
    |diff_275_fu_28026_p2          |         -|   0|  0|   22|          15|          15|
    |diff_276_fu_28036_p2          |         -|   0|  0|   22|          15|          15|
    |diff_277_fu_33027_p2          |         -|   0|  0|   22|          15|          15|
    |diff_278_fu_33045_p2          |         -|   0|  0|   22|          15|          15|
    |diff_279_fu_28046_p2          |         -|   0|  0|   22|          15|          15|
    |diff_27_fu_26534_p2           |         -|   0|  0|   22|          15|          15|
    |diff_280_fu_28056_p2          |         -|   0|  0|   22|          15|          15|
    |diff_281_fu_33063_p2          |         -|   0|  0|   22|          15|          15|
    |diff_282_fu_33081_p2          |         -|   0|  0|   22|          15|          15|
    |diff_283_fu_28066_p2          |         -|   0|  0|   22|          15|          15|
    |diff_284_fu_28083_p2          |         -|   0|  0|   22|          15|          15|
    |diff_285_fu_33099_p2          |         -|   0|  0|   22|          15|          15|
    |diff_286_fu_33117_p2          |         -|   0|  0|   22|          15|          15|
    |diff_287_fu_28114_p2          |         -|   0|  0|   22|          15|          15|
    |diff_288_fu_33135_p2          |         -|   0|  0|   22|          15|          15|
    |diff_289_fu_33153_p2          |         -|   0|  0|   22|          15|          15|
    |diff_28_fu_30795_p2           |         -|   0|  0|   22|          15|          15|
    |diff_290_fu_28124_p2          |         -|   0|  0|   22|          15|          15|
    |diff_291_fu_28134_p2          |         -|   0|  0|   22|          15|          15|
    |diff_292_fu_33171_p2          |         -|   0|  0|   22|          15|          15|
    |diff_293_fu_33189_p2          |         -|   0|  0|   22|          15|          15|
    |diff_294_fu_28144_p2          |         -|   0|  0|   22|          15|          15|
    |diff_295_fu_28154_p2          |         -|   0|  0|   22|          15|          15|
    |diff_296_fu_33207_p2          |         -|   0|  0|   22|          15|          15|
    |diff_297_fu_33225_p2          |         -|   0|  0|   22|          15|          15|
    |diff_298_fu_28164_p2          |         -|   0|  0|   22|          15|          15|
    |diff_299_fu_28174_p2          |         -|   0|  0|   22|          15|          15|
    |diff_29_fu_30813_p2           |         -|   0|  0|   22|          15|          15|
    |diff_2_fu_26233_p2            |         -|   0|  0|   22|          15|          15|
    |diff_300_fu_33243_p2          |         -|   0|  0|   22|          15|          15|
    |diff_301_fu_33261_p2          |         -|   0|  0|   22|          15|          15|
    |diff_302_fu_28184_p2          |         -|   0|  0|   22|          15|          15|
    |diff_303_fu_28194_p2          |         -|   0|  0|   22|          15|          15|
    |diff_304_fu_33279_p2          |         -|   0|  0|   22|          15|          15|
    |diff_305_fu_33297_p2          |         -|   0|  0|   22|          15|          15|
    |diff_306_fu_28204_p2          |         -|   0|  0|   22|          15|          15|
    |diff_307_fu_28214_p2          |         -|   0|  0|   22|          15|          15|
    |diff_308_fu_33315_p2          |         -|   0|  0|   22|          15|          15|
    |diff_309_fu_33333_p2          |         -|   0|  0|   22|          15|          15|
    |diff_30_fu_26565_p2           |         -|   0|  0|   22|          15|          15|
    |diff_310_fu_28224_p2          |         -|   0|  0|   22|          15|          15|
    |diff_311_fu_28234_p2          |         -|   0|  0|   22|          15|          15|
    |diff_312_fu_33351_p2          |         -|   0|  0|   22|          15|          15|
    |diff_313_fu_33369_p2          |         -|   0|  0|   22|          15|          15|
    |diff_314_fu_28244_p2          |         -|   0|  0|   22|          15|          15|
    |diff_315_fu_28254_p2          |         -|   0|  0|   22|          15|          15|
    |diff_316_fu_33387_p2          |         -|   0|  0|   22|          15|          15|
    |diff_317_fu_33405_p2          |         -|   0|  0|   22|          15|          15|
    |diff_318_fu_28264_p2          |         -|   0|  0|   22|          15|          15|
    |diff_319_fu_28274_p2          |         -|   0|  0|   22|          15|          15|
    |diff_31_fu_26582_p2           |         -|   0|  0|   22|          15|          15|
    |diff_320_fu_28284_p2          |         -|   0|  0|   22|          15|          15|
    |diff_321_fu_33423_p2          |         -|   0|  0|   22|          15|          15|
    |diff_322_fu_33441_p2          |         -|   0|  0|   22|          15|          15|
    |diff_323_fu_28294_p2          |         -|   0|  0|   22|          15|          15|
    |diff_324_fu_28304_p2          |         -|   0|  0|   22|          15|          15|
    |diff_325_fu_33459_p2          |         -|   0|  0|   22|          15|          15|
    |diff_326_fu_33477_p2          |         -|   0|  0|   22|          15|          15|
    |diff_327_fu_28314_p2          |         -|   0|  0|   22|          15|          15|
    |diff_328_fu_28324_p2          |         -|   0|  0|   22|          15|          15|
    |diff_329_fu_33495_p2          |         -|   0|  0|   22|          15|          15|
    |diff_32_fu_30831_p2           |         -|   0|  0|   22|          15|          15|
    |diff_330_fu_33513_p2          |         -|   0|  0|   22|          15|          15|
    |diff_331_fu_28334_p2          |         -|   0|  0|   22|          15|          15|
    |diff_332_fu_28351_p2          |         -|   0|  0|   22|          15|          15|
    |diff_333_fu_33531_p2          |         -|   0|  0|   22|          15|          15|
    |diff_334_fu_33549_p2          |         -|   0|  0|   22|          15|          15|
    |diff_335_fu_28382_p2          |         -|   0|  0|   22|          15|          15|
    |diff_336_fu_33567_p2          |         -|   0|  0|   22|          15|          15|
    |diff_337_fu_33585_p2          |         -|   0|  0|   22|          15|          15|
    |diff_338_fu_28392_p2          |         -|   0|  0|   22|          15|          15|
    |diff_339_fu_28402_p2          |         -|   0|  0|   22|          15|          15|
    |diff_33_fu_30849_p2           |         -|   0|  0|   22|          15|          15|
    |diff_340_fu_33603_p2          |         -|   0|  0|   22|          15|          15|
    |diff_341_fu_33621_p2          |         -|   0|  0|   22|          15|          15|
    |diff_342_fu_28412_p2          |         -|   0|  0|   22|          15|          15|
    |diff_343_fu_28422_p2          |         -|   0|  0|   22|          15|          15|
    |diff_344_fu_33639_p2          |         -|   0|  0|   22|          15|          15|
    |diff_345_fu_33657_p2          |         -|   0|  0|   22|          15|          15|
    |diff_346_fu_28432_p2          |         -|   0|  0|   22|          15|          15|
    |diff_347_fu_28442_p2          |         -|   0|  0|   22|          15|          15|
    |diff_348_fu_33675_p2          |         -|   0|  0|   22|          15|          15|
    |diff_349_fu_33693_p2          |         -|   0|  0|   22|          15|          15|
    |diff_34_fu_26613_p2           |         -|   0|  0|   22|          15|          15|
    |diff_350_fu_28452_p2          |         -|   0|  0|   22|          15|          15|
    |diff_351_fu_28462_p2          |         -|   0|  0|   22|          15|          15|
    |diff_352_fu_33711_p2          |         -|   0|  0|   22|          15|          15|
    |diff_353_fu_33729_p2          |         -|   0|  0|   22|          15|          15|
    |diff_354_fu_28472_p2          |         -|   0|  0|   22|          15|          15|
    |diff_355_fu_28482_p2          |         -|   0|  0|   22|          15|          15|
    |diff_356_fu_33747_p2          |         -|   0|  0|   22|          15|          15|
    |diff_357_fu_33765_p2          |         -|   0|  0|   22|          15|          15|
    |diff_358_fu_28492_p2          |         -|   0|  0|   22|          15|          15|
    |diff_359_fu_28502_p2          |         -|   0|  0|   22|          15|          15|
    |diff_35_fu_26630_p2           |         -|   0|  0|   22|          15|          15|
    |diff_360_fu_33783_p2          |         -|   0|  0|   22|          15|          15|
    |diff_361_fu_33801_p2          |         -|   0|  0|   22|          15|          15|
    |diff_362_fu_28512_p2          |         -|   0|  0|   22|          15|          15|
    |diff_363_fu_28522_p2          |         -|   0|  0|   22|          15|          15|
    |diff_364_fu_28532_p2          |         -|   0|  0|   22|          15|          15|
    |diff_365_fu_33819_p2          |         -|   0|  0|   22|          15|          15|
    |diff_366_fu_33837_p2          |         -|   0|  0|   22|          15|          15|
    |diff_367_fu_28542_p2          |         -|   0|  0|   22|          15|          15|
    |diff_368_fu_28552_p2          |         -|   0|  0|   22|          15|          15|
    |diff_369_fu_33855_p2          |         -|   0|  0|   22|          15|          15|
    |diff_36_fu_30867_p2           |         -|   0|  0|   22|          15|          15|
    |diff_370_fu_33873_p2          |         -|   0|  0|   22|          15|          15|
    |diff_371_fu_28562_p2          |         -|   0|  0|   22|          15|          15|
    |diff_372_fu_28572_p2          |         -|   0|  0|   22|          15|          15|
    |diff_373_fu_33891_p2          |         -|   0|  0|   22|          15|          15|
    |diff_374_fu_33909_p2          |         -|   0|  0|   22|          15|          15|
    |diff_375_fu_28582_p2          |         -|   0|  0|   22|          15|          15|
    |diff_376_fu_28592_p2          |         -|   0|  0|   22|          15|          15|
    |diff_377_fu_33927_p2          |         -|   0|  0|   22|          15|          15|
    |diff_378_fu_33945_p2          |         -|   0|  0|   22|          15|          15|
    |diff_379_fu_28602_p2          |         -|   0|  0|   22|          15|          15|
    |diff_37_fu_30885_p2           |         -|   0|  0|   22|          15|          15|
    |diff_380_fu_28619_p2          |         -|   0|  0|   22|          15|          15|
    |diff_381_fu_33963_p2          |         -|   0|  0|   22|          15|          15|
    |diff_382_fu_33981_p2          |         -|   0|  0|   22|          15|          15|
    |diff_383_fu_28650_p2          |         -|   0|  0|   22|          15|          15|
    |diff_384_fu_33999_p2          |         -|   0|  0|   22|          15|          15|
    |diff_385_fu_34017_p2          |         -|   0|  0|   22|          15|          15|
    |diff_386_fu_28660_p2          |         -|   0|  0|   22|          15|          15|
    |diff_387_fu_28670_p2          |         -|   0|  0|   22|          15|          15|
    |diff_388_fu_34035_p2          |         -|   0|  0|   22|          15|          15|
    |diff_389_fu_34053_p2          |         -|   0|  0|   22|          15|          15|
    |diff_38_fu_26661_p2           |         -|   0|  0|   22|          15|          15|
    |diff_390_fu_28680_p2          |         -|   0|  0|   22|          15|          15|
    |diff_391_fu_28690_p2          |         -|   0|  0|   22|          15|          15|
    |diff_392_fu_34071_p2          |         -|   0|  0|   22|          15|          15|
    |diff_393_fu_34089_p2          |         -|   0|  0|   22|          15|          15|
    |diff_394_fu_28700_p2          |         -|   0|  0|   22|          15|          15|
    |diff_395_fu_28710_p2          |         -|   0|  0|   22|          15|          15|
    |diff_396_fu_34107_p2          |         -|   0|  0|   22|          15|          15|
    |diff_397_fu_34125_p2          |         -|   0|  0|   22|          15|          15|
    |diff_398_fu_28720_p2          |         -|   0|  0|   22|          15|          15|
    |diff_399_fu_28730_p2          |         -|   0|  0|   22|          15|          15|
    |diff_39_fu_26678_p2           |         -|   0|  0|   22|          15|          15|
    |diff_3_fu_26246_p2            |         -|   0|  0|   22|          15|          15|
    |diff_400_fu_34143_p2          |         -|   0|  0|   22|          15|          15|
    |diff_401_fu_34161_p2          |         -|   0|  0|   22|          15|          15|
    |diff_402_fu_28740_p2          |         -|   0|  0|   22|          15|          15|
    |diff_403_fu_28750_p2          |         -|   0|  0|   22|          15|          15|
    |diff_404_fu_34179_p2          |         -|   0|  0|   22|          15|          15|
    |diff_405_fu_34197_p2          |         -|   0|  0|   22|          15|          15|
    |diff_406_fu_28760_p2          |         -|   0|  0|   22|          15|          15|
    |diff_407_fu_28770_p2          |         -|   0|  0|   22|          15|          15|
    |diff_408_fu_28780_p2          |         -|   0|  0|   22|          15|          15|
    |diff_409_fu_34215_p2          |         -|   0|  0|   22|          15|          15|
    |diff_40_fu_30903_p2           |         -|   0|  0|   22|          15|          15|
    |diff_410_fu_34233_p2          |         -|   0|  0|   22|          15|          15|
    |diff_411_fu_28790_p2          |         -|   0|  0|   22|          15|          15|
    |diff_412_fu_28800_p2          |         -|   0|  0|   22|          15|          15|
    |diff_413_fu_34251_p2          |         -|   0|  0|   22|          15|          15|
    |diff_414_fu_34269_p2          |         -|   0|  0|   22|          15|          15|
    |diff_415_fu_28810_p2          |         -|   0|  0|   22|          15|          15|
    |diff_416_fu_28820_p2          |         -|   0|  0|   22|          15|          15|
    |diff_417_fu_34287_p2          |         -|   0|  0|   22|          15|          15|
    |diff_418_fu_34305_p2          |         -|   0|  0|   22|          15|          15|
    |diff_419_fu_28830_p2          |         -|   0|  0|   22|          15|          15|
    |diff_41_fu_30921_p2           |         -|   0|  0|   22|          15|          15|
    |diff_420_fu_28840_p2          |         -|   0|  0|   22|          15|          15|
    |diff_421_fu_34323_p2          |         -|   0|  0|   22|          15|          15|
    |diff_422_fu_34341_p2          |         -|   0|  0|   22|          15|          15|
    |diff_423_fu_28850_p2          |         -|   0|  0|   22|          15|          15|
    |diff_424_fu_28860_p2          |         -|   0|  0|   22|          15|          15|
    |diff_425_fu_34359_p2          |         -|   0|  0|   22|          15|          15|
    |diff_426_fu_34377_p2          |         -|   0|  0|   22|          15|          15|
    |diff_427_fu_28870_p2          |         -|   0|  0|   22|          15|          15|
    |diff_428_fu_28887_p2          |         -|   0|  0|   22|          15|          15|
    |diff_429_fu_34395_p2          |         -|   0|  0|   22|          15|          15|
    |diff_42_fu_26709_p2           |         -|   0|  0|   22|          15|          15|
    |diff_430_fu_34413_p2          |         -|   0|  0|   22|          15|          15|
    |diff_431_fu_28918_p2          |         -|   0|  0|   22|          15|          15|
    |diff_432_fu_34431_p2          |         -|   0|  0|   22|          15|          15|
    |diff_433_fu_34449_p2          |         -|   0|  0|   22|          15|          15|
    |diff_434_fu_28928_p2          |         -|   0|  0|   22|          15|          15|
    |diff_435_fu_28938_p2          |         -|   0|  0|   22|          15|          15|
    |diff_436_fu_34467_p2          |         -|   0|  0|   22|          15|          15|
    |diff_437_fu_34485_p2          |         -|   0|  0|   22|          15|          15|
    |diff_438_fu_28948_p2          |         -|   0|  0|   22|          15|          15|
    |diff_439_fu_28958_p2          |         -|   0|  0|   22|          15|          15|
    |diff_43_fu_26726_p2           |         -|   0|  0|   22|          15|          15|
    |diff_440_fu_34503_p2          |         -|   0|  0|   22|          15|          15|
    |diff_441_fu_34521_p2          |         -|   0|  0|   22|          15|          15|
    |diff_442_fu_28968_p2          |         -|   0|  0|   22|          15|          15|
    |diff_443_fu_28978_p2          |         -|   0|  0|   22|          15|          15|
    |diff_444_fu_34539_p2          |         -|   0|  0|   22|          15|          15|
    |diff_445_fu_34557_p2          |         -|   0|  0|   22|          15|          15|
    |diff_446_fu_28988_p2          |         -|   0|  0|   22|          15|          15|
    |diff_447_fu_28998_p2          |         -|   0|  0|   22|          15|          15|
    |diff_448_fu_34575_p2          |         -|   0|  0|   22|          15|          15|
    |diff_449_fu_34593_p2          |         -|   0|  0|   22|          15|          15|
    |diff_44_fu_30939_p2           |         -|   0|  0|   22|          15|          15|
    |diff_450_fu_29008_p2          |         -|   0|  0|   22|          15|          15|
    |diff_451_fu_29018_p2          |         -|   0|  0|   22|          15|          15|
    |diff_452_fu_29028_p2          |         -|   0|  0|   22|          15|          15|
    |diff_453_fu_34611_p2          |         -|   0|  0|   22|          15|          15|
    |diff_454_fu_34629_p2          |         -|   0|  0|   22|          15|          15|
    |diff_455_fu_29038_p2          |         -|   0|  0|   22|          15|          15|
    |diff_456_fu_29048_p2          |         -|   0|  0|   22|          15|          15|
    |diff_457_fu_34647_p2          |         -|   0|  0|   22|          15|          15|
    |diff_458_fu_34665_p2          |         -|   0|  0|   22|          15|          15|
    |diff_459_fu_29058_p2          |         -|   0|  0|   22|          15|          15|
    |diff_45_fu_30957_p2           |         -|   0|  0|   22|          15|          15|
    |diff_460_fu_29068_p2          |         -|   0|  0|   22|          15|          15|
    |diff_461_fu_34683_p2          |         -|   0|  0|   22|          15|          15|
    |diff_462_fu_34701_p2          |         -|   0|  0|   22|          15|          15|
    |diff_463_fu_29078_p2          |         -|   0|  0|   22|          15|          15|
    |diff_464_fu_29088_p2          |         -|   0|  0|   22|          15|          15|
    |diff_465_fu_34719_p2          |         -|   0|  0|   22|          15|          15|
    |diff_466_fu_34737_p2          |         -|   0|  0|   22|          15|          15|
    |diff_467_fu_29098_p2          |         -|   0|  0|   22|          15|          15|
    |diff_468_fu_29108_p2          |         -|   0|  0|   22|          15|          15|
    |diff_469_fu_34755_p2          |         -|   0|  0|   22|          15|          15|
    |diff_46_fu_26757_p2           |         -|   0|  0|   22|          15|          15|
    |diff_470_fu_34773_p2          |         -|   0|  0|   22|          15|          15|
    |diff_471_fu_29118_p2          |         -|   0|  0|   22|          15|          15|
    |diff_472_fu_29128_p2          |         -|   0|  0|   22|          15|          15|
    |diff_473_fu_34791_p2          |         -|   0|  0|   22|          15|          15|
    |diff_474_fu_34809_p2          |         -|   0|  0|   22|          15|          15|
    |diff_475_fu_29138_p2          |         -|   0|  0|   22|          15|          15|
    |diff_476_fu_29155_p2          |         -|   0|  0|   22|          15|          15|
    |diff_477_fu_34827_p2          |         -|   0|  0|   22|          15|          15|
    |diff_478_fu_34845_p2          |         -|   0|  0|   22|          15|          15|
    |diff_479_fu_29186_p2          |         -|   0|  0|   22|          15|          15|
    |diff_47_fu_26774_p2           |         -|   0|  0|   22|          15|          15|
    |diff_480_fu_34863_p2          |         -|   0|  0|   22|          15|          15|
    |diff_481_fu_34881_p2          |         -|   0|  0|   22|          15|          15|
    |diff_482_fu_29196_p2          |         -|   0|  0|   22|          15|          15|
    |diff_483_fu_29206_p2          |         -|   0|  0|   22|          15|          15|
    |diff_484_fu_34899_p2          |         -|   0|  0|   22|          15|          15|
    |diff_485_fu_34917_p2          |         -|   0|  0|   22|          15|          15|
    |diff_486_fu_29216_p2          |         -|   0|  0|   22|          15|          15|
    |diff_487_fu_29226_p2          |         -|   0|  0|   22|          15|          15|
    |diff_488_fu_34935_p2          |         -|   0|  0|   22|          15|          15|
    |diff_489_fu_34953_p2          |         -|   0|  0|   22|          15|          15|
    |diff_48_fu_30975_p2           |         -|   0|  0|   22|          15|          15|
    |diff_490_fu_29236_p2          |         -|   0|  0|   22|          15|          15|
    |diff_491_fu_29246_p2          |         -|   0|  0|   22|          15|          15|
    |diff_492_fu_34971_p2          |         -|   0|  0|   22|          15|          15|
    |diff_493_fu_34989_p2          |         -|   0|  0|   22|          15|          15|
    |diff_494_fu_29256_p2          |         -|   0|  0|   22|          15|          15|
    |diff_495_fu_29266_p2          |         -|   0|  0|   22|          15|          15|
    |diff_496_fu_29276_p2          |         -|   0|  0|   22|          15|          15|
    |diff_497_fu_35007_p2          |         -|   0|  0|   22|          15|          15|
    |diff_498_fu_35025_p2          |         -|   0|  0|   22|          15|          15|
    |diff_499_fu_29286_p2          |         -|   0|  0|   22|          15|          15|
    |diff_49_fu_30993_p2           |         -|   0|  0|   22|          15|          15|
    |diff_4_fu_30579_p2            |         -|   0|  0|   22|          15|          15|
    |diff_500_fu_29296_p2          |         -|   0|  0|   22|          15|          15|
    |diff_501_fu_35043_p2          |         -|   0|  0|   22|          15|          15|
    |diff_502_fu_35061_p2          |         -|   0|  0|   22|          15|          15|
    |diff_503_fu_29306_p2          |         -|   0|  0|   22|          15|          15|
    |diff_504_fu_29316_p2          |         -|   0|  0|   22|          15|          15|
    |diff_505_fu_35079_p2          |         -|   0|  0|   22|          15|          15|
    |diff_506_fu_35097_p2          |         -|   0|  0|   22|          15|          15|
    |diff_507_fu_29326_p2          |         -|   0|  0|   22|          15|          15|
    |diff_508_fu_29336_p2          |         -|   0|  0|   22|          15|          15|
    |diff_509_fu_35115_p2          |         -|   0|  0|   22|          15|          15|
    |diff_50_fu_26784_p2           |         -|   0|  0|   22|          15|          15|
    |diff_510_fu_35133_p2          |         -|   0|  0|   22|          15|          15|
    |diff_511_fu_29346_p2          |         -|   0|  0|   22|          15|          15|
    |diff_512_fu_29356_p2          |         -|   0|  0|   22|          15|          15|
    |diff_513_fu_35151_p2          |         -|   0|  0|   22|          15|          15|
    |diff_514_fu_35169_p2          |         -|   0|  0|   22|          15|          15|
    |diff_515_fu_29366_p2          |         -|   0|  0|   22|          15|          15|
    |diff_516_fu_29376_p2          |         -|   0|  0|   22|          15|          15|
    |diff_517_fu_35187_p2          |         -|   0|  0|   22|          15|          15|
    |diff_518_fu_35205_p2          |         -|   0|  0|   22|          15|          15|
    |diff_519_fu_29386_p2          |         -|   0|  0|   22|          15|          15|
    |diff_51_fu_26794_p2           |         -|   0|  0|   22|          15|          15|
    |diff_520_fu_29396_p2          |         -|   0|  0|   22|          15|          15|
    |diff_521_fu_35223_p2          |         -|   0|  0|   22|          15|          15|
    |diff_522_fu_35241_p2          |         -|   0|  0|   22|          15|          15|
    |diff_523_fu_29406_p2          |         -|   0|  0|   22|          15|          15|
    |diff_524_fu_29423_p2          |         -|   0|  0|   22|          15|          15|
    |diff_525_fu_35259_p2          |         -|   0|  0|   22|          15|          15|
    |diff_526_fu_35277_p2          |         -|   0|  0|   22|          15|          15|
    |diff_527_fu_29454_p2          |         -|   0|  0|   22|          15|          15|
    |diff_528_fu_35295_p2          |         -|   0|  0|   22|          15|          15|
    |diff_529_fu_35313_p2          |         -|   0|  0|   22|          15|          15|
    |diff_52_fu_31011_p2           |         -|   0|  0|   22|          15|          15|
    |diff_530_fu_29464_p2          |         -|   0|  0|   22|          15|          15|
    |diff_531_fu_29474_p2          |         -|   0|  0|   22|          15|          15|
    |diff_532_fu_35331_p2          |         -|   0|  0|   22|          15|          15|
    |diff_533_fu_35349_p2          |         -|   0|  0|   22|          15|          15|
    |diff_534_fu_29484_p2          |         -|   0|  0|   22|          15|          15|
    |diff_535_fu_29494_p2          |         -|   0|  0|   22|          15|          15|
    |diff_536_fu_35367_p2          |         -|   0|  0|   22|          15|          15|
    |diff_537_fu_35385_p2          |         -|   0|  0|   22|          15|          15|
    |diff_538_fu_29504_p2          |         -|   0|  0|   22|          15|          15|
    |diff_539_fu_29514_p2          |         -|   0|  0|   22|          15|          15|
    |diff_53_fu_31029_p2           |         -|   0|  0|   22|          15|          15|
    |diff_540_fu_29524_p2          |         -|   0|  0|   22|          15|          15|
    |diff_541_fu_35403_p2          |         -|   0|  0|   22|          15|          15|
    |diff_542_fu_35421_p2          |         -|   0|  0|   22|          15|          15|
    |diff_543_fu_29534_p2          |         -|   0|  0|   22|          15|          15|
    |diff_544_fu_29544_p2          |         -|   0|  0|   22|          15|          15|
    |diff_545_fu_35439_p2          |         -|   0|  0|   22|          15|          15|
    |diff_546_fu_35457_p2          |         -|   0|  0|   22|          15|          15|
    |diff_547_fu_29554_p2          |         -|   0|  0|   22|          15|          15|
    |diff_548_fu_29564_p2          |         -|   0|  0|   22|          15|          15|
    |diff_549_fu_35475_p2          |         -|   0|  0|   22|          15|          15|
    |diff_54_fu_26804_p2           |         -|   0|  0|   22|          15|          15|
    |diff_550_fu_35493_p2          |         -|   0|  0|   22|          15|          15|
    |diff_551_fu_29574_p2          |         -|   0|  0|   22|          15|          15|
    |diff_552_fu_29584_p2          |         -|   0|  0|   22|          15|          15|
    |diff_553_fu_35511_p2          |         -|   0|  0|   22|          15|          15|
    |diff_554_fu_35529_p2          |         -|   0|  0|   22|          15|          15|
    |diff_555_fu_29594_p2          |         -|   0|  0|   22|          15|          15|
    |diff_556_fu_29604_p2          |         -|   0|  0|   22|          15|          15|
    |diff_557_fu_35547_p2          |         -|   0|  0|   22|          15|          15|
    |diff_558_fu_35565_p2          |         -|   0|  0|   22|          15|          15|
    |diff_559_fu_29614_p2          |         -|   0|  0|   22|          15|          15|
    |diff_55_fu_26814_p2           |         -|   0|  0|   22|          15|          15|
    |diff_560_fu_29624_p2          |         -|   0|  0|   22|          15|          15|
    |diff_561_fu_35583_p2          |         -|   0|  0|   22|          15|          15|
    |diff_562_fu_35601_p2          |         -|   0|  0|   22|          15|          15|
    |diff_563_fu_29634_p2          |         -|   0|  0|   22|          15|          15|
    |diff_564_fu_29644_p2          |         -|   0|  0|   22|          15|          15|
    |diff_565_fu_35619_p2          |         -|   0|  0|   22|          15|          15|
    |diff_566_fu_35637_p2          |         -|   0|  0|   22|          15|          15|
    |diff_567_fu_29654_p2          |         -|   0|  0|   22|          15|          15|
    |diff_568_fu_29664_p2          |         -|   0|  0|   22|          15|          15|
    |diff_569_fu_35655_p2          |         -|   0|  0|   22|          15|          15|
    |diff_56_fu_31047_p2           |         -|   0|  0|   22|          15|          15|
    |diff_570_fu_35673_p2          |         -|   0|  0|   22|          15|          15|
    |diff_571_fu_29674_p2          |         -|   0|  0|   22|          15|          15|
    |diff_572_fu_29691_p2          |         -|   0|  0|   22|          15|          15|
    |diff_573_fu_35691_p2          |         -|   0|  0|   22|          15|          15|
    |diff_574_fu_35709_p2          |         -|   0|  0|   22|          15|          15|
    |diff_575_fu_29722_p2          |         -|   0|  0|   22|          15|          15|
    |diff_576_fu_35727_p2          |         -|   0|  0|   22|          15|          15|
    |diff_577_fu_35745_p2          |         -|   0|  0|   22|          15|          15|
    |diff_578_fu_29732_p2          |         -|   0|  0|   22|          15|          15|
    |diff_579_fu_29742_p2          |         -|   0|  0|   22|          15|          15|
    |diff_57_fu_31065_p2           |         -|   0|  0|   22|          15|          15|
    |diff_580_fu_35763_p2          |         -|   0|  0|   22|          15|          15|
    |diff_581_fu_35781_p2          |         -|   0|  0|   22|          15|          15|
    |diff_582_fu_29752_p2          |         -|   0|  0|   22|          15|          15|
    |diff_583_fu_29762_p2          |         -|   0|  0|   22|          15|          15|
    |diff_584_fu_29772_p2          |         -|   0|  0|   22|          15|          15|
    |diff_585_fu_35799_p2          |         -|   0|  0|   22|          15|          15|
    |diff_586_fu_35817_p2          |         -|   0|  0|   22|          15|          15|
    |diff_587_fu_29782_p2          |         -|   0|  0|   22|          15|          15|
    |diff_588_fu_29792_p2          |         -|   0|  0|   22|          15|          15|
    |diff_589_fu_35835_p2          |         -|   0|  0|   22|          15|          15|
    |diff_58_fu_26824_p2           |         -|   0|  0|   22|          15|          15|
    |diff_590_fu_35853_p2          |         -|   0|  0|   22|          15|          15|
    |diff_591_fu_29802_p2          |         -|   0|  0|   22|          15|          15|
    |diff_592_fu_29812_p2          |         -|   0|  0|   22|          15|          15|
    |diff_593_fu_35871_p2          |         -|   0|  0|   22|          15|          15|
    |diff_594_fu_35889_p2          |         -|   0|  0|   22|          15|          15|
    |diff_595_fu_29822_p2          |         -|   0|  0|   22|          15|          15|
    |diff_596_fu_29832_p2          |         -|   0|  0|   22|          15|          15|
    |diff_597_fu_35907_p2          |         -|   0|  0|   22|          15|          15|
    |diff_598_fu_35925_p2          |         -|   0|  0|   22|          15|          15|
    |diff_599_fu_29842_p2          |         -|   0|  0|   22|          15|          15|
    |diff_59_fu_26834_p2           |         -|   0|  0|   22|          15|          15|
    |diff_5_fu_30597_p2            |         -|   0|  0|   22|          15|          15|
    |diff_600_fu_29852_p2          |         -|   0|  0|   22|          15|          15|
    |diff_601_fu_35943_p2          |         -|   0|  0|   22|          15|          15|
    |diff_602_fu_35961_p2          |         -|   0|  0|   22|          15|          15|
    |diff_603_fu_29862_p2          |         -|   0|  0|   22|          15|          15|
    |diff_604_fu_29872_p2          |         -|   0|  0|   22|          15|          15|
    |diff_605_fu_35979_p2          |         -|   0|  0|   22|          15|          15|
    |diff_606_fu_35997_p2          |         -|   0|  0|   22|          15|          15|
    |diff_607_fu_29882_p2          |         -|   0|  0|   22|          15|          15|
    |diff_608_fu_29892_p2          |         -|   0|  0|   22|          15|          15|
    |diff_609_fu_36015_p2          |         -|   0|  0|   22|          15|          15|
    |diff_60_fu_31083_p2           |         -|   0|  0|   22|          15|          15|
    |diff_610_fu_36033_p2          |         -|   0|  0|   22|          15|          15|
    |diff_611_fu_29902_p2          |         -|   0|  0|   22|          15|          15|
    |diff_612_fu_29912_p2          |         -|   0|  0|   22|          15|          15|
    |diff_613_fu_36051_p2          |         -|   0|  0|   22|          15|          15|
    |diff_614_fu_36069_p2          |         -|   0|  0|   22|          15|          15|
    |diff_615_fu_29922_p2          |         -|   0|  0|   22|          15|          15|
    |diff_616_fu_29932_p2          |         -|   0|  0|   22|          15|          15|
    |diff_617_fu_36087_p2          |         -|   0|  0|   22|          15|          15|
    |diff_618_fu_36105_p2          |         -|   0|  0|   22|          15|          15|
    |diff_619_fu_29942_p2          |         -|   0|  0|   22|          15|          15|
    |diff_61_fu_31101_p2           |         -|   0|  0|   22|          15|          15|
    |diff_620_fu_29959_p2          |         -|   0|  0|   22|          15|          15|
    |diff_621_fu_36123_p2          |         -|   0|  0|   22|          15|          15|
    |diff_622_fu_36141_p2          |         -|   0|  0|   22|          15|          15|
    |diff_623_fu_29990_p2          |         -|   0|  0|   22|          15|          15|
    |diff_624_fu_36159_p2          |         -|   0|  0|   22|          15|          15|
    |diff_625_fu_36177_p2          |         -|   0|  0|   22|          15|          15|
    |diff_626_fu_30000_p2          |         -|   0|  0|   22|          15|          15|
    |diff_627_fu_30010_p2          |         -|   0|  0|   22|          15|          15|
    |diff_628_fu_30020_p2          |         -|   0|  0|   22|          15|          15|
    |diff_629_fu_36195_p2          |         -|   0|  0|   22|          15|          15|
    |diff_62_fu_26844_p2           |         -|   0|  0|   22|          15|          15|
    |diff_630_fu_36213_p2          |         -|   0|  0|   22|          15|          15|
    |diff_631_fu_30030_p2          |         -|   0|  0|   22|          15|          15|
    |diff_632_fu_30040_p2          |         -|   0|  0|   22|          15|          15|
    |diff_633_fu_36231_p2          |         -|   0|  0|   22|          15|          15|
    |diff_634_fu_36249_p2          |         -|   0|  0|   22|          15|          15|
    |diff_635_fu_30050_p2          |         -|   0|  0|   22|          15|          15|
    |diff_636_fu_30060_p2          |         -|   0|  0|   22|          15|          15|
    |diff_637_fu_36267_p2          |         -|   0|  0|   22|          15|          15|
    |diff_638_fu_36285_p2          |         -|   0|  0|   22|          15|          15|
    |diff_639_fu_30070_p2          |         -|   0|  0|   22|          15|          15|
    |diff_63_fu_26854_p2           |         -|   0|  0|   22|          15|          15|
    |diff_640_fu_30080_p2          |         -|   0|  0|   22|          15|          15|
    |diff_641_fu_36303_p2          |         -|   0|  0|   22|          15|          15|
    |diff_642_fu_36321_p2          |         -|   0|  0|   22|          15|          15|
    |diff_643_fu_30090_p2          |         -|   0|  0|   22|          15|          15|
    |diff_644_fu_30100_p2          |         -|   0|  0|   22|          15|          15|
    |diff_645_fu_36339_p2          |         -|   0|  0|   22|          15|          15|
    |diff_646_fu_36357_p2          |         -|   0|  0|   22|          15|          15|
    |diff_647_fu_30110_p2          |         -|   0|  0|   22|          15|          15|
    |diff_648_fu_30120_p2          |         -|   0|  0|   22|          15|          15|
    |diff_649_fu_36375_p2          |         -|   0|  0|   22|          15|          15|
    |diff_64_fu_31119_p2           |         -|   0|  0|   22|          15|          15|
    |diff_650_fu_36393_p2          |         -|   0|  0|   22|          15|          15|
    |diff_651_fu_30130_p2          |         -|   0|  0|   22|          15|          15|
    |diff_652_fu_30140_p2          |         -|   0|  0|   22|          15|          15|
    |diff_653_fu_36411_p2          |         -|   0|  0|   22|          15|          15|
    |diff_654_fu_36429_p2          |         -|   0|  0|   22|          15|          15|
    |diff_655_fu_30150_p2          |         -|   0|  0|   22|          15|          15|
    |diff_656_fu_30160_p2          |         -|   0|  0|   22|          15|          15|
    |diff_657_fu_36447_p2          |         -|   0|  0|   22|          15|          15|
    |diff_658_fu_36465_p2          |         -|   0|  0|   22|          15|          15|
    |diff_659_fu_30170_p2          |         -|   0|  0|   22|          15|          15|
    |diff_65_fu_31137_p2           |         -|   0|  0|   22|          15|          15|
    |diff_660_fu_30180_p2          |         -|   0|  0|   22|          15|          15|
    |diff_661_fu_36483_p2          |         -|   0|  0|   22|          15|          15|
    |diff_662_fu_36501_p2          |         -|   0|  0|   22|          15|          15|
    |diff_663_fu_30190_p2          |         -|   0|  0|   22|          15|          15|
    |diff_664_fu_30200_p2          |         -|   0|  0|   22|          15|          15|
    |diff_665_fu_36519_p2          |         -|   0|  0|   22|          15|          15|
    |diff_666_fu_36537_p2          |         -|   0|  0|   22|          15|          15|
    |diff_667_fu_30210_p2          |         -|   0|  0|   22|          15|          15|
    |diff_668_fu_30227_p2          |         -|   0|  0|   22|          15|          15|
    |diff_669_fu_36555_p2          |         -|   0|  0|   22|          15|          15|
    |diff_66_fu_26864_p2           |         -|   0|  0|   22|          15|          15|
    |diff_670_fu_36573_p2          |         -|   0|  0|   22|          15|          15|
    |diff_671_fu_30258_p2          |         -|   0|  0|   22|          15|          15|
    |diff_672_fu_30268_p2          |         -|   0|  0|   22|          15|          15|
    |diff_673_fu_36591_p2          |         -|   0|  0|   22|          15|          15|
    |diff_674_fu_36609_p2          |         -|   0|  0|   22|          15|          15|
    |diff_675_fu_30278_p2          |         -|   0|  0|   22|          15|          15|
    |diff_676_fu_30288_p2          |         -|   0|  0|   22|          15|          15|
    |diff_677_fu_36627_p2          |         -|   0|  0|   22|          15|          15|
    |diff_678_fu_36645_p2          |         -|   0|  0|   22|          15|          15|
    |diff_679_fu_30298_p2          |         -|   0|  0|   22|          15|          15|
    |diff_67_fu_26874_p2           |         -|   0|  0|   22|          15|          15|
    |diff_680_fu_30308_p2          |         -|   0|  0|   22|          15|          15|
    |diff_681_fu_36663_p2          |         -|   0|  0|   22|          15|          15|
    |diff_682_fu_36681_p2          |         -|   0|  0|   22|          15|          15|
    |diff_683_fu_30318_p2          |         -|   0|  0|   22|          15|          15|
    |diff_684_fu_30328_p2          |         -|   0|  0|   22|          15|          15|
    |diff_685_fu_36699_p2          |         -|   0|  0|   22|          15|          15|
    |diff_686_fu_36717_p2          |         -|   0|  0|   22|          15|          15|
    |diff_687_fu_30338_p2          |         -|   0|  0|   22|          15|          15|
    |diff_688_fu_30348_p2          |         -|   0|  0|   22|          15|          15|
    |diff_689_fu_36735_p2          |         -|   0|  0|   22|          15|          15|
    |diff_68_fu_31155_p2           |         -|   0|  0|   22|          15|          15|
    |diff_690_fu_36753_p2          |         -|   0|  0|   22|          15|          15|
    |diff_691_fu_30358_p2          |         -|   0|  0|   22|          15|          15|
    |diff_692_fu_30368_p2          |         -|   0|  0|   22|          15|          15|
    |diff_693_fu_36771_p2          |         -|   0|  0|   22|          15|          15|
    |diff_694_fu_36789_p2          |         -|   0|  0|   22|          15|          15|
    |diff_695_fu_30378_p2          |         -|   0|  0|   22|          15|          15|
    |diff_696_fu_30388_p2          |         -|   0|  0|   22|          15|          15|
    |diff_697_fu_36807_p2          |         -|   0|  0|   22|          15|          15|
    |diff_698_fu_36825_p2          |         -|   0|  0|   22|          15|          15|
    |diff_699_fu_30398_p2          |         -|   0|  0|   22|          15|          15|
    |diff_69_fu_31173_p2           |         -|   0|  0|   22|          15|          15|
    |diff_6_fu_26277_p2            |         -|   0|  0|   22|          15|          15|
    |diff_700_fu_30408_p2          |         -|   0|  0|   22|          15|          15|
    |diff_701_fu_36843_p2          |         -|   0|  0|   22|          15|          15|
    |diff_702_fu_36861_p2          |         -|   0|  0|   22|          15|          15|
    |diff_703_fu_30418_p2          |         -|   0|  0|   22|          15|          15|
    |diff_704_fu_30428_p2          |         -|   0|  0|   22|          15|          15|
    |diff_705_fu_36879_p2          |         -|   0|  0|   22|          15|          15|
    |diff_706_fu_36897_p2          |         -|   0|  0|   22|          15|          15|
    |diff_707_fu_30438_p2          |         -|   0|  0|   22|          15|          15|
    |diff_708_fu_30448_p2          |         -|   0|  0|   22|          15|          15|
    |diff_709_fu_36915_p2          |         -|   0|  0|   22|          15|          15|
    |diff_70_fu_26884_p2           |         -|   0|  0|   22|          15|          15|
    |diff_710_fu_36933_p2          |         -|   0|  0|   22|          15|          15|
    |diff_711_fu_30458_p2          |         -|   0|  0|   22|          15|          15|
    |diff_712_fu_30468_p2          |         -|   0|  0|   22|          15|          15|
    |diff_713_fu_36951_p2          |         -|   0|  0|   22|          15|          15|
    |diff_714_fu_36969_p2          |         -|   0|  0|   22|          15|          15|
    |diff_715_fu_30478_p2          |         -|   0|  0|   22|          15|          15|
    |diff_716_fu_30495_p2          |         -|   0|  0|   22|          15|          15|
    |diff_717_fu_30512_p2          |         -|   0|  0|   22|          15|          15|
    |diff_718_fu_30525_p2          |         -|   0|  0|   22|          15|          15|
    |diff_719_fu_30538_p2          |         -|   0|  0|   22|          15|          15|
    |diff_71_fu_26894_p2           |         -|   0|  0|   22|          15|          15|
    |diff_72_fu_31191_p2           |         -|   0|  0|   22|          15|          15|
    |diff_73_fu_31209_p2           |         -|   0|  0|   22|          15|          15|
    |diff_74_fu_26904_p2           |         -|   0|  0|   22|          15|          15|
    |diff_75_fu_26914_p2           |         -|   0|  0|   22|          15|          15|
    |diff_76_fu_31227_p2           |         -|   0|  0|   22|          15|          15|
    |diff_77_fu_31245_p2           |         -|   0|  0|   22|          15|          15|
    |diff_78_fu_26924_p2           |         -|   0|  0|   22|          15|          15|
    |diff_79_fu_26934_p2           |         -|   0|  0|   22|          15|          15|
    |diff_7_fu_26294_p2            |         -|   0|  0|   22|          15|          15|
    |diff_80_fu_31263_p2           |         -|   0|  0|   22|          15|          15|
    |diff_81_fu_31281_p2           |         -|   0|  0|   22|          15|          15|
    |diff_82_fu_26944_p2           |         -|   0|  0|   22|          15|          15|
    |diff_83_fu_26954_p2           |         -|   0|  0|   22|          15|          15|
    |diff_84_fu_31299_p2           |         -|   0|  0|   22|          15|          15|
    |diff_85_fu_31317_p2           |         -|   0|  0|   22|          15|          15|
    |diff_86_fu_26964_p2           |         -|   0|  0|   22|          15|          15|
    |diff_87_fu_26974_p2           |         -|   0|  0|   22|          15|          15|
    |diff_88_fu_31335_p2           |         -|   0|  0|   22|          15|          15|
    |diff_89_fu_31353_p2           |         -|   0|  0|   22|          15|          15|
    |diff_8_fu_30615_p2            |         -|   0|  0|   22|          15|          15|
    |diff_90_fu_26984_p2           |         -|   0|  0|   22|          15|          15|
    |diff_91_fu_26994_p2           |         -|   0|  0|   22|          15|          15|
    |diff_92_fu_31371_p2           |         -|   0|  0|   22|          15|          15|
    |diff_93_fu_31389_p2           |         -|   0|  0|   22|          15|          15|
    |diff_94_fu_27025_p2           |         -|   0|  0|   22|          15|          15|
    |diff_95_fu_27042_p2           |         -|   0|  0|   22|          15|          15|
    |diff_96_fu_31407_p2           |         -|   0|  0|   22|          15|          15|
    |diff_97_fu_31425_p2           |         -|   0|  0|   22|          15|          15|
    |diff_98_fu_27052_p2           |         -|   0|  0|   22|          15|          15|
    |diff_99_fu_27062_p2           |         -|   0|  0|   22|          15|          15|
    |diff_9_fu_30633_p2            |         -|   0|  0|   22|          15|          15|
    |diff_fu_26209_p2              |         -|   0|  0|   22|          15|          15|
    |i_2_fu_25780_p2               |         -|   0|  0|   18|          11|          11|
    |sub_ln335_fu_19183_p2         |         -|   0|  0|   17|          10|          10|
    |edge_mask_102_d0              |       and|   0|  0|    2|           1|           1|
    |edge_mask_103_d0              |       and|   0|  0|    2|           1|           1|
    |edge_mask_104_d0              |       and|   0|  0|    2|           1|           1|
    |edge_mask_105_d0              |       and|   0|  0|    2|           1|           1|
    |edge_mask_106_d0              |       and|   0|  0|    2|           1|           1|
    |edge_mask_107_d0              |       and|   0|  0|    2|           1|           1|
    |edge_mask_113_d0              |       and|   0|  0|    2|           1|           1|
    |edge_mask_114_d0              |       and|   0|  0|    2|           1|           1|
    |edge_mask_115_d0              |       and|   0|  0|    2|           1|           1|
    |edge_mask_116_d0              |       and|   0|  0|    2|           1|           1|
    |edge_mask_117_d0              |       and|   0|  0|    2|           1|           1|
    |edge_mask_118_d0              |       and|   0|  0|    2|           1|           1|
    |edge_mask_119_d0              |       and|   0|  0|    2|           1|           1|
    |edge_mask_124_d0              |       and|   0|  0|    2|           1|           1|
    |edge_mask_125_d0              |       and|   0|  0|    2|           1|           1|
    |edge_mask_126_d0              |       and|   0|  0|    2|           1|           1|
    |edge_mask_127_d0              |       and|   0|  0|    2|           1|           1|
    |edge_mask_128_d0              |       and|   0|  0|    2|           1|           1|
    |edge_mask_129_d0              |       and|   0|  0|    2|           1|           1|
    |edge_mask_130_d0              |       and|   0|  0|    2|           1|           1|
    |edge_mask_131_d0              |       and|   0|  0|    2|           1|           1|
    |edge_mask_135_d0              |       and|   0|  0|    2|           1|           1|
    |edge_mask_136_d0              |       and|   0|  0|    2|           1|           1|
    |edge_mask_137_d0              |       and|   0|  0|    2|           1|           1|
    |edge_mask_138_d0              |       and|   0|  0|    2|           1|           1|
    |edge_mask_139_d0              |       and|   0|  0|    2|           1|           1|
    |edge_mask_140_d0              |       and|   0|  0|    2|           1|           1|
    |edge_mask_141_d0              |       and|   0|  0|    2|           1|           1|
    |edge_mask_142_d0              |       and|   0|  0|    2|           1|           1|
    |edge_mask_143_d0              |       and|   0|  0|    2|           1|           1|
    |edge_mask_146_d0              |       and|   0|  0|    2|           1|           1|
    |edge_mask_147_d0              |       and|   0|  0|    2|           1|           1|
    |edge_mask_148_d0              |       and|   0|  0|    2|           1|           1|
    |edge_mask_149_d0              |       and|   0|  0|    2|           1|           1|
    |edge_mask_150_d0              |       and|   0|  0|    2|           1|           1|
    |edge_mask_151_d0              |       and|   0|  0|    2|           1|           1|
    |edge_mask_152_d0              |       and|   0|  0|    2|           1|           1|
    |edge_mask_153_d0              |       and|   0|  0|    2|           1|           1|
    |edge_mask_154_d0              |       and|   0|  0|    2|           1|           1|
    |edge_mask_155_d0              |       and|   0|  0|    2|           1|           1|
    |edge_mask_157_d0              |       and|   0|  0|    2|           1|           1|
    |edge_mask_158_d0              |       and|   0|  0|    2|           1|           1|
    |edge_mask_159_d0              |       and|   0|  0|    2|           1|           1|
    |edge_mask_160_d0              |       and|   0|  0|    2|           1|           1|
    |edge_mask_161_d0              |       and|   0|  0|    2|           1|           1|
    |edge_mask_162_d0              |       and|   0|  0|    2|           1|           1|
    |edge_mask_163_d0              |       and|   0|  0|    2|           1|           1|
    |edge_mask_164_d0              |       and|   0|  0|    2|           1|           1|
    |edge_mask_165_d0              |       and|   0|  0|    2|           1|           1|
    |edge_mask_166_d0              |       and|   0|  0|    2|           1|           1|
    |edge_mask_167_d0              |       and|   0|  0|    2|           1|           1|
    |edge_mask_168_d0              |       and|   0|  0|    2|           1|           1|
    |edge_mask_169_d0              |       and|   0|  0|    2|           1|           1|
    |edge_mask_170_d0              |       and|   0|  0|    2|           1|           1|
    |edge_mask_171_d0              |       and|   0|  0|    2|           1|           1|
    |edge_mask_172_d0              |       and|   0|  0|    2|           1|           1|
    |edge_mask_173_d0              |       and|   0|  0|    2|           1|           1|
    |edge_mask_174_d0              |       and|   0|  0|    2|           1|           1|
    |edge_mask_175_d0              |       and|   0|  0|    2|           1|           1|
    |edge_mask_176_d0              |       and|   0|  0|    2|           1|           1|
    |edge_mask_177_d0              |       and|   0|  0|    2|           1|           1|
    |edge_mask_178_d0              |       and|   0|  0|    2|           1|           1|
    |edge_mask_179_d0              |       and|   0|  0|    2|           1|           1|
    |edge_mask_47_d0               |       and|   0|  0|    2|           1|           1|
    |edge_mask_58_d0               |       and|   0|  0|    2|           1|           1|
    |edge_mask_59_d0               |       and|   0|  0|    2|           1|           1|
    |edge_mask_69_d0               |       and|   0|  0|    2|           1|           1|
    |edge_mask_70_d0               |       and|   0|  0|    2|           1|           1|
    |edge_mask_71_d0               |       and|   0|  0|    2|           1|           1|
    |edge_mask_80_d0               |       and|   0|  0|    2|           1|           1|
    |edge_mask_81_d0               |       and|   0|  0|    2|           1|           1|
    |edge_mask_82_d0               |       and|   0|  0|    2|           1|           1|
    |edge_mask_83_d0               |       and|   0|  0|    2|           1|           1|
    |edge_mask_91_d0               |       and|   0|  0|    2|           1|           1|
    |edge_mask_92_d0               |       and|   0|  0|    2|           1|           1|
    |edge_mask_93_d0               |       and|   0|  0|    2|           1|           1|
    |edge_mask_94_d0               |       and|   0|  0|    2|           1|           1|
    |edge_mask_95_d0               |       and|   0|  0|    2|           1|           1|
    |edge_mask_d0                  |       and|   0|  0|    2|           1|           1|
    |edge_mask_100_d0              |      icmp|   0|  0|   39|          32|          13|
    |edge_mask_101_d0              |      icmp|   0|  0|   39|          32|          13|
    |edge_mask_108_d0              |      icmp|   0|  0|   39|          32|          13|
    |edge_mask_109_d0              |      icmp|   0|  0|   39|          32|          13|
    |edge_mask_10_d0               |      icmp|   0|  0|   39|          32|          13|
    |edge_mask_110_d0              |      icmp|   0|  0|   39|          32|          13|
    |edge_mask_111_d0              |      icmp|   0|  0|   39|          32|          13|
    |edge_mask_112_d0              |      icmp|   0|  0|   39|          32|          13|
    |edge_mask_11_d0               |      icmp|   0|  0|   39|          32|          13|
    |edge_mask_120_d0              |      icmp|   0|  0|   39|          32|          13|
    |edge_mask_121_d0              |      icmp|   0|  0|   39|          32|          13|
    |edge_mask_122_d0              |      icmp|   0|  0|   39|          32|          13|
    |edge_mask_123_d0              |      icmp|   0|  0|   39|          32|          13|
    |edge_mask_12_d0               |      icmp|   0|  0|   39|          32|          13|
    |edge_mask_132_d0              |      icmp|   0|  0|   39|          32|          13|
    |edge_mask_133_d0              |      icmp|   0|  0|   39|          32|          13|
    |edge_mask_134_d0              |      icmp|   0|  0|   39|          32|          13|
    |edge_mask_13_d0               |      icmp|   0|  0|   39|          32|          13|
    |edge_mask_144_d0              |      icmp|   0|  0|   39|          32|          13|
    |edge_mask_145_d0              |      icmp|   0|  0|   39|          32|          13|
    |edge_mask_14_d0               |      icmp|   0|  0|   39|          32|          13|
    |edge_mask_156_d0              |      icmp|   0|  0|   39|          32|          13|
    |edge_mask_15_d0               |      icmp|   0|  0|   39|          32|          13|
    |edge_mask_16_d0               |      icmp|   0|  0|   39|          32|          13|
    |edge_mask_17_d0               |      icmp|   0|  0|   39|          32|          13|
    |edge_mask_18_d0               |      icmp|   0|  0|   39|          32|          13|
    |edge_mask_19_d0               |      icmp|   0|  0|   39|          32|          13|
    |edge_mask_1_d0                |      icmp|   0|  0|   39|          32|          13|
    |edge_mask_20_d0               |      icmp|   0|  0|   39|          32|          13|
    |edge_mask_21_d0               |      icmp|   0|  0|   39|          32|          13|
    |edge_mask_22_d0               |      icmp|   0|  0|   39|          32|          13|
    |edge_mask_23_d0               |      icmp|   0|  0|   39|          32|          13|
    |edge_mask_24_d0               |      icmp|   0|  0|   39|          32|          13|
    |edge_mask_25_d0               |      icmp|   0|  0|   39|          32|          13|
    |edge_mask_26_d0               |      icmp|   0|  0|   39|          32|          13|
    |edge_mask_27_d0               |      icmp|   0|  0|   39|          32|          13|
    |edge_mask_28_d0               |      icmp|   0|  0|   39|          32|          13|
    |edge_mask_29_d0               |      icmp|   0|  0|   39|          32|          13|
    |edge_mask_2_d0                |      icmp|   0|  0|   39|          32|          13|
    |edge_mask_30_d0               |      icmp|   0|  0|   39|          32|          13|
    |edge_mask_31_d0               |      icmp|   0|  0|   39|          32|          13|
    |edge_mask_32_d0               |      icmp|   0|  0|   39|          32|          13|
    |edge_mask_33_d0               |      icmp|   0|  0|   39|          32|          13|
    |edge_mask_34_d0               |      icmp|   0|  0|   39|          32|          13|
    |edge_mask_35_d0               |      icmp|   0|  0|   39|          32|          13|
    |edge_mask_36_d0               |      icmp|   0|  0|   39|          32|          13|
    |edge_mask_37_d0               |      icmp|   0|  0|   39|          32|          13|
    |edge_mask_38_d0               |      icmp|   0|  0|   39|          32|          13|
    |edge_mask_39_d0               |      icmp|   0|  0|   39|          32|          13|
    |edge_mask_3_d0                |      icmp|   0|  0|   39|          32|          13|
    |edge_mask_40_d0               |      icmp|   0|  0|   39|          32|          13|
    |edge_mask_41_d0               |      icmp|   0|  0|   39|          32|          13|
    |edge_mask_42_d0               |      icmp|   0|  0|   39|          32|          13|
    |edge_mask_43_d0               |      icmp|   0|  0|   39|          32|          13|
    |edge_mask_44_d0               |      icmp|   0|  0|   39|          32|          13|
    |edge_mask_45_d0               |      icmp|   0|  0|   39|          32|          13|
    |edge_mask_46_d0               |      icmp|   0|  0|   39|          32|          13|
    |edge_mask_48_d0               |      icmp|   0|  0|   39|          32|          13|
    |edge_mask_49_d0               |      icmp|   0|  0|   39|          32|          13|
    |edge_mask_4_d0                |      icmp|   0|  0|   39|          32|          13|
    |edge_mask_50_d0               |      icmp|   0|  0|   39|          32|          13|
    |edge_mask_51_d0               |      icmp|   0|  0|   39|          32|          13|
    |edge_mask_52_d0               |      icmp|   0|  0|   39|          32|          13|
    |edge_mask_53_d0               |      icmp|   0|  0|   39|          32|          13|
    |edge_mask_54_d0               |      icmp|   0|  0|   39|          32|          13|
    |edge_mask_55_d0               |      icmp|   0|  0|   39|          32|          13|
    |edge_mask_56_d0               |      icmp|   0|  0|   39|          32|          13|
    |edge_mask_57_d0               |      icmp|   0|  0|   39|          32|          13|
    |edge_mask_5_d0                |      icmp|   0|  0|   39|          32|          13|
    |edge_mask_60_d0               |      icmp|   0|  0|   39|          32|          13|
    |edge_mask_61_d0               |      icmp|   0|  0|   39|          32|          13|
    |edge_mask_62_d0               |      icmp|   0|  0|   39|          32|          13|
    |edge_mask_63_d0               |      icmp|   0|  0|   39|          32|          13|
    |edge_mask_64_d0               |      icmp|   0|  0|   39|          32|          13|
    |edge_mask_65_d0               |      icmp|   0|  0|   39|          32|          13|
    |edge_mask_66_d0               |      icmp|   0|  0|   39|          32|          13|
    |edge_mask_67_d0               |      icmp|   0|  0|   39|          32|          13|
    |edge_mask_68_d0               |      icmp|   0|  0|   39|          32|          13|
    |edge_mask_6_d0                |      icmp|   0|  0|   39|          32|          13|
    |edge_mask_72_d0               |      icmp|   0|  0|   39|          32|          13|
    |edge_mask_73_d0               |      icmp|   0|  0|   39|          32|          13|
    |edge_mask_74_d0               |      icmp|   0|  0|   39|          32|          13|
    |edge_mask_75_d0               |      icmp|   0|  0|   39|          32|          13|
    |edge_mask_76_d0               |      icmp|   0|  0|   39|          32|          13|
    |edge_mask_77_d0               |      icmp|   0|  0|   39|          32|          13|
    |edge_mask_78_d0               |      icmp|   0|  0|   39|          32|          13|
    |edge_mask_79_d0               |      icmp|   0|  0|   39|          32|          13|
    |edge_mask_7_d0                |      icmp|   0|  0|   39|          32|          13|
    |edge_mask_84_d0               |      icmp|   0|  0|   39|          32|          13|
    |edge_mask_85_d0               |      icmp|   0|  0|   39|          32|          13|
    |edge_mask_86_d0               |      icmp|   0|  0|   39|          32|          13|
    |edge_mask_87_d0               |      icmp|   0|  0|   39|          32|          13|
    |edge_mask_88_d0               |      icmp|   0|  0|   39|          32|          13|
    |edge_mask_89_d0               |      icmp|   0|  0|   39|          32|          13|
    |edge_mask_8_d0                |      icmp|   0|  0|   39|          32|          13|
    |edge_mask_90_d0               |      icmp|   0|  0|   39|          32|          13|
    |edge_mask_96_d0               |      icmp|   0|  0|   39|          32|          13|
    |edge_mask_97_d0               |      icmp|   0|  0|   39|          32|          13|
    |edge_mask_98_d0               |      icmp|   0|  0|   39|          32|          13|
    |edge_mask_99_d0               |      icmp|   0|  0|   39|          32|          13|
    |edge_mask_9_d0                |      icmp|   0|  0|   39|          32|          13|
    |icmp_ln316_fu_18451_p2        |      icmp|   0|  0|   14|           7|           7|
    |icmp_ln318_fu_19161_p2        |      icmp|   0|  0|   14|           7|           6|
    |icmp_ln342_fu_19320_p2        |      icmp|   0|  0|   14|           7|           7|
    |icmp_ln360_102_fu_40604_p2    |      icmp|   0|  0|   39|          32|          13|
    |icmp_ln360_103_fu_40649_p2    |      icmp|   0|  0|   39|          32|          13|
    |icmp_ln360_104_fu_40694_p2    |      icmp|   0|  0|   39|          32|          13|
    |icmp_ln360_105_fu_40739_p2    |      icmp|   0|  0|   39|          32|          13|
    |icmp_ln360_106_fu_40784_p2    |      icmp|   0|  0|   39|          32|          13|
    |icmp_ln360_107_fu_40929_p2    |      icmp|   0|  0|   39|          32|          13|
    |icmp_ln360_113_fu_41039_p2    |      icmp|   0|  0|   39|          32|          13|
    |icmp_ln360_114_fu_41084_p2    |      icmp|   0|  0|   39|          32|          13|
    |icmp_ln360_115_fu_41129_p2    |      icmp|   0|  0|   39|          32|          13|
    |icmp_ln360_116_fu_41174_p2    |      icmp|   0|  0|   39|          32|          13|
    |icmp_ln360_117_fu_41219_p2    |      icmp|   0|  0|   39|          32|          13|
    |icmp_ln360_118_fu_41264_p2    |      icmp|   0|  0|   39|          32|          13|
    |icmp_ln360_119_fu_41389_p2    |      icmp|   0|  0|   39|          32|          13|
    |icmp_ln360_124_fu_41486_p2    |      icmp|   0|  0|   39|          32|          13|
    |icmp_ln360_125_fu_41531_p2    |      icmp|   0|  0|   39|          32|          13|
    |icmp_ln360_126_fu_41576_p2    |      icmp|   0|  0|   39|          32|          13|
    |icmp_ln360_127_fu_41621_p2    |      icmp|   0|  0|   39|          32|          13|
    |icmp_ln360_128_fu_41666_p2    |      icmp|   0|  0|   39|          32|          13|
    |icmp_ln360_129_fu_41711_p2    |      icmp|   0|  0|   39|          32|          13|
    |icmp_ln360_130_fu_41756_p2    |      icmp|   0|  0|   39|          32|          13|
    |icmp_ln360_131_fu_41861_p2    |      icmp|   0|  0|   39|          32|          13|
    |icmp_ln360_135_fu_41945_p2    |      icmp|   0|  0|   39|          32|          13|
    |icmp_ln360_136_fu_41990_p2    |      icmp|   0|  0|   39|          32|          13|
    |icmp_ln360_137_fu_42035_p2    |      icmp|   0|  0|   39|          32|          13|
    |icmp_ln360_138_fu_42080_p2    |      icmp|   0|  0|   39|          32|          13|
    |icmp_ln360_139_fu_42125_p2    |      icmp|   0|  0|   39|          32|          13|
    |icmp_ln360_140_fu_42170_p2    |      icmp|   0|  0|   39|          32|          13|
    |icmp_ln360_141_fu_42215_p2    |      icmp|   0|  0|   39|          32|          13|
    |icmp_ln360_142_fu_42260_p2    |      icmp|   0|  0|   39|          32|          13|
    |icmp_ln360_143_fu_42345_p2    |      icmp|   0|  0|   39|          32|          13|
    |icmp_ln360_146_fu_42416_p2    |      icmp|   0|  0|   39|          32|          13|
    |icmp_ln360_147_fu_42461_p2    |      icmp|   0|  0|   39|          32|          13|
    |icmp_ln360_148_fu_42506_p2    |      icmp|   0|  0|   39|          32|          13|
    |icmp_ln360_149_fu_42551_p2    |      icmp|   0|  0|   39|          32|          13|
    |icmp_ln360_150_fu_42596_p2    |      icmp|   0|  0|   39|          32|          13|
    |icmp_ln360_151_fu_42641_p2    |      icmp|   0|  0|   39|          32|          13|
    |icmp_ln360_152_fu_42686_p2    |      icmp|   0|  0|   39|          32|          13|
    |icmp_ln360_153_fu_42731_p2    |      icmp|   0|  0|   39|          32|          13|
    |icmp_ln360_154_fu_42776_p2    |      icmp|   0|  0|   39|          32|          13|
    |icmp_ln360_155_fu_42841_p2    |      icmp|   0|  0|   39|          32|          13|
    |icmp_ln360_157_fu_42899_p2    |      icmp|   0|  0|   39|          32|          13|
    |icmp_ln360_158_fu_42944_p2    |      icmp|   0|  0|   39|          32|          13|
    |icmp_ln360_159_fu_42989_p2    |      icmp|   0|  0|   39|          32|          13|
    |icmp_ln360_160_fu_43034_p2    |      icmp|   0|  0|   39|          32|          13|
    |icmp_ln360_161_fu_43079_p2    |      icmp|   0|  0|   39|          32|          13|
    |icmp_ln360_162_fu_43124_p2    |      icmp|   0|  0|   39|          32|          13|
    |icmp_ln360_163_fu_43169_p2    |      icmp|   0|  0|   39|          32|          13|
    |icmp_ln360_164_fu_43214_p2    |      icmp|   0|  0|   39|          32|          13|
    |icmp_ln360_165_fu_43259_p2    |      icmp|   0|  0|   39|          32|          13|
    |icmp_ln360_166_fu_43304_p2    |      icmp|   0|  0|   39|          32|          13|
    |icmp_ln360_167_fu_43349_p2    |      icmp|   0|  0|   39|          32|          13|
    |icmp_ln360_168_fu_43394_p2    |      icmp|   0|  0|   39|          32|          13|
    |icmp_ln360_169_fu_43439_p2    |      icmp|   0|  0|   39|          32|          13|
    |icmp_ln360_170_fu_43484_p2    |      icmp|   0|  0|   39|          32|          13|
    |icmp_ln360_171_fu_43529_p2    |      icmp|   0|  0|   39|          32|          13|
    |icmp_ln360_172_fu_43574_p2    |      icmp|   0|  0|   39|          32|          13|
    |icmp_ln360_173_fu_43619_p2    |      icmp|   0|  0|   39|          32|          13|
    |icmp_ln360_174_fu_43664_p2    |      icmp|   0|  0|   39|          32|          13|
    |icmp_ln360_175_fu_43709_p2    |      icmp|   0|  0|   39|          32|          13|
    |icmp_ln360_176_fu_43754_p2    |      icmp|   0|  0|   39|          32|          13|
    |icmp_ln360_177_fu_43799_p2    |      icmp|   0|  0|   39|          32|          13|
    |icmp_ln360_178_fu_43844_p2    |      icmp|   0|  0|   39|          32|          13|
    |icmp_ln360_179_fu_43889_p2    |      icmp|   0|  0|   39|          32|          13|
    |icmp_ln360_47_fu_38809_p2     |      icmp|   0|  0|   39|          32|          13|
    |icmp_ln360_58_fu_38984_p2     |      icmp|   0|  0|   39|          32|          13|
    |icmp_ln360_59_fu_39209_p2     |      icmp|   0|  0|   39|          32|          13|
    |icmp_ln360_69_fu_39371_p2     |      icmp|   0|  0|   39|          32|          13|
    |icmp_ln360_70_fu_39416_p2     |      icmp|   0|  0|   39|          32|          13|
    |icmp_ln360_71_fu_39621_p2     |      icmp|   0|  0|   39|          32|          13|
    |icmp_ln360_80_fu_39770_p2     |      icmp|   0|  0|   39|          32|          13|
    |icmp_ln360_81_fu_39815_p2     |      icmp|   0|  0|   39|          32|          13|
    |icmp_ln360_82_fu_39860_p2     |      icmp|   0|  0|   39|          32|          13|
    |icmp_ln360_83_fu_40045_p2     |      icmp|   0|  0|   39|          32|          13|
    |icmp_ln360_91_fu_40181_p2     |      icmp|   0|  0|   39|          32|          13|
    |icmp_ln360_92_fu_40226_p2     |      icmp|   0|  0|   39|          32|          13|
    |icmp_ln360_93_fu_40271_p2     |      icmp|   0|  0|   39|          32|          13|
    |icmp_ln360_94_fu_40316_p2     |      icmp|   0|  0|   39|          32|          13|
    |icmp_ln360_95_fu_40481_p2     |      icmp|   0|  0|   39|          32|          13|
    |icmp_ln360_fu_37966_p2        |      icmp|   0|  0|   39|          32|          13|
    |inb_10_fu_25928_p2            |      icmp|   0|  0|   19|          12|          10|
    |inb_11_fu_25934_p2            |      icmp|   0|  0|   19|          12|          10|
    |inb_12_fu_25940_p2            |      icmp|   0|  0|   19|          12|          10|
    |inb_1_fu_25874_p2             |      icmp|   0|  0|   19|          12|          10|
    |inb_2_fu_25880_p2             |      icmp|   0|  0|   19|          12|          10|
    |inb_3_fu_25886_p2             |      icmp|   0|  0|   19|          12|          10|
    |inb_4_fu_25892_p2             |      icmp|   0|  0|   19|          12|          10|
    |inb_5_fu_25898_p2             |      icmp|   0|  0|   19|          12|          10|
    |inb_6_fu_25904_p2             |      icmp|   0|  0|   19|          12|          10|
    |inb_7_fu_25910_p2             |      icmp|   0|  0|   19|          12|          10|
    |inb_8_fu_25916_p2             |      icmp|   0|  0|   19|          12|          10|
    |inb_9_fu_25922_p2             |      icmp|   0|  0|   19|          12|          10|
    |inb_fu_25868_p2               |      icmp|   0|  0|   19|          12|          10|
    |or_ln324_100_fu_23354_p2      |        or|   0|  0|    2|           1|           1|
    |or_ln324_101_fu_23368_p2      |        or|   0|  0|    2|           1|           1|
    |or_ln324_102_fu_23382_p2      |        or|   0|  0|    2|           1|           1|
    |or_ln324_103_fu_23396_p2      |        or|   0|  0|    2|           1|           1|
    |or_ln324_104_fu_23414_p2      |        or|   0|  0|    2|           1|           1|
    |or_ln324_105_fu_23428_p2      |        or|   0|  0|    2|           1|           1|
    |or_ln324_106_fu_23454_p2      |        or|   0|  0|    2|           1|           1|
    |or_ln324_107_fu_23472_p2      |        or|   0|  0|    2|           1|           1|
    |or_ln324_108_fu_23486_p2      |        or|   0|  0|    2|           1|           1|
    |or_ln324_109_fu_23512_p2      |        or|   0|  0|    2|           1|           1|
    |or_ln324_10_fu_19651_p2       |        or|   0|  0|    2|           1|           1|
    |or_ln324_110_fu_23769_p2      |        or|   0|  0|    2|           1|           1|
    |or_ln324_111_fu_23783_p2      |        or|   0|  0|    2|           1|           1|
    |or_ln324_112_fu_23797_p2      |        or|   0|  0|    2|           1|           1|
    |or_ln324_113_fu_23811_p2      |        or|   0|  0|    2|           1|           1|
    |or_ln324_114_fu_23825_p2      |        or|   0|  0|    2|           1|           1|
    |or_ln324_115_fu_23843_p2      |        or|   0|  0|    2|           1|           1|
    |or_ln324_116_fu_23857_p2      |        or|   0|  0|    2|           1|           1|
    |or_ln324_117_fu_23883_p2      |        or|   0|  0|    2|           1|           1|
    |or_ln324_118_fu_23901_p2      |        or|   0|  0|    2|           1|           1|
    |or_ln324_119_fu_23915_p2      |        or|   0|  0|    2|           1|           1|
    |or_ln324_11_fu_19908_p2       |        or|   0|  0|    2|           1|           1|
    |or_ln324_120_fu_23941_p2      |        or|   0|  0|    2|           1|           1|
    |or_ln324_121_fu_24198_p2      |        or|   0|  0|    2|           1|           1|
    |or_ln324_122_fu_24212_p2      |        or|   0|  0|    2|           1|           1|
    |or_ln324_123_fu_24226_p2      |        or|   0|  0|    2|           1|           1|
    |or_ln324_124_fu_24240_p2      |        or|   0|  0|    2|           1|           1|
    |or_ln324_125_fu_24254_p2      |        or|   0|  0|    2|           1|           1|
    |or_ln324_126_fu_24272_p2      |        or|   0|  0|    2|           1|           1|
    |or_ln324_127_fu_24286_p2      |        or|   0|  0|    2|           1|           1|
    |or_ln324_128_fu_24312_p2      |        or|   0|  0|    2|           1|           1|
    |or_ln324_129_fu_24330_p2      |        or|   0|  0|    2|           1|           1|
    |or_ln324_12_fu_19922_p2       |        or|   0|  0|    2|           1|           1|
    |or_ln324_130_fu_24344_p2      |        or|   0|  0|    2|           1|           1|
    |or_ln324_131_fu_24370_p2      |        or|   0|  0|    2|           1|           1|
    |or_ln324_132_fu_24627_p2      |        or|   0|  0|    2|           1|           1|
    |or_ln324_133_fu_24641_p2      |        or|   0|  0|    2|           1|           1|
    |or_ln324_134_fu_24655_p2      |        or|   0|  0|    2|           1|           1|
    |or_ln324_135_fu_24669_p2      |        or|   0|  0|    2|           1|           1|
    |or_ln324_136_fu_24683_p2      |        or|   0|  0|    2|           1|           1|
    |or_ln324_137_fu_24701_p2      |        or|   0|  0|    2|           1|           1|
    |or_ln324_138_fu_24715_p2      |        or|   0|  0|    2|           1|           1|
    |or_ln324_139_fu_24741_p2      |        or|   0|  0|    2|           1|           1|
    |or_ln324_13_fu_19936_p2       |        or|   0|  0|    2|           1|           1|
    |or_ln324_140_fu_24759_p2      |        or|   0|  0|    2|           1|           1|
    |or_ln324_141_fu_24773_p2      |        or|   0|  0|    2|           1|           1|
    |or_ln324_142_fu_24799_p2      |        or|   0|  0|    2|           1|           1|
    |or_ln324_143_fu_25056_p2      |        or|   0|  0|    2|           1|           1|
    |or_ln324_144_fu_25070_p2      |        or|   0|  0|    2|           1|           1|
    |or_ln324_145_fu_25084_p2      |        or|   0|  0|    2|           1|           1|
    |or_ln324_146_fu_25098_p2      |        or|   0|  0|    2|           1|           1|
    |or_ln324_147_fu_25112_p2      |        or|   0|  0|    2|           1|           1|
    |or_ln324_148_fu_25130_p2      |        or|   0|  0|    2|           1|           1|
    |or_ln324_149_fu_25144_p2      |        or|   0|  0|    2|           1|           1|
    |or_ln324_14_fu_19950_p2       |        or|   0|  0|    2|           1|           1|
    |or_ln324_150_fu_25170_p2      |        or|   0|  0|    2|           1|           1|
    |or_ln324_151_fu_25188_p2      |        or|   0|  0|    2|           1|           1|
    |or_ln324_152_fu_25202_p2      |        or|   0|  0|    2|           1|           1|
    |or_ln324_153_fu_25228_p2      |        or|   0|  0|    2|           1|           1|
    |or_ln324_154_fu_25485_p2      |        or|   0|  0|    2|           1|           1|
    |or_ln324_155_fu_25499_p2      |        or|   0|  0|    2|           1|           1|
    |or_ln324_156_fu_25513_p2      |        or|   0|  0|    2|           1|           1|
    |or_ln324_157_fu_25527_p2      |        or|   0|  0|    2|           1|           1|
    |or_ln324_158_fu_25541_p2      |        or|   0|  0|    2|           1|           1|
    |or_ln324_159_fu_25559_p2      |        or|   0|  0|    2|           1|           1|
    |or_ln324_15_fu_19964_p2       |        or|   0|  0|    2|           1|           1|
    |or_ln324_160_fu_25573_p2      |        or|   0|  0|    2|           1|           1|
    |or_ln324_161_fu_25599_p2      |        or|   0|  0|    2|           1|           1|
    |or_ln324_162_fu_25617_p2      |        or|   0|  0|    2|           1|           1|
    |or_ln324_163_fu_25631_p2      |        or|   0|  0|    2|           1|           1|
    |or_ln324_164_fu_25657_p2      |        or|   0|  0|    2|           1|           1|
    |or_ln324_16_fu_19982_p2       |        or|   0|  0|    2|           1|           1|
    |or_ln324_17_fu_19996_p2       |        or|   0|  0|    2|           1|           1|
    |or_ln324_18_fu_20022_p2       |        or|   0|  0|    2|           1|           1|
    |or_ln324_19_fu_20040_p2       |        or|   0|  0|    2|           1|           1|
    |or_ln324_1_fu_19493_p2        |        or|   0|  0|    2|           1|           1|
    |or_ln324_20_fu_20054_p2       |        or|   0|  0|    2|           1|           1|
    |or_ln324_21_fu_20080_p2       |        or|   0|  0|    2|           1|           1|
    |or_ln324_22_fu_20337_p2       |        or|   0|  0|    2|           1|           1|
    |or_ln324_23_fu_20351_p2       |        or|   0|  0|    2|           1|           1|
    |or_ln324_24_fu_20365_p2       |        or|   0|  0|    2|           1|           1|
    |or_ln324_25_fu_20379_p2       |        or|   0|  0|    2|           1|           1|
    |or_ln324_26_fu_20393_p2       |        or|   0|  0|    2|           1|           1|
    |or_ln324_27_fu_20411_p2       |        or|   0|  0|    2|           1|           1|
    |or_ln324_28_fu_20425_p2       |        or|   0|  0|    2|           1|           1|
    |or_ln324_29_fu_20451_p2       |        or|   0|  0|    2|           1|           1|
    |or_ln324_2_fu_19507_p2        |        or|   0|  0|    2|           1|           1|
    |or_ln324_30_fu_20469_p2       |        or|   0|  0|    2|           1|           1|
    |or_ln324_31_fu_20483_p2       |        or|   0|  0|    2|           1|           1|
    |or_ln324_32_fu_20509_p2       |        or|   0|  0|    2|           1|           1|
    |or_ln324_33_fu_20766_p2       |        or|   0|  0|    2|           1|           1|
    |or_ln324_34_fu_20780_p2       |        or|   0|  0|    2|           1|           1|
    |or_ln324_35_fu_20794_p2       |        or|   0|  0|    2|           1|           1|
    |or_ln324_36_fu_20808_p2       |        or|   0|  0|    2|           1|           1|
    |or_ln324_37_fu_20822_p2       |        or|   0|  0|    2|           1|           1|
    |or_ln324_38_fu_20840_p2       |        or|   0|  0|    2|           1|           1|
    |or_ln324_39_fu_20854_p2       |        or|   0|  0|    2|           1|           1|
    |or_ln324_3_fu_19521_p2        |        or|   0|  0|    2|           1|           1|
    |or_ln324_40_fu_20880_p2       |        or|   0|  0|    2|           1|           1|
    |or_ln324_41_fu_20898_p2       |        or|   0|  0|    2|           1|           1|
    |or_ln324_42_fu_20912_p2       |        or|   0|  0|    2|           1|           1|
    |or_ln324_43_fu_20938_p2       |        or|   0|  0|    2|           1|           1|
    |or_ln324_44_fu_21195_p2       |        or|   0|  0|    2|           1|           1|
    |or_ln324_45_fu_21209_p2       |        or|   0|  0|    2|           1|           1|
    |or_ln324_46_fu_21223_p2       |        or|   0|  0|    2|           1|           1|
    |or_ln324_47_fu_21237_p2       |        or|   0|  0|    2|           1|           1|
    |or_ln324_48_fu_21251_p2       |        or|   0|  0|    2|           1|           1|
    |or_ln324_49_fu_21269_p2       |        or|   0|  0|    2|           1|           1|
    |or_ln324_4_fu_19535_p2        |        or|   0|  0|    2|           1|           1|
    |or_ln324_50_fu_21283_p2       |        or|   0|  0|    2|           1|           1|
    |or_ln324_51_fu_21309_p2       |        or|   0|  0|    2|           1|           1|
    |or_ln324_52_fu_21327_p2       |        or|   0|  0|    2|           1|           1|
    |or_ln324_53_fu_21341_p2       |        or|   0|  0|    2|           1|           1|
    |or_ln324_54_fu_21367_p2       |        or|   0|  0|    2|           1|           1|
    |or_ln324_55_fu_21624_p2       |        or|   0|  0|    2|           1|           1|
    |or_ln324_56_fu_21638_p2       |        or|   0|  0|    2|           1|           1|
    |or_ln324_57_fu_21652_p2       |        or|   0|  0|    2|           1|           1|
    |or_ln324_58_fu_21666_p2       |        or|   0|  0|    2|           1|           1|
    |or_ln324_59_fu_21680_p2       |        or|   0|  0|    2|           1|           1|
    |or_ln324_5_fu_19553_p2        |        or|   0|  0|    2|           1|           1|
    |or_ln324_60_fu_21698_p2       |        or|   0|  0|    2|           1|           1|
    |or_ln324_61_fu_21712_p2       |        or|   0|  0|    2|           1|           1|
    |or_ln324_62_fu_21738_p2       |        or|   0|  0|    2|           1|           1|
    |or_ln324_63_fu_21756_p2       |        or|   0|  0|    2|           1|           1|
    |or_ln324_64_fu_21770_p2       |        or|   0|  0|    2|           1|           1|
    |or_ln324_65_fu_21796_p2       |        or|   0|  0|    2|           1|           1|
    |or_ln324_66_fu_22053_p2       |        or|   0|  0|    2|           1|           1|
    |or_ln324_67_fu_22067_p2       |        or|   0|  0|    2|           1|           1|
    |or_ln324_68_fu_22081_p2       |        or|   0|  0|    2|           1|           1|
    |or_ln324_69_fu_22095_p2       |        or|   0|  0|    2|           1|           1|
    |or_ln324_6_fu_19567_p2        |        or|   0|  0|    2|           1|           1|
    |or_ln324_70_fu_22109_p2       |        or|   0|  0|    2|           1|           1|
    |or_ln324_71_fu_22127_p2       |        or|   0|  0|    2|           1|           1|
    |or_ln324_72_fu_22141_p2       |        or|   0|  0|    2|           1|           1|
    |or_ln324_73_fu_22167_p2       |        or|   0|  0|    2|           1|           1|
    |or_ln324_74_fu_22185_p2       |        or|   0|  0|    2|           1|           1|
    |or_ln324_75_fu_22199_p2       |        or|   0|  0|    2|           1|           1|
    |or_ln324_76_fu_22225_p2       |        or|   0|  0|    2|           1|           1|
    |or_ln324_77_fu_22482_p2       |        or|   0|  0|    2|           1|           1|
    |or_ln324_78_fu_22496_p2       |        or|   0|  0|    2|           1|           1|
    |or_ln324_79_fu_22510_p2       |        or|   0|  0|    2|           1|           1|
    |or_ln324_7_fu_19593_p2        |        or|   0|  0|    2|           1|           1|
    |or_ln324_80_fu_22524_p2       |        or|   0|  0|    2|           1|           1|
    |or_ln324_81_fu_22538_p2       |        or|   0|  0|    2|           1|           1|
    |or_ln324_82_fu_22556_p2       |        or|   0|  0|    2|           1|           1|
    |or_ln324_83_fu_22570_p2       |        or|   0|  0|    2|           1|           1|
    |or_ln324_84_fu_22596_p2       |        or|   0|  0|    2|           1|           1|
    |or_ln324_85_fu_22614_p2       |        or|   0|  0|    2|           1|           1|
    |or_ln324_86_fu_22628_p2       |        or|   0|  0|    2|           1|           1|
    |or_ln324_87_fu_22654_p2       |        or|   0|  0|    2|           1|           1|
    |or_ln324_88_fu_22911_p2       |        or|   0|  0|    2|           1|           1|
    |or_ln324_89_fu_22925_p2       |        or|   0|  0|    2|           1|           1|
    |or_ln324_8_fu_19611_p2        |        or|   0|  0|    2|           1|           1|
    |or_ln324_90_fu_22939_p2       |        or|   0|  0|    2|           1|           1|
    |or_ln324_91_fu_22953_p2       |        or|   0|  0|    2|           1|           1|
    |or_ln324_92_fu_22967_p2       |        or|   0|  0|    2|           1|           1|
    |or_ln324_93_fu_22985_p2       |        or|   0|  0|    2|           1|           1|
    |or_ln324_94_fu_22999_p2       |        or|   0|  0|    2|           1|           1|
    |or_ln324_95_fu_23025_p2       |        or|   0|  0|    2|           1|           1|
    |or_ln324_96_fu_23043_p2       |        or|   0|  0|    2|           1|           1|
    |or_ln324_97_fu_23057_p2       |        or|   0|  0|    2|           1|           1|
    |or_ln324_98_fu_23083_p2       |        or|   0|  0|    2|           1|           1|
    |or_ln324_99_fu_23340_p2       |        or|   0|  0|    2|           1|           1|
    |or_ln324_9_fu_19625_p2        |        or|   0|  0|    2|           1|           1|
    |or_ln324_fu_19479_p2          |        or|   0|  0|    2|           1|           1|
    |order_10_d0                   |    select|   0|  0|   10|           1|          10|
    |order_11_d0                   |    select|   0|  0|   10|           1|          10|
    |order_12_d0                   |    select|   0|  0|   10|           1|          10|
    |order_13_d0                   |    select|   0|  0|   10|           1|          10|
    |order_14_d0                   |    select|   0|  0|   10|           1|          10|
    |order_1_d0                    |    select|   0|  0|   10|           1|          10|
    |order_2_d0                    |    select|   0|  0|   10|           1|          10|
    |order_3_d0                    |    select|   0|  0|   10|           1|          10|
    |order_4_d0                    |    select|   0|  0|   10|           1|          10|
    |order_5_d0                    |    select|   0|  0|   10|           1|          10|
    |order_6_d0                    |    select|   0|  0|   10|           1|          10|
    |order_7_d0                    |    select|   0|  0|   10|           1|          10|
    |order_8_d0                    |    select|   0|  0|   10|           1|          10|
    |order_9_d0                    |    select|   0|  0|   10|           1|          10|
    |order_d0                      |    select|   0|  0|   10|           1|          10|
    |partial_120_fu_38963_p3       |    select|   0|  0|   32|           1|          32|
    |partial_123_fu_39008_p3       |    select|   0|  0|   32|           1|          32|
    |partial_144_fu_39350_p3       |    select|   0|  0|   32|           1|          32|
    |partial_147_fu_39395_p3       |    select|   0|  0|   32|           1|          32|
    |partial_150_fu_39440_p3       |    select|   0|  0|   32|           1|          32|
    |partial_169_fu_39749_p3       |    select|   0|  0|   32|           1|          32|
    |partial_172_fu_39794_p3       |    select|   0|  0|   32|           1|          32|
    |partial_175_fu_39839_p3       |    select|   0|  0|   32|           1|          32|
    |partial_178_fu_39884_p3       |    select|   0|  0|   32|           1|          32|
    |partial_195_fu_40160_p3       |    select|   0|  0|   32|           1|          32|
    |partial_198_fu_40205_p3       |    select|   0|  0|   32|           1|          32|
    |partial_201_fu_40250_p3       |    select|   0|  0|   32|           1|          32|
    |partial_204_fu_40295_p3       |    select|   0|  0|   32|           1|          32|
    |partial_207_fu_40340_p3       |    select|   0|  0|   32|           1|          32|
    |partial_222_fu_40583_p3       |    select|   0|  0|   32|           1|          32|
    |partial_225_fu_40628_p3       |    select|   0|  0|   32|           1|          32|
    |partial_228_fu_40673_p3       |    select|   0|  0|   32|           1|          32|
    |partial_231_fu_40718_p3       |    select|   0|  0|   32|           1|          32|
    |partial_234_fu_40763_p3       |    select|   0|  0|   32|           1|          32|
    |partial_237_fu_40808_p3       |    select|   0|  0|   32|           1|          32|
    |partial_250_fu_41018_p3       |    select|   0|  0|   32|           1|          32|
    |partial_253_fu_41063_p3       |    select|   0|  0|   32|           1|          32|
    |partial_256_fu_41108_p3       |    select|   0|  0|   32|           1|          32|
    |partial_259_fu_41153_p3       |    select|   0|  0|   32|           1|          32|
    |partial_262_fu_41198_p3       |    select|   0|  0|   32|           1|          32|
    |partial_265_fu_41243_p3       |    select|   0|  0|   32|           1|          32|
    |partial_268_fu_41288_p3       |    select|   0|  0|   32|           1|          32|
    |partial_279_fu_41465_p3       |    select|   0|  0|   32|           1|          32|
    |partial_282_fu_41510_p3       |    select|   0|  0|   32|           1|          32|
    |partial_285_fu_41555_p3       |    select|   0|  0|   32|           1|          32|
    |partial_288_fu_41600_p3       |    select|   0|  0|   32|           1|          32|
    |partial_291_fu_41645_p3       |    select|   0|  0|   32|           1|          32|
    |partial_294_fu_41690_p3       |    select|   0|  0|   32|           1|          32|
    |partial_297_fu_41735_p3       |    select|   0|  0|   32|           1|          32|
    |partial_2_fu_37025_p3         |    select|   0|  0|   32|           1|          32|
    |partial_300_fu_41780_p3       |    select|   0|  0|   32|           1|          32|
    |partial_309_fu_41924_p3       |    select|   0|  0|   32|           1|          32|
    |partial_312_fu_41969_p3       |    select|   0|  0|   32|           1|          32|
    |partial_315_fu_42014_p3       |    select|   0|  0|   32|           1|          32|
    |partial_318_fu_42059_p3       |    select|   0|  0|   32|           1|          32|
    |partial_321_fu_42104_p3       |    select|   0|  0|   32|           1|          32|
    |partial_324_fu_42149_p3       |    select|   0|  0|   32|           1|          32|
    |partial_327_fu_42194_p3       |    select|   0|  0|   32|           1|          32|
    |partial_330_fu_42239_p3       |    select|   0|  0|   32|           1|          32|
    |partial_333_fu_42284_p3       |    select|   0|  0|   32|           1|          32|
    |partial_340_fu_42395_p3       |    select|   0|  0|   32|           1|          32|
    |partial_343_fu_42440_p3       |    select|   0|  0|   32|           1|          32|
    |partial_346_fu_42485_p3       |    select|   0|  0|   32|           1|          32|
    |partial_349_fu_42530_p3       |    select|   0|  0|   32|           1|          32|
    |partial_352_fu_42575_p3       |    select|   0|  0|   32|           1|          32|
    |partial_355_fu_42620_p3       |    select|   0|  0|   32|           1|          32|
    |partial_358_fu_42665_p3       |    select|   0|  0|   32|           1|          32|
    |partial_361_fu_42710_p3       |    select|   0|  0|   32|           1|          32|
    |partial_364_fu_42755_p3       |    select|   0|  0|   32|           1|          32|
    |partial_367_fu_42800_p3       |    select|   0|  0|   32|           1|          32|
    |partial_372_fu_42878_p3       |    select|   0|  0|   32|           1|          32|
    |partial_375_fu_42923_p3       |    select|   0|  0|   32|           1|          32|
    |partial_378_fu_42968_p3       |    select|   0|  0|   32|           1|          32|
    |partial_381_fu_43013_p3       |    select|   0|  0|   32|           1|          32|
    |partial_384_fu_43058_p3       |    select|   0|  0|   32|           1|          32|
    |partial_387_fu_43103_p3       |    select|   0|  0|   32|           1|          32|
    |partial_390_fu_43148_p3       |    select|   0|  0|   32|           1|          32|
    |partial_393_fu_43193_p3       |    select|   0|  0|   32|           1|          32|
    |partial_396_fu_43238_p3       |    select|   0|  0|   32|           1|          32|
    |partial_399_fu_43283_p3       |    select|   0|  0|   32|           1|          32|
    |partial_402_fu_43328_p3       |    select|   0|  0|   32|           1|          32|
    |partial_405_fu_43373_p3       |    select|   0|  0|   32|           1|          32|
    |partial_408_fu_43418_p3       |    select|   0|  0|   32|           1|          32|
    |partial_411_fu_43463_p3       |    select|   0|  0|   32|           1|          32|
    |partial_414_fu_43508_p3       |    select|   0|  0|   32|           1|          32|
    |partial_417_fu_43553_p3       |    select|   0|  0|   32|           1|          32|
    |partial_420_fu_43598_p3       |    select|   0|  0|   32|           1|          32|
    |partial_423_fu_43643_p3       |    select|   0|  0|   32|           1|          32|
    |partial_426_fu_43688_p3       |    select|   0|  0|   32|           1|          32|
    |partial_429_fu_43733_p3       |    select|   0|  0|   32|           1|          32|
    |partial_432_fu_43778_p3       |    select|   0|  0|   32|           1|          32|
    |partial_435_fu_43823_p3       |    select|   0|  0|   32|           1|          32|
    |partial_438_fu_43868_p3       |    select|   0|  0|   32|           1|          32|
    |partial_97_fu_38588_p3        |    select|   0|  0|   32|           1|          32|
    |select_ln324_100_fu_20904_p3  |    select|   0|  0|    9|           1|           9|
    |select_ln324_101_fu_20918_p3  |    select|   0|  0|    7|           1|           7|
    |select_ln324_102_fu_20930_p3  |    select|   0|  0|   10|           1|          10|
    |select_ln324_103_fu_20944_p3  |    select|   0|  0|    9|           1|           9|
    |select_ln324_10_fu_19617_p3   |    select|   0|  0|    9|           1|           9|
    |select_ln324_11_fu_19631_p3   |    select|   0|  0|    7|           1|           7|
    |select_ln324_120_fu_21187_p3  |    select|   0|  0|   10|           1|          10|
    |select_ln324_121_fu_21201_p3  |    select|   0|  0|   10|           1|          10|
    |select_ln324_122_fu_21215_p3  |    select|   0|  0|    9|           1|           9|
    |select_ln324_123_fu_21229_p3  |    select|   0|  0|    9|           1|           9|
    |select_ln324_124_fu_21243_p3  |    select|   0|  0|    9|           1|           9|
    |select_ln324_125_fu_21257_p3  |    select|   0|  0|    8|           1|           8|
    |select_ln324_126_fu_21275_p3  |    select|   0|  0|    7|           1|           7|
    |select_ln324_127_fu_21289_p3  |    select|   0|  0|    6|           1|           6|
    |select_ln324_128_fu_21301_p3  |    select|   0|  0|   10|           1|          10|
    |select_ln324_129_fu_21315_p3  |    select|   0|  0|    9|           1|           9|
    |select_ln324_12_fu_19643_p3   |    select|   0|  0|   10|           1|          10|
    |select_ln324_130_fu_21333_p3  |    select|   0|  0|    9|           1|           9|
    |select_ln324_131_fu_21347_p3  |    select|   0|  0|    7|           1|           7|
    |select_ln324_132_fu_21359_p3  |    select|   0|  0|   10|           1|          10|
    |select_ln324_133_fu_21373_p3  |    select|   0|  0|    9|           1|           9|
    |select_ln324_13_fu_19657_p3   |    select|   0|  0|    9|           1|           9|
    |select_ln324_150_fu_21616_p3  |    select|   0|  0|   10|           1|          10|
    |select_ln324_151_fu_21630_p3  |    select|   0|  0|   10|           1|          10|
    |select_ln324_152_fu_21644_p3  |    select|   0|  0|    9|           1|           9|
    |select_ln324_153_fu_21658_p3  |    select|   0|  0|    9|           1|           9|
    |select_ln324_154_fu_21672_p3  |    select|   0|  0|    9|           1|           9|
    |select_ln324_155_fu_21686_p3  |    select|   0|  0|    8|           1|           8|
    |select_ln324_156_fu_21704_p3  |    select|   0|  0|    7|           1|           7|
    |select_ln324_157_fu_21718_p3  |    select|   0|  0|    6|           1|           6|
    |select_ln324_158_fu_21730_p3  |    select|   0|  0|   10|           1|          10|
    |select_ln324_159_fu_21744_p3  |    select|   0|  0|    9|           1|           9|
    |select_ln324_160_fu_21762_p3  |    select|   0|  0|    9|           1|           9|
    |select_ln324_161_fu_21776_p3  |    select|   0|  0|    7|           1|           7|
    |select_ln324_162_fu_21788_p3  |    select|   0|  0|   10|           1|          10|
    |select_ln324_163_fu_21802_p3  |    select|   0|  0|    9|           1|           9|
    |select_ln324_180_fu_22045_p3  |    select|   0|  0|   10|           1|          10|
    |select_ln324_181_fu_22059_p3  |    select|   0|  0|   10|           1|          10|
    |select_ln324_182_fu_22073_p3  |    select|   0|  0|    9|           1|           9|
    |select_ln324_183_fu_22087_p3  |    select|   0|  0|    9|           1|           9|
    |select_ln324_184_fu_22101_p3  |    select|   0|  0|    9|           1|           9|
    |select_ln324_185_fu_22115_p3  |    select|   0|  0|    8|           1|           8|
    |select_ln324_186_fu_22133_p3  |    select|   0|  0|    7|           1|           7|
    |select_ln324_187_fu_22147_p3  |    select|   0|  0|    6|           1|           6|
    |select_ln324_188_fu_22159_p3  |    select|   0|  0|   10|           1|          10|
    |select_ln324_189_fu_22173_p3  |    select|   0|  0|    9|           1|           9|
    |select_ln324_190_fu_22191_p3  |    select|   0|  0|    9|           1|           9|
    |select_ln324_191_fu_22205_p3  |    select|   0|  0|    7|           1|           7|
    |select_ln324_192_fu_22217_p3  |    select|   0|  0|   10|           1|          10|
    |select_ln324_193_fu_22231_p3  |    select|   0|  0|    9|           1|           9|
    |select_ln324_1_fu_19485_p3    |    select|   0|  0|   10|           1|          10|
    |select_ln324_210_fu_22474_p3  |    select|   0|  0|   10|           1|          10|
    |select_ln324_211_fu_22488_p3  |    select|   0|  0|   10|           1|          10|
    |select_ln324_212_fu_22502_p3  |    select|   0|  0|    9|           1|           9|
    |select_ln324_213_fu_22516_p3  |    select|   0|  0|    9|           1|           9|
    |select_ln324_214_fu_22530_p3  |    select|   0|  0|    9|           1|           9|
    |select_ln324_215_fu_22544_p3  |    select|   0|  0|    8|           1|           8|
    |select_ln324_216_fu_22562_p3  |    select|   0|  0|    7|           1|           7|
    |select_ln324_217_fu_22576_p3  |    select|   0|  0|    6|           1|           6|
    |select_ln324_218_fu_22588_p3  |    select|   0|  0|   10|           1|          10|
    |select_ln324_219_fu_22602_p3  |    select|   0|  0|    9|           1|           9|
    |select_ln324_220_fu_22620_p3  |    select|   0|  0|    9|           1|           9|
    |select_ln324_221_fu_22634_p3  |    select|   0|  0|    7|           1|           7|
    |select_ln324_222_fu_22646_p3  |    select|   0|  0|   10|           1|          10|
    |select_ln324_223_fu_22660_p3  |    select|   0|  0|    9|           1|           9|
    |select_ln324_240_fu_22903_p3  |    select|   0|  0|   10|           1|          10|
    |select_ln324_241_fu_22917_p3  |    select|   0|  0|   10|           1|          10|
    |select_ln324_242_fu_22931_p3  |    select|   0|  0|    9|           1|           9|
    |select_ln324_243_fu_22945_p3  |    select|   0|  0|    9|           1|           9|
    |select_ln324_244_fu_22959_p3  |    select|   0|  0|    9|           1|           9|
    |select_ln324_245_fu_22973_p3  |    select|   0|  0|    8|           1|           8|
    |select_ln324_246_fu_22991_p3  |    select|   0|  0|    7|           1|           7|
    |select_ln324_247_fu_23005_p3  |    select|   0|  0|    6|           1|           6|
    |select_ln324_248_fu_23017_p3  |    select|   0|  0|   10|           1|          10|
    |select_ln324_249_fu_23031_p3  |    select|   0|  0|    9|           1|           9|
    |select_ln324_250_fu_23049_p3  |    select|   0|  0|    9|           1|           9|
    |select_ln324_251_fu_23063_p3  |    select|   0|  0|    7|           1|           7|
    |select_ln324_252_fu_23075_p3  |    select|   0|  0|   10|           1|          10|
    |select_ln324_253_fu_23089_p3  |    select|   0|  0|    9|           1|           9|
    |select_ln324_270_fu_23332_p3  |    select|   0|  0|   10|           1|          10|
    |select_ln324_271_fu_23346_p3  |    select|   0|  0|   10|           1|          10|
    |select_ln324_272_fu_23360_p3  |    select|   0|  0|    9|           1|           9|
    |select_ln324_273_fu_23374_p3  |    select|   0|  0|    9|           1|           9|
    |select_ln324_274_fu_23388_p3  |    select|   0|  0|    9|           1|           9|
    |select_ln324_275_fu_23402_p3  |    select|   0|  0|    8|           1|           8|
    |select_ln324_276_fu_23420_p3  |    select|   0|  0|    7|           1|           7|
    |select_ln324_277_fu_23434_p3  |    select|   0|  0|    6|           1|           6|
    |select_ln324_278_fu_23446_p3  |    select|   0|  0|   10|           1|          10|
    |select_ln324_279_fu_23460_p3  |    select|   0|  0|    9|           1|           9|
    |select_ln324_280_fu_23478_p3  |    select|   0|  0|    9|           1|           9|
    |select_ln324_281_fu_23492_p3  |    select|   0|  0|    7|           1|           7|
    |select_ln324_282_fu_23504_p3  |    select|   0|  0|   10|           1|          10|
    |select_ln324_283_fu_23518_p3  |    select|   0|  0|    9|           1|           9|
    |select_ln324_2_fu_19499_p3    |    select|   0|  0|    9|           1|           9|
    |select_ln324_300_fu_23761_p3  |    select|   0|  0|   10|           1|          10|
    |select_ln324_301_fu_23775_p3  |    select|   0|  0|   10|           1|          10|
    |select_ln324_302_fu_23789_p3  |    select|   0|  0|    9|           1|           9|
    |select_ln324_303_fu_23803_p3  |    select|   0|  0|    9|           1|           9|
    |select_ln324_304_fu_23817_p3  |    select|   0|  0|    9|           1|           9|
    |select_ln324_305_fu_23831_p3  |    select|   0|  0|    8|           1|           8|
    |select_ln324_306_fu_23849_p3  |    select|   0|  0|    7|           1|           7|
    |select_ln324_307_fu_23863_p3  |    select|   0|  0|    6|           1|           6|
    |select_ln324_308_fu_23875_p3  |    select|   0|  0|   10|           1|          10|
    |select_ln324_309_fu_23889_p3  |    select|   0|  0|    9|           1|           9|
    |select_ln324_30_fu_19900_p3   |    select|   0|  0|   10|           1|          10|
    |select_ln324_310_fu_23907_p3  |    select|   0|  0|    9|           1|           9|
    |select_ln324_311_fu_23921_p3  |    select|   0|  0|    7|           1|           7|
    |select_ln324_312_fu_23933_p3  |    select|   0|  0|   10|           1|          10|
    |select_ln324_313_fu_23947_p3  |    select|   0|  0|    9|           1|           9|
    |select_ln324_31_fu_19914_p3   |    select|   0|  0|   10|           1|          10|
    |select_ln324_32_fu_19928_p3   |    select|   0|  0|    9|           1|           9|
    |select_ln324_330_fu_24190_p3  |    select|   0|  0|   10|           1|          10|
    |select_ln324_331_fu_24204_p3  |    select|   0|  0|   10|           1|          10|
    |select_ln324_332_fu_24218_p3  |    select|   0|  0|    9|           1|           9|
    |select_ln324_333_fu_24232_p3  |    select|   0|  0|    9|           1|           9|
    |select_ln324_334_fu_24246_p3  |    select|   0|  0|    9|           1|           9|
    |select_ln324_335_fu_24260_p3  |    select|   0|  0|    8|           1|           8|
    |select_ln324_336_fu_24278_p3  |    select|   0|  0|    7|           1|           7|
    |select_ln324_337_fu_24292_p3  |    select|   0|  0|    6|           1|           6|
    |select_ln324_338_fu_24304_p3  |    select|   0|  0|   10|           1|          10|
    |select_ln324_339_fu_24318_p3  |    select|   0|  0|    9|           1|           9|
    |select_ln324_33_fu_19942_p3   |    select|   0|  0|    9|           1|           9|
    |select_ln324_340_fu_24336_p3  |    select|   0|  0|    9|           1|           9|
    |select_ln324_341_fu_24350_p3  |    select|   0|  0|    7|           1|           7|
    |select_ln324_342_fu_24362_p3  |    select|   0|  0|   10|           1|          10|
    |select_ln324_343_fu_24376_p3  |    select|   0|  0|    9|           1|           9|
    |select_ln324_34_fu_19956_p3   |    select|   0|  0|    9|           1|           9|
    |select_ln324_35_fu_19970_p3   |    select|   0|  0|    8|           1|           8|
    |select_ln324_360_fu_24619_p3  |    select|   0|  0|   10|           1|          10|
    |select_ln324_361_fu_24633_p3  |    select|   0|  0|   10|           1|          10|
    |select_ln324_362_fu_24647_p3  |    select|   0|  0|    9|           1|           9|
    |select_ln324_363_fu_24661_p3  |    select|   0|  0|    9|           1|           9|
    |select_ln324_364_fu_24675_p3  |    select|   0|  0|    9|           1|           9|
    |select_ln324_365_fu_24689_p3  |    select|   0|  0|    8|           1|           8|
    |select_ln324_366_fu_24707_p3  |    select|   0|  0|    7|           1|           7|
    |select_ln324_367_fu_24721_p3  |    select|   0|  0|    6|           1|           6|
    |select_ln324_368_fu_24733_p3  |    select|   0|  0|   10|           1|          10|
    |select_ln324_369_fu_24747_p3  |    select|   0|  0|    9|           1|           9|
    |select_ln324_36_fu_19988_p3   |    select|   0|  0|    7|           1|           7|
    |select_ln324_370_fu_24765_p3  |    select|   0|  0|    9|           1|           9|
    |select_ln324_371_fu_24779_p3  |    select|   0|  0|    7|           1|           7|
    |select_ln324_372_fu_24791_p3  |    select|   0|  0|   10|           1|          10|
    |select_ln324_373_fu_24805_p3  |    select|   0|  0|    9|           1|           9|
    |select_ln324_37_fu_20002_p3   |    select|   0|  0|    6|           1|           6|
    |select_ln324_38_fu_20014_p3   |    select|   0|  0|   10|           1|          10|
    |select_ln324_390_fu_25048_p3  |    select|   0|  0|   10|           1|          10|
    |select_ln324_391_fu_25062_p3  |    select|   0|  0|   10|           1|          10|
    |select_ln324_392_fu_25076_p3  |    select|   0|  0|    9|           1|           9|
    |select_ln324_393_fu_25090_p3  |    select|   0|  0|    9|           1|           9|
    |select_ln324_394_fu_25104_p3  |    select|   0|  0|    9|           1|           9|
    |select_ln324_395_fu_25118_p3  |    select|   0|  0|    8|           1|           8|
    |select_ln324_396_fu_25136_p3  |    select|   0|  0|    7|           1|           7|
    |select_ln324_397_fu_25150_p3  |    select|   0|  0|    6|           1|           6|
    |select_ln324_398_fu_25162_p3  |    select|   0|  0|   10|           1|          10|
    |select_ln324_399_fu_25176_p3  |    select|   0|  0|    9|           1|           9|
    |select_ln324_39_fu_20028_p3   |    select|   0|  0|    9|           1|           9|
    |select_ln324_3_fu_19513_p3    |    select|   0|  0|    9|           1|           9|
    |select_ln324_400_fu_25194_p3  |    select|   0|  0|    9|           1|           9|
    |select_ln324_401_fu_25208_p3  |    select|   0|  0|    7|           1|           7|
    |select_ln324_402_fu_25220_p3  |    select|   0|  0|   10|           1|          10|
    |select_ln324_403_fu_25234_p3  |    select|   0|  0|    9|           1|           9|
    |select_ln324_40_fu_20046_p3   |    select|   0|  0|    9|           1|           9|
    |select_ln324_41_fu_20060_p3   |    select|   0|  0|    7|           1|           7|
    |select_ln324_420_fu_25477_p3  |    select|   0|  0|   10|           1|          10|
    |select_ln324_421_fu_25491_p3  |    select|   0|  0|   10|           1|          10|
    |select_ln324_422_fu_25505_p3  |    select|   0|  0|    9|           1|           9|
    |select_ln324_423_fu_25519_p3  |    select|   0|  0|    9|           1|           9|
    |select_ln324_424_fu_25533_p3  |    select|   0|  0|    9|           1|           9|
    |select_ln324_425_fu_25547_p3  |    select|   0|  0|    8|           1|           8|
    |select_ln324_426_fu_25565_p3  |    select|   0|  0|    7|           1|           7|
    |select_ln324_427_fu_25579_p3  |    select|   0|  0|    6|           1|           6|
    |select_ln324_428_fu_25591_p3  |    select|   0|  0|   10|           1|          10|
    |select_ln324_429_fu_25605_p3  |    select|   0|  0|    9|           1|           9|
    |select_ln324_42_fu_20072_p3   |    select|   0|  0|   10|           1|          10|
    |select_ln324_430_fu_25623_p3  |    select|   0|  0|    9|           1|           9|
    |select_ln324_431_fu_25637_p3  |    select|   0|  0|    7|           1|           7|
    |select_ln324_432_fu_25649_p3  |    select|   0|  0|   10|           1|          10|
    |select_ln324_433_fu_25663_p3  |    select|   0|  0|    9|           1|           9|
    |select_ln324_43_fu_20086_p3   |    select|   0|  0|    9|           1|           9|
    |select_ln324_4_fu_19527_p3    |    select|   0|  0|    9|           1|           9|
    |select_ln324_5_fu_19541_p3    |    select|   0|  0|    8|           1|           8|
    |select_ln324_60_fu_20329_p3   |    select|   0|  0|   10|           1|          10|
    |select_ln324_61_fu_20343_p3   |    select|   0|  0|   10|           1|          10|
    |select_ln324_62_fu_20357_p3   |    select|   0|  0|    9|           1|           9|
    |select_ln324_63_fu_20371_p3   |    select|   0|  0|    9|           1|           9|
    |select_ln324_64_fu_20385_p3   |    select|   0|  0|    9|           1|           9|
    |select_ln324_65_fu_20399_p3   |    select|   0|  0|    8|           1|           8|
    |select_ln324_66_fu_20417_p3   |    select|   0|  0|    7|           1|           7|
    |select_ln324_67_fu_20431_p3   |    select|   0|  0|    6|           1|           6|
    |select_ln324_68_fu_20443_p3   |    select|   0|  0|   10|           1|          10|
    |select_ln324_69_fu_20457_p3   |    select|   0|  0|    9|           1|           9|
    |select_ln324_6_fu_19559_p3    |    select|   0|  0|    7|           1|           7|
    |select_ln324_70_fu_20475_p3   |    select|   0|  0|    9|           1|           9|
    |select_ln324_71_fu_20489_p3   |    select|   0|  0|    7|           1|           7|
    |select_ln324_72_fu_20501_p3   |    select|   0|  0|   10|           1|          10|
    |select_ln324_73_fu_20515_p3   |    select|   0|  0|    9|           1|           9|
    |select_ln324_7_fu_19573_p3    |    select|   0|  0|    6|           1|           6|
    |select_ln324_8_fu_19585_p3    |    select|   0|  0|   10|           1|          10|
    |select_ln324_90_fu_20758_p3   |    select|   0|  0|   10|           1|          10|
    |select_ln324_91_fu_20772_p3   |    select|   0|  0|   10|           1|          10|
    |select_ln324_92_fu_20786_p3   |    select|   0|  0|    9|           1|           9|
    |select_ln324_93_fu_20800_p3   |    select|   0|  0|    9|           1|           9|
    |select_ln324_94_fu_20814_p3   |    select|   0|  0|    9|           1|           9|
    |select_ln324_95_fu_20828_p3   |    select|   0|  0|    8|           1|           8|
    |select_ln324_96_fu_20846_p3   |    select|   0|  0|    7|           1|           7|
    |select_ln324_97_fu_20860_p3   |    select|   0|  0|    6|           1|           6|
    |select_ln324_98_fu_20872_p3   |    select|   0|  0|   10|           1|          10|
    |select_ln324_99_fu_20886_p3   |    select|   0|  0|    9|           1|           9|
    |select_ln324_9_fu_19599_p3    |    select|   0|  0|    9|           1|           9|
    |select_ln324_fu_19471_p3      |    select|   0|  0|   10|           1|          10|
    |select_ln352_100_fu_30220_p3  |    select|   0|  0|   15|           1|          15|
    |select_ln352_101_fu_30237_p3  |    select|   0|  0|   15|           1|          15|
    |select_ln352_102_fu_30244_p3  |    select|   0|  0|   15|           1|          15|
    |select_ln352_103_fu_30251_p3  |    select|   0|  0|   15|           1|          15|
    |select_ln352_104_fu_30488_p3  |    select|   0|  0|   15|           1|          15|
    |select_ln352_105_fu_30505_p3  |    select|   0|  0|   15|           1|          15|
    |select_ln352_106_fu_30518_p3  |    select|   0|  0|   15|           1|          15|
    |select_ln352_107_fu_30531_p3  |    select|   0|  0|   15|           1|          15|
    |select_ln352_10_fu_26270_p3   |    select|   0|  0|   15|           1|          15|
    |select_ln352_11_fu_26287_p3   |    select|   0|  0|   15|           1|          15|
    |select_ln352_12_fu_26304_p3   |    select|   0|  0|   15|           1|          15|
    |select_ln352_13_fu_26311_p3   |    select|   0|  0|   15|           1|          15|
    |select_ln352_14_fu_26318_p3   |    select|   0|  0|   15|           1|          15|
    |select_ln352_15_fu_26335_p3   |    select|   0|  0|   15|           1|          15|
    |select_ln352_16_fu_26352_p3   |    select|   0|  0|   15|           1|          15|
    |select_ln352_17_fu_26359_p3   |    select|   0|  0|   15|           1|          15|
    |select_ln352_18_fu_26366_p3   |    select|   0|  0|   15|           1|          15|
    |select_ln352_19_fu_26383_p3   |    select|   0|  0|   15|           1|          15|
    |select_ln352_1_fu_26181_p3    |    select|   0|  0|   15|           1|          15|
    |select_ln352_20_fu_26400_p3   |    select|   0|  0|   15|           1|          15|
    |select_ln352_21_fu_26407_p3   |    select|   0|  0|   15|           1|          15|
    |select_ln352_22_fu_26414_p3   |    select|   0|  0|   15|           1|          15|
    |select_ln352_23_fu_26431_p3   |    select|   0|  0|   15|           1|          15|
    |select_ln352_24_fu_26448_p3   |    select|   0|  0|   15|           1|          15|
    |select_ln352_25_fu_26455_p3   |    select|   0|  0|   15|           1|          15|
    |select_ln352_26_fu_26462_p3   |    select|   0|  0|   15|           1|          15|
    |select_ln352_27_fu_26479_p3   |    select|   0|  0|   15|           1|          15|
    |select_ln352_28_fu_26496_p3   |    select|   0|  0|   15|           1|          15|
    |select_ln352_29_fu_26503_p3   |    select|   0|  0|   15|           1|          15|
    |select_ln352_2_fu_26188_p3    |    select|   0|  0|   15|           1|          15|
    |select_ln352_30_fu_26510_p3   |    select|   0|  0|   15|           1|          15|
    |select_ln352_31_fu_26527_p3   |    select|   0|  0|   15|           1|          15|
    |select_ln352_32_fu_26544_p3   |    select|   0|  0|   15|           1|          15|
    |select_ln352_33_fu_26551_p3   |    select|   0|  0|   15|           1|          15|
    |select_ln352_34_fu_26558_p3   |    select|   0|  0|   15|           1|          15|
    |select_ln352_35_fu_26575_p3   |    select|   0|  0|   15|           1|          15|
    |select_ln352_36_fu_26592_p3   |    select|   0|  0|   15|           1|          15|
    |select_ln352_37_fu_26599_p3   |    select|   0|  0|   15|           1|          15|
    |select_ln352_38_fu_26606_p3   |    select|   0|  0|   15|           1|          15|
    |select_ln352_39_fu_26623_p3   |    select|   0|  0|   15|           1|          15|
    |select_ln352_3_fu_26195_p3    |    select|   0|  0|   15|           1|          15|
    |select_ln352_40_fu_26640_p3   |    select|   0|  0|   15|           1|          15|
    |select_ln352_41_fu_26647_p3   |    select|   0|  0|   15|           1|          15|
    |select_ln352_42_fu_26654_p3   |    select|   0|  0|   15|           1|          15|
    |select_ln352_43_fu_26671_p3   |    select|   0|  0|   15|           1|          15|
    |select_ln352_44_fu_26688_p3   |    select|   0|  0|   15|           1|          15|
    |select_ln352_45_fu_26695_p3   |    select|   0|  0|   15|           1|          15|
    |select_ln352_46_fu_26702_p3   |    select|   0|  0|   15|           1|          15|
    |select_ln352_47_fu_26719_p3   |    select|   0|  0|   15|           1|          15|
    |select_ln352_48_fu_26736_p3   |    select|   0|  0|   15|           1|          15|
    |select_ln352_49_fu_26743_p3   |    select|   0|  0|   15|           1|          15|
    |select_ln352_4_fu_26202_p3    |    select|   0|  0|   15|           1|          15|
    |select_ln352_50_fu_26750_p3   |    select|   0|  0|   15|           1|          15|
    |select_ln352_51_fu_26767_p3   |    select|   0|  0|   15|           1|          15|
    |select_ln352_52_fu_27004_p3   |    select|   0|  0|   15|           1|          15|
    |select_ln352_53_fu_27011_p3   |    select|   0|  0|   15|           1|          15|
    |select_ln352_54_fu_27018_p3   |    select|   0|  0|   15|           1|          15|
    |select_ln352_55_fu_27035_p3   |    select|   0|  0|   15|           1|          15|
    |select_ln352_56_fu_27272_p3   |    select|   0|  0|   15|           1|          15|
    |select_ln352_57_fu_27279_p3   |    select|   0|  0|   15|           1|          15|
    |select_ln352_58_fu_27286_p3   |    select|   0|  0|   15|           1|          15|
    |select_ln352_59_fu_27303_p3   |    select|   0|  0|   15|           1|          15|
    |select_ln352_5_fu_26219_p3    |    select|   0|  0|   15|           1|          15|
    |select_ln352_60_fu_27540_p3   |    select|   0|  0|   15|           1|          15|
    |select_ln352_61_fu_27557_p3   |    select|   0|  0|   15|           1|          15|
    |select_ln352_62_fu_27564_p3   |    select|   0|  0|   15|           1|          15|
    |select_ln352_63_fu_27571_p3   |    select|   0|  0|   15|           1|          15|
    |select_ln352_64_fu_27808_p3   |    select|   0|  0|   15|           1|          15|
    |select_ln352_65_fu_27825_p3   |    select|   0|  0|   15|           1|          15|
    |select_ln352_66_fu_27832_p3   |    select|   0|  0|   15|           1|          15|
    |select_ln352_67_fu_27839_p3   |    select|   0|  0|   15|           1|          15|
    |select_ln352_68_fu_28076_p3   |    select|   0|  0|   15|           1|          15|
    |select_ln352_69_fu_28093_p3   |    select|   0|  0|   15|           1|          15|
    |select_ln352_6_fu_26226_p3    |    select|   0|  0|   15|           1|          15|
    |select_ln352_70_fu_28100_p3   |    select|   0|  0|   15|           1|          15|
    |select_ln352_71_fu_28107_p3   |    select|   0|  0|   15|           1|          15|
    |select_ln352_72_fu_28344_p3   |    select|   0|  0|   15|           1|          15|
    |select_ln352_73_fu_28361_p3   |    select|   0|  0|   15|           1|          15|
    |select_ln352_74_fu_28368_p3   |    select|   0|  0|   15|           1|          15|
    |select_ln352_75_fu_28375_p3   |    select|   0|  0|   15|           1|          15|
    |select_ln352_76_fu_28612_p3   |    select|   0|  0|   15|           1|          15|
    |select_ln352_77_fu_28629_p3   |    select|   0|  0|   15|           1|          15|
    |select_ln352_78_fu_28636_p3   |    select|   0|  0|   15|           1|          15|
    |select_ln352_79_fu_28643_p3   |    select|   0|  0|   15|           1|          15|
    |select_ln352_7_fu_26239_p3    |    select|   0|  0|   15|           1|          15|
    |select_ln352_80_fu_28880_p3   |    select|   0|  0|   15|           1|          15|
    |select_ln352_81_fu_28897_p3   |    select|   0|  0|   15|           1|          15|
    |select_ln352_82_fu_28904_p3   |    select|   0|  0|   15|           1|          15|
    |select_ln352_83_fu_28911_p3   |    select|   0|  0|   15|           1|          15|
    |select_ln352_84_fu_29148_p3   |    select|   0|  0|   15|           1|          15|
    |select_ln352_85_fu_29165_p3   |    select|   0|  0|   15|           1|          15|
    |select_ln352_86_fu_29172_p3   |    select|   0|  0|   15|           1|          15|
    |select_ln352_87_fu_29179_p3   |    select|   0|  0|   15|           1|          15|
    |select_ln352_88_fu_29416_p3   |    select|   0|  0|   15|           1|          15|
    |select_ln352_89_fu_29433_p3   |    select|   0|  0|   15|           1|          15|
    |select_ln352_8_fu_26256_p3    |    select|   0|  0|   15|           1|          15|
    |select_ln352_90_fu_29440_p3   |    select|   0|  0|   15|           1|          15|
    |select_ln352_91_fu_29447_p3   |    select|   0|  0|   15|           1|          15|
    |select_ln352_92_fu_29684_p3   |    select|   0|  0|   15|           1|          15|
    |select_ln352_93_fu_29701_p3   |    select|   0|  0|   15|           1|          15|
    |select_ln352_94_fu_29708_p3   |    select|   0|  0|   15|           1|          15|
    |select_ln352_95_fu_29715_p3   |    select|   0|  0|   15|           1|          15|
    |select_ln352_96_fu_29952_p3   |    select|   0|  0|   15|           1|          15|
    |select_ln352_97_fu_29969_p3   |    select|   0|  0|   15|           1|          15|
    |select_ln352_98_fu_29976_p3   |    select|   0|  0|   15|           1|          15|
    |select_ln352_99_fu_29983_p3   |    select|   0|  0|   15|           1|          15|
    |select_ln352_9_fu_26263_p3    |    select|   0|  0|   15|           1|          15|
    |select_ln352_fu_26174_p3      |    select|   0|  0|   15|           1|          15|
    |w_100_fu_20305_p3             |    select|   0|  0|  122|           1|         127|
    |w_102_fu_20313_p3             |    select|   0|  0|  122|           1|         127|
    |w_104_fu_20321_p3             |    select|   0|  0|  122|           1|         127|
    |w_106_fu_20618_p3             |    select|   0|  0|  122|           1|         127|
    |w_108_fu_20626_p3             |    select|   0|  0|  122|           1|         127|
    |w_110_fu_20634_p3             |    select|   0|  0|  122|           1|         127|
    |w_112_fu_20642_p3             |    select|   0|  0|  122|           1|         127|
    |w_114_fu_20650_p3             |    select|   0|  0|  122|           1|         127|
    |w_116_fu_20666_p3             |    select|   0|  0|  122|           1|         127|
    |w_118_fu_20674_p3             |    select|   0|  0|  122|           1|         127|
    |w_120_fu_20682_p3             |    select|   0|  0|  122|           1|         127|
    |w_122_fu_20690_p3             |    select|   0|  0|  122|           1|         127|
    |w_124_fu_20698_p3             |    select|   0|  0|  122|           1|         127|
    |w_126_fu_20710_p3             |    select|   0|  0|  122|           1|         127|
    |w_128_fu_20726_p3             |    select|   0|  0|  122|           1|         127|
    |w_130_fu_20734_p3             |    select|   0|  0|  122|           1|         127|
    |w_132_fu_20742_p3             |    select|   0|  0|  122|           1|         127|
    |w_134_fu_20750_p3             |    select|   0|  0|  122|           1|         127|
    |w_136_fu_21047_p3             |    select|   0|  0|  122|           1|         127|
    |w_138_fu_21055_p3             |    select|   0|  0|  122|           1|         127|
    |w_140_fu_21063_p3             |    select|   0|  0|  122|           1|         127|
    |w_142_fu_21071_p3             |    select|   0|  0|  122|           1|         127|
    |w_144_fu_21079_p3             |    select|   0|  0|  122|           1|         127|
    |w_146_fu_21095_p3             |    select|   0|  0|  122|           1|         127|
    |w_148_fu_21103_p3             |    select|   0|  0|  122|           1|         127|
    |w_150_fu_21111_p3             |    select|   0|  0|  122|           1|         127|
    |w_152_fu_21119_p3             |    select|   0|  0|  122|           1|         127|
    |w_154_fu_21127_p3             |    select|   0|  0|  122|           1|         127|
    |w_156_fu_21139_p3             |    select|   0|  0|  122|           1|         127|
    |w_158_fu_21155_p3             |    select|   0|  0|  122|           1|         127|
    |w_160_fu_21163_p3             |    select|   0|  0|  122|           1|         127|
    |w_162_fu_21171_p3             |    select|   0|  0|  122|           1|         127|
    |w_164_fu_21179_p3             |    select|   0|  0|  122|           1|         127|
    |w_166_fu_21476_p3             |    select|   0|  0|  122|           1|         127|
    |w_168_fu_21484_p3             |    select|   0|  0|  122|           1|         127|
    |w_16_fu_19331_p3              |    select|   0|  0|  122|           1|         127|
    |w_170_fu_21492_p3             |    select|   0|  0|  122|           1|         127|
    |w_172_fu_21500_p3             |    select|   0|  0|  122|           1|         127|
    |w_174_fu_21508_p3             |    select|   0|  0|  122|           1|         127|
    |w_176_fu_21524_p3             |    select|   0|  0|  122|           1|         127|
    |w_178_fu_21532_p3             |    select|   0|  0|  122|           1|         127|
    |w_180_fu_21540_p3             |    select|   0|  0|  122|           1|         127|
    |w_182_fu_21548_p3             |    select|   0|  0|  122|           1|         127|
    |w_184_fu_21556_p3             |    select|   0|  0|  122|           1|         127|
    |w_186_fu_21568_p3             |    select|   0|  0|  122|           1|         127|
    |w_188_fu_21584_p3             |    select|   0|  0|  122|           1|         127|
    |w_18_fu_19339_p3              |    select|   0|  0|  122|           1|         127|
    |w_190_fu_21592_p3             |    select|   0|  0|  122|           1|         127|
    |w_192_fu_21600_p3             |    select|   0|  0|  122|           1|         127|
    |w_194_fu_21608_p3             |    select|   0|  0|  122|           1|         127|
    |w_196_fu_21905_p3             |    select|   0|  0|  122|           1|         127|
    |w_198_fu_21913_p3             |    select|   0|  0|  122|           1|         127|
    |w_200_fu_21921_p3             |    select|   0|  0|  122|           1|         127|
    |w_202_fu_21929_p3             |    select|   0|  0|  122|           1|         127|
    |w_204_fu_21937_p3             |    select|   0|  0|  122|           1|         127|
    |w_206_fu_21953_p3             |    select|   0|  0|  122|           1|         127|
    |w_208_fu_21961_p3             |    select|   0|  0|  122|           1|         127|
    |w_20_fu_19347_p3              |    select|   0|  0|  122|           1|         127|
    |w_210_fu_21969_p3             |    select|   0|  0|  122|           1|         127|
    |w_212_fu_21977_p3             |    select|   0|  0|  122|           1|         127|
    |w_214_fu_21985_p3             |    select|   0|  0|  122|           1|         127|
    |w_216_fu_21997_p3             |    select|   0|  0|  122|           1|         127|
    |w_218_fu_22013_p3             |    select|   0|  0|  122|           1|         127|
    |w_220_fu_22021_p3             |    select|   0|  0|  122|           1|         127|
    |w_222_fu_22029_p3             |    select|   0|  0|  122|           1|         127|
    |w_224_fu_22037_p3             |    select|   0|  0|  122|           1|         127|
    |w_226_fu_22334_p3             |    select|   0|  0|  122|           1|         127|
    |w_228_fu_22342_p3             |    select|   0|  0|  122|           1|         127|
    |w_22_fu_19355_p3              |    select|   0|  0|  122|           1|         127|
    |w_230_fu_22350_p3             |    select|   0|  0|  122|           1|         127|
    |w_232_fu_22358_p3             |    select|   0|  0|  122|           1|         127|
    |w_234_fu_22366_p3             |    select|   0|  0|  122|           1|         127|
    |w_236_fu_22382_p3             |    select|   0|  0|  122|           1|         127|
    |w_238_fu_22390_p3             |    select|   0|  0|  122|           1|         127|
    |w_240_fu_22398_p3             |    select|   0|  0|  122|           1|         127|
    |w_242_fu_22406_p3             |    select|   0|  0|  122|           1|         127|
    |w_244_fu_22414_p3             |    select|   0|  0|  122|           1|         127|
    |w_246_fu_22426_p3             |    select|   0|  0|  122|           1|         127|
    |w_248_fu_22442_p3             |    select|   0|  0|  122|           1|         127|
    |w_24_fu_19363_p3              |    select|   0|  0|  122|           1|         127|
    |w_250_fu_22450_p3             |    select|   0|  0|  122|           1|         127|
    |w_252_fu_22458_p3             |    select|   0|  0|  122|           1|         127|
    |w_254_fu_22466_p3             |    select|   0|  0|  122|           1|         127|
    |w_256_fu_22763_p3             |    select|   0|  0|  122|           1|         127|
    |w_258_fu_22771_p3             |    select|   0|  0|  122|           1|         127|
    |w_260_fu_22779_p3             |    select|   0|  0|  122|           1|         127|
    |w_262_fu_22787_p3             |    select|   0|  0|  122|           1|         127|
    |w_264_fu_22795_p3             |    select|   0|  0|  122|           1|         127|
    |w_266_fu_22811_p3             |    select|   0|  0|  122|           1|         127|
    |w_268_fu_22819_p3             |    select|   0|  0|  122|           1|         127|
    |w_26_fu_19379_p3              |    select|   0|  0|  122|           1|         127|
    |w_270_fu_22827_p3             |    select|   0|  0|  122|           1|         127|
    |w_272_fu_22835_p3             |    select|   0|  0|  122|           1|         127|
    |w_274_fu_22843_p3             |    select|   0|  0|  122|           1|         127|
    |w_276_fu_22855_p3             |    select|   0|  0|  122|           1|         127|
    |w_278_fu_22871_p3             |    select|   0|  0|  122|           1|         127|
    |w_280_fu_22879_p3             |    select|   0|  0|  122|           1|         127|
    |w_282_fu_22887_p3             |    select|   0|  0|  122|           1|         127|
    |w_284_fu_22895_p3             |    select|   0|  0|  122|           1|         127|
    |w_286_fu_23192_p3             |    select|   0|  0|  122|           1|         127|
    |w_288_fu_23200_p3             |    select|   0|  0|  122|           1|         127|
    |w_28_fu_19387_p3              |    select|   0|  0|  122|           1|         127|
    |w_290_fu_23208_p3             |    select|   0|  0|  122|           1|         127|
    |w_292_fu_23216_p3             |    select|   0|  0|  122|           1|         127|
    |w_294_fu_23224_p3             |    select|   0|  0|  122|           1|         127|
    |w_296_fu_23240_p3             |    select|   0|  0|  122|           1|         127|
    |w_298_fu_23248_p3             |    select|   0|  0|  122|           1|         127|
    |w_300_fu_23256_p3             |    select|   0|  0|  122|           1|         127|
    |w_302_fu_23264_p3             |    select|   0|  0|  122|           1|         127|
    |w_304_fu_23272_p3             |    select|   0|  0|  122|           1|         127|
    |w_306_fu_23284_p3             |    select|   0|  0|  122|           1|         127|
    |w_308_fu_23300_p3             |    select|   0|  0|  122|           1|         127|
    |w_30_fu_19395_p3              |    select|   0|  0|  122|           1|         127|
    |w_310_fu_23308_p3             |    select|   0|  0|  122|           1|         127|
    |w_312_fu_23316_p3             |    select|   0|  0|  122|           1|         127|
    |w_314_fu_23324_p3             |    select|   0|  0|  122|           1|         127|
    |w_316_fu_23621_p3             |    select|   0|  0|  122|           1|         127|
    |w_318_fu_23629_p3             |    select|   0|  0|  122|           1|         127|
    |w_320_fu_23637_p3             |    select|   0|  0|  122|           1|         127|
    |w_322_fu_23645_p3             |    select|   0|  0|  122|           1|         127|
    |w_324_fu_23653_p3             |    select|   0|  0|  122|           1|         127|
    |w_326_fu_23669_p3             |    select|   0|  0|  122|           1|         127|
    |w_328_fu_23677_p3             |    select|   0|  0|  122|           1|         127|
    |w_32_fu_19403_p3              |    select|   0|  0|  122|           1|         127|
    |w_330_fu_23685_p3             |    select|   0|  0|  122|           1|         127|
    |w_332_fu_23693_p3             |    select|   0|  0|  122|           1|         127|
    |w_334_fu_23701_p3             |    select|   0|  0|  122|           1|         127|
    |w_336_fu_23713_p3             |    select|   0|  0|  122|           1|         127|
    |w_338_fu_23729_p3             |    select|   0|  0|  122|           1|         127|
    |w_340_fu_23737_p3             |    select|   0|  0|  122|           1|         127|
    |w_342_fu_23745_p3             |    select|   0|  0|  122|           1|         127|
    |w_344_fu_23753_p3             |    select|   0|  0|  122|           1|         127|
    |w_346_fu_24050_p3             |    select|   0|  0|  122|           1|         127|
    |w_348_fu_24058_p3             |    select|   0|  0|  122|           1|         127|
    |w_34_fu_19411_p3              |    select|   0|  0|  122|           1|         127|
    |w_350_fu_24066_p3             |    select|   0|  0|  122|           1|         127|
    |w_352_fu_24074_p3             |    select|   0|  0|  122|           1|         127|
    |w_354_fu_24082_p3             |    select|   0|  0|  122|           1|         127|
    |w_356_fu_24098_p3             |    select|   0|  0|  122|           1|         127|
    |w_358_fu_24106_p3             |    select|   0|  0|  122|           1|         127|
    |w_360_fu_24114_p3             |    select|   0|  0|  122|           1|         127|
    |w_362_fu_24122_p3             |    select|   0|  0|  122|           1|         127|
    |w_364_fu_24130_p3             |    select|   0|  0|  122|           1|         127|
    |w_366_fu_24142_p3             |    select|   0|  0|  122|           1|         127|
    |w_368_fu_24158_p3             |    select|   0|  0|  122|           1|         127|
    |w_36_fu_19423_p3              |    select|   0|  0|  122|           1|         127|
    |w_370_fu_24166_p3             |    select|   0|  0|  122|           1|         127|
    |w_372_fu_24174_p3             |    select|   0|  0|  122|           1|         127|
    |w_374_fu_24182_p3             |    select|   0|  0|  122|           1|         127|
    |w_376_fu_24479_p3             |    select|   0|  0|  122|           1|         127|
    |w_378_fu_24487_p3             |    select|   0|  0|  122|           1|         127|
    |w_380_fu_24495_p3             |    select|   0|  0|  122|           1|         127|
    |w_382_fu_24503_p3             |    select|   0|  0|  122|           1|         127|
    |w_384_fu_24511_p3             |    select|   0|  0|  122|           1|         127|
    |w_386_fu_24527_p3             |    select|   0|  0|  122|           1|         127|
    |w_388_fu_24535_p3             |    select|   0|  0|  122|           1|         127|
    |w_38_fu_19439_p3              |    select|   0|  0|  122|           1|         127|
    |w_390_fu_24543_p3             |    select|   0|  0|  122|           1|         127|
    |w_392_fu_24551_p3             |    select|   0|  0|  122|           1|         127|
    |w_394_fu_24559_p3             |    select|   0|  0|  122|           1|         127|
    |w_396_fu_24571_p3             |    select|   0|  0|  122|           1|         127|
    |w_398_fu_24587_p3             |    select|   0|  0|  122|           1|         127|
    |w_400_fu_24595_p3             |    select|   0|  0|  122|           1|         127|
    |w_402_fu_24603_p3             |    select|   0|  0|  122|           1|         127|
    |w_404_fu_24611_p3             |    select|   0|  0|  122|           1|         127|
    |w_406_fu_24908_p3             |    select|   0|  0|  122|           1|         127|
    |w_408_fu_24916_p3             |    select|   0|  0|  122|           1|         127|
    |w_40_fu_19447_p3              |    select|   0|  0|  122|           1|         127|
    |w_410_fu_24924_p3             |    select|   0|  0|  122|           1|         127|
    |w_412_fu_24932_p3             |    select|   0|  0|  122|           1|         127|
    |w_414_fu_24940_p3             |    select|   0|  0|  122|           1|         127|
    |w_416_fu_24956_p3             |    select|   0|  0|  122|           1|         127|
    |w_418_fu_24964_p3             |    select|   0|  0|  122|           1|         127|
    |w_420_fu_24972_p3             |    select|   0|  0|  122|           1|         127|
    |w_422_fu_24980_p3             |    select|   0|  0|  122|           1|         127|
    |w_424_fu_24988_p3             |    select|   0|  0|  122|           1|         127|
    |w_426_fu_25000_p3             |    select|   0|  0|  122|           1|         127|
    |w_428_fu_25016_p3             |    select|   0|  0|  122|           1|         127|
    |w_42_fu_19455_p3              |    select|   0|  0|  122|           1|         127|
    |w_430_fu_25024_p3             |    select|   0|  0|  122|           1|         127|
    |w_432_fu_25032_p3             |    select|   0|  0|  122|           1|         127|
    |w_434_fu_25040_p3             |    select|   0|  0|  122|           1|         127|
    |w_436_fu_25337_p3             |    select|   0|  0|  122|           1|         127|
    |w_438_fu_25345_p3             |    select|   0|  0|  122|           1|         127|
    |w_440_fu_25353_p3             |    select|   0|  0|  122|           1|         127|
    |w_442_fu_25361_p3             |    select|   0|  0|  122|           1|         127|
    |w_444_fu_25369_p3             |    select|   0|  0|  122|           1|         127|
    |w_446_fu_25385_p3             |    select|   0|  0|  122|           1|         127|
    |w_448_fu_25393_p3             |    select|   0|  0|  122|           1|         127|
    |w_44_fu_19463_p3              |    select|   0|  0|  122|           1|         127|
    |w_450_fu_25401_p3             |    select|   0|  0|  122|           1|         127|
    |w_452_fu_25409_p3             |    select|   0|  0|  122|           1|         127|
    |w_454_fu_25417_p3             |    select|   0|  0|  122|           1|         127|
    |w_456_fu_25429_p3             |    select|   0|  0|  122|           1|         127|
    |w_458_fu_25445_p3             |    select|   0|  0|  122|           1|         127|
    |w_460_fu_25453_p3             |    select|   0|  0|  122|           1|         127|
    |w_462_fu_25461_p3             |    select|   0|  0|  122|           1|         127|
    |w_464_fu_25469_p3             |    select|   0|  0|  122|           1|         127|
    |w_46_fu_19760_p3              |    select|   0|  0|  122|           1|         127|
    |w_48_fu_19768_p3              |    select|   0|  0|  122|           1|         127|
    |w_50_fu_19776_p3              |    select|   0|  0|  122|           1|         127|
    |w_52_fu_19784_p3              |    select|   0|  0|  122|           1|         127|
    |w_54_fu_19792_p3              |    select|   0|  0|  122|           1|         127|
    |w_56_fu_19808_p3              |    select|   0|  0|  122|           1|         127|
    |w_58_fu_19816_p3              |    select|   0|  0|  122|           1|         127|
    |w_60_fu_19824_p3              |    select|   0|  0|  122|           1|         127|
    |w_62_fu_19832_p3              |    select|   0|  0|  122|           1|         127|
    |w_64_fu_19840_p3              |    select|   0|  0|  122|           1|         127|
    |w_66_fu_19852_p3              |    select|   0|  0|  122|           1|         127|
    |w_68_fu_19868_p3              |    select|   0|  0|  122|           1|         127|
    |w_70_fu_19876_p3              |    select|   0|  0|  122|           1|         127|
    |w_72_fu_19884_p3              |    select|   0|  0|  122|           1|         127|
    |w_74_fu_19892_p3              |    select|   0|  0|  122|           1|         127|
    |w_76_fu_20189_p3              |    select|   0|  0|  122|           1|         127|
    |w_78_fu_20197_p3              |    select|   0|  0|  122|           1|         127|
    |w_80_fu_20205_p3              |    select|   0|  0|  122|           1|         127|
    |w_82_fu_20213_p3              |    select|   0|  0|  122|           1|         127|
    |w_84_fu_20221_p3              |    select|   0|  0|  122|           1|         127|
    |w_86_fu_20237_p3              |    select|   0|  0|  122|           1|         127|
    |w_88_fu_20245_p3              |    select|   0|  0|  122|           1|         127|
    |w_90_fu_20253_p3              |    select|   0|  0|  122|           1|         127|
    |w_92_fu_20261_p3              |    select|   0|  0|  122|           1|         127|
    |w_94_fu_20269_p3              |    select|   0|  0|  122|           1|         127|
    |w_96_fu_20281_p3              |    select|   0|  0|  122|           1|         127|
    |w_98_fu_20297_p3              |    select|   0|  0|  122|           1|         127|
    |ap_enable_pp0                 |       xor|   0|  0|    2|           1|           2|
    +------------------------------+----------+----+---+-----+------------+------------+
    |Total                         |          |   0|  0|71819|       29477|       59890|
    +------------------------------+----------+----+---+-----+------------+------------+

    * Multiplexer: 
    +-------------------------+----+-----------+-----+-----------+
    |           Name          | LUT| Input Size| Bits| Total Bits|
    +-------------------------+----+-----------+-----+-----------+
    |ap_done_int              |   9|          2|    1|          2|
    |ap_enable_reg_pp0_iter1  |   9|          2|    1|          2|
    |ap_sig_allocacmp_uu_1    |   9|          2|    7|         14|
    |uu_fu_1918               |   9|          2|    7|         14|
    +-------------------------+----+-----------+-----+-----------+
    |Total                    |  36|          8|   16|         32|
    +-------------------------+----+-----------+-----+-----------+

    * Register: 
    +------------------------------------------+----+----+-----+-----------+
    |                   Name                   | FF | LUT| Bits| Const Bits|
    +------------------------------------------+----+----+-----+-----------+
    |ap_CS_fsm                                 |   1|   0|    1|          0|
    |ap_done_reg                               |   1|   0|    1|          0|
    |ap_enable_reg_pp0_iter1                   |   1|   0|    1|          0|
    |ap_enable_reg_pp0_iter2                   |   1|   0|    1|          0|
    |ap_enable_reg_pp0_iter3                   |   1|   0|    1|          0|
    |ap_enable_reg_pp0_iter4                   |   1|   0|    1|          0|
    |ap_enable_reg_pp0_iter5                   |   1|   0|    1|          0|
    |ap_enable_reg_pp0_iter6                   |   1|   0|    1|          0|
    |ap_loop_exit_ready_pp0_iter1_reg          |   1|   0|    1|          0|
    |ap_loop_exit_ready_pp0_iter2_reg          |   1|   0|    1|          0|
    |ap_loop_exit_ready_pp0_iter3_reg          |   1|   0|    1|          0|
    |ap_loop_exit_ready_pp0_iter4_reg          |   1|   0|    1|          0|
    |ap_loop_exit_ready_pp0_iter5_reg          |   1|   0|    1|          0|
    |diff_2_reg_53422                          |  15|   0|   15|          0|
    |diff_2_reg_53422_pp0_iter4_reg            |  15|   0|   15|          0|
    |diff_717_reg_56481                        |  15|   0|   15|          0|
    |diff_717_reg_56481_pp0_iter4_reg          |  15|   0|   15|          0|
    |diff_718_reg_56486                        |  15|   0|   15|          0|
    |diff_718_reg_56486_pp0_iter4_reg          |  15|   0|   15|          0|
    |edge_partial_100_fu_2322                  |  32|   0|   32|          0|
    |edge_partial_101_fu_2326                  |  32|   0|   32|          0|
    |edge_partial_102_fu_2330                  |  32|   0|   32|          0|
    |edge_partial_103_fu_2334                  |  32|   0|   32|          0|
    |edge_partial_104_fu_2338                  |  32|   0|   32|          0|
    |edge_partial_105_fu_2342                  |  32|   0|   32|          0|
    |edge_partial_106_fu_2346                  |  32|   0|   32|          0|
    |edge_partial_107_fu_2350                  |  32|   0|   32|          0|
    |edge_partial_108_fu_2354                  |  32|   0|   32|          0|
    |edge_partial_109_fu_2358                  |  32|   0|   32|          0|
    |edge_partial_10_fu_1962                   |  32|   0|   32|          0|
    |edge_partial_110_fu_2362                  |  32|   0|   32|          0|
    |edge_partial_111_fu_2366                  |  32|   0|   32|          0|
    |edge_partial_112_fu_2370                  |  32|   0|   32|          0|
    |edge_partial_113_fu_2374                  |  32|   0|   32|          0|
    |edge_partial_114_fu_2378                  |  32|   0|   32|          0|
    |edge_partial_115_fu_2382                  |  32|   0|   32|          0|
    |edge_partial_116_fu_2386                  |  32|   0|   32|          0|
    |edge_partial_117_fu_2390                  |  32|   0|   32|          0|
    |edge_partial_118_fu_2394                  |  32|   0|   32|          0|
    |edge_partial_119_fu_2398                  |  32|   0|   32|          0|
    |edge_partial_11_fu_1966                   |  32|   0|   32|          0|
    |edge_partial_120_fu_2402                  |  32|   0|   32|          0|
    |edge_partial_121_fu_2406                  |  32|   0|   32|          0|
    |edge_partial_122_fu_2410                  |  32|   0|   32|          0|
    |edge_partial_123_fu_2414                  |  32|   0|   32|          0|
    |edge_partial_124_fu_2418                  |  32|   0|   32|          0|
    |edge_partial_125_fu_2422                  |  32|   0|   32|          0|
    |edge_partial_126_fu_2426                  |  32|   0|   32|          0|
    |edge_partial_127_fu_2430                  |  32|   0|   32|          0|
    |edge_partial_128_fu_2434                  |  32|   0|   32|          0|
    |edge_partial_129_fu_2438                  |  32|   0|   32|          0|
    |edge_partial_12_fu_1970                   |  32|   0|   32|          0|
    |edge_partial_130_fu_2442                  |  32|   0|   32|          0|
    |edge_partial_131_fu_2446                  |  32|   0|   32|          0|
    |edge_partial_132_fu_2450                  |  32|   0|   32|          0|
    |edge_partial_133_fu_2454                  |  32|   0|   32|          0|
    |edge_partial_134_fu_2458                  |  32|   0|   32|          0|
    |edge_partial_135_fu_2462                  |  32|   0|   32|          0|
    |edge_partial_136_fu_2466                  |  32|   0|   32|          0|
    |edge_partial_137_fu_2470                  |  32|   0|   32|          0|
    |edge_partial_138_fu_2474                  |  32|   0|   32|          0|
    |edge_partial_139_fu_2478                  |  32|   0|   32|          0|
    |edge_partial_13_fu_1974                   |  32|   0|   32|          0|
    |edge_partial_140_fu_2482                  |  32|   0|   32|          0|
    |edge_partial_141_fu_2486                  |  32|   0|   32|          0|
    |edge_partial_142_fu_2490                  |  32|   0|   32|          0|
    |edge_partial_143_fu_2494                  |  32|   0|   32|          0|
    |edge_partial_144_fu_2498                  |  32|   0|   32|          0|
    |edge_partial_145_fu_2502                  |  32|   0|   32|          0|
    |edge_partial_146_fu_2506                  |  32|   0|   32|          0|
    |edge_partial_147_fu_2510                  |  32|   0|   32|          0|
    |edge_partial_148_fu_2514                  |  32|   0|   32|          0|
    |edge_partial_149_fu_2518                  |  32|   0|   32|          0|
    |edge_partial_14_fu_1978                   |  32|   0|   32|          0|
    |edge_partial_150_fu_2522                  |  32|   0|   32|          0|
    |edge_partial_151_fu_2526                  |  32|   0|   32|          0|
    |edge_partial_152_fu_2530                  |  32|   0|   32|          0|
    |edge_partial_153_fu_2534                  |  32|   0|   32|          0|
    |edge_partial_154_fu_2538                  |  32|   0|   32|          0|
    |edge_partial_155_fu_2542                  |  32|   0|   32|          0|
    |edge_partial_156_fu_2546                  |  32|   0|   32|          0|
    |edge_partial_157_fu_2550                  |  32|   0|   32|          0|
    |edge_partial_158_fu_2554                  |  32|   0|   32|          0|
    |edge_partial_159_fu_2558                  |  32|   0|   32|          0|
    |edge_partial_15_fu_1982                   |  32|   0|   32|          0|
    |edge_partial_160_fu_2562                  |  32|   0|   32|          0|
    |edge_partial_161_fu_2566                  |  32|   0|   32|          0|
    |edge_partial_162_fu_2570                  |  32|   0|   32|          0|
    |edge_partial_163_fu_2574                  |  32|   0|   32|          0|
    |edge_partial_164_fu_2578                  |  32|   0|   32|          0|
    |edge_partial_165_fu_2582                  |  32|   0|   32|          0|
    |edge_partial_166_fu_2586                  |  32|   0|   32|          0|
    |edge_partial_167_fu_2590                  |  32|   0|   32|          0|
    |edge_partial_168_fu_2594                  |  32|   0|   32|          0|
    |edge_partial_169_fu_2598                  |  32|   0|   32|          0|
    |edge_partial_16_fu_1986                   |  32|   0|   32|          0|
    |edge_partial_170_fu_2602                  |  32|   0|   32|          0|
    |edge_partial_171_fu_2606                  |  32|   0|   32|          0|
    |edge_partial_172_fu_2610                  |  32|   0|   32|          0|
    |edge_partial_173_fu_2614                  |  32|   0|   32|          0|
    |edge_partial_174_fu_2618                  |  32|   0|   32|          0|
    |edge_partial_175_fu_2622                  |  32|   0|   32|          0|
    |edge_partial_176_fu_2626                  |  32|   0|   32|          0|
    |edge_partial_177_fu_2630                  |  32|   0|   32|          0|
    |edge_partial_178_fu_2634                  |  32|   0|   32|          0|
    |edge_partial_179_fu_2638                  |  32|   0|   32|          0|
    |edge_partial_17_fu_1990                   |  32|   0|   32|          0|
    |edge_partial_18_fu_1994                   |  32|   0|   32|          0|
    |edge_partial_19_fu_1998                   |  32|   0|   32|          0|
    |edge_partial_1_fu_1926                    |  32|   0|   32|          0|
    |edge_partial_20_fu_2002                   |  32|   0|   32|          0|
    |edge_partial_21_fu_2006                   |  32|   0|   32|          0|
    |edge_partial_22_fu_2010                   |  32|   0|   32|          0|
    |edge_partial_23_fu_2014                   |  32|   0|   32|          0|
    |edge_partial_24_fu_2018                   |  32|   0|   32|          0|
    |edge_partial_25_fu_2022                   |  32|   0|   32|          0|
    |edge_partial_26_fu_2026                   |  32|   0|   32|          0|
    |edge_partial_27_fu_2030                   |  32|   0|   32|          0|
    |edge_partial_28_fu_2034                   |  32|   0|   32|          0|
    |edge_partial_29_fu_2038                   |  32|   0|   32|          0|
    |edge_partial_2_fu_1930                    |  32|   0|   32|          0|
    |edge_partial_30_fu_2042                   |  32|   0|   32|          0|
    |edge_partial_31_fu_2046                   |  32|   0|   32|          0|
    |edge_partial_32_fu_2050                   |  32|   0|   32|          0|
    |edge_partial_33_fu_2054                   |  32|   0|   32|          0|
    |edge_partial_34_fu_2058                   |  32|   0|   32|          0|
    |edge_partial_35_fu_2062                   |  32|   0|   32|          0|
    |edge_partial_36_fu_2066                   |  32|   0|   32|          0|
    |edge_partial_37_fu_2070                   |  32|   0|   32|          0|
    |edge_partial_38_fu_2074                   |  32|   0|   32|          0|
    |edge_partial_39_fu_2078                   |  32|   0|   32|          0|
    |edge_partial_3_fu_1934                    |  32|   0|   32|          0|
    |edge_partial_40_fu_2082                   |  32|   0|   32|          0|
    |edge_partial_41_fu_2086                   |  32|   0|   32|          0|
    |edge_partial_42_fu_2090                   |  32|   0|   32|          0|
    |edge_partial_43_fu_2094                   |  32|   0|   32|          0|
    |edge_partial_44_fu_2098                   |  32|   0|   32|          0|
    |edge_partial_45_fu_2102                   |  32|   0|   32|          0|
    |edge_partial_46_fu_2106                   |  32|   0|   32|          0|
    |edge_partial_47_fu_2110                   |  32|   0|   32|          0|
    |edge_partial_48_fu_2114                   |  32|   0|   32|          0|
    |edge_partial_49_fu_2118                   |  32|   0|   32|          0|
    |edge_partial_4_fu_1938                    |  32|   0|   32|          0|
    |edge_partial_50_fu_2122                   |  32|   0|   32|          0|
    |edge_partial_51_fu_2126                   |  32|   0|   32|          0|
    |edge_partial_52_fu_2130                   |  32|   0|   32|          0|
    |edge_partial_53_fu_2134                   |  32|   0|   32|          0|
    |edge_partial_54_fu_2138                   |  32|   0|   32|          0|
    |edge_partial_55_fu_2142                   |  32|   0|   32|          0|
    |edge_partial_56_fu_2146                   |  32|   0|   32|          0|
    |edge_partial_57_fu_2150                   |  32|   0|   32|          0|
    |edge_partial_58_fu_2154                   |  32|   0|   32|          0|
    |edge_partial_59_fu_2158                   |  32|   0|   32|          0|
    |edge_partial_5_fu_1942                    |  32|   0|   32|          0|
    |edge_partial_60_fu_2162                   |  32|   0|   32|          0|
    |edge_partial_61_fu_2166                   |  32|   0|   32|          0|
    |edge_partial_62_fu_2170                   |  32|   0|   32|          0|
    |edge_partial_63_fu_2174                   |  32|   0|   32|          0|
    |edge_partial_64_fu_2178                   |  32|   0|   32|          0|
    |edge_partial_65_fu_2182                   |  32|   0|   32|          0|
    |edge_partial_66_fu_2186                   |  32|   0|   32|          0|
    |edge_partial_67_fu_2190                   |  32|   0|   32|          0|
    |edge_partial_68_fu_2194                   |  32|   0|   32|          0|
    |edge_partial_69_fu_2198                   |  32|   0|   32|          0|
    |edge_partial_6_fu_1946                    |  32|   0|   32|          0|
    |edge_partial_70_fu_2202                   |  32|   0|   32|          0|
    |edge_partial_71_fu_2206                   |  32|   0|   32|          0|
    |edge_partial_72_fu_2210                   |  32|   0|   32|          0|
    |edge_partial_73_fu_2214                   |  32|   0|   32|          0|
    |edge_partial_74_fu_2218                   |  32|   0|   32|          0|
    |edge_partial_75_fu_2222                   |  32|   0|   32|          0|
    |edge_partial_76_fu_2226                   |  32|   0|   32|          0|
    |edge_partial_77_fu_2230                   |  32|   0|   32|          0|
    |edge_partial_78_fu_2234                   |  32|   0|   32|          0|
    |edge_partial_79_fu_2238                   |  32|   0|   32|          0|
    |edge_partial_7_fu_1950                    |  32|   0|   32|          0|
    |edge_partial_80_fu_2242                   |  32|   0|   32|          0|
    |edge_partial_81_fu_2246                   |  32|   0|   32|          0|
    |edge_partial_82_fu_2250                   |  32|   0|   32|          0|
    |edge_partial_83_fu_2254                   |  32|   0|   32|          0|
    |edge_partial_84_fu_2258                   |  32|   0|   32|          0|
    |edge_partial_85_fu_2262                   |  32|   0|   32|          0|
    |edge_partial_86_fu_2266                   |  32|   0|   32|          0|
    |edge_partial_87_fu_2270                   |  32|   0|   32|          0|
    |edge_partial_88_fu_2274                   |  32|   0|   32|          0|
    |edge_partial_89_fu_2278                   |  32|   0|   32|          0|
    |edge_partial_8_fu_1954                    |  32|   0|   32|          0|
    |edge_partial_90_fu_2282                   |  32|   0|   32|          0|
    |edge_partial_91_fu_2286                   |  32|   0|   32|          0|
    |edge_partial_92_fu_2290                   |  32|   0|   32|          0|
    |edge_partial_93_fu_2294                   |  32|   0|   32|          0|
    |edge_partial_94_fu_2298                   |  32|   0|   32|          0|
    |edge_partial_95_fu_2302                   |  32|   0|   32|          0|
    |edge_partial_96_fu_2306                   |  32|   0|   32|          0|
    |edge_partial_97_fu_2310                   |  32|   0|   32|          0|
    |edge_partial_98_fu_2314                   |  32|   0|   32|          0|
    |edge_partial_99_fu_2318                   |  32|   0|   32|          0|
    |edge_partial_9_fu_1958                    |  32|   0|   32|          0|
    |edge_partial_fu_1922                      |  32|   0|   32|          0|
    |half_reg_51754                            |   1|   0|    1|          0|
    |icmp_ln318_reg_48371                      |   1|   0|    1|          0|
    |icmp_ln342_reg_51874                      |   1|   0|    1|          0|
    |inb_10_reg_52064                          |   1|   0|    1|          0|
    |inb_11_reg_52074                          |   1|   0|    1|          0|
    |inb_12_reg_52082                          |   1|   0|    1|          0|
    |inb_1_reg_51884                           |   1|   0|    1|          0|
    |inb_2_reg_51912                           |   1|   0|    1|          0|
    |inb_3_reg_51938                           |   1|   0|    1|          0|
    |inb_4_reg_51962                           |   1|   0|    1|          0|
    |inb_5_reg_51984                           |   1|   0|    1|          0|
    |inb_6_reg_52004                           |   1|   0|    1|          0|
    |inb_7_reg_52022                           |   1|   0|    1|          0|
    |inb_8_reg_52038                           |   1|   0|    1|          0|
    |inb_9_reg_52052                           |   1|   0|    1|          0|
    |inb_reg_51878                             |   1|   0|    1|          0|
    |select_ln352_101_reg_56325                |  15|   0|   15|          0|
    |select_ln352_101_reg_56325_pp0_iter4_reg  |  15|   0|   15|          0|
    |select_ln352_102_reg_56331                |  15|   0|   15|          0|
    |select_ln352_102_reg_56331_pp0_iter4_reg  |  15|   0|   15|          0|
    |select_ln352_12_reg_53481                 |  15|   0|   15|          0|
    |select_ln352_12_reg_53481_pp0_iter4_reg   |  15|   0|   15|          0|
    |select_ln352_13_reg_53499                 |  15|   0|   15|          0|
    |select_ln352_13_reg_53499_pp0_iter4_reg   |  15|   0|   15|          0|
    |select_ln352_14_reg_53518                 |  15|   0|   15|          0|
    |select_ln352_14_reg_53518_pp0_iter4_reg   |  15|   0|   15|          0|
    |select_ln352_16_reg_53535                 |  15|   0|   15|          0|
    |select_ln352_16_reg_53535_pp0_iter4_reg   |  15|   0|   15|          0|
    |select_ln352_17_reg_53553                 |  15|   0|   15|          0|
    |select_ln352_17_reg_53553_pp0_iter4_reg   |  15|   0|   15|          0|
    |select_ln352_18_reg_53573                 |  15|   0|   15|          0|
    |select_ln352_18_reg_53573_pp0_iter4_reg   |  15|   0|   15|          0|
    |select_ln352_1_reg_53367                  |  15|   0|   15|          0|
    |select_ln352_1_reg_53367_pp0_iter4_reg    |  15|   0|   15|          0|
    |select_ln352_20_reg_53591                 |  15|   0|   15|          0|
    |select_ln352_20_reg_53591_pp0_iter4_reg   |  15|   0|   15|          0|
    |select_ln352_21_reg_53609                 |  15|   0|   15|          0|
    |select_ln352_21_reg_53609_pp0_iter4_reg   |  15|   0|   15|          0|
    |select_ln352_22_reg_53630                 |  15|   0|   15|          0|
    |select_ln352_22_reg_53630_pp0_iter4_reg   |  15|   0|   15|          0|
    |select_ln352_24_reg_53649                 |  15|   0|   15|          0|
    |select_ln352_24_reg_53649_pp0_iter4_reg   |  15|   0|   15|          0|
    |select_ln352_25_reg_53667                 |  15|   0|   15|          0|
    |select_ln352_25_reg_53667_pp0_iter4_reg   |  15|   0|   15|          0|
    |select_ln352_26_reg_53689                 |  15|   0|   15|          0|
    |select_ln352_26_reg_53689_pp0_iter4_reg   |  15|   0|   15|          0|
    |select_ln352_28_reg_53709                 |  15|   0|   15|          0|
    |select_ln352_28_reg_53709_pp0_iter4_reg   |  15|   0|   15|          0|
    |select_ln352_29_reg_53727                 |  15|   0|   15|          0|
    |select_ln352_29_reg_53727_pp0_iter4_reg   |  15|   0|   15|          0|
    |select_ln352_30_reg_53750                 |  15|   0|   15|          0|
    |select_ln352_30_reg_53750_pp0_iter4_reg   |  15|   0|   15|          0|
    |select_ln352_32_reg_53771                 |  15|   0|   15|          0|
    |select_ln352_32_reg_53771_pp0_iter4_reg   |  15|   0|   15|          0|
    |select_ln352_33_reg_53789                 |  15|   0|   15|          0|
    |select_ln352_33_reg_53789_pp0_iter4_reg   |  15|   0|   15|          0|
    |select_ln352_34_reg_53813                 |  15|   0|   15|          0|
    |select_ln352_34_reg_53813_pp0_iter4_reg   |  15|   0|   15|          0|
    |select_ln352_36_reg_53835                 |  15|   0|   15|          0|
    |select_ln352_36_reg_53835_pp0_iter4_reg   |  15|   0|   15|          0|
    |select_ln352_37_reg_53853                 |  15|   0|   15|          0|
    |select_ln352_37_reg_53853_pp0_iter4_reg   |  15|   0|   15|          0|
    |select_ln352_38_reg_53878                 |  15|   0|   15|          0|
    |select_ln352_38_reg_53878_pp0_iter4_reg   |  15|   0|   15|          0|
    |select_ln352_40_reg_53901                 |  15|   0|   15|          0|
    |select_ln352_40_reg_53901_pp0_iter4_reg   |  15|   0|   15|          0|
    |select_ln352_41_reg_53919                 |  15|   0|   15|          0|
    |select_ln352_41_reg_53919_pp0_iter4_reg   |  15|   0|   15|          0|
    |select_ln352_42_reg_53945                 |  15|   0|   15|          0|
    |select_ln352_42_reg_53945_pp0_iter4_reg   |  15|   0|   15|          0|
    |select_ln352_44_reg_53969                 |  15|   0|   15|          0|
    |select_ln352_44_reg_53969_pp0_iter4_reg   |  15|   0|   15|          0|
    |select_ln352_45_reg_53987                 |  15|   0|   15|          0|
    |select_ln352_45_reg_53987_pp0_iter4_reg   |  15|   0|   15|          0|
    |select_ln352_46_reg_54014                 |  15|   0|   15|          0|
    |select_ln352_46_reg_54014_pp0_iter4_reg   |  15|   0|   15|          0|
    |select_ln352_48_reg_54039                 |  15|   0|   15|          0|
    |select_ln352_48_reg_54039_pp0_iter4_reg   |  15|   0|   15|          0|
    |select_ln352_49_reg_54057                 |  15|   0|   15|          0|
    |select_ln352_49_reg_54057_pp0_iter4_reg   |  15|   0|   15|          0|
    |select_ln352_4_reg_53383                  |  15|   0|   15|          0|
    |select_ln352_4_reg_53383_pp0_iter4_reg    |  15|   0|   15|          0|
    |select_ln352_50_reg_54085                 |  15|   0|   15|          0|
    |select_ln352_50_reg_54085_pp0_iter4_reg   |  15|   0|   15|          0|
    |select_ln352_52_reg_54243                 |  15|   0|   15|          0|
    |select_ln352_52_reg_54243_pp0_iter4_reg   |  15|   0|   15|          0|
    |select_ln352_53_reg_54260                 |  15|   0|   15|          0|
    |select_ln352_53_reg_54260_pp0_iter4_reg   |  15|   0|   15|          0|
    |select_ln352_54_reg_54288                 |  15|   0|   15|          0|
    |select_ln352_54_reg_54288_pp0_iter4_reg   |  15|   0|   15|          0|
    |select_ln352_56_reg_54447                 |  15|   0|   15|          0|
    |select_ln352_56_reg_54447_pp0_iter4_reg   |  15|   0|   15|          0|
    |select_ln352_57_reg_54463                 |  15|   0|   15|          0|
    |select_ln352_57_reg_54463_pp0_iter4_reg   |  15|   0|   15|          0|
    |select_ln352_58_reg_54490                 |  15|   0|   15|          0|
    |select_ln352_58_reg_54490_pp0_iter4_reg   |  15|   0|   15|          0|
    |select_ln352_5_reg_53405                  |  15|   0|   15|          0|
    |select_ln352_5_reg_53405_pp0_iter4_reg    |  15|   0|   15|          0|
    |select_ln352_61_reg_54655                 |  15|   0|   15|          0|
    |select_ln352_61_reg_54655_pp0_iter4_reg   |  15|   0|   15|          0|
    |select_ln352_62_reg_54671                 |  15|   0|   15|          0|
    |select_ln352_62_reg_54671_pp0_iter4_reg   |  15|   0|   15|          0|
    |select_ln352_65_reg_54831                 |  15|   0|   15|          0|
    |select_ln352_65_reg_54831_pp0_iter4_reg   |  15|   0|   15|          0|
    |select_ln352_66_reg_54846                 |  15|   0|   15|          0|
    |select_ln352_66_reg_54846_pp0_iter4_reg   |  15|   0|   15|          0|
    |select_ln352_69_reg_55005                 |  15|   0|   15|          0|
    |select_ln352_69_reg_55005_pp0_iter4_reg   |  15|   0|   15|          0|
    |select_ln352_70_reg_55019                 |  15|   0|   15|          0|
    |select_ln352_70_reg_55019_pp0_iter4_reg   |  15|   0|   15|          0|
    |select_ln352_73_reg_55177                 |  15|   0|   15|          0|
    |select_ln352_73_reg_55177_pp0_iter4_reg   |  15|   0|   15|          0|
    |select_ln352_74_reg_55190                 |  15|   0|   15|          0|
    |select_ln352_74_reg_55190_pp0_iter4_reg   |  15|   0|   15|          0|
    |select_ln352_77_reg_55347                 |  15|   0|   15|          0|
    |select_ln352_77_reg_55347_pp0_iter4_reg   |  15|   0|   15|          0|
    |select_ln352_78_reg_55359                 |  15|   0|   15|          0|
    |select_ln352_78_reg_55359_pp0_iter4_reg   |  15|   0|   15|          0|
    |select_ln352_81_reg_55515                 |  15|   0|   15|          0|
    |select_ln352_81_reg_55515_pp0_iter4_reg   |  15|   0|   15|          0|
    |select_ln352_82_reg_55526                 |  15|   0|   15|          0|
    |select_ln352_82_reg_55526_pp0_iter4_reg   |  15|   0|   15|          0|
    |select_ln352_85_reg_55681                 |  15|   0|   15|          0|
    |select_ln352_85_reg_55681_pp0_iter4_reg   |  15|   0|   15|          0|
    |select_ln352_86_reg_55691                 |  15|   0|   15|          0|
    |select_ln352_86_reg_55691_pp0_iter4_reg   |  15|   0|   15|          0|
    |select_ln352_89_reg_55845                 |  15|   0|   15|          0|
    |select_ln352_89_reg_55845_pp0_iter4_reg   |  15|   0|   15|          0|
    |select_ln352_8_reg_53433                  |  15|   0|   15|          0|
    |select_ln352_8_reg_53433_pp0_iter4_reg    |  15|   0|   15|          0|
    |select_ln352_90_reg_55854                 |  15|   0|   15|          0|
    |select_ln352_90_reg_55854_pp0_iter4_reg   |  15|   0|   15|          0|
    |select_ln352_93_reg_56007                 |  15|   0|   15|          0|
    |select_ln352_93_reg_56007_pp0_iter4_reg   |  15|   0|   15|          0|
    |select_ln352_94_reg_56015                 |  15|   0|   15|          0|
    |select_ln352_94_reg_56015_pp0_iter4_reg   |  15|   0|   15|          0|
    |select_ln352_97_reg_56167                 |  15|   0|   15|          0|
    |select_ln352_97_reg_56167_pp0_iter4_reg   |  15|   0|   15|          0|
    |select_ln352_98_reg_56174                 |  15|   0|   15|          0|
    |select_ln352_98_reg_56174_pp0_iter4_reg   |  15|   0|   15|          0|
    |select_ln352_9_reg_53451                  |  15|   0|   15|          0|
    |select_ln352_9_reg_53451_pp0_iter4_reg    |  15|   0|   15|          0|
    |select_ln352_reg_53352                    |  15|   0|   15|          0|
    |select_ln352_reg_53352_pp0_iter4_reg      |  15|   0|   15|          0|
    |t_5_cast4955_reg_52088                    |   6|   0|   64|         58|
    |t_5_reg_51866                             |   6|   0|    6|          0|
    |t_5_reg_51866_pp0_iter1_reg               |   6|   0|    6|          0|
    |tmp_reg_51750                             |   1|   0|    1|          0|
    |uu_fu_1918                                |   7|   0|    7|          0|
    |zext_ln316_reg_48232                      |   7|   0|   64|         57|
    |half_reg_51754                            |  64|  32|    1|          0|
    |icmp_ln342_reg_51874                      |  64|  32|    1|          0|
    |inb_10_reg_52064                          |  64|  32|    1|          0|
    |inb_11_reg_52074                          |  64|  32|    1|          0|
    |inb_12_reg_52082                          |  64|  32|    1|          0|
    |inb_1_reg_51884                           |  64|  32|    1|          0|
    |inb_2_reg_51912                           |  64|  32|    1|          0|
    |inb_3_reg_51938                           |  64|  32|    1|          0|
    |inb_4_reg_51962                           |  64|  32|    1|          0|
    |inb_5_reg_51984                           |  64|  32|    1|          0|
    |inb_6_reg_52004                           |  64|  32|    1|          0|
    |inb_7_reg_52022                           |  64|  32|    1|          0|
    |inb_8_reg_52038                           |  64|  32|    1|          0|
    |inb_9_reg_52052                           |  64|  32|    1|          0|
    |inb_reg_51878                             |  64|  32|    1|          0|
    |t_5_cast4955_reg_52088                    |  64|  32|   64|         58|
    |tmp_reg_51750                             |  64|  32|    1|          0|
    +------------------------------------------+----+----+-----+-----------+
    |Total                                     |8920| 544| 8027|        173|
    +------------------------------------------+----+----+-----+-----------+



================================================================
== Interface
================================================================
* Summary: 
+------------------------+-----+-----+------------+------------------------------------+--------------+
|        RTL Ports       | Dir | Bits|  Protocol  |            Source Object           |    C Type    |
+------------------------+-----+-----+------------+------------------------------------+--------------+
|ap_clk                  |   in|    1|  ap_ctrl_hs|  my_window_Pipeline_EMIT_EDGE_SPLIT|  return value|
|ap_rst                  |   in|    1|  ap_ctrl_hs|  my_window_Pipeline_EMIT_EDGE_SPLIT|  return value|
|ap_start                |   in|    1|  ap_ctrl_hs|  my_window_Pipeline_EMIT_EDGE_SPLIT|  return value|
|ap_done                 |  out|    1|  ap_ctrl_hs|  my_window_Pipeline_EMIT_EDGE_SPLIT|  return value|
|ap_idle                 |  out|    1|  ap_ctrl_hs|  my_window_Pipeline_EMIT_EDGE_SPLIT|  return value|
|ap_ready                |  out|    1|  ap_ctrl_hs|  my_window_Pipeline_EMIT_EDGE_SPLIT|  return value|
|edge_mask_179_address0  |  out|    6|   ap_memory|                       edge_mask_179|         array|
|edge_mask_179_ce0       |  out|    1|   ap_memory|                       edge_mask_179|         array|
|edge_mask_179_we0       |  out|    1|   ap_memory|                       edge_mask_179|         array|
|edge_mask_179_d0        |  out|    1|   ap_memory|                       edge_mask_179|         array|
|edge_mask_178_address0  |  out|    6|   ap_memory|                       edge_mask_178|         array|
|edge_mask_178_ce0       |  out|    1|   ap_memory|                       edge_mask_178|         array|
|edge_mask_178_we0       |  out|    1|   ap_memory|                       edge_mask_178|         array|
|edge_mask_178_d0        |  out|    1|   ap_memory|                       edge_mask_178|         array|
|edge_mask_177_address0  |  out|    6|   ap_memory|                       edge_mask_177|         array|
|edge_mask_177_ce0       |  out|    1|   ap_memory|                       edge_mask_177|         array|
|edge_mask_177_we0       |  out|    1|   ap_memory|                       edge_mask_177|         array|
|edge_mask_177_d0        |  out|    1|   ap_memory|                       edge_mask_177|         array|
|edge_mask_176_address0  |  out|    6|   ap_memory|                       edge_mask_176|         array|
|edge_mask_176_ce0       |  out|    1|   ap_memory|                       edge_mask_176|         array|
|edge_mask_176_we0       |  out|    1|   ap_memory|                       edge_mask_176|         array|
|edge_mask_176_d0        |  out|    1|   ap_memory|                       edge_mask_176|         array|
|edge_mask_175_address0  |  out|    6|   ap_memory|                       edge_mask_175|         array|
|edge_mask_175_ce0       |  out|    1|   ap_memory|                       edge_mask_175|         array|
|edge_mask_175_we0       |  out|    1|   ap_memory|                       edge_mask_175|         array|
|edge_mask_175_d0        |  out|    1|   ap_memory|                       edge_mask_175|         array|
|edge_mask_174_address0  |  out|    6|   ap_memory|                       edge_mask_174|         array|
|edge_mask_174_ce0       |  out|    1|   ap_memory|                       edge_mask_174|         array|
|edge_mask_174_we0       |  out|    1|   ap_memory|                       edge_mask_174|         array|
|edge_mask_174_d0        |  out|    1|   ap_memory|                       edge_mask_174|         array|
|edge_mask_173_address0  |  out|    6|   ap_memory|                       edge_mask_173|         array|
|edge_mask_173_ce0       |  out|    1|   ap_memory|                       edge_mask_173|         array|
|edge_mask_173_we0       |  out|    1|   ap_memory|                       edge_mask_173|         array|
|edge_mask_173_d0        |  out|    1|   ap_memory|                       edge_mask_173|         array|
|edge_mask_172_address0  |  out|    6|   ap_memory|                       edge_mask_172|         array|
|edge_mask_172_ce0       |  out|    1|   ap_memory|                       edge_mask_172|         array|
|edge_mask_172_we0       |  out|    1|   ap_memory|                       edge_mask_172|         array|
|edge_mask_172_d0        |  out|    1|   ap_memory|                       edge_mask_172|         array|
|edge_mask_171_address0  |  out|    6|   ap_memory|                       edge_mask_171|         array|
|edge_mask_171_ce0       |  out|    1|   ap_memory|                       edge_mask_171|         array|
|edge_mask_171_we0       |  out|    1|   ap_memory|                       edge_mask_171|         array|
|edge_mask_171_d0        |  out|    1|   ap_memory|                       edge_mask_171|         array|
|edge_mask_170_address0  |  out|    6|   ap_memory|                       edge_mask_170|         array|
|edge_mask_170_ce0       |  out|    1|   ap_memory|                       edge_mask_170|         array|
|edge_mask_170_we0       |  out|    1|   ap_memory|                       edge_mask_170|         array|
|edge_mask_170_d0        |  out|    1|   ap_memory|                       edge_mask_170|         array|
|edge_mask_169_address0  |  out|    6|   ap_memory|                       edge_mask_169|         array|
|edge_mask_169_ce0       |  out|    1|   ap_memory|                       edge_mask_169|         array|
|edge_mask_169_we0       |  out|    1|   ap_memory|                       edge_mask_169|         array|
|edge_mask_169_d0        |  out|    1|   ap_memory|                       edge_mask_169|         array|
|edge_mask_168_address0  |  out|    6|   ap_memory|                       edge_mask_168|         array|
|edge_mask_168_ce0       |  out|    1|   ap_memory|                       edge_mask_168|         array|
|edge_mask_168_we0       |  out|    1|   ap_memory|                       edge_mask_168|         array|
|edge_mask_168_d0        |  out|    1|   ap_memory|                       edge_mask_168|         array|
|edge_mask_167_address0  |  out|    6|   ap_memory|                       edge_mask_167|         array|
|edge_mask_167_ce0       |  out|    1|   ap_memory|                       edge_mask_167|         array|
|edge_mask_167_we0       |  out|    1|   ap_memory|                       edge_mask_167|         array|
|edge_mask_167_d0        |  out|    1|   ap_memory|                       edge_mask_167|         array|
|edge_mask_166_address0  |  out|    6|   ap_memory|                       edge_mask_166|         array|
|edge_mask_166_ce0       |  out|    1|   ap_memory|                       edge_mask_166|         array|
|edge_mask_166_we0       |  out|    1|   ap_memory|                       edge_mask_166|         array|
|edge_mask_166_d0        |  out|    1|   ap_memory|                       edge_mask_166|         array|
|edge_mask_165_address0  |  out|    6|   ap_memory|                       edge_mask_165|         array|
|edge_mask_165_ce0       |  out|    1|   ap_memory|                       edge_mask_165|         array|
|edge_mask_165_we0       |  out|    1|   ap_memory|                       edge_mask_165|         array|
|edge_mask_165_d0        |  out|    1|   ap_memory|                       edge_mask_165|         array|
|edge_mask_164_address0  |  out|    6|   ap_memory|                       edge_mask_164|         array|
|edge_mask_164_ce0       |  out|    1|   ap_memory|                       edge_mask_164|         array|
|edge_mask_164_we0       |  out|    1|   ap_memory|                       edge_mask_164|         array|
|edge_mask_164_d0        |  out|    1|   ap_memory|                       edge_mask_164|         array|
|edge_mask_163_address0  |  out|    6|   ap_memory|                       edge_mask_163|         array|
|edge_mask_163_ce0       |  out|    1|   ap_memory|                       edge_mask_163|         array|
|edge_mask_163_we0       |  out|    1|   ap_memory|                       edge_mask_163|         array|
|edge_mask_163_d0        |  out|    1|   ap_memory|                       edge_mask_163|         array|
|edge_mask_162_address0  |  out|    6|   ap_memory|                       edge_mask_162|         array|
|edge_mask_162_ce0       |  out|    1|   ap_memory|                       edge_mask_162|         array|
|edge_mask_162_we0       |  out|    1|   ap_memory|                       edge_mask_162|         array|
|edge_mask_162_d0        |  out|    1|   ap_memory|                       edge_mask_162|         array|
|edge_mask_161_address0  |  out|    6|   ap_memory|                       edge_mask_161|         array|
|edge_mask_161_ce0       |  out|    1|   ap_memory|                       edge_mask_161|         array|
|edge_mask_161_we0       |  out|    1|   ap_memory|                       edge_mask_161|         array|
|edge_mask_161_d0        |  out|    1|   ap_memory|                       edge_mask_161|         array|
|edge_mask_160_address0  |  out|    6|   ap_memory|                       edge_mask_160|         array|
|edge_mask_160_ce0       |  out|    1|   ap_memory|                       edge_mask_160|         array|
|edge_mask_160_we0       |  out|    1|   ap_memory|                       edge_mask_160|         array|
|edge_mask_160_d0        |  out|    1|   ap_memory|                       edge_mask_160|         array|
|edge_mask_159_address0  |  out|    6|   ap_memory|                       edge_mask_159|         array|
|edge_mask_159_ce0       |  out|    1|   ap_memory|                       edge_mask_159|         array|
|edge_mask_159_we0       |  out|    1|   ap_memory|                       edge_mask_159|         array|
|edge_mask_159_d0        |  out|    1|   ap_memory|                       edge_mask_159|         array|
|edge_mask_158_address0  |  out|    6|   ap_memory|                       edge_mask_158|         array|
|edge_mask_158_ce0       |  out|    1|   ap_memory|                       edge_mask_158|         array|
|edge_mask_158_we0       |  out|    1|   ap_memory|                       edge_mask_158|         array|
|edge_mask_158_d0        |  out|    1|   ap_memory|                       edge_mask_158|         array|
|edge_mask_157_address0  |  out|    6|   ap_memory|                       edge_mask_157|         array|
|edge_mask_157_ce0       |  out|    1|   ap_memory|                       edge_mask_157|         array|
|edge_mask_157_we0       |  out|    1|   ap_memory|                       edge_mask_157|         array|
|edge_mask_157_d0        |  out|    1|   ap_memory|                       edge_mask_157|         array|
|edge_mask_156_address0  |  out|    6|   ap_memory|                       edge_mask_156|         array|
|edge_mask_156_ce0       |  out|    1|   ap_memory|                       edge_mask_156|         array|
|edge_mask_156_we0       |  out|    1|   ap_memory|                       edge_mask_156|         array|
|edge_mask_156_d0        |  out|    1|   ap_memory|                       edge_mask_156|         array|
|edge_mask_155_address0  |  out|    6|   ap_memory|                       edge_mask_155|         array|
|edge_mask_155_ce0       |  out|    1|   ap_memory|                       edge_mask_155|         array|
|edge_mask_155_we0       |  out|    1|   ap_memory|                       edge_mask_155|         array|
|edge_mask_155_d0        |  out|    1|   ap_memory|                       edge_mask_155|         array|
|edge_mask_154_address0  |  out|    6|   ap_memory|                       edge_mask_154|         array|
|edge_mask_154_ce0       |  out|    1|   ap_memory|                       edge_mask_154|         array|
|edge_mask_154_we0       |  out|    1|   ap_memory|                       edge_mask_154|         array|
|edge_mask_154_d0        |  out|    1|   ap_memory|                       edge_mask_154|         array|
|edge_mask_153_address0  |  out|    6|   ap_memory|                       edge_mask_153|         array|
|edge_mask_153_ce0       |  out|    1|   ap_memory|                       edge_mask_153|         array|
|edge_mask_153_we0       |  out|    1|   ap_memory|                       edge_mask_153|         array|
|edge_mask_153_d0        |  out|    1|   ap_memory|                       edge_mask_153|         array|
|edge_mask_152_address0  |  out|    6|   ap_memory|                       edge_mask_152|         array|
|edge_mask_152_ce0       |  out|    1|   ap_memory|                       edge_mask_152|         array|
|edge_mask_152_we0       |  out|    1|   ap_memory|                       edge_mask_152|         array|
|edge_mask_152_d0        |  out|    1|   ap_memory|                       edge_mask_152|         array|
|edge_mask_151_address0  |  out|    6|   ap_memory|                       edge_mask_151|         array|
|edge_mask_151_ce0       |  out|    1|   ap_memory|                       edge_mask_151|         array|
|edge_mask_151_we0       |  out|    1|   ap_memory|                       edge_mask_151|         array|
|edge_mask_151_d0        |  out|    1|   ap_memory|                       edge_mask_151|         array|
|edge_mask_150_address0  |  out|    6|   ap_memory|                       edge_mask_150|         array|
|edge_mask_150_ce0       |  out|    1|   ap_memory|                       edge_mask_150|         array|
|edge_mask_150_we0       |  out|    1|   ap_memory|                       edge_mask_150|         array|
|edge_mask_150_d0        |  out|    1|   ap_memory|                       edge_mask_150|         array|
|edge_mask_149_address0  |  out|    6|   ap_memory|                       edge_mask_149|         array|
|edge_mask_149_ce0       |  out|    1|   ap_memory|                       edge_mask_149|         array|
|edge_mask_149_we0       |  out|    1|   ap_memory|                       edge_mask_149|         array|
|edge_mask_149_d0        |  out|    1|   ap_memory|                       edge_mask_149|         array|
|edge_mask_148_address0  |  out|    6|   ap_memory|                       edge_mask_148|         array|
|edge_mask_148_ce0       |  out|    1|   ap_memory|                       edge_mask_148|         array|
|edge_mask_148_we0       |  out|    1|   ap_memory|                       edge_mask_148|         array|
|edge_mask_148_d0        |  out|    1|   ap_memory|                       edge_mask_148|         array|
|edge_mask_147_address0  |  out|    6|   ap_memory|                       edge_mask_147|         array|
|edge_mask_147_ce0       |  out|    1|   ap_memory|                       edge_mask_147|         array|
|edge_mask_147_we0       |  out|    1|   ap_memory|                       edge_mask_147|         array|
|edge_mask_147_d0        |  out|    1|   ap_memory|                       edge_mask_147|         array|
|edge_mask_146_address0  |  out|    6|   ap_memory|                       edge_mask_146|         array|
|edge_mask_146_ce0       |  out|    1|   ap_memory|                       edge_mask_146|         array|
|edge_mask_146_we0       |  out|    1|   ap_memory|                       edge_mask_146|         array|
|edge_mask_146_d0        |  out|    1|   ap_memory|                       edge_mask_146|         array|
|edge_mask_145_address0  |  out|    6|   ap_memory|                       edge_mask_145|         array|
|edge_mask_145_ce0       |  out|    1|   ap_memory|                       edge_mask_145|         array|
|edge_mask_145_we0       |  out|    1|   ap_memory|                       edge_mask_145|         array|
|edge_mask_145_d0        |  out|    1|   ap_memory|                       edge_mask_145|         array|
|edge_mask_144_address0  |  out|    6|   ap_memory|                       edge_mask_144|         array|
|edge_mask_144_ce0       |  out|    1|   ap_memory|                       edge_mask_144|         array|
|edge_mask_144_we0       |  out|    1|   ap_memory|                       edge_mask_144|         array|
|edge_mask_144_d0        |  out|    1|   ap_memory|                       edge_mask_144|         array|
|edge_mask_143_address0  |  out|    6|   ap_memory|                       edge_mask_143|         array|
|edge_mask_143_ce0       |  out|    1|   ap_memory|                       edge_mask_143|         array|
|edge_mask_143_we0       |  out|    1|   ap_memory|                       edge_mask_143|         array|
|edge_mask_143_d0        |  out|    1|   ap_memory|                       edge_mask_143|         array|
|edge_mask_142_address0  |  out|    6|   ap_memory|                       edge_mask_142|         array|
|edge_mask_142_ce0       |  out|    1|   ap_memory|                       edge_mask_142|         array|
|edge_mask_142_we0       |  out|    1|   ap_memory|                       edge_mask_142|         array|
|edge_mask_142_d0        |  out|    1|   ap_memory|                       edge_mask_142|         array|
|edge_mask_141_address0  |  out|    6|   ap_memory|                       edge_mask_141|         array|
|edge_mask_141_ce0       |  out|    1|   ap_memory|                       edge_mask_141|         array|
|edge_mask_141_we0       |  out|    1|   ap_memory|                       edge_mask_141|         array|
|edge_mask_141_d0        |  out|    1|   ap_memory|                       edge_mask_141|         array|
|edge_mask_140_address0  |  out|    6|   ap_memory|                       edge_mask_140|         array|
|edge_mask_140_ce0       |  out|    1|   ap_memory|                       edge_mask_140|         array|
|edge_mask_140_we0       |  out|    1|   ap_memory|                       edge_mask_140|         array|
|edge_mask_140_d0        |  out|    1|   ap_memory|                       edge_mask_140|         array|
|edge_mask_139_address0  |  out|    6|   ap_memory|                       edge_mask_139|         array|
|edge_mask_139_ce0       |  out|    1|   ap_memory|                       edge_mask_139|         array|
|edge_mask_139_we0       |  out|    1|   ap_memory|                       edge_mask_139|         array|
|edge_mask_139_d0        |  out|    1|   ap_memory|                       edge_mask_139|         array|
|edge_mask_138_address0  |  out|    6|   ap_memory|                       edge_mask_138|         array|
|edge_mask_138_ce0       |  out|    1|   ap_memory|                       edge_mask_138|         array|
|edge_mask_138_we0       |  out|    1|   ap_memory|                       edge_mask_138|         array|
|edge_mask_138_d0        |  out|    1|   ap_memory|                       edge_mask_138|         array|
|edge_mask_137_address0  |  out|    6|   ap_memory|                       edge_mask_137|         array|
|edge_mask_137_ce0       |  out|    1|   ap_memory|                       edge_mask_137|         array|
|edge_mask_137_we0       |  out|    1|   ap_memory|                       edge_mask_137|         array|
|edge_mask_137_d0        |  out|    1|   ap_memory|                       edge_mask_137|         array|
|edge_mask_136_address0  |  out|    6|   ap_memory|                       edge_mask_136|         array|
|edge_mask_136_ce0       |  out|    1|   ap_memory|                       edge_mask_136|         array|
|edge_mask_136_we0       |  out|    1|   ap_memory|                       edge_mask_136|         array|
|edge_mask_136_d0        |  out|    1|   ap_memory|                       edge_mask_136|         array|
|edge_mask_135_address0  |  out|    6|   ap_memory|                       edge_mask_135|         array|
|edge_mask_135_ce0       |  out|    1|   ap_memory|                       edge_mask_135|         array|
|edge_mask_135_we0       |  out|    1|   ap_memory|                       edge_mask_135|         array|
|edge_mask_135_d0        |  out|    1|   ap_memory|                       edge_mask_135|         array|
|edge_mask_134_address0  |  out|    6|   ap_memory|                       edge_mask_134|         array|
|edge_mask_134_ce0       |  out|    1|   ap_memory|                       edge_mask_134|         array|
|edge_mask_134_we0       |  out|    1|   ap_memory|                       edge_mask_134|         array|
|edge_mask_134_d0        |  out|    1|   ap_memory|                       edge_mask_134|         array|
|edge_mask_133_address0  |  out|    6|   ap_memory|                       edge_mask_133|         array|
|edge_mask_133_ce0       |  out|    1|   ap_memory|                       edge_mask_133|         array|
|edge_mask_133_we0       |  out|    1|   ap_memory|                       edge_mask_133|         array|
|edge_mask_133_d0        |  out|    1|   ap_memory|                       edge_mask_133|         array|
|edge_mask_132_address0  |  out|    6|   ap_memory|                       edge_mask_132|         array|
|edge_mask_132_ce0       |  out|    1|   ap_memory|                       edge_mask_132|         array|
|edge_mask_132_we0       |  out|    1|   ap_memory|                       edge_mask_132|         array|
|edge_mask_132_d0        |  out|    1|   ap_memory|                       edge_mask_132|         array|
|edge_mask_131_address0  |  out|    6|   ap_memory|                       edge_mask_131|         array|
|edge_mask_131_ce0       |  out|    1|   ap_memory|                       edge_mask_131|         array|
|edge_mask_131_we0       |  out|    1|   ap_memory|                       edge_mask_131|         array|
|edge_mask_131_d0        |  out|    1|   ap_memory|                       edge_mask_131|         array|
|edge_mask_130_address0  |  out|    6|   ap_memory|                       edge_mask_130|         array|
|edge_mask_130_ce0       |  out|    1|   ap_memory|                       edge_mask_130|         array|
|edge_mask_130_we0       |  out|    1|   ap_memory|                       edge_mask_130|         array|
|edge_mask_130_d0        |  out|    1|   ap_memory|                       edge_mask_130|         array|
|edge_mask_129_address0  |  out|    6|   ap_memory|                       edge_mask_129|         array|
|edge_mask_129_ce0       |  out|    1|   ap_memory|                       edge_mask_129|         array|
|edge_mask_129_we0       |  out|    1|   ap_memory|                       edge_mask_129|         array|
|edge_mask_129_d0        |  out|    1|   ap_memory|                       edge_mask_129|         array|
|edge_mask_128_address0  |  out|    6|   ap_memory|                       edge_mask_128|         array|
|edge_mask_128_ce0       |  out|    1|   ap_memory|                       edge_mask_128|         array|
|edge_mask_128_we0       |  out|    1|   ap_memory|                       edge_mask_128|         array|
|edge_mask_128_d0        |  out|    1|   ap_memory|                       edge_mask_128|         array|
|edge_mask_127_address0  |  out|    6|   ap_memory|                       edge_mask_127|         array|
|edge_mask_127_ce0       |  out|    1|   ap_memory|                       edge_mask_127|         array|
|edge_mask_127_we0       |  out|    1|   ap_memory|                       edge_mask_127|         array|
|edge_mask_127_d0        |  out|    1|   ap_memory|                       edge_mask_127|         array|
|edge_mask_126_address0  |  out|    6|   ap_memory|                       edge_mask_126|         array|
|edge_mask_126_ce0       |  out|    1|   ap_memory|                       edge_mask_126|         array|
|edge_mask_126_we0       |  out|    1|   ap_memory|                       edge_mask_126|         array|
|edge_mask_126_d0        |  out|    1|   ap_memory|                       edge_mask_126|         array|
|edge_mask_125_address0  |  out|    6|   ap_memory|                       edge_mask_125|         array|
|edge_mask_125_ce0       |  out|    1|   ap_memory|                       edge_mask_125|         array|
|edge_mask_125_we0       |  out|    1|   ap_memory|                       edge_mask_125|         array|
|edge_mask_125_d0        |  out|    1|   ap_memory|                       edge_mask_125|         array|
|edge_mask_124_address0  |  out|    6|   ap_memory|                       edge_mask_124|         array|
|edge_mask_124_ce0       |  out|    1|   ap_memory|                       edge_mask_124|         array|
|edge_mask_124_we0       |  out|    1|   ap_memory|                       edge_mask_124|         array|
|edge_mask_124_d0        |  out|    1|   ap_memory|                       edge_mask_124|         array|
|edge_mask_123_address0  |  out|    6|   ap_memory|                       edge_mask_123|         array|
|edge_mask_123_ce0       |  out|    1|   ap_memory|                       edge_mask_123|         array|
|edge_mask_123_we0       |  out|    1|   ap_memory|                       edge_mask_123|         array|
|edge_mask_123_d0        |  out|    1|   ap_memory|                       edge_mask_123|         array|
|edge_mask_122_address0  |  out|    6|   ap_memory|                       edge_mask_122|         array|
|edge_mask_122_ce0       |  out|    1|   ap_memory|                       edge_mask_122|         array|
|edge_mask_122_we0       |  out|    1|   ap_memory|                       edge_mask_122|         array|
|edge_mask_122_d0        |  out|    1|   ap_memory|                       edge_mask_122|         array|
|edge_mask_121_address0  |  out|    6|   ap_memory|                       edge_mask_121|         array|
|edge_mask_121_ce0       |  out|    1|   ap_memory|                       edge_mask_121|         array|
|edge_mask_121_we0       |  out|    1|   ap_memory|                       edge_mask_121|         array|
|edge_mask_121_d0        |  out|    1|   ap_memory|                       edge_mask_121|         array|
|edge_mask_120_address0  |  out|    6|   ap_memory|                       edge_mask_120|         array|
|edge_mask_120_ce0       |  out|    1|   ap_memory|                       edge_mask_120|         array|
|edge_mask_120_we0       |  out|    1|   ap_memory|                       edge_mask_120|         array|
|edge_mask_120_d0        |  out|    1|   ap_memory|                       edge_mask_120|         array|
|edge_mask_119_address0  |  out|    6|   ap_memory|                       edge_mask_119|         array|
|edge_mask_119_ce0       |  out|    1|   ap_memory|                       edge_mask_119|         array|
|edge_mask_119_we0       |  out|    1|   ap_memory|                       edge_mask_119|         array|
|edge_mask_119_d0        |  out|    1|   ap_memory|                       edge_mask_119|         array|
|edge_mask_118_address0  |  out|    6|   ap_memory|                       edge_mask_118|         array|
|edge_mask_118_ce0       |  out|    1|   ap_memory|                       edge_mask_118|         array|
|edge_mask_118_we0       |  out|    1|   ap_memory|                       edge_mask_118|         array|
|edge_mask_118_d0        |  out|    1|   ap_memory|                       edge_mask_118|         array|
|edge_mask_117_address0  |  out|    6|   ap_memory|                       edge_mask_117|         array|
|edge_mask_117_ce0       |  out|    1|   ap_memory|                       edge_mask_117|         array|
|edge_mask_117_we0       |  out|    1|   ap_memory|                       edge_mask_117|         array|
|edge_mask_117_d0        |  out|    1|   ap_memory|                       edge_mask_117|         array|
|edge_mask_116_address0  |  out|    6|   ap_memory|                       edge_mask_116|         array|
|edge_mask_116_ce0       |  out|    1|   ap_memory|                       edge_mask_116|         array|
|edge_mask_116_we0       |  out|    1|   ap_memory|                       edge_mask_116|         array|
|edge_mask_116_d0        |  out|    1|   ap_memory|                       edge_mask_116|         array|
|edge_mask_115_address0  |  out|    6|   ap_memory|                       edge_mask_115|         array|
|edge_mask_115_ce0       |  out|    1|   ap_memory|                       edge_mask_115|         array|
|edge_mask_115_we0       |  out|    1|   ap_memory|                       edge_mask_115|         array|
|edge_mask_115_d0        |  out|    1|   ap_memory|                       edge_mask_115|         array|
|edge_mask_114_address0  |  out|    6|   ap_memory|                       edge_mask_114|         array|
|edge_mask_114_ce0       |  out|    1|   ap_memory|                       edge_mask_114|         array|
|edge_mask_114_we0       |  out|    1|   ap_memory|                       edge_mask_114|         array|
|edge_mask_114_d0        |  out|    1|   ap_memory|                       edge_mask_114|         array|
|edge_mask_113_address0  |  out|    6|   ap_memory|                       edge_mask_113|         array|
|edge_mask_113_ce0       |  out|    1|   ap_memory|                       edge_mask_113|         array|
|edge_mask_113_we0       |  out|    1|   ap_memory|                       edge_mask_113|         array|
|edge_mask_113_d0        |  out|    1|   ap_memory|                       edge_mask_113|         array|
|edge_mask_112_address0  |  out|    6|   ap_memory|                       edge_mask_112|         array|
|edge_mask_112_ce0       |  out|    1|   ap_memory|                       edge_mask_112|         array|
|edge_mask_112_we0       |  out|    1|   ap_memory|                       edge_mask_112|         array|
|edge_mask_112_d0        |  out|    1|   ap_memory|                       edge_mask_112|         array|
|edge_mask_111_address0  |  out|    6|   ap_memory|                       edge_mask_111|         array|
|edge_mask_111_ce0       |  out|    1|   ap_memory|                       edge_mask_111|         array|
|edge_mask_111_we0       |  out|    1|   ap_memory|                       edge_mask_111|         array|
|edge_mask_111_d0        |  out|    1|   ap_memory|                       edge_mask_111|         array|
|edge_mask_110_address0  |  out|    6|   ap_memory|                       edge_mask_110|         array|
|edge_mask_110_ce0       |  out|    1|   ap_memory|                       edge_mask_110|         array|
|edge_mask_110_we0       |  out|    1|   ap_memory|                       edge_mask_110|         array|
|edge_mask_110_d0        |  out|    1|   ap_memory|                       edge_mask_110|         array|
|edge_mask_109_address0  |  out|    6|   ap_memory|                       edge_mask_109|         array|
|edge_mask_109_ce0       |  out|    1|   ap_memory|                       edge_mask_109|         array|
|edge_mask_109_we0       |  out|    1|   ap_memory|                       edge_mask_109|         array|
|edge_mask_109_d0        |  out|    1|   ap_memory|                       edge_mask_109|         array|
|edge_mask_108_address0  |  out|    6|   ap_memory|                       edge_mask_108|         array|
|edge_mask_108_ce0       |  out|    1|   ap_memory|                       edge_mask_108|         array|
|edge_mask_108_we0       |  out|    1|   ap_memory|                       edge_mask_108|         array|
|edge_mask_108_d0        |  out|    1|   ap_memory|                       edge_mask_108|         array|
|edge_mask_107_address0  |  out|    6|   ap_memory|                       edge_mask_107|         array|
|edge_mask_107_ce0       |  out|    1|   ap_memory|                       edge_mask_107|         array|
|edge_mask_107_we0       |  out|    1|   ap_memory|                       edge_mask_107|         array|
|edge_mask_107_d0        |  out|    1|   ap_memory|                       edge_mask_107|         array|
|edge_mask_106_address0  |  out|    6|   ap_memory|                       edge_mask_106|         array|
|edge_mask_106_ce0       |  out|    1|   ap_memory|                       edge_mask_106|         array|
|edge_mask_106_we0       |  out|    1|   ap_memory|                       edge_mask_106|         array|
|edge_mask_106_d0        |  out|    1|   ap_memory|                       edge_mask_106|         array|
|edge_mask_105_address0  |  out|    6|   ap_memory|                       edge_mask_105|         array|
|edge_mask_105_ce0       |  out|    1|   ap_memory|                       edge_mask_105|         array|
|edge_mask_105_we0       |  out|    1|   ap_memory|                       edge_mask_105|         array|
|edge_mask_105_d0        |  out|    1|   ap_memory|                       edge_mask_105|         array|
|edge_mask_104_address0  |  out|    6|   ap_memory|                       edge_mask_104|         array|
|edge_mask_104_ce0       |  out|    1|   ap_memory|                       edge_mask_104|         array|
|edge_mask_104_we0       |  out|    1|   ap_memory|                       edge_mask_104|         array|
|edge_mask_104_d0        |  out|    1|   ap_memory|                       edge_mask_104|         array|
|edge_mask_103_address0  |  out|    6|   ap_memory|                       edge_mask_103|         array|
|edge_mask_103_ce0       |  out|    1|   ap_memory|                       edge_mask_103|         array|
|edge_mask_103_we0       |  out|    1|   ap_memory|                       edge_mask_103|         array|
|edge_mask_103_d0        |  out|    1|   ap_memory|                       edge_mask_103|         array|
|edge_mask_102_address0  |  out|    6|   ap_memory|                       edge_mask_102|         array|
|edge_mask_102_ce0       |  out|    1|   ap_memory|                       edge_mask_102|         array|
|edge_mask_102_we0       |  out|    1|   ap_memory|                       edge_mask_102|         array|
|edge_mask_102_d0        |  out|    1|   ap_memory|                       edge_mask_102|         array|
|edge_mask_101_address0  |  out|    6|   ap_memory|                       edge_mask_101|         array|
|edge_mask_101_ce0       |  out|    1|   ap_memory|                       edge_mask_101|         array|
|edge_mask_101_we0       |  out|    1|   ap_memory|                       edge_mask_101|         array|
|edge_mask_101_d0        |  out|    1|   ap_memory|                       edge_mask_101|         array|
|edge_mask_100_address0  |  out|    6|   ap_memory|                       edge_mask_100|         array|
|edge_mask_100_ce0       |  out|    1|   ap_memory|                       edge_mask_100|         array|
|edge_mask_100_we0       |  out|    1|   ap_memory|                       edge_mask_100|         array|
|edge_mask_100_d0        |  out|    1|   ap_memory|                       edge_mask_100|         array|
|edge_mask_99_address0   |  out|    6|   ap_memory|                        edge_mask_99|         array|
|edge_mask_99_ce0        |  out|    1|   ap_memory|                        edge_mask_99|         array|
|edge_mask_99_we0        |  out|    1|   ap_memory|                        edge_mask_99|         array|
|edge_mask_99_d0         |  out|    1|   ap_memory|                        edge_mask_99|         array|
|edge_mask_98_address0   |  out|    6|   ap_memory|                        edge_mask_98|         array|
|edge_mask_98_ce0        |  out|    1|   ap_memory|                        edge_mask_98|         array|
|edge_mask_98_we0        |  out|    1|   ap_memory|                        edge_mask_98|         array|
|edge_mask_98_d0         |  out|    1|   ap_memory|                        edge_mask_98|         array|
|edge_mask_97_address0   |  out|    6|   ap_memory|                        edge_mask_97|         array|
|edge_mask_97_ce0        |  out|    1|   ap_memory|                        edge_mask_97|         array|
|edge_mask_97_we0        |  out|    1|   ap_memory|                        edge_mask_97|         array|
|edge_mask_97_d0         |  out|    1|   ap_memory|                        edge_mask_97|         array|
|edge_mask_96_address0   |  out|    6|   ap_memory|                        edge_mask_96|         array|
|edge_mask_96_ce0        |  out|    1|   ap_memory|                        edge_mask_96|         array|
|edge_mask_96_we0        |  out|    1|   ap_memory|                        edge_mask_96|         array|
|edge_mask_96_d0         |  out|    1|   ap_memory|                        edge_mask_96|         array|
|edge_mask_95_address0   |  out|    6|   ap_memory|                        edge_mask_95|         array|
|edge_mask_95_ce0        |  out|    1|   ap_memory|                        edge_mask_95|         array|
|edge_mask_95_we0        |  out|    1|   ap_memory|                        edge_mask_95|         array|
|edge_mask_95_d0         |  out|    1|   ap_memory|                        edge_mask_95|         array|
|edge_mask_94_address0   |  out|    6|   ap_memory|                        edge_mask_94|         array|
|edge_mask_94_ce0        |  out|    1|   ap_memory|                        edge_mask_94|         array|
|edge_mask_94_we0        |  out|    1|   ap_memory|                        edge_mask_94|         array|
|edge_mask_94_d0         |  out|    1|   ap_memory|                        edge_mask_94|         array|
|edge_mask_93_address0   |  out|    6|   ap_memory|                        edge_mask_93|         array|
|edge_mask_93_ce0        |  out|    1|   ap_memory|                        edge_mask_93|         array|
|edge_mask_93_we0        |  out|    1|   ap_memory|                        edge_mask_93|         array|
|edge_mask_93_d0         |  out|    1|   ap_memory|                        edge_mask_93|         array|
|edge_mask_92_address0   |  out|    6|   ap_memory|                        edge_mask_92|         array|
|edge_mask_92_ce0        |  out|    1|   ap_memory|                        edge_mask_92|         array|
|edge_mask_92_we0        |  out|    1|   ap_memory|                        edge_mask_92|         array|
|edge_mask_92_d0         |  out|    1|   ap_memory|                        edge_mask_92|         array|
|edge_mask_91_address0   |  out|    6|   ap_memory|                        edge_mask_91|         array|
|edge_mask_91_ce0        |  out|    1|   ap_memory|                        edge_mask_91|         array|
|edge_mask_91_we0        |  out|    1|   ap_memory|                        edge_mask_91|         array|
|edge_mask_91_d0         |  out|    1|   ap_memory|                        edge_mask_91|         array|
|edge_mask_90_address0   |  out|    6|   ap_memory|                        edge_mask_90|         array|
|edge_mask_90_ce0        |  out|    1|   ap_memory|                        edge_mask_90|         array|
|edge_mask_90_we0        |  out|    1|   ap_memory|                        edge_mask_90|         array|
|edge_mask_90_d0         |  out|    1|   ap_memory|                        edge_mask_90|         array|
|edge_mask_89_address0   |  out|    6|   ap_memory|                        edge_mask_89|         array|
|edge_mask_89_ce0        |  out|    1|   ap_memory|                        edge_mask_89|         array|
|edge_mask_89_we0        |  out|    1|   ap_memory|                        edge_mask_89|         array|
|edge_mask_89_d0         |  out|    1|   ap_memory|                        edge_mask_89|         array|
|edge_mask_88_address0   |  out|    6|   ap_memory|                        edge_mask_88|         array|
|edge_mask_88_ce0        |  out|    1|   ap_memory|                        edge_mask_88|         array|
|edge_mask_88_we0        |  out|    1|   ap_memory|                        edge_mask_88|         array|
|edge_mask_88_d0         |  out|    1|   ap_memory|                        edge_mask_88|         array|
|edge_mask_87_address0   |  out|    6|   ap_memory|                        edge_mask_87|         array|
|edge_mask_87_ce0        |  out|    1|   ap_memory|                        edge_mask_87|         array|
|edge_mask_87_we0        |  out|    1|   ap_memory|                        edge_mask_87|         array|
|edge_mask_87_d0         |  out|    1|   ap_memory|                        edge_mask_87|         array|
|edge_mask_86_address0   |  out|    6|   ap_memory|                        edge_mask_86|         array|
|edge_mask_86_ce0        |  out|    1|   ap_memory|                        edge_mask_86|         array|
|edge_mask_86_we0        |  out|    1|   ap_memory|                        edge_mask_86|         array|
|edge_mask_86_d0         |  out|    1|   ap_memory|                        edge_mask_86|         array|
|edge_mask_85_address0   |  out|    6|   ap_memory|                        edge_mask_85|         array|
|edge_mask_85_ce0        |  out|    1|   ap_memory|                        edge_mask_85|         array|
|edge_mask_85_we0        |  out|    1|   ap_memory|                        edge_mask_85|         array|
|edge_mask_85_d0         |  out|    1|   ap_memory|                        edge_mask_85|         array|
|edge_mask_84_address0   |  out|    6|   ap_memory|                        edge_mask_84|         array|
|edge_mask_84_ce0        |  out|    1|   ap_memory|                        edge_mask_84|         array|
|edge_mask_84_we0        |  out|    1|   ap_memory|                        edge_mask_84|         array|
|edge_mask_84_d0         |  out|    1|   ap_memory|                        edge_mask_84|         array|
|edge_mask_83_address0   |  out|    6|   ap_memory|                        edge_mask_83|         array|
|edge_mask_83_ce0        |  out|    1|   ap_memory|                        edge_mask_83|         array|
|edge_mask_83_we0        |  out|    1|   ap_memory|                        edge_mask_83|         array|
|edge_mask_83_d0         |  out|    1|   ap_memory|                        edge_mask_83|         array|
|edge_mask_82_address0   |  out|    6|   ap_memory|                        edge_mask_82|         array|
|edge_mask_82_ce0        |  out|    1|   ap_memory|                        edge_mask_82|         array|
|edge_mask_82_we0        |  out|    1|   ap_memory|                        edge_mask_82|         array|
|edge_mask_82_d0         |  out|    1|   ap_memory|                        edge_mask_82|         array|
|edge_mask_81_address0   |  out|    6|   ap_memory|                        edge_mask_81|         array|
|edge_mask_81_ce0        |  out|    1|   ap_memory|                        edge_mask_81|         array|
|edge_mask_81_we0        |  out|    1|   ap_memory|                        edge_mask_81|         array|
|edge_mask_81_d0         |  out|    1|   ap_memory|                        edge_mask_81|         array|
|edge_mask_80_address0   |  out|    6|   ap_memory|                        edge_mask_80|         array|
|edge_mask_80_ce0        |  out|    1|   ap_memory|                        edge_mask_80|         array|
|edge_mask_80_we0        |  out|    1|   ap_memory|                        edge_mask_80|         array|
|edge_mask_80_d0         |  out|    1|   ap_memory|                        edge_mask_80|         array|
|edge_mask_79_address0   |  out|    6|   ap_memory|                        edge_mask_79|         array|
|edge_mask_79_ce0        |  out|    1|   ap_memory|                        edge_mask_79|         array|
|edge_mask_79_we0        |  out|    1|   ap_memory|                        edge_mask_79|         array|
|edge_mask_79_d0         |  out|    1|   ap_memory|                        edge_mask_79|         array|
|edge_mask_78_address0   |  out|    6|   ap_memory|                        edge_mask_78|         array|
|edge_mask_78_ce0        |  out|    1|   ap_memory|                        edge_mask_78|         array|
|edge_mask_78_we0        |  out|    1|   ap_memory|                        edge_mask_78|         array|
|edge_mask_78_d0         |  out|    1|   ap_memory|                        edge_mask_78|         array|
|edge_mask_77_address0   |  out|    6|   ap_memory|                        edge_mask_77|         array|
|edge_mask_77_ce0        |  out|    1|   ap_memory|                        edge_mask_77|         array|
|edge_mask_77_we0        |  out|    1|   ap_memory|                        edge_mask_77|         array|
|edge_mask_77_d0         |  out|    1|   ap_memory|                        edge_mask_77|         array|
|edge_mask_76_address0   |  out|    6|   ap_memory|                        edge_mask_76|         array|
|edge_mask_76_ce0        |  out|    1|   ap_memory|                        edge_mask_76|         array|
|edge_mask_76_we0        |  out|    1|   ap_memory|                        edge_mask_76|         array|
|edge_mask_76_d0         |  out|    1|   ap_memory|                        edge_mask_76|         array|
|edge_mask_75_address0   |  out|    6|   ap_memory|                        edge_mask_75|         array|
|edge_mask_75_ce0        |  out|    1|   ap_memory|                        edge_mask_75|         array|
|edge_mask_75_we0        |  out|    1|   ap_memory|                        edge_mask_75|         array|
|edge_mask_75_d0         |  out|    1|   ap_memory|                        edge_mask_75|         array|
|edge_mask_74_address0   |  out|    6|   ap_memory|                        edge_mask_74|         array|
|edge_mask_74_ce0        |  out|    1|   ap_memory|                        edge_mask_74|         array|
|edge_mask_74_we0        |  out|    1|   ap_memory|                        edge_mask_74|         array|
|edge_mask_74_d0         |  out|    1|   ap_memory|                        edge_mask_74|         array|
|edge_mask_73_address0   |  out|    6|   ap_memory|                        edge_mask_73|         array|
|edge_mask_73_ce0        |  out|    1|   ap_memory|                        edge_mask_73|         array|
|edge_mask_73_we0        |  out|    1|   ap_memory|                        edge_mask_73|         array|
|edge_mask_73_d0         |  out|    1|   ap_memory|                        edge_mask_73|         array|
|edge_mask_72_address0   |  out|    6|   ap_memory|                        edge_mask_72|         array|
|edge_mask_72_ce0        |  out|    1|   ap_memory|                        edge_mask_72|         array|
|edge_mask_72_we0        |  out|    1|   ap_memory|                        edge_mask_72|         array|
|edge_mask_72_d0         |  out|    1|   ap_memory|                        edge_mask_72|         array|
|edge_mask_71_address0   |  out|    6|   ap_memory|                        edge_mask_71|         array|
|edge_mask_71_ce0        |  out|    1|   ap_memory|                        edge_mask_71|         array|
|edge_mask_71_we0        |  out|    1|   ap_memory|                        edge_mask_71|         array|
|edge_mask_71_d0         |  out|    1|   ap_memory|                        edge_mask_71|         array|
|edge_mask_70_address0   |  out|    6|   ap_memory|                        edge_mask_70|         array|
|edge_mask_70_ce0        |  out|    1|   ap_memory|                        edge_mask_70|         array|
|edge_mask_70_we0        |  out|    1|   ap_memory|                        edge_mask_70|         array|
|edge_mask_70_d0         |  out|    1|   ap_memory|                        edge_mask_70|         array|
|edge_mask_69_address0   |  out|    6|   ap_memory|                        edge_mask_69|         array|
|edge_mask_69_ce0        |  out|    1|   ap_memory|                        edge_mask_69|         array|
|edge_mask_69_we0        |  out|    1|   ap_memory|                        edge_mask_69|         array|
|edge_mask_69_d0         |  out|    1|   ap_memory|                        edge_mask_69|         array|
|edge_mask_68_address0   |  out|    6|   ap_memory|                        edge_mask_68|         array|
|edge_mask_68_ce0        |  out|    1|   ap_memory|                        edge_mask_68|         array|
|edge_mask_68_we0        |  out|    1|   ap_memory|                        edge_mask_68|         array|
|edge_mask_68_d0         |  out|    1|   ap_memory|                        edge_mask_68|         array|
|edge_mask_67_address0   |  out|    6|   ap_memory|                        edge_mask_67|         array|
|edge_mask_67_ce0        |  out|    1|   ap_memory|                        edge_mask_67|         array|
|edge_mask_67_we0        |  out|    1|   ap_memory|                        edge_mask_67|         array|
|edge_mask_67_d0         |  out|    1|   ap_memory|                        edge_mask_67|         array|
|edge_mask_66_address0   |  out|    6|   ap_memory|                        edge_mask_66|         array|
|edge_mask_66_ce0        |  out|    1|   ap_memory|                        edge_mask_66|         array|
|edge_mask_66_we0        |  out|    1|   ap_memory|                        edge_mask_66|         array|
|edge_mask_66_d0         |  out|    1|   ap_memory|                        edge_mask_66|         array|
|edge_mask_65_address0   |  out|    6|   ap_memory|                        edge_mask_65|         array|
|edge_mask_65_ce0        |  out|    1|   ap_memory|                        edge_mask_65|         array|
|edge_mask_65_we0        |  out|    1|   ap_memory|                        edge_mask_65|         array|
|edge_mask_65_d0         |  out|    1|   ap_memory|                        edge_mask_65|         array|
|edge_mask_64_address0   |  out|    6|   ap_memory|                        edge_mask_64|         array|
|edge_mask_64_ce0        |  out|    1|   ap_memory|                        edge_mask_64|         array|
|edge_mask_64_we0        |  out|    1|   ap_memory|                        edge_mask_64|         array|
|edge_mask_64_d0         |  out|    1|   ap_memory|                        edge_mask_64|         array|
|edge_mask_63_address0   |  out|    6|   ap_memory|                        edge_mask_63|         array|
|edge_mask_63_ce0        |  out|    1|   ap_memory|                        edge_mask_63|         array|
|edge_mask_63_we0        |  out|    1|   ap_memory|                        edge_mask_63|         array|
|edge_mask_63_d0         |  out|    1|   ap_memory|                        edge_mask_63|         array|
|edge_mask_62_address0   |  out|    6|   ap_memory|                        edge_mask_62|         array|
|edge_mask_62_ce0        |  out|    1|   ap_memory|                        edge_mask_62|         array|
|edge_mask_62_we0        |  out|    1|   ap_memory|                        edge_mask_62|         array|
|edge_mask_62_d0         |  out|    1|   ap_memory|                        edge_mask_62|         array|
|edge_mask_61_address0   |  out|    6|   ap_memory|                        edge_mask_61|         array|
|edge_mask_61_ce0        |  out|    1|   ap_memory|                        edge_mask_61|         array|
|edge_mask_61_we0        |  out|    1|   ap_memory|                        edge_mask_61|         array|
|edge_mask_61_d0         |  out|    1|   ap_memory|                        edge_mask_61|         array|
|edge_mask_60_address0   |  out|    6|   ap_memory|                        edge_mask_60|         array|
|edge_mask_60_ce0        |  out|    1|   ap_memory|                        edge_mask_60|         array|
|edge_mask_60_we0        |  out|    1|   ap_memory|                        edge_mask_60|         array|
|edge_mask_60_d0         |  out|    1|   ap_memory|                        edge_mask_60|         array|
|edge_mask_59_address0   |  out|    6|   ap_memory|                        edge_mask_59|         array|
|edge_mask_59_ce0        |  out|    1|   ap_memory|                        edge_mask_59|         array|
|edge_mask_59_we0        |  out|    1|   ap_memory|                        edge_mask_59|         array|
|edge_mask_59_d0         |  out|    1|   ap_memory|                        edge_mask_59|         array|
|edge_mask_58_address0   |  out|    6|   ap_memory|                        edge_mask_58|         array|
|edge_mask_58_ce0        |  out|    1|   ap_memory|                        edge_mask_58|         array|
|edge_mask_58_we0        |  out|    1|   ap_memory|                        edge_mask_58|         array|
|edge_mask_58_d0         |  out|    1|   ap_memory|                        edge_mask_58|         array|
|edge_mask_57_address0   |  out|    6|   ap_memory|                        edge_mask_57|         array|
|edge_mask_57_ce0        |  out|    1|   ap_memory|                        edge_mask_57|         array|
|edge_mask_57_we0        |  out|    1|   ap_memory|                        edge_mask_57|         array|
|edge_mask_57_d0         |  out|    1|   ap_memory|                        edge_mask_57|         array|
|edge_mask_56_address0   |  out|    6|   ap_memory|                        edge_mask_56|         array|
|edge_mask_56_ce0        |  out|    1|   ap_memory|                        edge_mask_56|         array|
|edge_mask_56_we0        |  out|    1|   ap_memory|                        edge_mask_56|         array|
|edge_mask_56_d0         |  out|    1|   ap_memory|                        edge_mask_56|         array|
|edge_mask_55_address0   |  out|    6|   ap_memory|                        edge_mask_55|         array|
|edge_mask_55_ce0        |  out|    1|   ap_memory|                        edge_mask_55|         array|
|edge_mask_55_we0        |  out|    1|   ap_memory|                        edge_mask_55|         array|
|edge_mask_55_d0         |  out|    1|   ap_memory|                        edge_mask_55|         array|
|edge_mask_54_address0   |  out|    6|   ap_memory|                        edge_mask_54|         array|
|edge_mask_54_ce0        |  out|    1|   ap_memory|                        edge_mask_54|         array|
|edge_mask_54_we0        |  out|    1|   ap_memory|                        edge_mask_54|         array|
|edge_mask_54_d0         |  out|    1|   ap_memory|                        edge_mask_54|         array|
|edge_mask_53_address0   |  out|    6|   ap_memory|                        edge_mask_53|         array|
|edge_mask_53_ce0        |  out|    1|   ap_memory|                        edge_mask_53|         array|
|edge_mask_53_we0        |  out|    1|   ap_memory|                        edge_mask_53|         array|
|edge_mask_53_d0         |  out|    1|   ap_memory|                        edge_mask_53|         array|
|edge_mask_52_address0   |  out|    6|   ap_memory|                        edge_mask_52|         array|
|edge_mask_52_ce0        |  out|    1|   ap_memory|                        edge_mask_52|         array|
|edge_mask_52_we0        |  out|    1|   ap_memory|                        edge_mask_52|         array|
|edge_mask_52_d0         |  out|    1|   ap_memory|                        edge_mask_52|         array|
|edge_mask_51_address0   |  out|    6|   ap_memory|                        edge_mask_51|         array|
|edge_mask_51_ce0        |  out|    1|   ap_memory|                        edge_mask_51|         array|
|edge_mask_51_we0        |  out|    1|   ap_memory|                        edge_mask_51|         array|
|edge_mask_51_d0         |  out|    1|   ap_memory|                        edge_mask_51|         array|
|edge_mask_50_address0   |  out|    6|   ap_memory|                        edge_mask_50|         array|
|edge_mask_50_ce0        |  out|    1|   ap_memory|                        edge_mask_50|         array|
|edge_mask_50_we0        |  out|    1|   ap_memory|                        edge_mask_50|         array|
|edge_mask_50_d0         |  out|    1|   ap_memory|                        edge_mask_50|         array|
|edge_mask_49_address0   |  out|    6|   ap_memory|                        edge_mask_49|         array|
|edge_mask_49_ce0        |  out|    1|   ap_memory|                        edge_mask_49|         array|
|edge_mask_49_we0        |  out|    1|   ap_memory|                        edge_mask_49|         array|
|edge_mask_49_d0         |  out|    1|   ap_memory|                        edge_mask_49|         array|
|edge_mask_48_address0   |  out|    6|   ap_memory|                        edge_mask_48|         array|
|edge_mask_48_ce0        |  out|    1|   ap_memory|                        edge_mask_48|         array|
|edge_mask_48_we0        |  out|    1|   ap_memory|                        edge_mask_48|         array|
|edge_mask_48_d0         |  out|    1|   ap_memory|                        edge_mask_48|         array|
|edge_mask_47_address0   |  out|    6|   ap_memory|                        edge_mask_47|         array|
|edge_mask_47_ce0        |  out|    1|   ap_memory|                        edge_mask_47|         array|
|edge_mask_47_we0        |  out|    1|   ap_memory|                        edge_mask_47|         array|
|edge_mask_47_d0         |  out|    1|   ap_memory|                        edge_mask_47|         array|
|edge_mask_46_address0   |  out|    6|   ap_memory|                        edge_mask_46|         array|
|edge_mask_46_ce0        |  out|    1|   ap_memory|                        edge_mask_46|         array|
|edge_mask_46_we0        |  out|    1|   ap_memory|                        edge_mask_46|         array|
|edge_mask_46_d0         |  out|    1|   ap_memory|                        edge_mask_46|         array|
|edge_mask_45_address0   |  out|    6|   ap_memory|                        edge_mask_45|         array|
|edge_mask_45_ce0        |  out|    1|   ap_memory|                        edge_mask_45|         array|
|edge_mask_45_we0        |  out|    1|   ap_memory|                        edge_mask_45|         array|
|edge_mask_45_d0         |  out|    1|   ap_memory|                        edge_mask_45|         array|
|edge_mask_44_address0   |  out|    6|   ap_memory|                        edge_mask_44|         array|
|edge_mask_44_ce0        |  out|    1|   ap_memory|                        edge_mask_44|         array|
|edge_mask_44_we0        |  out|    1|   ap_memory|                        edge_mask_44|         array|
|edge_mask_44_d0         |  out|    1|   ap_memory|                        edge_mask_44|         array|
|edge_mask_43_address0   |  out|    6|   ap_memory|                        edge_mask_43|         array|
|edge_mask_43_ce0        |  out|    1|   ap_memory|                        edge_mask_43|         array|
|edge_mask_43_we0        |  out|    1|   ap_memory|                        edge_mask_43|         array|
|edge_mask_43_d0         |  out|    1|   ap_memory|                        edge_mask_43|         array|
|edge_mask_42_address0   |  out|    6|   ap_memory|                        edge_mask_42|         array|
|edge_mask_42_ce0        |  out|    1|   ap_memory|                        edge_mask_42|         array|
|edge_mask_42_we0        |  out|    1|   ap_memory|                        edge_mask_42|         array|
|edge_mask_42_d0         |  out|    1|   ap_memory|                        edge_mask_42|         array|
|edge_mask_41_address0   |  out|    6|   ap_memory|                        edge_mask_41|         array|
|edge_mask_41_ce0        |  out|    1|   ap_memory|                        edge_mask_41|         array|
|edge_mask_41_we0        |  out|    1|   ap_memory|                        edge_mask_41|         array|
|edge_mask_41_d0         |  out|    1|   ap_memory|                        edge_mask_41|         array|
|edge_mask_40_address0   |  out|    6|   ap_memory|                        edge_mask_40|         array|
|edge_mask_40_ce0        |  out|    1|   ap_memory|                        edge_mask_40|         array|
|edge_mask_40_we0        |  out|    1|   ap_memory|                        edge_mask_40|         array|
|edge_mask_40_d0         |  out|    1|   ap_memory|                        edge_mask_40|         array|
|edge_mask_39_address0   |  out|    6|   ap_memory|                        edge_mask_39|         array|
|edge_mask_39_ce0        |  out|    1|   ap_memory|                        edge_mask_39|         array|
|edge_mask_39_we0        |  out|    1|   ap_memory|                        edge_mask_39|         array|
|edge_mask_39_d0         |  out|    1|   ap_memory|                        edge_mask_39|         array|
|edge_mask_38_address0   |  out|    6|   ap_memory|                        edge_mask_38|         array|
|edge_mask_38_ce0        |  out|    1|   ap_memory|                        edge_mask_38|         array|
|edge_mask_38_we0        |  out|    1|   ap_memory|                        edge_mask_38|         array|
|edge_mask_38_d0         |  out|    1|   ap_memory|                        edge_mask_38|         array|
|edge_mask_37_address0   |  out|    6|   ap_memory|                        edge_mask_37|         array|
|edge_mask_37_ce0        |  out|    1|   ap_memory|                        edge_mask_37|         array|
|edge_mask_37_we0        |  out|    1|   ap_memory|                        edge_mask_37|         array|
|edge_mask_37_d0         |  out|    1|   ap_memory|                        edge_mask_37|         array|
|edge_mask_36_address0   |  out|    6|   ap_memory|                        edge_mask_36|         array|
|edge_mask_36_ce0        |  out|    1|   ap_memory|                        edge_mask_36|         array|
|edge_mask_36_we0        |  out|    1|   ap_memory|                        edge_mask_36|         array|
|edge_mask_36_d0         |  out|    1|   ap_memory|                        edge_mask_36|         array|
|edge_mask_35_address0   |  out|    6|   ap_memory|                        edge_mask_35|         array|
|edge_mask_35_ce0        |  out|    1|   ap_memory|                        edge_mask_35|         array|
|edge_mask_35_we0        |  out|    1|   ap_memory|                        edge_mask_35|         array|
|edge_mask_35_d0         |  out|    1|   ap_memory|                        edge_mask_35|         array|
|edge_mask_34_address0   |  out|    6|   ap_memory|                        edge_mask_34|         array|
|edge_mask_34_ce0        |  out|    1|   ap_memory|                        edge_mask_34|         array|
|edge_mask_34_we0        |  out|    1|   ap_memory|                        edge_mask_34|         array|
|edge_mask_34_d0         |  out|    1|   ap_memory|                        edge_mask_34|         array|
|edge_mask_33_address0   |  out|    6|   ap_memory|                        edge_mask_33|         array|
|edge_mask_33_ce0        |  out|    1|   ap_memory|                        edge_mask_33|         array|
|edge_mask_33_we0        |  out|    1|   ap_memory|                        edge_mask_33|         array|
|edge_mask_33_d0         |  out|    1|   ap_memory|                        edge_mask_33|         array|
|edge_mask_32_address0   |  out|    6|   ap_memory|                        edge_mask_32|         array|
|edge_mask_32_ce0        |  out|    1|   ap_memory|                        edge_mask_32|         array|
|edge_mask_32_we0        |  out|    1|   ap_memory|                        edge_mask_32|         array|
|edge_mask_32_d0         |  out|    1|   ap_memory|                        edge_mask_32|         array|
|edge_mask_31_address0   |  out|    6|   ap_memory|                        edge_mask_31|         array|
|edge_mask_31_ce0        |  out|    1|   ap_memory|                        edge_mask_31|         array|
|edge_mask_31_we0        |  out|    1|   ap_memory|                        edge_mask_31|         array|
|edge_mask_31_d0         |  out|    1|   ap_memory|                        edge_mask_31|         array|
|edge_mask_30_address0   |  out|    6|   ap_memory|                        edge_mask_30|         array|
|edge_mask_30_ce0        |  out|    1|   ap_memory|                        edge_mask_30|         array|
|edge_mask_30_we0        |  out|    1|   ap_memory|                        edge_mask_30|         array|
|edge_mask_30_d0         |  out|    1|   ap_memory|                        edge_mask_30|         array|
|edge_mask_29_address0   |  out|    6|   ap_memory|                        edge_mask_29|         array|
|edge_mask_29_ce0        |  out|    1|   ap_memory|                        edge_mask_29|         array|
|edge_mask_29_we0        |  out|    1|   ap_memory|                        edge_mask_29|         array|
|edge_mask_29_d0         |  out|    1|   ap_memory|                        edge_mask_29|         array|
|edge_mask_28_address0   |  out|    6|   ap_memory|                        edge_mask_28|         array|
|edge_mask_28_ce0        |  out|    1|   ap_memory|                        edge_mask_28|         array|
|edge_mask_28_we0        |  out|    1|   ap_memory|                        edge_mask_28|         array|
|edge_mask_28_d0         |  out|    1|   ap_memory|                        edge_mask_28|         array|
|edge_mask_27_address0   |  out|    6|   ap_memory|                        edge_mask_27|         array|
|edge_mask_27_ce0        |  out|    1|   ap_memory|                        edge_mask_27|         array|
|edge_mask_27_we0        |  out|    1|   ap_memory|                        edge_mask_27|         array|
|edge_mask_27_d0         |  out|    1|   ap_memory|                        edge_mask_27|         array|
|edge_mask_26_address0   |  out|    6|   ap_memory|                        edge_mask_26|         array|
|edge_mask_26_ce0        |  out|    1|   ap_memory|                        edge_mask_26|         array|
|edge_mask_26_we0        |  out|    1|   ap_memory|                        edge_mask_26|         array|
|edge_mask_26_d0         |  out|    1|   ap_memory|                        edge_mask_26|         array|
|edge_mask_25_address0   |  out|    6|   ap_memory|                        edge_mask_25|         array|
|edge_mask_25_ce0        |  out|    1|   ap_memory|                        edge_mask_25|         array|
|edge_mask_25_we0        |  out|    1|   ap_memory|                        edge_mask_25|         array|
|edge_mask_25_d0         |  out|    1|   ap_memory|                        edge_mask_25|         array|
|edge_mask_24_address0   |  out|    6|   ap_memory|                        edge_mask_24|         array|
|edge_mask_24_ce0        |  out|    1|   ap_memory|                        edge_mask_24|         array|
|edge_mask_24_we0        |  out|    1|   ap_memory|                        edge_mask_24|         array|
|edge_mask_24_d0         |  out|    1|   ap_memory|                        edge_mask_24|         array|
|edge_mask_23_address0   |  out|    6|   ap_memory|                        edge_mask_23|         array|
|edge_mask_23_ce0        |  out|    1|   ap_memory|                        edge_mask_23|         array|
|edge_mask_23_we0        |  out|    1|   ap_memory|                        edge_mask_23|         array|
|edge_mask_23_d0         |  out|    1|   ap_memory|                        edge_mask_23|         array|
|edge_mask_22_address0   |  out|    6|   ap_memory|                        edge_mask_22|         array|
|edge_mask_22_ce0        |  out|    1|   ap_memory|                        edge_mask_22|         array|
|edge_mask_22_we0        |  out|    1|   ap_memory|                        edge_mask_22|         array|
|edge_mask_22_d0         |  out|    1|   ap_memory|                        edge_mask_22|         array|
|edge_mask_21_address0   |  out|    6|   ap_memory|                        edge_mask_21|         array|
|edge_mask_21_ce0        |  out|    1|   ap_memory|                        edge_mask_21|         array|
|edge_mask_21_we0        |  out|    1|   ap_memory|                        edge_mask_21|         array|
|edge_mask_21_d0         |  out|    1|   ap_memory|                        edge_mask_21|         array|
|edge_mask_20_address0   |  out|    6|   ap_memory|                        edge_mask_20|         array|
|edge_mask_20_ce0        |  out|    1|   ap_memory|                        edge_mask_20|         array|
|edge_mask_20_we0        |  out|    1|   ap_memory|                        edge_mask_20|         array|
|edge_mask_20_d0         |  out|    1|   ap_memory|                        edge_mask_20|         array|
|edge_mask_19_address0   |  out|    6|   ap_memory|                        edge_mask_19|         array|
|edge_mask_19_ce0        |  out|    1|   ap_memory|                        edge_mask_19|         array|
|edge_mask_19_we0        |  out|    1|   ap_memory|                        edge_mask_19|         array|
|edge_mask_19_d0         |  out|    1|   ap_memory|                        edge_mask_19|         array|
|edge_mask_18_address0   |  out|    6|   ap_memory|                        edge_mask_18|         array|
|edge_mask_18_ce0        |  out|    1|   ap_memory|                        edge_mask_18|         array|
|edge_mask_18_we0        |  out|    1|   ap_memory|                        edge_mask_18|         array|
|edge_mask_18_d0         |  out|    1|   ap_memory|                        edge_mask_18|         array|
|edge_mask_17_address0   |  out|    6|   ap_memory|                        edge_mask_17|         array|
|edge_mask_17_ce0        |  out|    1|   ap_memory|                        edge_mask_17|         array|
|edge_mask_17_we0        |  out|    1|   ap_memory|                        edge_mask_17|         array|
|edge_mask_17_d0         |  out|    1|   ap_memory|                        edge_mask_17|         array|
|edge_mask_16_address0   |  out|    6|   ap_memory|                        edge_mask_16|         array|
|edge_mask_16_ce0        |  out|    1|   ap_memory|                        edge_mask_16|         array|
|edge_mask_16_we0        |  out|    1|   ap_memory|                        edge_mask_16|         array|
|edge_mask_16_d0         |  out|    1|   ap_memory|                        edge_mask_16|         array|
|edge_mask_15_address0   |  out|    6|   ap_memory|                        edge_mask_15|         array|
|edge_mask_15_ce0        |  out|    1|   ap_memory|                        edge_mask_15|         array|
|edge_mask_15_we0        |  out|    1|   ap_memory|                        edge_mask_15|         array|
|edge_mask_15_d0         |  out|    1|   ap_memory|                        edge_mask_15|         array|
|edge_mask_14_address0   |  out|    6|   ap_memory|                        edge_mask_14|         array|
|edge_mask_14_ce0        |  out|    1|   ap_memory|                        edge_mask_14|         array|
|edge_mask_14_we0        |  out|    1|   ap_memory|                        edge_mask_14|         array|
|edge_mask_14_d0         |  out|    1|   ap_memory|                        edge_mask_14|         array|
|edge_mask_13_address0   |  out|    6|   ap_memory|                        edge_mask_13|         array|
|edge_mask_13_ce0        |  out|    1|   ap_memory|                        edge_mask_13|         array|
|edge_mask_13_we0        |  out|    1|   ap_memory|                        edge_mask_13|         array|
|edge_mask_13_d0         |  out|    1|   ap_memory|                        edge_mask_13|         array|
|edge_mask_12_address0   |  out|    6|   ap_memory|                        edge_mask_12|         array|
|edge_mask_12_ce0        |  out|    1|   ap_memory|                        edge_mask_12|         array|
|edge_mask_12_we0        |  out|    1|   ap_memory|                        edge_mask_12|         array|
|edge_mask_12_d0         |  out|    1|   ap_memory|                        edge_mask_12|         array|
|edge_mask_11_address0   |  out|    6|   ap_memory|                        edge_mask_11|         array|
|edge_mask_11_ce0        |  out|    1|   ap_memory|                        edge_mask_11|         array|
|edge_mask_11_we0        |  out|    1|   ap_memory|                        edge_mask_11|         array|
|edge_mask_11_d0         |  out|    1|   ap_memory|                        edge_mask_11|         array|
|edge_mask_10_address0   |  out|    6|   ap_memory|                        edge_mask_10|         array|
|edge_mask_10_ce0        |  out|    1|   ap_memory|                        edge_mask_10|         array|
|edge_mask_10_we0        |  out|    1|   ap_memory|                        edge_mask_10|         array|
|edge_mask_10_d0         |  out|    1|   ap_memory|                        edge_mask_10|         array|
|edge_mask_9_address0    |  out|    6|   ap_memory|                         edge_mask_9|         array|
|edge_mask_9_ce0         |  out|    1|   ap_memory|                         edge_mask_9|         array|
|edge_mask_9_we0         |  out|    1|   ap_memory|                         edge_mask_9|         array|
|edge_mask_9_d0          |  out|    1|   ap_memory|                         edge_mask_9|         array|
|edge_mask_8_address0    |  out|    6|   ap_memory|                         edge_mask_8|         array|
|edge_mask_8_ce0         |  out|    1|   ap_memory|                         edge_mask_8|         array|
|edge_mask_8_we0         |  out|    1|   ap_memory|                         edge_mask_8|         array|
|edge_mask_8_d0          |  out|    1|   ap_memory|                         edge_mask_8|         array|
|edge_mask_7_address0    |  out|    6|   ap_memory|                         edge_mask_7|         array|
|edge_mask_7_ce0         |  out|    1|   ap_memory|                         edge_mask_7|         array|
|edge_mask_7_we0         |  out|    1|   ap_memory|                         edge_mask_7|         array|
|edge_mask_7_d0          |  out|    1|   ap_memory|                         edge_mask_7|         array|
|edge_mask_6_address0    |  out|    6|   ap_memory|                         edge_mask_6|         array|
|edge_mask_6_ce0         |  out|    1|   ap_memory|                         edge_mask_6|         array|
|edge_mask_6_we0         |  out|    1|   ap_memory|                         edge_mask_6|         array|
|edge_mask_6_d0          |  out|    1|   ap_memory|                         edge_mask_6|         array|
|edge_mask_5_address0    |  out|    6|   ap_memory|                         edge_mask_5|         array|
|edge_mask_5_ce0         |  out|    1|   ap_memory|                         edge_mask_5|         array|
|edge_mask_5_we0         |  out|    1|   ap_memory|                         edge_mask_5|         array|
|edge_mask_5_d0          |  out|    1|   ap_memory|                         edge_mask_5|         array|
|edge_mask_4_address0    |  out|    6|   ap_memory|                         edge_mask_4|         array|
|edge_mask_4_ce0         |  out|    1|   ap_memory|                         edge_mask_4|         array|
|edge_mask_4_we0         |  out|    1|   ap_memory|                         edge_mask_4|         array|
|edge_mask_4_d0          |  out|    1|   ap_memory|                         edge_mask_4|         array|
|edge_mask_3_address0    |  out|    6|   ap_memory|                         edge_mask_3|         array|
|edge_mask_3_ce0         |  out|    1|   ap_memory|                         edge_mask_3|         array|
|edge_mask_3_we0         |  out|    1|   ap_memory|                         edge_mask_3|         array|
|edge_mask_3_d0          |  out|    1|   ap_memory|                         edge_mask_3|         array|
|edge_mask_2_address0    |  out|    6|   ap_memory|                         edge_mask_2|         array|
|edge_mask_2_ce0         |  out|    1|   ap_memory|                         edge_mask_2|         array|
|edge_mask_2_we0         |  out|    1|   ap_memory|                         edge_mask_2|         array|
|edge_mask_2_d0          |  out|    1|   ap_memory|                         edge_mask_2|         array|
|edge_mask_1_address0    |  out|    6|   ap_memory|                         edge_mask_1|         array|
|edge_mask_1_ce0         |  out|    1|   ap_memory|                         edge_mask_1|         array|
|edge_mask_1_we0         |  out|    1|   ap_memory|                         edge_mask_1|         array|
|edge_mask_1_d0          |  out|    1|   ap_memory|                         edge_mask_1|         array|
|edge_mask_address0      |  out|    6|   ap_memory|                           edge_mask|         array|
|edge_mask_ce0           |  out|    1|   ap_memory|                           edge_mask|         array|
|edge_mask_we0           |  out|    1|   ap_memory|                           edge_mask|         array|
|edge_mask_d0            |  out|    1|   ap_memory|                           edge_mask|         array|
|comp_a_14_address0      |  out|    6|   ap_memory|                           comp_a_14|         array|
|comp_a_14_ce0           |  out|    1|   ap_memory|                           comp_a_14|         array|
|comp_a_14_we0           |  out|    1|   ap_memory|                           comp_a_14|         array|
|comp_a_14_d0            |  out|   10|   ap_memory|                           comp_a_14|         array|
|comp_a_13_address0      |  out|    6|   ap_memory|                           comp_a_13|         array|
|comp_a_13_ce0           |  out|    1|   ap_memory|                           comp_a_13|         array|
|comp_a_13_we0           |  out|    1|   ap_memory|                           comp_a_13|         array|
|comp_a_13_d0            |  out|   10|   ap_memory|                           comp_a_13|         array|
|comp_a_12_address0      |  out|    6|   ap_memory|                           comp_a_12|         array|
|comp_a_12_ce0           |  out|    1|   ap_memory|                           comp_a_12|         array|
|comp_a_12_we0           |  out|    1|   ap_memory|                           comp_a_12|         array|
|comp_a_12_d0            |  out|   10|   ap_memory|                           comp_a_12|         array|
|comp_a_11_address0      |  out|    6|   ap_memory|                           comp_a_11|         array|
|comp_a_11_ce0           |  out|    1|   ap_memory|                           comp_a_11|         array|
|comp_a_11_we0           |  out|    1|   ap_memory|                           comp_a_11|         array|
|comp_a_11_d0            |  out|   10|   ap_memory|                           comp_a_11|         array|
|comp_a_10_address0      |  out|    6|   ap_memory|                           comp_a_10|         array|
|comp_a_10_ce0           |  out|    1|   ap_memory|                           comp_a_10|         array|
|comp_a_10_we0           |  out|    1|   ap_memory|                           comp_a_10|         array|
|comp_a_10_d0            |  out|   10|   ap_memory|                           comp_a_10|         array|
|comp_a_9_address0       |  out|    6|   ap_memory|                            comp_a_9|         array|
|comp_a_9_ce0            |  out|    1|   ap_memory|                            comp_a_9|         array|
|comp_a_9_we0            |  out|    1|   ap_memory|                            comp_a_9|         array|
|comp_a_9_d0             |  out|   10|   ap_memory|                            comp_a_9|         array|
|comp_a_8_address0       |  out|    6|   ap_memory|                            comp_a_8|         array|
|comp_a_8_ce0            |  out|    1|   ap_memory|                            comp_a_8|         array|
|comp_a_8_we0            |  out|    1|   ap_memory|                            comp_a_8|         array|
|comp_a_8_d0             |  out|   10|   ap_memory|                            comp_a_8|         array|
|comp_a_7_address0       |  out|    6|   ap_memory|                            comp_a_7|         array|
|comp_a_7_ce0            |  out|    1|   ap_memory|                            comp_a_7|         array|
|comp_a_7_we0            |  out|    1|   ap_memory|                            comp_a_7|         array|
|comp_a_7_d0             |  out|   10|   ap_memory|                            comp_a_7|         array|
|comp_a_6_address0       |  out|    6|   ap_memory|                            comp_a_6|         array|
|comp_a_6_ce0            |  out|    1|   ap_memory|                            comp_a_6|         array|
|comp_a_6_we0            |  out|    1|   ap_memory|                            comp_a_6|         array|
|comp_a_6_d0             |  out|   10|   ap_memory|                            comp_a_6|         array|
|comp_a_5_address0       |  out|    6|   ap_memory|                            comp_a_5|         array|
|comp_a_5_ce0            |  out|    1|   ap_memory|                            comp_a_5|         array|
|comp_a_5_we0            |  out|    1|   ap_memory|                            comp_a_5|         array|
|comp_a_5_d0             |  out|   10|   ap_memory|                            comp_a_5|         array|
|comp_a_4_address0       |  out|    6|   ap_memory|                            comp_a_4|         array|
|comp_a_4_ce0            |  out|    1|   ap_memory|                            comp_a_4|         array|
|comp_a_4_we0            |  out|    1|   ap_memory|                            comp_a_4|         array|
|comp_a_4_d0             |  out|   10|   ap_memory|                            comp_a_4|         array|
|comp_a_3_address0       |  out|    6|   ap_memory|                            comp_a_3|         array|
|comp_a_3_ce0            |  out|    1|   ap_memory|                            comp_a_3|         array|
|comp_a_3_we0            |  out|    1|   ap_memory|                            comp_a_3|         array|
|comp_a_3_d0             |  out|   10|   ap_memory|                            comp_a_3|         array|
|comp_a_2_address0       |  out|    6|   ap_memory|                            comp_a_2|         array|
|comp_a_2_ce0            |  out|    1|   ap_memory|                            comp_a_2|         array|
|comp_a_2_we0            |  out|    1|   ap_memory|                            comp_a_2|         array|
|comp_a_2_d0             |  out|   10|   ap_memory|                            comp_a_2|         array|
|comp_a_1_address0       |  out|    6|   ap_memory|                            comp_a_1|         array|
|comp_a_1_ce0            |  out|    1|   ap_memory|                            comp_a_1|         array|
|comp_a_1_we0            |  out|    1|   ap_memory|                            comp_a_1|         array|
|comp_a_1_d0             |  out|   10|   ap_memory|                            comp_a_1|         array|
|comp_a_address0         |  out|    6|   ap_memory|                              comp_a|         array|
|comp_a_ce0              |  out|    1|   ap_memory|                              comp_a|         array|
|comp_a_we0              |  out|    1|   ap_memory|                              comp_a|         array|
|comp_a_d0               |  out|   10|   ap_memory|                              comp_a|         array|
|order_14_address0       |  out|    6|   ap_memory|                            order_14|         array|
|order_14_ce0            |  out|    1|   ap_memory|                            order_14|         array|
|order_14_we0            |  out|    1|   ap_memory|                            order_14|         array|
|order_14_d0             |  out|   10|   ap_memory|                            order_14|         array|
|order_13_address0       |  out|    6|   ap_memory|                            order_13|         array|
|order_13_ce0            |  out|    1|   ap_memory|                            order_13|         array|
|order_13_we0            |  out|    1|   ap_memory|                            order_13|         array|
|order_13_d0             |  out|   10|   ap_memory|                            order_13|         array|
|order_12_address0       |  out|    6|   ap_memory|                            order_12|         array|
|order_12_ce0            |  out|    1|   ap_memory|                            order_12|         array|
|order_12_we0            |  out|    1|   ap_memory|                            order_12|         array|
|order_12_d0             |  out|   10|   ap_memory|                            order_12|         array|
|order_11_address0       |  out|    6|   ap_memory|                            order_11|         array|
|order_11_ce0            |  out|    1|   ap_memory|                            order_11|         array|
|order_11_we0            |  out|    1|   ap_memory|                            order_11|         array|
|order_11_d0             |  out|   10|   ap_memory|                            order_11|         array|
|order_10_address0       |  out|    6|   ap_memory|                            order_10|         array|
|order_10_ce0            |  out|    1|   ap_memory|                            order_10|         array|
|order_10_we0            |  out|    1|   ap_memory|                            order_10|         array|
|order_10_d0             |  out|   10|   ap_memory|                            order_10|         array|
|order_9_address0        |  out|    6|   ap_memory|                             order_9|         array|
|order_9_ce0             |  out|    1|   ap_memory|                             order_9|         array|
|order_9_we0             |  out|    1|   ap_memory|                             order_9|         array|
|order_9_d0              |  out|   10|   ap_memory|                             order_9|         array|
|order_8_address0        |  out|    6|   ap_memory|                             order_8|         array|
|order_8_ce0             |  out|    1|   ap_memory|                             order_8|         array|
|order_8_we0             |  out|    1|   ap_memory|                             order_8|         array|
|order_8_d0              |  out|   10|   ap_memory|                             order_8|         array|
|order_7_address0        |  out|    6|   ap_memory|                             order_7|         array|
|order_7_ce0             |  out|    1|   ap_memory|                             order_7|         array|
|order_7_we0             |  out|    1|   ap_memory|                             order_7|         array|
|order_7_d0              |  out|   10|   ap_memory|                             order_7|         array|
|order_6_address0        |  out|    6|   ap_memory|                             order_6|         array|
|order_6_ce0             |  out|    1|   ap_memory|                             order_6|         array|
|order_6_we0             |  out|    1|   ap_memory|                             order_6|         array|
|order_6_d0              |  out|   10|   ap_memory|                             order_6|         array|
|order_5_address0        |  out|    6|   ap_memory|                             order_5|         array|
|order_5_ce0             |  out|    1|   ap_memory|                             order_5|         array|
|order_5_we0             |  out|    1|   ap_memory|                             order_5|         array|
|order_5_d0              |  out|   10|   ap_memory|                             order_5|         array|
|order_4_address0        |  out|    6|   ap_memory|                             order_4|         array|
|order_4_ce0             |  out|    1|   ap_memory|                             order_4|         array|
|order_4_we0             |  out|    1|   ap_memory|                             order_4|         array|
|order_4_d0              |  out|   10|   ap_memory|                             order_4|         array|
|order_3_address0        |  out|    6|   ap_memory|                             order_3|         array|
|order_3_ce0             |  out|    1|   ap_memory|                             order_3|         array|
|order_3_we0             |  out|    1|   ap_memory|                             order_3|         array|
|order_3_d0              |  out|   10|   ap_memory|                             order_3|         array|
|order_2_address0        |  out|    6|   ap_memory|                             order_2|         array|
|order_2_ce0             |  out|    1|   ap_memory|                             order_2|         array|
|order_2_we0             |  out|    1|   ap_memory|                             order_2|         array|
|order_2_d0              |  out|   10|   ap_memory|                             order_2|         array|
|order_1_address0        |  out|    6|   ap_memory|                             order_1|         array|
|order_1_ce0             |  out|    1|   ap_memory|                             order_1|         array|
|order_1_we0             |  out|    1|   ap_memory|                             order_1|         array|
|order_1_d0              |  out|   10|   ap_memory|                             order_1|         array|
|order_address0          |  out|    6|   ap_memory|                               order|         array|
|order_ce0               |  out|    1|   ap_memory|                               order|         array|
|order_we0               |  out|    1|   ap_memory|                               order|         array|
|order_d0                |  out|   10|   ap_memory|                               order|         array|
|srt_pres_address0       |  out|    6|   ap_memory|                            srt_pres|         array|
|srt_pres_ce0            |  out|    1|   ap_memory|                            srt_pres|         array|
|srt_pres_q0             |   in|    1|   ap_memory|                            srt_pres|         array|
|srt_pres_15_address0    |  out|    6|   ap_memory|                         srt_pres_15|         array|
|srt_pres_15_ce0         |  out|    1|   ap_memory|                         srt_pres_15|         array|
|srt_pres_15_q0          |   in|    1|   ap_memory|                         srt_pres_15|         array|
|srt_pres_30_address0    |  out|    6|   ap_memory|                         srt_pres_30|         array|
|srt_pres_30_ce0         |  out|    1|   ap_memory|                         srt_pres_30|         array|
|srt_pres_30_q0          |   in|    1|   ap_memory|                         srt_pres_30|         array|
|srt_pres_45_address0    |  out|    6|   ap_memory|                         srt_pres_45|         array|
|srt_pres_45_ce0         |  out|    1|   ap_memory|                         srt_pres_45|         array|
|srt_pres_45_q0          |   in|    1|   ap_memory|                         srt_pres_45|         array|
|srt_pres_60_address0    |  out|    6|   ap_memory|                         srt_pres_60|         array|
|srt_pres_60_ce0         |  out|    1|   ap_memory|                         srt_pres_60|         array|
|srt_pres_60_q0          |   in|    1|   ap_memory|                         srt_pres_60|         array|
|srt_pres_75_address0    |  out|    6|   ap_memory|                         srt_pres_75|         array|
|srt_pres_75_ce0         |  out|    1|   ap_memory|                         srt_pres_75|         array|
|srt_pres_75_q0          |   in|    1|   ap_memory|                         srt_pres_75|         array|
|srt_pres_90_address0    |  out|    6|   ap_memory|                         srt_pres_90|         array|
|srt_pres_90_ce0         |  out|    1|   ap_memory|                         srt_pres_90|         array|
|srt_pres_90_q0          |   in|    1|   ap_memory|                         srt_pres_90|         array|
|srt_pres_105_address0   |  out|    6|   ap_memory|                        srt_pres_105|         array|
|srt_pres_105_ce0        |  out|    1|   ap_memory|                        srt_pres_105|         array|
|srt_pres_105_q0         |   in|    1|   ap_memory|                        srt_pres_105|         array|
|srt_pres_120_address0   |  out|    6|   ap_memory|                        srt_pres_120|         array|
|srt_pres_120_ce0        |  out|    1|   ap_memory|                        srt_pres_120|         array|
|srt_pres_120_q0         |   in|    1|   ap_memory|                        srt_pres_120|         array|
|srt_pres_135_address0   |  out|    6|   ap_memory|                        srt_pres_135|         array|
|srt_pres_135_ce0        |  out|    1|   ap_memory|                        srt_pres_135|         array|
|srt_pres_135_q0         |   in|    1|   ap_memory|                        srt_pres_135|         array|
|srt_pres_150_address0   |  out|    6|   ap_memory|                        srt_pres_150|         array|
|srt_pres_150_ce0        |  out|    1|   ap_memory|                        srt_pres_150|         array|
|srt_pres_150_q0         |   in|    1|   ap_memory|                        srt_pres_150|         array|
|srt_pres_165_address0   |  out|    6|   ap_memory|                        srt_pres_165|         array|
|srt_pres_165_ce0        |  out|    1|   ap_memory|                        srt_pres_165|         array|
|srt_pres_165_q0         |   in|    1|   ap_memory|                        srt_pres_165|         array|
|srt_pres_180_address0   |  out|    6|   ap_memory|                        srt_pres_180|         array|
|srt_pres_180_ce0        |  out|    1|   ap_memory|                        srt_pres_180|         array|
|srt_pres_180_q0         |   in|    1|   ap_memory|                        srt_pres_180|         array|
|srt_pres_195_address0   |  out|    6|   ap_memory|                        srt_pres_195|         array|
|srt_pres_195_ce0        |  out|    1|   ap_memory|                        srt_pres_195|         array|
|srt_pres_195_q0         |   in|    1|   ap_memory|                        srt_pres_195|         array|
|srt_pres_210_address0   |  out|    6|   ap_memory|                        srt_pres_210|         array|
|srt_pres_210_ce0        |  out|    1|   ap_memory|                        srt_pres_210|         array|
|srt_pres_210_q0         |   in|    1|   ap_memory|                        srt_pres_210|         array|
|srt_ord_address0        |  out|    6|   ap_memory|                             srt_ord|         array|
|srt_ord_ce0             |  out|    1|   ap_memory|                             srt_ord|         array|
|srt_ord_q0              |   in|    6|   ap_memory|                             srt_ord|         array|
|srt_val_address0        |  out|    6|   ap_memory|                             srt_val|         array|
|srt_val_ce0             |  out|    1|   ap_memory|                             srt_val|         array|
|srt_val_q0              |   in|  127|   ap_memory|                             srt_val|         array|
|srt_ord_15_address0     |  out|    6|   ap_memory|                          srt_ord_15|         array|
|srt_ord_15_ce0          |  out|    1|   ap_memory|                          srt_ord_15|         array|
|srt_ord_15_q0           |   in|    7|   ap_memory|                          srt_ord_15|         array|
|srt_val_15_address0     |  out|    6|   ap_memory|                          srt_val_15|         array|
|srt_val_15_ce0          |  out|    1|   ap_memory|                          srt_val_15|         array|
|srt_val_15_q0           |   in|  127|   ap_memory|                          srt_val_15|         array|
|srt_ord_30_address0     |  out|    6|   ap_memory|                          srt_ord_30|         array|
|srt_ord_30_ce0          |  out|    1|   ap_memory|                          srt_ord_30|         array|
|srt_ord_30_q0           |   in|    7|   ap_memory|                          srt_ord_30|         array|
|srt_val_30_address0     |  out|    6|   ap_memory|                          srt_val_30|         array|
|srt_val_30_ce0          |  out|    1|   ap_memory|                          srt_val_30|         array|
|srt_val_30_q0           |   in|  127|   ap_memory|                          srt_val_30|         array|
|srt_ord_45_address0     |  out|    6|   ap_memory|                          srt_ord_45|         array|
|srt_ord_45_ce0          |  out|    1|   ap_memory|                          srt_ord_45|         array|
|srt_ord_45_q0           |   in|    8|   ap_memory|                          srt_ord_45|         array|
|srt_val_45_address0     |  out|    6|   ap_memory|                          srt_val_45|         array|
|srt_val_45_ce0          |  out|    1|   ap_memory|                          srt_val_45|         array|
|srt_val_45_q0           |   in|  127|   ap_memory|                          srt_val_45|         array|
|srt_ord_60_address0     |  out|    6|   ap_memory|                          srt_ord_60|         array|
|srt_ord_60_ce0          |  out|    1|   ap_memory|                          srt_ord_60|         array|
|srt_ord_60_q0           |   in|    8|   ap_memory|                          srt_ord_60|         array|
|srt_val_60_address0     |  out|    6|   ap_memory|                          srt_val_60|         array|
|srt_val_60_ce0          |  out|    1|   ap_memory|                          srt_val_60|         array|
|srt_val_60_q0           |   in|  127|   ap_memory|                          srt_val_60|         array|
|srt_ord_75_address0     |  out|    6|   ap_memory|                          srt_ord_75|         array|
|srt_ord_75_ce0          |  out|    1|   ap_memory|                          srt_ord_75|         array|
|srt_ord_75_q0           |   in|    7|   ap_memory|                          srt_ord_75|         array|
|srt_val_75_address0     |  out|    6|   ap_memory|                          srt_val_75|         array|
|srt_val_75_ce0          |  out|    1|   ap_memory|                          srt_val_75|         array|
|srt_val_75_q0           |   in|  127|   ap_memory|                          srt_val_75|         array|
|srt_ord_90_address0     |  out|    6|   ap_memory|                          srt_ord_90|         array|
|srt_ord_90_ce0          |  out|    1|   ap_memory|                          srt_ord_90|         array|
|srt_ord_90_q0           |   in|    9|   ap_memory|                          srt_ord_90|         array|
|srt_val_90_address0     |  out|    6|   ap_memory|                          srt_val_90|         array|
|srt_val_90_ce0          |  out|    1|   ap_memory|                          srt_val_90|         array|
|srt_val_90_q0           |   in|  127|   ap_memory|                          srt_val_90|         array|
|srt_ord_105_address0    |  out|    6|   ap_memory|                         srt_ord_105|         array|
|srt_ord_105_ce0         |  out|    1|   ap_memory|                         srt_ord_105|         array|
|srt_ord_105_q0          |   in|    9|   ap_memory|                         srt_ord_105|         array|
|srt_val_105_address0    |  out|    6|   ap_memory|                         srt_val_105|         array|
|srt_val_105_ce0         |  out|    1|   ap_memory|                         srt_val_105|         array|
|srt_val_105_q0          |   in|  127|   ap_memory|                         srt_val_105|         array|
|srt_ord_120_address0    |  out|    6|   ap_memory|                         srt_ord_120|         array|
|srt_ord_120_ce0         |  out|    1|   ap_memory|                         srt_ord_120|         array|
|srt_ord_120_q0          |   in|    9|   ap_memory|                         srt_ord_120|         array|
|srt_val_120_address0    |  out|    6|   ap_memory|                         srt_val_120|         array|
|srt_val_120_ce0         |  out|    1|   ap_memory|                         srt_val_120|         array|
|srt_val_120_q0          |   in|  127|   ap_memory|                         srt_val_120|         array|
|srt_ord_135_address0    |  out|    6|   ap_memory|                         srt_ord_135|         array|
|srt_ord_135_ce0         |  out|    1|   ap_memory|                         srt_ord_135|         array|
|srt_ord_135_q0          |   in|    9|   ap_memory|                         srt_ord_135|         array|
|srt_val_135_address0    |  out|    6|   ap_memory|                         srt_val_135|         array|
|srt_val_135_ce0         |  out|    1|   ap_memory|                         srt_val_135|         array|
|srt_val_135_q0          |   in|  127|   ap_memory|                         srt_val_135|         array|
|srt_ord_150_address0    |  out|    6|   ap_memory|                         srt_ord_150|         array|
|srt_ord_150_ce0         |  out|    1|   ap_memory|                         srt_ord_150|         array|
|srt_ord_150_q0          |   in|    8|   ap_memory|                         srt_ord_150|         array|
|srt_val_150_address0    |  out|    6|   ap_memory|                         srt_val_150|         array|
|srt_val_150_ce0         |  out|    1|   ap_memory|                         srt_val_150|         array|
|srt_val_150_q0          |   in|  127|   ap_memory|                         srt_val_150|         array|
|srt_ord_165_address0    |  out|    6|   ap_memory|                         srt_ord_165|         array|
|srt_ord_165_ce0         |  out|    1|   ap_memory|                         srt_ord_165|         array|
|srt_ord_165_q0          |   in|    8|   ap_memory|                         srt_ord_165|         array|
|srt_val_165_address0    |  out|    6|   ap_memory|                         srt_val_165|         array|
|srt_val_165_ce0         |  out|    1|   ap_memory|                         srt_val_165|         array|
|srt_val_165_q0          |   in|  127|   ap_memory|                         srt_val_165|         array|
|srt_ord_180_address0    |  out|    6|   ap_memory|                         srt_ord_180|         array|
|srt_ord_180_ce0         |  out|    1|   ap_memory|                         srt_ord_180|         array|
|srt_ord_180_q0          |   in|   10|   ap_memory|                         srt_ord_180|         array|
|srt_val_180_address0    |  out|    6|   ap_memory|                         srt_val_180|         array|
|srt_val_180_ce0         |  out|    1|   ap_memory|                         srt_val_180|         array|
|srt_val_180_q0          |   in|  127|   ap_memory|                         srt_val_180|         array|
|srt_ord_195_address0    |  out|    6|   ap_memory|                         srt_ord_195|         array|
|srt_ord_195_ce0         |  out|    1|   ap_memory|                         srt_ord_195|         array|
|srt_ord_195_q0          |   in|   10|   ap_memory|                         srt_ord_195|         array|
|srt_val_195_address0    |  out|    6|   ap_memory|                         srt_val_195|         array|
|srt_val_195_ce0         |  out|    1|   ap_memory|                         srt_val_195|         array|
|srt_val_195_q0          |   in|  127|   ap_memory|                         srt_val_195|         array|
|srt_ord_210_address0    |  out|    6|   ap_memory|                         srt_ord_210|         array|
|srt_ord_210_ce0         |  out|    1|   ap_memory|                         srt_ord_210|         array|
|srt_ord_210_q0          |   in|   10|   ap_memory|                         srt_ord_210|         array|
|srt_val_210_address0    |  out|    6|   ap_memory|                         srt_val_210|         array|
|srt_val_210_ce0         |  out|    1|   ap_memory|                         srt_val_210|         array|
|srt_val_210_q0          |   in|  127|   ap_memory|                         srt_val_210|         array|
|srt_pres_1_address0     |  out|    6|   ap_memory|                          srt_pres_1|         array|
|srt_pres_1_ce0          |  out|    1|   ap_memory|                          srt_pres_1|         array|
|srt_pres_1_q0           |   in|    1|   ap_memory|                          srt_pres_1|         array|
|srt_pres_16_address0    |  out|    6|   ap_memory|                         srt_pres_16|         array|
|srt_pres_16_ce0         |  out|    1|   ap_memory|                         srt_pres_16|         array|
|srt_pres_16_q0          |   in|    1|   ap_memory|                         srt_pres_16|         array|
|srt_pres_31_address0    |  out|    6|   ap_memory|                         srt_pres_31|         array|
|srt_pres_31_ce0         |  out|    1|   ap_memory|                         srt_pres_31|         array|
|srt_pres_31_q0          |   in|    1|   ap_memory|                         srt_pres_31|         array|
|srt_pres_46_address0    |  out|    6|   ap_memory|                         srt_pres_46|         array|
|srt_pres_46_ce0         |  out|    1|   ap_memory|                         srt_pres_46|         array|
|srt_pres_46_q0          |   in|    1|   ap_memory|                         srt_pres_46|         array|
|srt_pres_61_address0    |  out|    6|   ap_memory|                         srt_pres_61|         array|
|srt_pres_61_ce0         |  out|    1|   ap_memory|                         srt_pres_61|         array|
|srt_pres_61_q0          |   in|    1|   ap_memory|                         srt_pres_61|         array|
|srt_pres_76_address0    |  out|    6|   ap_memory|                         srt_pres_76|         array|
|srt_pres_76_ce0         |  out|    1|   ap_memory|                         srt_pres_76|         array|
|srt_pres_76_q0          |   in|    1|   ap_memory|                         srt_pres_76|         array|
|srt_pres_91_address0    |  out|    6|   ap_memory|                         srt_pres_91|         array|
|srt_pres_91_ce0         |  out|    1|   ap_memory|                         srt_pres_91|         array|
|srt_pres_91_q0          |   in|    1|   ap_memory|                         srt_pres_91|         array|
|srt_pres_106_address0   |  out|    6|   ap_memory|                        srt_pres_106|         array|
|srt_pres_106_ce0        |  out|    1|   ap_memory|                        srt_pres_106|         array|
|srt_pres_106_q0         |   in|    1|   ap_memory|                        srt_pres_106|         array|
|srt_pres_121_address0   |  out|    6|   ap_memory|                        srt_pres_121|         array|
|srt_pres_121_ce0        |  out|    1|   ap_memory|                        srt_pres_121|         array|
|srt_pres_121_q0         |   in|    1|   ap_memory|                        srt_pres_121|         array|
|srt_pres_136_address0   |  out|    6|   ap_memory|                        srt_pres_136|         array|
|srt_pres_136_ce0        |  out|    1|   ap_memory|                        srt_pres_136|         array|
|srt_pres_136_q0         |   in|    1|   ap_memory|                        srt_pres_136|         array|
|srt_pres_151_address0   |  out|    6|   ap_memory|                        srt_pres_151|         array|
|srt_pres_151_ce0        |  out|    1|   ap_memory|                        srt_pres_151|         array|
|srt_pres_151_q0         |   in|    1|   ap_memory|                        srt_pres_151|         array|
|srt_pres_166_address0   |  out|    6|   ap_memory|                        srt_pres_166|         array|
|srt_pres_166_ce0        |  out|    1|   ap_memory|                        srt_pres_166|         array|
|srt_pres_166_q0         |   in|    1|   ap_memory|                        srt_pres_166|         array|
|srt_pres_181_address0   |  out|    6|   ap_memory|                        srt_pres_181|         array|
|srt_pres_181_ce0        |  out|    1|   ap_memory|                        srt_pres_181|         array|
|srt_pres_181_q0         |   in|    1|   ap_memory|                        srt_pres_181|         array|
|srt_pres_196_address0   |  out|    6|   ap_memory|                        srt_pres_196|         array|
|srt_pres_196_ce0        |  out|    1|   ap_memory|                        srt_pres_196|         array|
|srt_pres_196_q0         |   in|    1|   ap_memory|                        srt_pres_196|         array|
|srt_pres_211_address0   |  out|    6|   ap_memory|                        srt_pres_211|         array|
|srt_pres_211_ce0        |  out|    1|   ap_memory|                        srt_pres_211|         array|
|srt_pres_211_q0         |   in|    1|   ap_memory|                        srt_pres_211|         array|
|srt_ord_1_address0      |  out|    6|   ap_memory|                           srt_ord_1|         array|
|srt_ord_1_ce0           |  out|    1|   ap_memory|                           srt_ord_1|         array|
|srt_ord_1_q0            |   in|    6|   ap_memory|                           srt_ord_1|         array|
|srt_val_1_address0      |  out|    6|   ap_memory|                           srt_val_1|         array|
|srt_val_1_ce0           |  out|    1|   ap_memory|                           srt_val_1|         array|
|srt_val_1_q0            |   in|  127|   ap_memory|                           srt_val_1|         array|
|srt_ord_16_address0     |  out|    6|   ap_memory|                          srt_ord_16|         array|
|srt_ord_16_ce0          |  out|    1|   ap_memory|                          srt_ord_16|         array|
|srt_ord_16_q0           |   in|    7|   ap_memory|                          srt_ord_16|         array|
|srt_val_16_address0     |  out|    6|   ap_memory|                          srt_val_16|         array|
|srt_val_16_ce0          |  out|    1|   ap_memory|                          srt_val_16|         array|
|srt_val_16_q0           |   in|  127|   ap_memory|                          srt_val_16|         array|
|srt_ord_31_address0     |  out|    6|   ap_memory|                          srt_ord_31|         array|
|srt_ord_31_ce0          |  out|    1|   ap_memory|                          srt_ord_31|         array|
|srt_ord_31_q0           |   in|    7|   ap_memory|                          srt_ord_31|         array|
|srt_val_31_address0     |  out|    6|   ap_memory|                          srt_val_31|         array|
|srt_val_31_ce0          |  out|    1|   ap_memory|                          srt_val_31|         array|
|srt_val_31_q0           |   in|  127|   ap_memory|                          srt_val_31|         array|
|srt_ord_46_address0     |  out|    6|   ap_memory|                          srt_ord_46|         array|
|srt_ord_46_ce0          |  out|    1|   ap_memory|                          srt_ord_46|         array|
|srt_ord_46_q0           |   in|    8|   ap_memory|                          srt_ord_46|         array|
|srt_val_46_address0     |  out|    6|   ap_memory|                          srt_val_46|         array|
|srt_val_46_ce0          |  out|    1|   ap_memory|                          srt_val_46|         array|
|srt_val_46_q0           |   in|  127|   ap_memory|                          srt_val_46|         array|
|srt_ord_61_address0     |  out|    6|   ap_memory|                          srt_ord_61|         array|
|srt_ord_61_ce0          |  out|    1|   ap_memory|                          srt_ord_61|         array|
|srt_ord_61_q0           |   in|    8|   ap_memory|                          srt_ord_61|         array|
|srt_val_61_address0     |  out|    6|   ap_memory|                          srt_val_61|         array|
|srt_val_61_ce0          |  out|    1|   ap_memory|                          srt_val_61|         array|
|srt_val_61_q0           |   in|  127|   ap_memory|                          srt_val_61|         array|
|srt_ord_76_address0     |  out|    6|   ap_memory|                          srt_ord_76|         array|
|srt_ord_76_ce0          |  out|    1|   ap_memory|                          srt_ord_76|         array|
|srt_ord_76_q0           |   in|    7|   ap_memory|                          srt_ord_76|         array|
|srt_val_76_address0     |  out|    6|   ap_memory|                          srt_val_76|         array|
|srt_val_76_ce0          |  out|    1|   ap_memory|                          srt_val_76|         array|
|srt_val_76_q0           |   in|  127|   ap_memory|                          srt_val_76|         array|
|srt_ord_91_address0     |  out|    6|   ap_memory|                          srt_ord_91|         array|
|srt_ord_91_ce0          |  out|    1|   ap_memory|                          srt_ord_91|         array|
|srt_ord_91_q0           |   in|    9|   ap_memory|                          srt_ord_91|         array|
|srt_val_91_address0     |  out|    6|   ap_memory|                          srt_val_91|         array|
|srt_val_91_ce0          |  out|    1|   ap_memory|                          srt_val_91|         array|
|srt_val_91_q0           |   in|  127|   ap_memory|                          srt_val_91|         array|
|srt_ord_106_address0    |  out|    6|   ap_memory|                         srt_ord_106|         array|
|srt_ord_106_ce0         |  out|    1|   ap_memory|                         srt_ord_106|         array|
|srt_ord_106_q0          |   in|    9|   ap_memory|                         srt_ord_106|         array|
|srt_val_106_address0    |  out|    6|   ap_memory|                         srt_val_106|         array|
|srt_val_106_ce0         |  out|    1|   ap_memory|                         srt_val_106|         array|
|srt_val_106_q0          |   in|  127|   ap_memory|                         srt_val_106|         array|
|srt_ord_121_address0    |  out|    6|   ap_memory|                         srt_ord_121|         array|
|srt_ord_121_ce0         |  out|    1|   ap_memory|                         srt_ord_121|         array|
|srt_ord_121_q0          |   in|    9|   ap_memory|                         srt_ord_121|         array|
|srt_val_121_address0    |  out|    6|   ap_memory|                         srt_val_121|         array|
|srt_val_121_ce0         |  out|    1|   ap_memory|                         srt_val_121|         array|
|srt_val_121_q0          |   in|  127|   ap_memory|                         srt_val_121|         array|
|srt_ord_136_address0    |  out|    6|   ap_memory|                         srt_ord_136|         array|
|srt_ord_136_ce0         |  out|    1|   ap_memory|                         srt_ord_136|         array|
|srt_ord_136_q0          |   in|    9|   ap_memory|                         srt_ord_136|         array|
|srt_val_136_address0    |  out|    6|   ap_memory|                         srt_val_136|         array|
|srt_val_136_ce0         |  out|    1|   ap_memory|                         srt_val_136|         array|
|srt_val_136_q0          |   in|  127|   ap_memory|                         srt_val_136|         array|
|srt_ord_151_address0    |  out|    6|   ap_memory|                         srt_ord_151|         array|
|srt_ord_151_ce0         |  out|    1|   ap_memory|                         srt_ord_151|         array|
|srt_ord_151_q0          |   in|    8|   ap_memory|                         srt_ord_151|         array|
|srt_val_151_address0    |  out|    6|   ap_memory|                         srt_val_151|         array|
|srt_val_151_ce0         |  out|    1|   ap_memory|                         srt_val_151|         array|
|srt_val_151_q0          |   in|  127|   ap_memory|                         srt_val_151|         array|
|srt_ord_166_address0    |  out|    6|   ap_memory|                         srt_ord_166|         array|
|srt_ord_166_ce0         |  out|    1|   ap_memory|                         srt_ord_166|         array|
|srt_ord_166_q0          |   in|    8|   ap_memory|                         srt_ord_166|         array|
|srt_val_166_address0    |  out|    6|   ap_memory|                         srt_val_166|         array|
|srt_val_166_ce0         |  out|    1|   ap_memory|                         srt_val_166|         array|
|srt_val_166_q0          |   in|  127|   ap_memory|                         srt_val_166|         array|
|srt_ord_181_address0    |  out|    6|   ap_memory|                         srt_ord_181|         array|
|srt_ord_181_ce0         |  out|    1|   ap_memory|                         srt_ord_181|         array|
|srt_ord_181_q0          |   in|   10|   ap_memory|                         srt_ord_181|         array|
|srt_val_181_address0    |  out|    6|   ap_memory|                         srt_val_181|         array|
|srt_val_181_ce0         |  out|    1|   ap_memory|                         srt_val_181|         array|
|srt_val_181_q0          |   in|  127|   ap_memory|                         srt_val_181|         array|
|srt_ord_196_address0    |  out|    6|   ap_memory|                         srt_ord_196|         array|
|srt_ord_196_ce0         |  out|    1|   ap_memory|                         srt_ord_196|         array|
|srt_ord_196_q0          |   in|   10|   ap_memory|                         srt_ord_196|         array|
|srt_val_196_address0    |  out|    6|   ap_memory|                         srt_val_196|         array|
|srt_val_196_ce0         |  out|    1|   ap_memory|                         srt_val_196|         array|
|srt_val_196_q0          |   in|  127|   ap_memory|                         srt_val_196|         array|
|srt_ord_211_address0    |  out|    6|   ap_memory|                         srt_ord_211|         array|
|srt_ord_211_ce0         |  out|    1|   ap_memory|                         srt_ord_211|         array|
|srt_ord_211_q0          |   in|   10|   ap_memory|                         srt_ord_211|         array|
|srt_val_211_address0    |  out|    6|   ap_memory|                         srt_val_211|         array|
|srt_val_211_ce0         |  out|    1|   ap_memory|                         srt_val_211|         array|
|srt_val_211_q0          |   in|  127|   ap_memory|                         srt_val_211|         array|
|srt_pres_2_address0     |  out|    6|   ap_memory|                          srt_pres_2|         array|
|srt_pres_2_ce0          |  out|    1|   ap_memory|                          srt_pres_2|         array|
|srt_pres_2_q0           |   in|    1|   ap_memory|                          srt_pres_2|         array|
|srt_pres_17_address0    |  out|    6|   ap_memory|                         srt_pres_17|         array|
|srt_pres_17_ce0         |  out|    1|   ap_memory|                         srt_pres_17|         array|
|srt_pres_17_q0          |   in|    1|   ap_memory|                         srt_pres_17|         array|
|srt_pres_32_address0    |  out|    6|   ap_memory|                         srt_pres_32|         array|
|srt_pres_32_ce0         |  out|    1|   ap_memory|                         srt_pres_32|         array|
|srt_pres_32_q0          |   in|    1|   ap_memory|                         srt_pres_32|         array|
|srt_pres_47_address0    |  out|    6|   ap_memory|                         srt_pres_47|         array|
|srt_pres_47_ce0         |  out|    1|   ap_memory|                         srt_pres_47|         array|
|srt_pres_47_q0          |   in|    1|   ap_memory|                         srt_pres_47|         array|
|srt_pres_62_address0    |  out|    6|   ap_memory|                         srt_pres_62|         array|
|srt_pres_62_ce0         |  out|    1|   ap_memory|                         srt_pres_62|         array|
|srt_pres_62_q0          |   in|    1|   ap_memory|                         srt_pres_62|         array|
|srt_pres_77_address0    |  out|    6|   ap_memory|                         srt_pres_77|         array|
|srt_pres_77_ce0         |  out|    1|   ap_memory|                         srt_pres_77|         array|
|srt_pres_77_q0          |   in|    1|   ap_memory|                         srt_pres_77|         array|
|srt_pres_92_address0    |  out|    6|   ap_memory|                         srt_pres_92|         array|
|srt_pres_92_ce0         |  out|    1|   ap_memory|                         srt_pres_92|         array|
|srt_pres_92_q0          |   in|    1|   ap_memory|                         srt_pres_92|         array|
|srt_pres_107_address0   |  out|    6|   ap_memory|                        srt_pres_107|         array|
|srt_pres_107_ce0        |  out|    1|   ap_memory|                        srt_pres_107|         array|
|srt_pres_107_q0         |   in|    1|   ap_memory|                        srt_pres_107|         array|
|srt_pres_122_address0   |  out|    6|   ap_memory|                        srt_pres_122|         array|
|srt_pres_122_ce0        |  out|    1|   ap_memory|                        srt_pres_122|         array|
|srt_pres_122_q0         |   in|    1|   ap_memory|                        srt_pres_122|         array|
|srt_pres_137_address0   |  out|    6|   ap_memory|                        srt_pres_137|         array|
|srt_pres_137_ce0        |  out|    1|   ap_memory|                        srt_pres_137|         array|
|srt_pres_137_q0         |   in|    1|   ap_memory|                        srt_pres_137|         array|
|srt_pres_152_address0   |  out|    6|   ap_memory|                        srt_pres_152|         array|
|srt_pres_152_ce0        |  out|    1|   ap_memory|                        srt_pres_152|         array|
|srt_pres_152_q0         |   in|    1|   ap_memory|                        srt_pres_152|         array|
|srt_pres_167_address0   |  out|    6|   ap_memory|                        srt_pres_167|         array|
|srt_pres_167_ce0        |  out|    1|   ap_memory|                        srt_pres_167|         array|
|srt_pres_167_q0         |   in|    1|   ap_memory|                        srt_pres_167|         array|
|srt_pres_182_address0   |  out|    6|   ap_memory|                        srt_pres_182|         array|
|srt_pres_182_ce0        |  out|    1|   ap_memory|                        srt_pres_182|         array|
|srt_pres_182_q0         |   in|    1|   ap_memory|                        srt_pres_182|         array|
|srt_pres_197_address0   |  out|    6|   ap_memory|                        srt_pres_197|         array|
|srt_pres_197_ce0        |  out|    1|   ap_memory|                        srt_pres_197|         array|
|srt_pres_197_q0         |   in|    1|   ap_memory|                        srt_pres_197|         array|
|srt_pres_212_address0   |  out|    6|   ap_memory|                        srt_pres_212|         array|
|srt_pres_212_ce0        |  out|    1|   ap_memory|                        srt_pres_212|         array|
|srt_pres_212_q0         |   in|    1|   ap_memory|                        srt_pres_212|         array|
|srt_ord_2_address0      |  out|    6|   ap_memory|                           srt_ord_2|         array|
|srt_ord_2_ce0           |  out|    1|   ap_memory|                           srt_ord_2|         array|
|srt_ord_2_q0            |   in|    6|   ap_memory|                           srt_ord_2|         array|
|srt_val_2_address0      |  out|    6|   ap_memory|                           srt_val_2|         array|
|srt_val_2_ce0           |  out|    1|   ap_memory|                           srt_val_2|         array|
|srt_val_2_q0            |   in|  127|   ap_memory|                           srt_val_2|         array|
|srt_ord_17_address0     |  out|    6|   ap_memory|                          srt_ord_17|         array|
|srt_ord_17_ce0          |  out|    1|   ap_memory|                          srt_ord_17|         array|
|srt_ord_17_q0           |   in|    7|   ap_memory|                          srt_ord_17|         array|
|srt_val_17_address0     |  out|    6|   ap_memory|                          srt_val_17|         array|
|srt_val_17_ce0          |  out|    1|   ap_memory|                          srt_val_17|         array|
|srt_val_17_q0           |   in|  127|   ap_memory|                          srt_val_17|         array|
|srt_ord_32_address0     |  out|    6|   ap_memory|                          srt_ord_32|         array|
|srt_ord_32_ce0          |  out|    1|   ap_memory|                          srt_ord_32|         array|
|srt_ord_32_q0           |   in|    7|   ap_memory|                          srt_ord_32|         array|
|srt_val_32_address0     |  out|    6|   ap_memory|                          srt_val_32|         array|
|srt_val_32_ce0          |  out|    1|   ap_memory|                          srt_val_32|         array|
|srt_val_32_q0           |   in|  127|   ap_memory|                          srt_val_32|         array|
|srt_ord_47_address0     |  out|    6|   ap_memory|                          srt_ord_47|         array|
|srt_ord_47_ce0          |  out|    1|   ap_memory|                          srt_ord_47|         array|
|srt_ord_47_q0           |   in|    8|   ap_memory|                          srt_ord_47|         array|
|srt_val_47_address0     |  out|    6|   ap_memory|                          srt_val_47|         array|
|srt_val_47_ce0          |  out|    1|   ap_memory|                          srt_val_47|         array|
|srt_val_47_q0           |   in|  127|   ap_memory|                          srt_val_47|         array|
|srt_ord_62_address0     |  out|    6|   ap_memory|                          srt_ord_62|         array|
|srt_ord_62_ce0          |  out|    1|   ap_memory|                          srt_ord_62|         array|
|srt_ord_62_q0           |   in|    8|   ap_memory|                          srt_ord_62|         array|
|srt_val_62_address0     |  out|    6|   ap_memory|                          srt_val_62|         array|
|srt_val_62_ce0          |  out|    1|   ap_memory|                          srt_val_62|         array|
|srt_val_62_q0           |   in|  127|   ap_memory|                          srt_val_62|         array|
|srt_ord_77_address0     |  out|    6|   ap_memory|                          srt_ord_77|         array|
|srt_ord_77_ce0          |  out|    1|   ap_memory|                          srt_ord_77|         array|
|srt_ord_77_q0           |   in|    7|   ap_memory|                          srt_ord_77|         array|
|srt_val_77_address0     |  out|    6|   ap_memory|                          srt_val_77|         array|
|srt_val_77_ce0          |  out|    1|   ap_memory|                          srt_val_77|         array|
|srt_val_77_q0           |   in|  127|   ap_memory|                          srt_val_77|         array|
|srt_ord_92_address0     |  out|    6|   ap_memory|                          srt_ord_92|         array|
|srt_ord_92_ce0          |  out|    1|   ap_memory|                          srt_ord_92|         array|
|srt_ord_92_q0           |   in|    9|   ap_memory|                          srt_ord_92|         array|
|srt_val_92_address0     |  out|    6|   ap_memory|                          srt_val_92|         array|
|srt_val_92_ce0          |  out|    1|   ap_memory|                          srt_val_92|         array|
|srt_val_92_q0           |   in|  127|   ap_memory|                          srt_val_92|         array|
|srt_ord_107_address0    |  out|    6|   ap_memory|                         srt_ord_107|         array|
|srt_ord_107_ce0         |  out|    1|   ap_memory|                         srt_ord_107|         array|
|srt_ord_107_q0          |   in|    9|   ap_memory|                         srt_ord_107|         array|
|srt_val_107_address0    |  out|    6|   ap_memory|                         srt_val_107|         array|
|srt_val_107_ce0         |  out|    1|   ap_memory|                         srt_val_107|         array|
|srt_val_107_q0          |   in|  127|   ap_memory|                         srt_val_107|         array|
|srt_ord_122_address0    |  out|    6|   ap_memory|                         srt_ord_122|         array|
|srt_ord_122_ce0         |  out|    1|   ap_memory|                         srt_ord_122|         array|
|srt_ord_122_q0          |   in|    9|   ap_memory|                         srt_ord_122|         array|
|srt_val_122_address0    |  out|    6|   ap_memory|                         srt_val_122|         array|
|srt_val_122_ce0         |  out|    1|   ap_memory|                         srt_val_122|         array|
|srt_val_122_q0          |   in|  127|   ap_memory|                         srt_val_122|         array|
|srt_ord_137_address0    |  out|    6|   ap_memory|                         srt_ord_137|         array|
|srt_ord_137_ce0         |  out|    1|   ap_memory|                         srt_ord_137|         array|
|srt_ord_137_q0          |   in|    9|   ap_memory|                         srt_ord_137|         array|
|srt_val_137_address0    |  out|    6|   ap_memory|                         srt_val_137|         array|
|srt_val_137_ce0         |  out|    1|   ap_memory|                         srt_val_137|         array|
|srt_val_137_q0          |   in|  127|   ap_memory|                         srt_val_137|         array|
|srt_ord_152_address0    |  out|    6|   ap_memory|                         srt_ord_152|         array|
|srt_ord_152_ce0         |  out|    1|   ap_memory|                         srt_ord_152|         array|
|srt_ord_152_q0          |   in|    8|   ap_memory|                         srt_ord_152|         array|
|srt_val_152_address0    |  out|    6|   ap_memory|                         srt_val_152|         array|
|srt_val_152_ce0         |  out|    1|   ap_memory|                         srt_val_152|         array|
|srt_val_152_q0          |   in|  127|   ap_memory|                         srt_val_152|         array|
|srt_ord_167_address0    |  out|    6|   ap_memory|                         srt_ord_167|         array|
|srt_ord_167_ce0         |  out|    1|   ap_memory|                         srt_ord_167|         array|
|srt_ord_167_q0          |   in|    8|   ap_memory|                         srt_ord_167|         array|
|srt_val_167_address0    |  out|    6|   ap_memory|                         srt_val_167|         array|
|srt_val_167_ce0         |  out|    1|   ap_memory|                         srt_val_167|         array|
|srt_val_167_q0          |   in|  127|   ap_memory|                         srt_val_167|         array|
|srt_ord_182_address0    |  out|    6|   ap_memory|                         srt_ord_182|         array|
|srt_ord_182_ce0         |  out|    1|   ap_memory|                         srt_ord_182|         array|
|srt_ord_182_q0          |   in|   10|   ap_memory|                         srt_ord_182|         array|
|srt_val_182_address0    |  out|    6|   ap_memory|                         srt_val_182|         array|
|srt_val_182_ce0         |  out|    1|   ap_memory|                         srt_val_182|         array|
|srt_val_182_q0          |   in|  127|   ap_memory|                         srt_val_182|         array|
|srt_ord_197_address0    |  out|    6|   ap_memory|                         srt_ord_197|         array|
|srt_ord_197_ce0         |  out|    1|   ap_memory|                         srt_ord_197|         array|
|srt_ord_197_q0          |   in|   10|   ap_memory|                         srt_ord_197|         array|
|srt_val_197_address0    |  out|    6|   ap_memory|                         srt_val_197|         array|
|srt_val_197_ce0         |  out|    1|   ap_memory|                         srt_val_197|         array|
|srt_val_197_q0          |   in|  127|   ap_memory|                         srt_val_197|         array|
|srt_ord_212_address0    |  out|    6|   ap_memory|                         srt_ord_212|         array|
|srt_ord_212_ce0         |  out|    1|   ap_memory|                         srt_ord_212|         array|
|srt_ord_212_q0          |   in|   10|   ap_memory|                         srt_ord_212|         array|
|srt_val_212_address0    |  out|    6|   ap_memory|                         srt_val_212|         array|
|srt_val_212_ce0         |  out|    1|   ap_memory|                         srt_val_212|         array|
|srt_val_212_q0          |   in|  127|   ap_memory|                         srt_val_212|         array|
|srt_pres_3_address0     |  out|    6|   ap_memory|                          srt_pres_3|         array|
|srt_pres_3_ce0          |  out|    1|   ap_memory|                          srt_pres_3|         array|
|srt_pres_3_q0           |   in|    1|   ap_memory|                          srt_pres_3|         array|
|srt_pres_18_address0    |  out|    6|   ap_memory|                         srt_pres_18|         array|
|srt_pres_18_ce0         |  out|    1|   ap_memory|                         srt_pres_18|         array|
|srt_pres_18_q0          |   in|    1|   ap_memory|                         srt_pres_18|         array|
|srt_pres_33_address0    |  out|    6|   ap_memory|                         srt_pres_33|         array|
|srt_pres_33_ce0         |  out|    1|   ap_memory|                         srt_pres_33|         array|
|srt_pres_33_q0          |   in|    1|   ap_memory|                         srt_pres_33|         array|
|srt_pres_48_address0    |  out|    6|   ap_memory|                         srt_pres_48|         array|
|srt_pres_48_ce0         |  out|    1|   ap_memory|                         srt_pres_48|         array|
|srt_pres_48_q0          |   in|    1|   ap_memory|                         srt_pres_48|         array|
|srt_pres_63_address0    |  out|    6|   ap_memory|                         srt_pres_63|         array|
|srt_pres_63_ce0         |  out|    1|   ap_memory|                         srt_pres_63|         array|
|srt_pres_63_q0          |   in|    1|   ap_memory|                         srt_pres_63|         array|
|srt_pres_78_address0    |  out|    6|   ap_memory|                         srt_pres_78|         array|
|srt_pres_78_ce0         |  out|    1|   ap_memory|                         srt_pres_78|         array|
|srt_pres_78_q0          |   in|    1|   ap_memory|                         srt_pres_78|         array|
|srt_pres_93_address0    |  out|    6|   ap_memory|                         srt_pres_93|         array|
|srt_pres_93_ce0         |  out|    1|   ap_memory|                         srt_pres_93|         array|
|srt_pres_93_q0          |   in|    1|   ap_memory|                         srt_pres_93|         array|
|srt_pres_108_address0   |  out|    6|   ap_memory|                        srt_pres_108|         array|
|srt_pres_108_ce0        |  out|    1|   ap_memory|                        srt_pres_108|         array|
|srt_pres_108_q0         |   in|    1|   ap_memory|                        srt_pres_108|         array|
|srt_pres_123_address0   |  out|    6|   ap_memory|                        srt_pres_123|         array|
|srt_pres_123_ce0        |  out|    1|   ap_memory|                        srt_pres_123|         array|
|srt_pres_123_q0         |   in|    1|   ap_memory|                        srt_pres_123|         array|
|srt_pres_138_address0   |  out|    6|   ap_memory|                        srt_pres_138|         array|
|srt_pres_138_ce0        |  out|    1|   ap_memory|                        srt_pres_138|         array|
|srt_pres_138_q0         |   in|    1|   ap_memory|                        srt_pres_138|         array|
|srt_pres_153_address0   |  out|    6|   ap_memory|                        srt_pres_153|         array|
|srt_pres_153_ce0        |  out|    1|   ap_memory|                        srt_pres_153|         array|
|srt_pres_153_q0         |   in|    1|   ap_memory|                        srt_pres_153|         array|
|srt_pres_168_address0   |  out|    6|   ap_memory|                        srt_pres_168|         array|
|srt_pres_168_ce0        |  out|    1|   ap_memory|                        srt_pres_168|         array|
|srt_pres_168_q0         |   in|    1|   ap_memory|                        srt_pres_168|         array|
|srt_pres_183_address0   |  out|    6|   ap_memory|                        srt_pres_183|         array|
|srt_pres_183_ce0        |  out|    1|   ap_memory|                        srt_pres_183|         array|
|srt_pres_183_q0         |   in|    1|   ap_memory|                        srt_pres_183|         array|
|srt_pres_198_address0   |  out|    6|   ap_memory|                        srt_pres_198|         array|
|srt_pres_198_ce0        |  out|    1|   ap_memory|                        srt_pres_198|         array|
|srt_pres_198_q0         |   in|    1|   ap_memory|                        srt_pres_198|         array|
|srt_pres_213_address0   |  out|    6|   ap_memory|                        srt_pres_213|         array|
|srt_pres_213_ce0        |  out|    1|   ap_memory|                        srt_pres_213|         array|
|srt_pres_213_q0         |   in|    1|   ap_memory|                        srt_pres_213|         array|
|srt_ord_3_address0      |  out|    6|   ap_memory|                           srt_ord_3|         array|
|srt_ord_3_ce0           |  out|    1|   ap_memory|                           srt_ord_3|         array|
|srt_ord_3_q0            |   in|    6|   ap_memory|                           srt_ord_3|         array|
|srt_val_3_address0      |  out|    6|   ap_memory|                           srt_val_3|         array|
|srt_val_3_ce0           |  out|    1|   ap_memory|                           srt_val_3|         array|
|srt_val_3_q0            |   in|  127|   ap_memory|                           srt_val_3|         array|
|srt_ord_18_address0     |  out|    6|   ap_memory|                          srt_ord_18|         array|
|srt_ord_18_ce0          |  out|    1|   ap_memory|                          srt_ord_18|         array|
|srt_ord_18_q0           |   in|    7|   ap_memory|                          srt_ord_18|         array|
|srt_val_18_address0     |  out|    6|   ap_memory|                          srt_val_18|         array|
|srt_val_18_ce0          |  out|    1|   ap_memory|                          srt_val_18|         array|
|srt_val_18_q0           |   in|  127|   ap_memory|                          srt_val_18|         array|
|srt_ord_33_address0     |  out|    6|   ap_memory|                          srt_ord_33|         array|
|srt_ord_33_ce0          |  out|    1|   ap_memory|                          srt_ord_33|         array|
|srt_ord_33_q0           |   in|    7|   ap_memory|                          srt_ord_33|         array|
|srt_val_33_address0     |  out|    6|   ap_memory|                          srt_val_33|         array|
|srt_val_33_ce0          |  out|    1|   ap_memory|                          srt_val_33|         array|
|srt_val_33_q0           |   in|  127|   ap_memory|                          srt_val_33|         array|
|srt_ord_48_address0     |  out|    6|   ap_memory|                          srt_ord_48|         array|
|srt_ord_48_ce0          |  out|    1|   ap_memory|                          srt_ord_48|         array|
|srt_ord_48_q0           |   in|    8|   ap_memory|                          srt_ord_48|         array|
|srt_val_48_address0     |  out|    6|   ap_memory|                          srt_val_48|         array|
|srt_val_48_ce0          |  out|    1|   ap_memory|                          srt_val_48|         array|
|srt_val_48_q0           |   in|  127|   ap_memory|                          srt_val_48|         array|
|srt_ord_63_address0     |  out|    6|   ap_memory|                          srt_ord_63|         array|
|srt_ord_63_ce0          |  out|    1|   ap_memory|                          srt_ord_63|         array|
|srt_ord_63_q0           |   in|    8|   ap_memory|                          srt_ord_63|         array|
|srt_val_63_address0     |  out|    6|   ap_memory|                          srt_val_63|         array|
|srt_val_63_ce0          |  out|    1|   ap_memory|                          srt_val_63|         array|
|srt_val_63_q0           |   in|  127|   ap_memory|                          srt_val_63|         array|
|srt_ord_78_address0     |  out|    6|   ap_memory|                          srt_ord_78|         array|
|srt_ord_78_ce0          |  out|    1|   ap_memory|                          srt_ord_78|         array|
|srt_ord_78_q0           |   in|    7|   ap_memory|                          srt_ord_78|         array|
|srt_val_78_address0     |  out|    6|   ap_memory|                          srt_val_78|         array|
|srt_val_78_ce0          |  out|    1|   ap_memory|                          srt_val_78|         array|
|srt_val_78_q0           |   in|  127|   ap_memory|                          srt_val_78|         array|
|srt_ord_93_address0     |  out|    6|   ap_memory|                          srt_ord_93|         array|
|srt_ord_93_ce0          |  out|    1|   ap_memory|                          srt_ord_93|         array|
|srt_ord_93_q0           |   in|    9|   ap_memory|                          srt_ord_93|         array|
|srt_val_93_address0     |  out|    6|   ap_memory|                          srt_val_93|         array|
|srt_val_93_ce0          |  out|    1|   ap_memory|                          srt_val_93|         array|
|srt_val_93_q0           |   in|  127|   ap_memory|                          srt_val_93|         array|
|srt_ord_108_address0    |  out|    6|   ap_memory|                         srt_ord_108|         array|
|srt_ord_108_ce0         |  out|    1|   ap_memory|                         srt_ord_108|         array|
|srt_ord_108_q0          |   in|    9|   ap_memory|                         srt_ord_108|         array|
|srt_val_108_address0    |  out|    6|   ap_memory|                         srt_val_108|         array|
|srt_val_108_ce0         |  out|    1|   ap_memory|                         srt_val_108|         array|
|srt_val_108_q0          |   in|  127|   ap_memory|                         srt_val_108|         array|
|srt_ord_123_address0    |  out|    6|   ap_memory|                         srt_ord_123|         array|
|srt_ord_123_ce0         |  out|    1|   ap_memory|                         srt_ord_123|         array|
|srt_ord_123_q0          |   in|    9|   ap_memory|                         srt_ord_123|         array|
|srt_val_123_address0    |  out|    6|   ap_memory|                         srt_val_123|         array|
|srt_val_123_ce0         |  out|    1|   ap_memory|                         srt_val_123|         array|
|srt_val_123_q0          |   in|  127|   ap_memory|                         srt_val_123|         array|
|srt_ord_138_address0    |  out|    6|   ap_memory|                         srt_ord_138|         array|
|srt_ord_138_ce0         |  out|    1|   ap_memory|                         srt_ord_138|         array|
|srt_ord_138_q0          |   in|    9|   ap_memory|                         srt_ord_138|         array|
|srt_val_138_address0    |  out|    6|   ap_memory|                         srt_val_138|         array|
|srt_val_138_ce0         |  out|    1|   ap_memory|                         srt_val_138|         array|
|srt_val_138_q0          |   in|  127|   ap_memory|                         srt_val_138|         array|
|srt_ord_153_address0    |  out|    6|   ap_memory|                         srt_ord_153|         array|
|srt_ord_153_ce0         |  out|    1|   ap_memory|                         srt_ord_153|         array|
|srt_ord_153_q0          |   in|    8|   ap_memory|                         srt_ord_153|         array|
|srt_val_153_address0    |  out|    6|   ap_memory|                         srt_val_153|         array|
|srt_val_153_ce0         |  out|    1|   ap_memory|                         srt_val_153|         array|
|srt_val_153_q0          |   in|  127|   ap_memory|                         srt_val_153|         array|
|srt_ord_168_address0    |  out|    6|   ap_memory|                         srt_ord_168|         array|
|srt_ord_168_ce0         |  out|    1|   ap_memory|                         srt_ord_168|         array|
|srt_ord_168_q0          |   in|    8|   ap_memory|                         srt_ord_168|         array|
|srt_val_168_address0    |  out|    6|   ap_memory|                         srt_val_168|         array|
|srt_val_168_ce0         |  out|    1|   ap_memory|                         srt_val_168|         array|
|srt_val_168_q0          |   in|  127|   ap_memory|                         srt_val_168|         array|
|srt_ord_183_address0    |  out|    6|   ap_memory|                         srt_ord_183|         array|
|srt_ord_183_ce0         |  out|    1|   ap_memory|                         srt_ord_183|         array|
|srt_ord_183_q0          |   in|   10|   ap_memory|                         srt_ord_183|         array|
|srt_val_183_address0    |  out|    6|   ap_memory|                         srt_val_183|         array|
|srt_val_183_ce0         |  out|    1|   ap_memory|                         srt_val_183|         array|
|srt_val_183_q0          |   in|  127|   ap_memory|                         srt_val_183|         array|
|srt_ord_198_address0    |  out|    6|   ap_memory|                         srt_ord_198|         array|
|srt_ord_198_ce0         |  out|    1|   ap_memory|                         srt_ord_198|         array|
|srt_ord_198_q0          |   in|   10|   ap_memory|                         srt_ord_198|         array|
|srt_val_198_address0    |  out|    6|   ap_memory|                         srt_val_198|         array|
|srt_val_198_ce0         |  out|    1|   ap_memory|                         srt_val_198|         array|
|srt_val_198_q0          |   in|  127|   ap_memory|                         srt_val_198|         array|
|srt_ord_213_address0    |  out|    6|   ap_memory|                         srt_ord_213|         array|
|srt_ord_213_ce0         |  out|    1|   ap_memory|                         srt_ord_213|         array|
|srt_ord_213_q0          |   in|   10|   ap_memory|                         srt_ord_213|         array|
|srt_val_213_address0    |  out|    6|   ap_memory|                         srt_val_213|         array|
|srt_val_213_ce0         |  out|    1|   ap_memory|                         srt_val_213|         array|
|srt_val_213_q0          |   in|  127|   ap_memory|                         srt_val_213|         array|
|srt_pres_4_address0     |  out|    6|   ap_memory|                          srt_pres_4|         array|
|srt_pres_4_ce0          |  out|    1|   ap_memory|                          srt_pres_4|         array|
|srt_pres_4_q0           |   in|    1|   ap_memory|                          srt_pres_4|         array|
|srt_pres_19_address0    |  out|    6|   ap_memory|                         srt_pres_19|         array|
|srt_pres_19_ce0         |  out|    1|   ap_memory|                         srt_pres_19|         array|
|srt_pres_19_q0          |   in|    1|   ap_memory|                         srt_pres_19|         array|
|srt_pres_34_address0    |  out|    6|   ap_memory|                         srt_pres_34|         array|
|srt_pres_34_ce0         |  out|    1|   ap_memory|                         srt_pres_34|         array|
|srt_pres_34_q0          |   in|    1|   ap_memory|                         srt_pres_34|         array|
|srt_pres_49_address0    |  out|    6|   ap_memory|                         srt_pres_49|         array|
|srt_pres_49_ce0         |  out|    1|   ap_memory|                         srt_pres_49|         array|
|srt_pres_49_q0          |   in|    1|   ap_memory|                         srt_pres_49|         array|
|srt_pres_64_address0    |  out|    6|   ap_memory|                         srt_pres_64|         array|
|srt_pres_64_ce0         |  out|    1|   ap_memory|                         srt_pres_64|         array|
|srt_pres_64_q0          |   in|    1|   ap_memory|                         srt_pres_64|         array|
|srt_pres_79_address0    |  out|    6|   ap_memory|                         srt_pres_79|         array|
|srt_pres_79_ce0         |  out|    1|   ap_memory|                         srt_pres_79|         array|
|srt_pres_79_q0          |   in|    1|   ap_memory|                         srt_pres_79|         array|
|srt_pres_94_address0    |  out|    6|   ap_memory|                         srt_pres_94|         array|
|srt_pres_94_ce0         |  out|    1|   ap_memory|                         srt_pres_94|         array|
|srt_pres_94_q0          |   in|    1|   ap_memory|                         srt_pres_94|         array|
|srt_pres_109_address0   |  out|    6|   ap_memory|                        srt_pres_109|         array|
|srt_pres_109_ce0        |  out|    1|   ap_memory|                        srt_pres_109|         array|
|srt_pres_109_q0         |   in|    1|   ap_memory|                        srt_pres_109|         array|
|srt_pres_124_address0   |  out|    6|   ap_memory|                        srt_pres_124|         array|
|srt_pres_124_ce0        |  out|    1|   ap_memory|                        srt_pres_124|         array|
|srt_pres_124_q0         |   in|    1|   ap_memory|                        srt_pres_124|         array|
|srt_pres_139_address0   |  out|    6|   ap_memory|                        srt_pres_139|         array|
|srt_pres_139_ce0        |  out|    1|   ap_memory|                        srt_pres_139|         array|
|srt_pres_139_q0         |   in|    1|   ap_memory|                        srt_pres_139|         array|
|srt_pres_154_address0   |  out|    6|   ap_memory|                        srt_pres_154|         array|
|srt_pres_154_ce0        |  out|    1|   ap_memory|                        srt_pres_154|         array|
|srt_pres_154_q0         |   in|    1|   ap_memory|                        srt_pres_154|         array|
|srt_pres_169_address0   |  out|    6|   ap_memory|                        srt_pres_169|         array|
|srt_pres_169_ce0        |  out|    1|   ap_memory|                        srt_pres_169|         array|
|srt_pres_169_q0         |   in|    1|   ap_memory|                        srt_pres_169|         array|
|srt_pres_184_address0   |  out|    6|   ap_memory|                        srt_pres_184|         array|
|srt_pres_184_ce0        |  out|    1|   ap_memory|                        srt_pres_184|         array|
|srt_pres_184_q0         |   in|    1|   ap_memory|                        srt_pres_184|         array|
|srt_pres_199_address0   |  out|    6|   ap_memory|                        srt_pres_199|         array|
|srt_pres_199_ce0        |  out|    1|   ap_memory|                        srt_pres_199|         array|
|srt_pres_199_q0         |   in|    1|   ap_memory|                        srt_pres_199|         array|
|srt_pres_214_address0   |  out|    6|   ap_memory|                        srt_pres_214|         array|
|srt_pres_214_ce0        |  out|    1|   ap_memory|                        srt_pres_214|         array|
|srt_pres_214_q0         |   in|    1|   ap_memory|                        srt_pres_214|         array|
|srt_ord_4_address0      |  out|    6|   ap_memory|                           srt_ord_4|         array|
|srt_ord_4_ce0           |  out|    1|   ap_memory|                           srt_ord_4|         array|
|srt_ord_4_q0            |   in|    6|   ap_memory|                           srt_ord_4|         array|
|srt_val_4_address0      |  out|    6|   ap_memory|                           srt_val_4|         array|
|srt_val_4_ce0           |  out|    1|   ap_memory|                           srt_val_4|         array|
|srt_val_4_q0            |   in|  127|   ap_memory|                           srt_val_4|         array|
|srt_ord_19_address0     |  out|    6|   ap_memory|                          srt_ord_19|         array|
|srt_ord_19_ce0          |  out|    1|   ap_memory|                          srt_ord_19|         array|
|srt_ord_19_q0           |   in|    7|   ap_memory|                          srt_ord_19|         array|
|srt_val_19_address0     |  out|    6|   ap_memory|                          srt_val_19|         array|
|srt_val_19_ce0          |  out|    1|   ap_memory|                          srt_val_19|         array|
|srt_val_19_q0           |   in|  127|   ap_memory|                          srt_val_19|         array|
|srt_ord_34_address0     |  out|    6|   ap_memory|                          srt_ord_34|         array|
|srt_ord_34_ce0          |  out|    1|   ap_memory|                          srt_ord_34|         array|
|srt_ord_34_q0           |   in|    7|   ap_memory|                          srt_ord_34|         array|
|srt_val_34_address0     |  out|    6|   ap_memory|                          srt_val_34|         array|
|srt_val_34_ce0          |  out|    1|   ap_memory|                          srt_val_34|         array|
|srt_val_34_q0           |   in|  127|   ap_memory|                          srt_val_34|         array|
|srt_ord_49_address0     |  out|    6|   ap_memory|                          srt_ord_49|         array|
|srt_ord_49_ce0          |  out|    1|   ap_memory|                          srt_ord_49|         array|
|srt_ord_49_q0           |   in|    8|   ap_memory|                          srt_ord_49|         array|
|srt_val_49_address0     |  out|    6|   ap_memory|                          srt_val_49|         array|
|srt_val_49_ce0          |  out|    1|   ap_memory|                          srt_val_49|         array|
|srt_val_49_q0           |   in|  127|   ap_memory|                          srt_val_49|         array|
|srt_ord_64_address0     |  out|    6|   ap_memory|                          srt_ord_64|         array|
|srt_ord_64_ce0          |  out|    1|   ap_memory|                          srt_ord_64|         array|
|srt_ord_64_q0           |   in|    8|   ap_memory|                          srt_ord_64|         array|
|srt_val_64_address0     |  out|    6|   ap_memory|                          srt_val_64|         array|
|srt_val_64_ce0          |  out|    1|   ap_memory|                          srt_val_64|         array|
|srt_val_64_q0           |   in|  127|   ap_memory|                          srt_val_64|         array|
|srt_ord_79_address0     |  out|    6|   ap_memory|                          srt_ord_79|         array|
|srt_ord_79_ce0          |  out|    1|   ap_memory|                          srt_ord_79|         array|
|srt_ord_79_q0           |   in|    7|   ap_memory|                          srt_ord_79|         array|
|srt_val_79_address0     |  out|    6|   ap_memory|                          srt_val_79|         array|
|srt_val_79_ce0          |  out|    1|   ap_memory|                          srt_val_79|         array|
|srt_val_79_q0           |   in|  127|   ap_memory|                          srt_val_79|         array|
|srt_ord_94_address0     |  out|    6|   ap_memory|                          srt_ord_94|         array|
|srt_ord_94_ce0          |  out|    1|   ap_memory|                          srt_ord_94|         array|
|srt_ord_94_q0           |   in|    9|   ap_memory|                          srt_ord_94|         array|
|srt_val_94_address0     |  out|    6|   ap_memory|                          srt_val_94|         array|
|srt_val_94_ce0          |  out|    1|   ap_memory|                          srt_val_94|         array|
|srt_val_94_q0           |   in|  127|   ap_memory|                          srt_val_94|         array|
|srt_ord_109_address0    |  out|    6|   ap_memory|                         srt_ord_109|         array|
|srt_ord_109_ce0         |  out|    1|   ap_memory|                         srt_ord_109|         array|
|srt_ord_109_q0          |   in|    9|   ap_memory|                         srt_ord_109|         array|
|srt_val_109_address0    |  out|    6|   ap_memory|                         srt_val_109|         array|
|srt_val_109_ce0         |  out|    1|   ap_memory|                         srt_val_109|         array|
|srt_val_109_q0          |   in|  127|   ap_memory|                         srt_val_109|         array|
|srt_ord_124_address0    |  out|    6|   ap_memory|                         srt_ord_124|         array|
|srt_ord_124_ce0         |  out|    1|   ap_memory|                         srt_ord_124|         array|
|srt_ord_124_q0          |   in|    9|   ap_memory|                         srt_ord_124|         array|
|srt_val_124_address0    |  out|    6|   ap_memory|                         srt_val_124|         array|
|srt_val_124_ce0         |  out|    1|   ap_memory|                         srt_val_124|         array|
|srt_val_124_q0          |   in|  127|   ap_memory|                         srt_val_124|         array|
|srt_ord_139_address0    |  out|    6|   ap_memory|                         srt_ord_139|         array|
|srt_ord_139_ce0         |  out|    1|   ap_memory|                         srt_ord_139|         array|
|srt_ord_139_q0          |   in|    9|   ap_memory|                         srt_ord_139|         array|
|srt_val_139_address0    |  out|    6|   ap_memory|                         srt_val_139|         array|
|srt_val_139_ce0         |  out|    1|   ap_memory|                         srt_val_139|         array|
|srt_val_139_q0          |   in|  127|   ap_memory|                         srt_val_139|         array|
|srt_ord_154_address0    |  out|    6|   ap_memory|                         srt_ord_154|         array|
|srt_ord_154_ce0         |  out|    1|   ap_memory|                         srt_ord_154|         array|
|srt_ord_154_q0          |   in|    8|   ap_memory|                         srt_ord_154|         array|
|srt_val_154_address0    |  out|    6|   ap_memory|                         srt_val_154|         array|
|srt_val_154_ce0         |  out|    1|   ap_memory|                         srt_val_154|         array|
|srt_val_154_q0          |   in|  127|   ap_memory|                         srt_val_154|         array|
|srt_ord_169_address0    |  out|    6|   ap_memory|                         srt_ord_169|         array|
|srt_ord_169_ce0         |  out|    1|   ap_memory|                         srt_ord_169|         array|
|srt_ord_169_q0          |   in|    8|   ap_memory|                         srt_ord_169|         array|
|srt_val_169_address0    |  out|    6|   ap_memory|                         srt_val_169|         array|
|srt_val_169_ce0         |  out|    1|   ap_memory|                         srt_val_169|         array|
|srt_val_169_q0          |   in|  127|   ap_memory|                         srt_val_169|         array|
|srt_ord_184_address0    |  out|    6|   ap_memory|                         srt_ord_184|         array|
|srt_ord_184_ce0         |  out|    1|   ap_memory|                         srt_ord_184|         array|
|srt_ord_184_q0          |   in|   10|   ap_memory|                         srt_ord_184|         array|
|srt_val_184_address0    |  out|    6|   ap_memory|                         srt_val_184|         array|
|srt_val_184_ce0         |  out|    1|   ap_memory|                         srt_val_184|         array|
|srt_val_184_q0          |   in|  127|   ap_memory|                         srt_val_184|         array|
|srt_ord_199_address0    |  out|    6|   ap_memory|                         srt_ord_199|         array|
|srt_ord_199_ce0         |  out|    1|   ap_memory|                         srt_ord_199|         array|
|srt_ord_199_q0          |   in|   10|   ap_memory|                         srt_ord_199|         array|
|srt_val_199_address0    |  out|    6|   ap_memory|                         srt_val_199|         array|
|srt_val_199_ce0         |  out|    1|   ap_memory|                         srt_val_199|         array|
|srt_val_199_q0          |   in|  127|   ap_memory|                         srt_val_199|         array|
|srt_ord_214_address0    |  out|    6|   ap_memory|                         srt_ord_214|         array|
|srt_ord_214_ce0         |  out|    1|   ap_memory|                         srt_ord_214|         array|
|srt_ord_214_q0          |   in|   10|   ap_memory|                         srt_ord_214|         array|
|srt_val_214_address0    |  out|    6|   ap_memory|                         srt_val_214|         array|
|srt_val_214_ce0         |  out|    1|   ap_memory|                         srt_val_214|         array|
|srt_val_214_q0          |   in|  127|   ap_memory|                         srt_val_214|         array|
|srt_pres_5_address0     |  out|    6|   ap_memory|                          srt_pres_5|         array|
|srt_pres_5_ce0          |  out|    1|   ap_memory|                          srt_pres_5|         array|
|srt_pres_5_q0           |   in|    1|   ap_memory|                          srt_pres_5|         array|
|srt_pres_20_address0    |  out|    6|   ap_memory|                         srt_pres_20|         array|
|srt_pres_20_ce0         |  out|    1|   ap_memory|                         srt_pres_20|         array|
|srt_pres_20_q0          |   in|    1|   ap_memory|                         srt_pres_20|         array|
|srt_pres_35_address0    |  out|    6|   ap_memory|                         srt_pres_35|         array|
|srt_pres_35_ce0         |  out|    1|   ap_memory|                         srt_pres_35|         array|
|srt_pres_35_q0          |   in|    1|   ap_memory|                         srt_pres_35|         array|
|srt_pres_50_address0    |  out|    6|   ap_memory|                         srt_pres_50|         array|
|srt_pres_50_ce0         |  out|    1|   ap_memory|                         srt_pres_50|         array|
|srt_pres_50_q0          |   in|    1|   ap_memory|                         srt_pres_50|         array|
|srt_pres_65_address0    |  out|    6|   ap_memory|                         srt_pres_65|         array|
|srt_pres_65_ce0         |  out|    1|   ap_memory|                         srt_pres_65|         array|
|srt_pres_65_q0          |   in|    1|   ap_memory|                         srt_pres_65|         array|
|srt_pres_80_address0    |  out|    6|   ap_memory|                         srt_pres_80|         array|
|srt_pres_80_ce0         |  out|    1|   ap_memory|                         srt_pres_80|         array|
|srt_pres_80_q0          |   in|    1|   ap_memory|                         srt_pres_80|         array|
|srt_pres_95_address0    |  out|    6|   ap_memory|                         srt_pres_95|         array|
|srt_pres_95_ce0         |  out|    1|   ap_memory|                         srt_pres_95|         array|
|srt_pres_95_q0          |   in|    1|   ap_memory|                         srt_pres_95|         array|
|srt_pres_110_address0   |  out|    6|   ap_memory|                        srt_pres_110|         array|
|srt_pres_110_ce0        |  out|    1|   ap_memory|                        srt_pres_110|         array|
|srt_pres_110_q0         |   in|    1|   ap_memory|                        srt_pres_110|         array|
|srt_pres_125_address0   |  out|    6|   ap_memory|                        srt_pres_125|         array|
|srt_pres_125_ce0        |  out|    1|   ap_memory|                        srt_pres_125|         array|
|srt_pres_125_q0         |   in|    1|   ap_memory|                        srt_pres_125|         array|
|srt_pres_140_address0   |  out|    6|   ap_memory|                        srt_pres_140|         array|
|srt_pres_140_ce0        |  out|    1|   ap_memory|                        srt_pres_140|         array|
|srt_pres_140_q0         |   in|    1|   ap_memory|                        srt_pres_140|         array|
|srt_pres_155_address0   |  out|    6|   ap_memory|                        srt_pres_155|         array|
|srt_pres_155_ce0        |  out|    1|   ap_memory|                        srt_pres_155|         array|
|srt_pres_155_q0         |   in|    1|   ap_memory|                        srt_pres_155|         array|
|srt_pres_170_address0   |  out|    6|   ap_memory|                        srt_pres_170|         array|
|srt_pres_170_ce0        |  out|    1|   ap_memory|                        srt_pres_170|         array|
|srt_pres_170_q0         |   in|    1|   ap_memory|                        srt_pres_170|         array|
|srt_pres_185_address0   |  out|    6|   ap_memory|                        srt_pres_185|         array|
|srt_pres_185_ce0        |  out|    1|   ap_memory|                        srt_pres_185|         array|
|srt_pres_185_q0         |   in|    1|   ap_memory|                        srt_pres_185|         array|
|srt_pres_200_address0   |  out|    6|   ap_memory|                        srt_pres_200|         array|
|srt_pres_200_ce0        |  out|    1|   ap_memory|                        srt_pres_200|         array|
|srt_pres_200_q0         |   in|    1|   ap_memory|                        srt_pres_200|         array|
|srt_pres_215_address0   |  out|    6|   ap_memory|                        srt_pres_215|         array|
|srt_pres_215_ce0        |  out|    1|   ap_memory|                        srt_pres_215|         array|
|srt_pres_215_q0         |   in|    1|   ap_memory|                        srt_pres_215|         array|
|srt_ord_5_address0      |  out|    6|   ap_memory|                           srt_ord_5|         array|
|srt_ord_5_ce0           |  out|    1|   ap_memory|                           srt_ord_5|         array|
|srt_ord_5_q0            |   in|    6|   ap_memory|                           srt_ord_5|         array|
|srt_val_5_address0      |  out|    6|   ap_memory|                           srt_val_5|         array|
|srt_val_5_ce0           |  out|    1|   ap_memory|                           srt_val_5|         array|
|srt_val_5_q0            |   in|  127|   ap_memory|                           srt_val_5|         array|
|srt_ord_20_address0     |  out|    6|   ap_memory|                          srt_ord_20|         array|
|srt_ord_20_ce0          |  out|    1|   ap_memory|                          srt_ord_20|         array|
|srt_ord_20_q0           |   in|    7|   ap_memory|                          srt_ord_20|         array|
|srt_val_20_address0     |  out|    6|   ap_memory|                          srt_val_20|         array|
|srt_val_20_ce0          |  out|    1|   ap_memory|                          srt_val_20|         array|
|srt_val_20_q0           |   in|  127|   ap_memory|                          srt_val_20|         array|
|srt_ord_35_address0     |  out|    6|   ap_memory|                          srt_ord_35|         array|
|srt_ord_35_ce0          |  out|    1|   ap_memory|                          srt_ord_35|         array|
|srt_ord_35_q0           |   in|    7|   ap_memory|                          srt_ord_35|         array|
|srt_val_35_address0     |  out|    6|   ap_memory|                          srt_val_35|         array|
|srt_val_35_ce0          |  out|    1|   ap_memory|                          srt_val_35|         array|
|srt_val_35_q0           |   in|  127|   ap_memory|                          srt_val_35|         array|
|srt_ord_50_address0     |  out|    6|   ap_memory|                          srt_ord_50|         array|
|srt_ord_50_ce0          |  out|    1|   ap_memory|                          srt_ord_50|         array|
|srt_ord_50_q0           |   in|    8|   ap_memory|                          srt_ord_50|         array|
|srt_val_50_address0     |  out|    6|   ap_memory|                          srt_val_50|         array|
|srt_val_50_ce0          |  out|    1|   ap_memory|                          srt_val_50|         array|
|srt_val_50_q0           |   in|  127|   ap_memory|                          srt_val_50|         array|
|srt_ord_65_address0     |  out|    6|   ap_memory|                          srt_ord_65|         array|
|srt_ord_65_ce0          |  out|    1|   ap_memory|                          srt_ord_65|         array|
|srt_ord_65_q0           |   in|    8|   ap_memory|                          srt_ord_65|         array|
|srt_val_65_address0     |  out|    6|   ap_memory|                          srt_val_65|         array|
|srt_val_65_ce0          |  out|    1|   ap_memory|                          srt_val_65|         array|
|srt_val_65_q0           |   in|  127|   ap_memory|                          srt_val_65|         array|
|srt_ord_80_address0     |  out|    6|   ap_memory|                          srt_ord_80|         array|
|srt_ord_80_ce0          |  out|    1|   ap_memory|                          srt_ord_80|         array|
|srt_ord_80_q0           |   in|    7|   ap_memory|                          srt_ord_80|         array|
|srt_val_80_address0     |  out|    6|   ap_memory|                          srt_val_80|         array|
|srt_val_80_ce0          |  out|    1|   ap_memory|                          srt_val_80|         array|
|srt_val_80_q0           |   in|  127|   ap_memory|                          srt_val_80|         array|
|srt_ord_95_address0     |  out|    6|   ap_memory|                          srt_ord_95|         array|
|srt_ord_95_ce0          |  out|    1|   ap_memory|                          srt_ord_95|         array|
|srt_ord_95_q0           |   in|    9|   ap_memory|                          srt_ord_95|         array|
|srt_val_95_address0     |  out|    6|   ap_memory|                          srt_val_95|         array|
|srt_val_95_ce0          |  out|    1|   ap_memory|                          srt_val_95|         array|
|srt_val_95_q0           |   in|  127|   ap_memory|                          srt_val_95|         array|
|srt_ord_110_address0    |  out|    6|   ap_memory|                         srt_ord_110|         array|
|srt_ord_110_ce0         |  out|    1|   ap_memory|                         srt_ord_110|         array|
|srt_ord_110_q0          |   in|    9|   ap_memory|                         srt_ord_110|         array|
|srt_val_110_address0    |  out|    6|   ap_memory|                         srt_val_110|         array|
|srt_val_110_ce0         |  out|    1|   ap_memory|                         srt_val_110|         array|
|srt_val_110_q0          |   in|  127|   ap_memory|                         srt_val_110|         array|
|srt_ord_125_address0    |  out|    6|   ap_memory|                         srt_ord_125|         array|
|srt_ord_125_ce0         |  out|    1|   ap_memory|                         srt_ord_125|         array|
|srt_ord_125_q0          |   in|    9|   ap_memory|                         srt_ord_125|         array|
|srt_val_125_address0    |  out|    6|   ap_memory|                         srt_val_125|         array|
|srt_val_125_ce0         |  out|    1|   ap_memory|                         srt_val_125|         array|
|srt_val_125_q0          |   in|  127|   ap_memory|                         srt_val_125|         array|
|srt_ord_140_address0    |  out|    6|   ap_memory|                         srt_ord_140|         array|
|srt_ord_140_ce0         |  out|    1|   ap_memory|                         srt_ord_140|         array|
|srt_ord_140_q0          |   in|    9|   ap_memory|                         srt_ord_140|         array|
|srt_val_140_address0    |  out|    6|   ap_memory|                         srt_val_140|         array|
|srt_val_140_ce0         |  out|    1|   ap_memory|                         srt_val_140|         array|
|srt_val_140_q0          |   in|  127|   ap_memory|                         srt_val_140|         array|
|srt_ord_155_address0    |  out|    6|   ap_memory|                         srt_ord_155|         array|
|srt_ord_155_ce0         |  out|    1|   ap_memory|                         srt_ord_155|         array|
|srt_ord_155_q0          |   in|    8|   ap_memory|                         srt_ord_155|         array|
|srt_val_155_address0    |  out|    6|   ap_memory|                         srt_val_155|         array|
|srt_val_155_ce0         |  out|    1|   ap_memory|                         srt_val_155|         array|
|srt_val_155_q0          |   in|  127|   ap_memory|                         srt_val_155|         array|
|srt_ord_170_address0    |  out|    6|   ap_memory|                         srt_ord_170|         array|
|srt_ord_170_ce0         |  out|    1|   ap_memory|                         srt_ord_170|         array|
|srt_ord_170_q0          |   in|    8|   ap_memory|                         srt_ord_170|         array|
|srt_val_170_address0    |  out|    6|   ap_memory|                         srt_val_170|         array|
|srt_val_170_ce0         |  out|    1|   ap_memory|                         srt_val_170|         array|
|srt_val_170_q0          |   in|  127|   ap_memory|                         srt_val_170|         array|
|srt_ord_185_address0    |  out|    6|   ap_memory|                         srt_ord_185|         array|
|srt_ord_185_ce0         |  out|    1|   ap_memory|                         srt_ord_185|         array|
|srt_ord_185_q0          |   in|   10|   ap_memory|                         srt_ord_185|         array|
|srt_val_185_address0    |  out|    6|   ap_memory|                         srt_val_185|         array|
|srt_val_185_ce0         |  out|    1|   ap_memory|                         srt_val_185|         array|
|srt_val_185_q0          |   in|  127|   ap_memory|                         srt_val_185|         array|
|srt_ord_200_address0    |  out|    6|   ap_memory|                         srt_ord_200|         array|
|srt_ord_200_ce0         |  out|    1|   ap_memory|                         srt_ord_200|         array|
|srt_ord_200_q0          |   in|   10|   ap_memory|                         srt_ord_200|         array|
|srt_val_200_address0    |  out|    6|   ap_memory|                         srt_val_200|         array|
|srt_val_200_ce0         |  out|    1|   ap_memory|                         srt_val_200|         array|
|srt_val_200_q0          |   in|  127|   ap_memory|                         srt_val_200|         array|
|srt_ord_215_address0    |  out|    6|   ap_memory|                         srt_ord_215|         array|
|srt_ord_215_ce0         |  out|    1|   ap_memory|                         srt_ord_215|         array|
|srt_ord_215_q0          |   in|   10|   ap_memory|                         srt_ord_215|         array|
|srt_val_215_address0    |  out|    6|   ap_memory|                         srt_val_215|         array|
|srt_val_215_ce0         |  out|    1|   ap_memory|                         srt_val_215|         array|
|srt_val_215_q0          |   in|  127|   ap_memory|                         srt_val_215|         array|
|srt_pres_6_address0     |  out|    6|   ap_memory|                          srt_pres_6|         array|
|srt_pres_6_ce0          |  out|    1|   ap_memory|                          srt_pres_6|         array|
|srt_pres_6_q0           |   in|    1|   ap_memory|                          srt_pres_6|         array|
|srt_pres_21_address0    |  out|    6|   ap_memory|                         srt_pres_21|         array|
|srt_pres_21_ce0         |  out|    1|   ap_memory|                         srt_pres_21|         array|
|srt_pres_21_q0          |   in|    1|   ap_memory|                         srt_pres_21|         array|
|srt_pres_36_address0    |  out|    6|   ap_memory|                         srt_pres_36|         array|
|srt_pres_36_ce0         |  out|    1|   ap_memory|                         srt_pres_36|         array|
|srt_pres_36_q0          |   in|    1|   ap_memory|                         srt_pres_36|         array|
|srt_pres_51_address0    |  out|    6|   ap_memory|                         srt_pres_51|         array|
|srt_pres_51_ce0         |  out|    1|   ap_memory|                         srt_pres_51|         array|
|srt_pres_51_q0          |   in|    1|   ap_memory|                         srt_pres_51|         array|
|srt_pres_66_address0    |  out|    6|   ap_memory|                         srt_pres_66|         array|
|srt_pres_66_ce0         |  out|    1|   ap_memory|                         srt_pres_66|         array|
|srt_pres_66_q0          |   in|    1|   ap_memory|                         srt_pres_66|         array|
|srt_pres_81_address0    |  out|    6|   ap_memory|                         srt_pres_81|         array|
|srt_pres_81_ce0         |  out|    1|   ap_memory|                         srt_pres_81|         array|
|srt_pres_81_q0          |   in|    1|   ap_memory|                         srt_pres_81|         array|
|srt_pres_96_address0    |  out|    6|   ap_memory|                         srt_pres_96|         array|
|srt_pres_96_ce0         |  out|    1|   ap_memory|                         srt_pres_96|         array|
|srt_pres_96_q0          |   in|    1|   ap_memory|                         srt_pres_96|         array|
|srt_pres_111_address0   |  out|    6|   ap_memory|                        srt_pres_111|         array|
|srt_pres_111_ce0        |  out|    1|   ap_memory|                        srt_pres_111|         array|
|srt_pres_111_q0         |   in|    1|   ap_memory|                        srt_pres_111|         array|
|srt_pres_126_address0   |  out|    6|   ap_memory|                        srt_pres_126|         array|
|srt_pres_126_ce0        |  out|    1|   ap_memory|                        srt_pres_126|         array|
|srt_pres_126_q0         |   in|    1|   ap_memory|                        srt_pres_126|         array|
|srt_pres_141_address0   |  out|    6|   ap_memory|                        srt_pres_141|         array|
|srt_pres_141_ce0        |  out|    1|   ap_memory|                        srt_pres_141|         array|
|srt_pres_141_q0         |   in|    1|   ap_memory|                        srt_pres_141|         array|
|srt_pres_156_address0   |  out|    6|   ap_memory|                        srt_pres_156|         array|
|srt_pres_156_ce0        |  out|    1|   ap_memory|                        srt_pres_156|         array|
|srt_pres_156_q0         |   in|    1|   ap_memory|                        srt_pres_156|         array|
|srt_pres_171_address0   |  out|    6|   ap_memory|                        srt_pres_171|         array|
|srt_pres_171_ce0        |  out|    1|   ap_memory|                        srt_pres_171|         array|
|srt_pres_171_q0         |   in|    1|   ap_memory|                        srt_pres_171|         array|
|srt_pres_186_address0   |  out|    6|   ap_memory|                        srt_pres_186|         array|
|srt_pres_186_ce0        |  out|    1|   ap_memory|                        srt_pres_186|         array|
|srt_pres_186_q0         |   in|    1|   ap_memory|                        srt_pres_186|         array|
|srt_pres_201_address0   |  out|    6|   ap_memory|                        srt_pres_201|         array|
|srt_pres_201_ce0        |  out|    1|   ap_memory|                        srt_pres_201|         array|
|srt_pres_201_q0         |   in|    1|   ap_memory|                        srt_pres_201|         array|
|srt_pres_216_address0   |  out|    6|   ap_memory|                        srt_pres_216|         array|
|srt_pres_216_ce0        |  out|    1|   ap_memory|                        srt_pres_216|         array|
|srt_pres_216_q0         |   in|    1|   ap_memory|                        srt_pres_216|         array|
|srt_ord_6_address0      |  out|    6|   ap_memory|                           srt_ord_6|         array|
|srt_ord_6_ce0           |  out|    1|   ap_memory|                           srt_ord_6|         array|
|srt_ord_6_q0            |   in|    6|   ap_memory|                           srt_ord_6|         array|
|srt_val_6_address0      |  out|    6|   ap_memory|                           srt_val_6|         array|
|srt_val_6_ce0           |  out|    1|   ap_memory|                           srt_val_6|         array|
|srt_val_6_q0            |   in|  127|   ap_memory|                           srt_val_6|         array|
|srt_ord_21_address0     |  out|    6|   ap_memory|                          srt_ord_21|         array|
|srt_ord_21_ce0          |  out|    1|   ap_memory|                          srt_ord_21|         array|
|srt_ord_21_q0           |   in|    7|   ap_memory|                          srt_ord_21|         array|
|srt_val_21_address0     |  out|    6|   ap_memory|                          srt_val_21|         array|
|srt_val_21_ce0          |  out|    1|   ap_memory|                          srt_val_21|         array|
|srt_val_21_q0           |   in|  127|   ap_memory|                          srt_val_21|         array|
|srt_ord_36_address0     |  out|    6|   ap_memory|                          srt_ord_36|         array|
|srt_ord_36_ce0          |  out|    1|   ap_memory|                          srt_ord_36|         array|
|srt_ord_36_q0           |   in|    7|   ap_memory|                          srt_ord_36|         array|
|srt_val_36_address0     |  out|    6|   ap_memory|                          srt_val_36|         array|
|srt_val_36_ce0          |  out|    1|   ap_memory|                          srt_val_36|         array|
|srt_val_36_q0           |   in|  127|   ap_memory|                          srt_val_36|         array|
|srt_ord_51_address0     |  out|    6|   ap_memory|                          srt_ord_51|         array|
|srt_ord_51_ce0          |  out|    1|   ap_memory|                          srt_ord_51|         array|
|srt_ord_51_q0           |   in|    8|   ap_memory|                          srt_ord_51|         array|
|srt_val_51_address0     |  out|    6|   ap_memory|                          srt_val_51|         array|
|srt_val_51_ce0          |  out|    1|   ap_memory|                          srt_val_51|         array|
|srt_val_51_q0           |   in|  127|   ap_memory|                          srt_val_51|         array|
|srt_ord_66_address0     |  out|    6|   ap_memory|                          srt_ord_66|         array|
|srt_ord_66_ce0          |  out|    1|   ap_memory|                          srt_ord_66|         array|
|srt_ord_66_q0           |   in|    8|   ap_memory|                          srt_ord_66|         array|
|srt_val_66_address0     |  out|    6|   ap_memory|                          srt_val_66|         array|
|srt_val_66_ce0          |  out|    1|   ap_memory|                          srt_val_66|         array|
|srt_val_66_q0           |   in|  127|   ap_memory|                          srt_val_66|         array|
|srt_ord_81_address0     |  out|    6|   ap_memory|                          srt_ord_81|         array|
|srt_ord_81_ce0          |  out|    1|   ap_memory|                          srt_ord_81|         array|
|srt_ord_81_q0           |   in|    7|   ap_memory|                          srt_ord_81|         array|
|srt_val_81_address0     |  out|    6|   ap_memory|                          srt_val_81|         array|
|srt_val_81_ce0          |  out|    1|   ap_memory|                          srt_val_81|         array|
|srt_val_81_q0           |   in|  127|   ap_memory|                          srt_val_81|         array|
|srt_ord_96_address0     |  out|    6|   ap_memory|                          srt_ord_96|         array|
|srt_ord_96_ce0          |  out|    1|   ap_memory|                          srt_ord_96|         array|
|srt_ord_96_q0           |   in|    9|   ap_memory|                          srt_ord_96|         array|
|srt_val_96_address0     |  out|    6|   ap_memory|                          srt_val_96|         array|
|srt_val_96_ce0          |  out|    1|   ap_memory|                          srt_val_96|         array|
|srt_val_96_q0           |   in|  127|   ap_memory|                          srt_val_96|         array|
|srt_ord_111_address0    |  out|    6|   ap_memory|                         srt_ord_111|         array|
|srt_ord_111_ce0         |  out|    1|   ap_memory|                         srt_ord_111|         array|
|srt_ord_111_q0          |   in|    9|   ap_memory|                         srt_ord_111|         array|
|srt_val_111_address0    |  out|    6|   ap_memory|                         srt_val_111|         array|
|srt_val_111_ce0         |  out|    1|   ap_memory|                         srt_val_111|         array|
|srt_val_111_q0          |   in|  127|   ap_memory|                         srt_val_111|         array|
|srt_ord_126_address0    |  out|    6|   ap_memory|                         srt_ord_126|         array|
|srt_ord_126_ce0         |  out|    1|   ap_memory|                         srt_ord_126|         array|
|srt_ord_126_q0          |   in|    9|   ap_memory|                         srt_ord_126|         array|
|srt_val_126_address0    |  out|    6|   ap_memory|                         srt_val_126|         array|
|srt_val_126_ce0         |  out|    1|   ap_memory|                         srt_val_126|         array|
|srt_val_126_q0          |   in|  127|   ap_memory|                         srt_val_126|         array|
|srt_ord_141_address0    |  out|    6|   ap_memory|                         srt_ord_141|         array|
|srt_ord_141_ce0         |  out|    1|   ap_memory|                         srt_ord_141|         array|
|srt_ord_141_q0          |   in|    9|   ap_memory|                         srt_ord_141|         array|
|srt_val_141_address0    |  out|    6|   ap_memory|                         srt_val_141|         array|
|srt_val_141_ce0         |  out|    1|   ap_memory|                         srt_val_141|         array|
|srt_val_141_q0          |   in|  127|   ap_memory|                         srt_val_141|         array|
|srt_ord_156_address0    |  out|    6|   ap_memory|                         srt_ord_156|         array|
|srt_ord_156_ce0         |  out|    1|   ap_memory|                         srt_ord_156|         array|
|srt_ord_156_q0          |   in|    8|   ap_memory|                         srt_ord_156|         array|
|srt_val_156_address0    |  out|    6|   ap_memory|                         srt_val_156|         array|
|srt_val_156_ce0         |  out|    1|   ap_memory|                         srt_val_156|         array|
|srt_val_156_q0          |   in|  127|   ap_memory|                         srt_val_156|         array|
|srt_ord_171_address0    |  out|    6|   ap_memory|                         srt_ord_171|         array|
|srt_ord_171_ce0         |  out|    1|   ap_memory|                         srt_ord_171|         array|
|srt_ord_171_q0          |   in|    8|   ap_memory|                         srt_ord_171|         array|
|srt_val_171_address0    |  out|    6|   ap_memory|                         srt_val_171|         array|
|srt_val_171_ce0         |  out|    1|   ap_memory|                         srt_val_171|         array|
|srt_val_171_q0          |   in|  127|   ap_memory|                         srt_val_171|         array|
|srt_ord_186_address0    |  out|    6|   ap_memory|                         srt_ord_186|         array|
|srt_ord_186_ce0         |  out|    1|   ap_memory|                         srt_ord_186|         array|
|srt_ord_186_q0          |   in|   10|   ap_memory|                         srt_ord_186|         array|
|srt_val_186_address0    |  out|    6|   ap_memory|                         srt_val_186|         array|
|srt_val_186_ce0         |  out|    1|   ap_memory|                         srt_val_186|         array|
|srt_val_186_q0          |   in|  127|   ap_memory|                         srt_val_186|         array|
|srt_ord_201_address0    |  out|    6|   ap_memory|                         srt_ord_201|         array|
|srt_ord_201_ce0         |  out|    1|   ap_memory|                         srt_ord_201|         array|
|srt_ord_201_q0          |   in|   10|   ap_memory|                         srt_ord_201|         array|
|srt_val_201_address0    |  out|    6|   ap_memory|                         srt_val_201|         array|
|srt_val_201_ce0         |  out|    1|   ap_memory|                         srt_val_201|         array|
|srt_val_201_q0          |   in|  127|   ap_memory|                         srt_val_201|         array|
|srt_ord_216_address0    |  out|    6|   ap_memory|                         srt_ord_216|         array|
|srt_ord_216_ce0         |  out|    1|   ap_memory|                         srt_ord_216|         array|
|srt_ord_216_q0          |   in|   10|   ap_memory|                         srt_ord_216|         array|
|srt_val_216_address0    |  out|    6|   ap_memory|                         srt_val_216|         array|
|srt_val_216_ce0         |  out|    1|   ap_memory|                         srt_val_216|         array|
|srt_val_216_q0          |   in|  127|   ap_memory|                         srt_val_216|         array|
|srt_pres_7_address0     |  out|    6|   ap_memory|                          srt_pres_7|         array|
|srt_pres_7_ce0          |  out|    1|   ap_memory|                          srt_pres_7|         array|
|srt_pres_7_q0           |   in|    1|   ap_memory|                          srt_pres_7|         array|
|srt_pres_22_address0    |  out|    6|   ap_memory|                         srt_pres_22|         array|
|srt_pres_22_ce0         |  out|    1|   ap_memory|                         srt_pres_22|         array|
|srt_pres_22_q0          |   in|    1|   ap_memory|                         srt_pres_22|         array|
|srt_pres_37_address0    |  out|    6|   ap_memory|                         srt_pres_37|         array|
|srt_pres_37_ce0         |  out|    1|   ap_memory|                         srt_pres_37|         array|
|srt_pres_37_q0          |   in|    1|   ap_memory|                         srt_pres_37|         array|
|srt_pres_52_address0    |  out|    6|   ap_memory|                         srt_pres_52|         array|
|srt_pres_52_ce0         |  out|    1|   ap_memory|                         srt_pres_52|         array|
|srt_pres_52_q0          |   in|    1|   ap_memory|                         srt_pres_52|         array|
|srt_pres_67_address0    |  out|    6|   ap_memory|                         srt_pres_67|         array|
|srt_pres_67_ce0         |  out|    1|   ap_memory|                         srt_pres_67|         array|
|srt_pres_67_q0          |   in|    1|   ap_memory|                         srt_pres_67|         array|
|srt_pres_82_address0    |  out|    6|   ap_memory|                         srt_pres_82|         array|
|srt_pres_82_ce0         |  out|    1|   ap_memory|                         srt_pres_82|         array|
|srt_pres_82_q0          |   in|    1|   ap_memory|                         srt_pres_82|         array|
|srt_pres_97_address0    |  out|    6|   ap_memory|                         srt_pres_97|         array|
|srt_pres_97_ce0         |  out|    1|   ap_memory|                         srt_pres_97|         array|
|srt_pres_97_q0          |   in|    1|   ap_memory|                         srt_pres_97|         array|
|srt_pres_112_address0   |  out|    6|   ap_memory|                        srt_pres_112|         array|
|srt_pres_112_ce0        |  out|    1|   ap_memory|                        srt_pres_112|         array|
|srt_pres_112_q0         |   in|    1|   ap_memory|                        srt_pres_112|         array|
|srt_pres_127_address0   |  out|    6|   ap_memory|                        srt_pres_127|         array|
|srt_pres_127_ce0        |  out|    1|   ap_memory|                        srt_pres_127|         array|
|srt_pres_127_q0         |   in|    1|   ap_memory|                        srt_pres_127|         array|
|srt_pres_142_address0   |  out|    6|   ap_memory|                        srt_pres_142|         array|
|srt_pres_142_ce0        |  out|    1|   ap_memory|                        srt_pres_142|         array|
|srt_pres_142_q0         |   in|    1|   ap_memory|                        srt_pres_142|         array|
|srt_pres_157_address0   |  out|    6|   ap_memory|                        srt_pres_157|         array|
|srt_pres_157_ce0        |  out|    1|   ap_memory|                        srt_pres_157|         array|
|srt_pres_157_q0         |   in|    1|   ap_memory|                        srt_pres_157|         array|
|srt_pres_172_address0   |  out|    6|   ap_memory|                        srt_pres_172|         array|
|srt_pres_172_ce0        |  out|    1|   ap_memory|                        srt_pres_172|         array|
|srt_pres_172_q0         |   in|    1|   ap_memory|                        srt_pres_172|         array|
|srt_pres_187_address0   |  out|    6|   ap_memory|                        srt_pres_187|         array|
|srt_pres_187_ce0        |  out|    1|   ap_memory|                        srt_pres_187|         array|
|srt_pres_187_q0         |   in|    1|   ap_memory|                        srt_pres_187|         array|
|srt_pres_202_address0   |  out|    6|   ap_memory|                        srt_pres_202|         array|
|srt_pres_202_ce0        |  out|    1|   ap_memory|                        srt_pres_202|         array|
|srt_pres_202_q0         |   in|    1|   ap_memory|                        srt_pres_202|         array|
|srt_pres_217_address0   |  out|    6|   ap_memory|                        srt_pres_217|         array|
|srt_pres_217_ce0        |  out|    1|   ap_memory|                        srt_pres_217|         array|
|srt_pres_217_q0         |   in|    1|   ap_memory|                        srt_pres_217|         array|
|srt_ord_7_address0      |  out|    6|   ap_memory|                           srt_ord_7|         array|
|srt_ord_7_ce0           |  out|    1|   ap_memory|                           srt_ord_7|         array|
|srt_ord_7_q0            |   in|    6|   ap_memory|                           srt_ord_7|         array|
|srt_val_7_address0      |  out|    6|   ap_memory|                           srt_val_7|         array|
|srt_val_7_ce0           |  out|    1|   ap_memory|                           srt_val_7|         array|
|srt_val_7_q0            |   in|  127|   ap_memory|                           srt_val_7|         array|
|srt_ord_22_address0     |  out|    6|   ap_memory|                          srt_ord_22|         array|
|srt_ord_22_ce0          |  out|    1|   ap_memory|                          srt_ord_22|         array|
|srt_ord_22_q0           |   in|    7|   ap_memory|                          srt_ord_22|         array|
|srt_val_22_address0     |  out|    6|   ap_memory|                          srt_val_22|         array|
|srt_val_22_ce0          |  out|    1|   ap_memory|                          srt_val_22|         array|
|srt_val_22_q0           |   in|  127|   ap_memory|                          srt_val_22|         array|
|srt_ord_37_address0     |  out|    6|   ap_memory|                          srt_ord_37|         array|
|srt_ord_37_ce0          |  out|    1|   ap_memory|                          srt_ord_37|         array|
|srt_ord_37_q0           |   in|    7|   ap_memory|                          srt_ord_37|         array|
|srt_val_37_address0     |  out|    6|   ap_memory|                          srt_val_37|         array|
|srt_val_37_ce0          |  out|    1|   ap_memory|                          srt_val_37|         array|
|srt_val_37_q0           |   in|  127|   ap_memory|                          srt_val_37|         array|
|srt_ord_52_address0     |  out|    6|   ap_memory|                          srt_ord_52|         array|
|srt_ord_52_ce0          |  out|    1|   ap_memory|                          srt_ord_52|         array|
|srt_ord_52_q0           |   in|    8|   ap_memory|                          srt_ord_52|         array|
|srt_val_52_address0     |  out|    6|   ap_memory|                          srt_val_52|         array|
|srt_val_52_ce0          |  out|    1|   ap_memory|                          srt_val_52|         array|
|srt_val_52_q0           |   in|  127|   ap_memory|                          srt_val_52|         array|
|srt_ord_67_address0     |  out|    6|   ap_memory|                          srt_ord_67|         array|
|srt_ord_67_ce0          |  out|    1|   ap_memory|                          srt_ord_67|         array|
|srt_ord_67_q0           |   in|    8|   ap_memory|                          srt_ord_67|         array|
|srt_val_67_address0     |  out|    6|   ap_memory|                          srt_val_67|         array|
|srt_val_67_ce0          |  out|    1|   ap_memory|                          srt_val_67|         array|
|srt_val_67_q0           |   in|  127|   ap_memory|                          srt_val_67|         array|
|srt_ord_82_address0     |  out|    6|   ap_memory|                          srt_ord_82|         array|
|srt_ord_82_ce0          |  out|    1|   ap_memory|                          srt_ord_82|         array|
|srt_ord_82_q0           |   in|    7|   ap_memory|                          srt_ord_82|         array|
|srt_val_82_address0     |  out|    6|   ap_memory|                          srt_val_82|         array|
|srt_val_82_ce0          |  out|    1|   ap_memory|                          srt_val_82|         array|
|srt_val_82_q0           |   in|  127|   ap_memory|                          srt_val_82|         array|
|srt_ord_97_address0     |  out|    6|   ap_memory|                          srt_ord_97|         array|
|srt_ord_97_ce0          |  out|    1|   ap_memory|                          srt_ord_97|         array|
|srt_ord_97_q0           |   in|    9|   ap_memory|                          srt_ord_97|         array|
|srt_val_97_address0     |  out|    6|   ap_memory|                          srt_val_97|         array|
|srt_val_97_ce0          |  out|    1|   ap_memory|                          srt_val_97|         array|
|srt_val_97_q0           |   in|  127|   ap_memory|                          srt_val_97|         array|
|srt_ord_112_address0    |  out|    6|   ap_memory|                         srt_ord_112|         array|
|srt_ord_112_ce0         |  out|    1|   ap_memory|                         srt_ord_112|         array|
|srt_ord_112_q0          |   in|    9|   ap_memory|                         srt_ord_112|         array|
|srt_val_112_address0    |  out|    6|   ap_memory|                         srt_val_112|         array|
|srt_val_112_ce0         |  out|    1|   ap_memory|                         srt_val_112|         array|
|srt_val_112_q0          |   in|  127|   ap_memory|                         srt_val_112|         array|
|srt_ord_127_address0    |  out|    6|   ap_memory|                         srt_ord_127|         array|
|srt_ord_127_ce0         |  out|    1|   ap_memory|                         srt_ord_127|         array|
|srt_ord_127_q0          |   in|    9|   ap_memory|                         srt_ord_127|         array|
|srt_val_127_address0    |  out|    6|   ap_memory|                         srt_val_127|         array|
|srt_val_127_ce0         |  out|    1|   ap_memory|                         srt_val_127|         array|
|srt_val_127_q0          |   in|  127|   ap_memory|                         srt_val_127|         array|
|srt_ord_142_address0    |  out|    6|   ap_memory|                         srt_ord_142|         array|
|srt_ord_142_ce0         |  out|    1|   ap_memory|                         srt_ord_142|         array|
|srt_ord_142_q0          |   in|    9|   ap_memory|                         srt_ord_142|         array|
|srt_val_142_address0    |  out|    6|   ap_memory|                         srt_val_142|         array|
|srt_val_142_ce0         |  out|    1|   ap_memory|                         srt_val_142|         array|
|srt_val_142_q0          |   in|  127|   ap_memory|                         srt_val_142|         array|
|srt_ord_157_address0    |  out|    6|   ap_memory|                         srt_ord_157|         array|
|srt_ord_157_ce0         |  out|    1|   ap_memory|                         srt_ord_157|         array|
|srt_ord_157_q0          |   in|    8|   ap_memory|                         srt_ord_157|         array|
|srt_val_157_address0    |  out|    6|   ap_memory|                         srt_val_157|         array|
|srt_val_157_ce0         |  out|    1|   ap_memory|                         srt_val_157|         array|
|srt_val_157_q0          |   in|  127|   ap_memory|                         srt_val_157|         array|
|srt_ord_172_address0    |  out|    6|   ap_memory|                         srt_ord_172|         array|
|srt_ord_172_ce0         |  out|    1|   ap_memory|                         srt_ord_172|         array|
|srt_ord_172_q0          |   in|    8|   ap_memory|                         srt_ord_172|         array|
|srt_val_172_address0    |  out|    6|   ap_memory|                         srt_val_172|         array|
|srt_val_172_ce0         |  out|    1|   ap_memory|                         srt_val_172|         array|
|srt_val_172_q0          |   in|  127|   ap_memory|                         srt_val_172|         array|
|srt_ord_187_address0    |  out|    6|   ap_memory|                         srt_ord_187|         array|
|srt_ord_187_ce0         |  out|    1|   ap_memory|                         srt_ord_187|         array|
|srt_ord_187_q0          |   in|   10|   ap_memory|                         srt_ord_187|         array|
|srt_val_187_address0    |  out|    6|   ap_memory|                         srt_val_187|         array|
|srt_val_187_ce0         |  out|    1|   ap_memory|                         srt_val_187|         array|
|srt_val_187_q0          |   in|  127|   ap_memory|                         srt_val_187|         array|
|srt_ord_202_address0    |  out|    6|   ap_memory|                         srt_ord_202|         array|
|srt_ord_202_ce0         |  out|    1|   ap_memory|                         srt_ord_202|         array|
|srt_ord_202_q0          |   in|   10|   ap_memory|                         srt_ord_202|         array|
|srt_val_202_address0    |  out|    6|   ap_memory|                         srt_val_202|         array|
|srt_val_202_ce0         |  out|    1|   ap_memory|                         srt_val_202|         array|
|srt_val_202_q0          |   in|  127|   ap_memory|                         srt_val_202|         array|
|srt_ord_217_address0    |  out|    6|   ap_memory|                         srt_ord_217|         array|
|srt_ord_217_ce0         |  out|    1|   ap_memory|                         srt_ord_217|         array|
|srt_ord_217_q0          |   in|   10|   ap_memory|                         srt_ord_217|         array|
|srt_val_217_address0    |  out|    6|   ap_memory|                         srt_val_217|         array|
|srt_val_217_ce0         |  out|    1|   ap_memory|                         srt_val_217|         array|
|srt_val_217_q0          |   in|  127|   ap_memory|                         srt_val_217|         array|
|srt_pres_8_address0     |  out|    6|   ap_memory|                          srt_pres_8|         array|
|srt_pres_8_ce0          |  out|    1|   ap_memory|                          srt_pres_8|         array|
|srt_pres_8_q0           |   in|    1|   ap_memory|                          srt_pres_8|         array|
|srt_pres_23_address0    |  out|    6|   ap_memory|                         srt_pres_23|         array|
|srt_pres_23_ce0         |  out|    1|   ap_memory|                         srt_pres_23|         array|
|srt_pres_23_q0          |   in|    1|   ap_memory|                         srt_pres_23|         array|
|srt_pres_38_address0    |  out|    6|   ap_memory|                         srt_pres_38|         array|
|srt_pres_38_ce0         |  out|    1|   ap_memory|                         srt_pres_38|         array|
|srt_pres_38_q0          |   in|    1|   ap_memory|                         srt_pres_38|         array|
|srt_pres_53_address0    |  out|    6|   ap_memory|                         srt_pres_53|         array|
|srt_pres_53_ce0         |  out|    1|   ap_memory|                         srt_pres_53|         array|
|srt_pres_53_q0          |   in|    1|   ap_memory|                         srt_pres_53|         array|
|srt_pres_68_address0    |  out|    6|   ap_memory|                         srt_pres_68|         array|
|srt_pres_68_ce0         |  out|    1|   ap_memory|                         srt_pres_68|         array|
|srt_pres_68_q0          |   in|    1|   ap_memory|                         srt_pres_68|         array|
|srt_pres_83_address0    |  out|    6|   ap_memory|                         srt_pres_83|         array|
|srt_pres_83_ce0         |  out|    1|   ap_memory|                         srt_pres_83|         array|
|srt_pres_83_q0          |   in|    1|   ap_memory|                         srt_pres_83|         array|
|srt_pres_98_address0    |  out|    6|   ap_memory|                         srt_pres_98|         array|
|srt_pres_98_ce0         |  out|    1|   ap_memory|                         srt_pres_98|         array|
|srt_pres_98_q0          |   in|    1|   ap_memory|                         srt_pres_98|         array|
|srt_pres_113_address0   |  out|    6|   ap_memory|                        srt_pres_113|         array|
|srt_pres_113_ce0        |  out|    1|   ap_memory|                        srt_pres_113|         array|
|srt_pres_113_q0         |   in|    1|   ap_memory|                        srt_pres_113|         array|
|srt_pres_128_address0   |  out|    6|   ap_memory|                        srt_pres_128|         array|
|srt_pres_128_ce0        |  out|    1|   ap_memory|                        srt_pres_128|         array|
|srt_pres_128_q0         |   in|    1|   ap_memory|                        srt_pres_128|         array|
|srt_pres_143_address0   |  out|    6|   ap_memory|                        srt_pres_143|         array|
|srt_pres_143_ce0        |  out|    1|   ap_memory|                        srt_pres_143|         array|
|srt_pres_143_q0         |   in|    1|   ap_memory|                        srt_pres_143|         array|
|srt_pres_158_address0   |  out|    6|   ap_memory|                        srt_pres_158|         array|
|srt_pres_158_ce0        |  out|    1|   ap_memory|                        srt_pres_158|         array|
|srt_pres_158_q0         |   in|    1|   ap_memory|                        srt_pres_158|         array|
|srt_pres_173_address0   |  out|    6|   ap_memory|                        srt_pres_173|         array|
|srt_pres_173_ce0        |  out|    1|   ap_memory|                        srt_pres_173|         array|
|srt_pres_173_q0         |   in|    1|   ap_memory|                        srt_pres_173|         array|
|srt_pres_188_address0   |  out|    6|   ap_memory|                        srt_pres_188|         array|
|srt_pres_188_ce0        |  out|    1|   ap_memory|                        srt_pres_188|         array|
|srt_pres_188_q0         |   in|    1|   ap_memory|                        srt_pres_188|         array|
|srt_pres_203_address0   |  out|    6|   ap_memory|                        srt_pres_203|         array|
|srt_pres_203_ce0        |  out|    1|   ap_memory|                        srt_pres_203|         array|
|srt_pres_203_q0         |   in|    1|   ap_memory|                        srt_pres_203|         array|
|srt_pres_218_address0   |  out|    6|   ap_memory|                        srt_pres_218|         array|
|srt_pres_218_ce0        |  out|    1|   ap_memory|                        srt_pres_218|         array|
|srt_pres_218_q0         |   in|    1|   ap_memory|                        srt_pres_218|         array|
|srt_ord_8_address0      |  out|    6|   ap_memory|                           srt_ord_8|         array|
|srt_ord_8_ce0           |  out|    1|   ap_memory|                           srt_ord_8|         array|
|srt_ord_8_q0            |   in|    6|   ap_memory|                           srt_ord_8|         array|
|srt_val_8_address0      |  out|    6|   ap_memory|                           srt_val_8|         array|
|srt_val_8_ce0           |  out|    1|   ap_memory|                           srt_val_8|         array|
|srt_val_8_q0            |   in|  127|   ap_memory|                           srt_val_8|         array|
|srt_ord_23_address0     |  out|    6|   ap_memory|                          srt_ord_23|         array|
|srt_ord_23_ce0          |  out|    1|   ap_memory|                          srt_ord_23|         array|
|srt_ord_23_q0           |   in|    7|   ap_memory|                          srt_ord_23|         array|
|srt_val_23_address0     |  out|    6|   ap_memory|                          srt_val_23|         array|
|srt_val_23_ce0          |  out|    1|   ap_memory|                          srt_val_23|         array|
|srt_val_23_q0           |   in|  127|   ap_memory|                          srt_val_23|         array|
|srt_ord_38_address0     |  out|    6|   ap_memory|                          srt_ord_38|         array|
|srt_ord_38_ce0          |  out|    1|   ap_memory|                          srt_ord_38|         array|
|srt_ord_38_q0           |   in|    7|   ap_memory|                          srt_ord_38|         array|
|srt_val_38_address0     |  out|    6|   ap_memory|                          srt_val_38|         array|
|srt_val_38_ce0          |  out|    1|   ap_memory|                          srt_val_38|         array|
|srt_val_38_q0           |   in|  127|   ap_memory|                          srt_val_38|         array|
|srt_ord_53_address0     |  out|    6|   ap_memory|                          srt_ord_53|         array|
|srt_ord_53_ce0          |  out|    1|   ap_memory|                          srt_ord_53|         array|
|srt_ord_53_q0           |   in|    8|   ap_memory|                          srt_ord_53|         array|
|srt_val_53_address0     |  out|    6|   ap_memory|                          srt_val_53|         array|
|srt_val_53_ce0          |  out|    1|   ap_memory|                          srt_val_53|         array|
|srt_val_53_q0           |   in|  127|   ap_memory|                          srt_val_53|         array|
|srt_ord_68_address0     |  out|    6|   ap_memory|                          srt_ord_68|         array|
|srt_ord_68_ce0          |  out|    1|   ap_memory|                          srt_ord_68|         array|
|srt_ord_68_q0           |   in|    8|   ap_memory|                          srt_ord_68|         array|
|srt_val_68_address0     |  out|    6|   ap_memory|                          srt_val_68|         array|
|srt_val_68_ce0          |  out|    1|   ap_memory|                          srt_val_68|         array|
|srt_val_68_q0           |   in|  127|   ap_memory|                          srt_val_68|         array|
|srt_ord_83_address0     |  out|    6|   ap_memory|                          srt_ord_83|         array|
|srt_ord_83_ce0          |  out|    1|   ap_memory|                          srt_ord_83|         array|
|srt_ord_83_q0           |   in|    7|   ap_memory|                          srt_ord_83|         array|
|srt_val_83_address0     |  out|    6|   ap_memory|                          srt_val_83|         array|
|srt_val_83_ce0          |  out|    1|   ap_memory|                          srt_val_83|         array|
|srt_val_83_q0           |   in|  127|   ap_memory|                          srt_val_83|         array|
|srt_ord_98_address0     |  out|    6|   ap_memory|                          srt_ord_98|         array|
|srt_ord_98_ce0          |  out|    1|   ap_memory|                          srt_ord_98|         array|
|srt_ord_98_q0           |   in|    9|   ap_memory|                          srt_ord_98|         array|
|srt_val_98_address0     |  out|    6|   ap_memory|                          srt_val_98|         array|
|srt_val_98_ce0          |  out|    1|   ap_memory|                          srt_val_98|         array|
|srt_val_98_q0           |   in|  127|   ap_memory|                          srt_val_98|         array|
|srt_ord_113_address0    |  out|    6|   ap_memory|                         srt_ord_113|         array|
|srt_ord_113_ce0         |  out|    1|   ap_memory|                         srt_ord_113|         array|
|srt_ord_113_q0          |   in|    9|   ap_memory|                         srt_ord_113|         array|
|srt_val_113_address0    |  out|    6|   ap_memory|                         srt_val_113|         array|
|srt_val_113_ce0         |  out|    1|   ap_memory|                         srt_val_113|         array|
|srt_val_113_q0          |   in|  127|   ap_memory|                         srt_val_113|         array|
|srt_ord_128_address0    |  out|    6|   ap_memory|                         srt_ord_128|         array|
|srt_ord_128_ce0         |  out|    1|   ap_memory|                         srt_ord_128|         array|
|srt_ord_128_q0          |   in|    9|   ap_memory|                         srt_ord_128|         array|
|srt_val_128_address0    |  out|    6|   ap_memory|                         srt_val_128|         array|
|srt_val_128_ce0         |  out|    1|   ap_memory|                         srt_val_128|         array|
|srt_val_128_q0          |   in|  127|   ap_memory|                         srt_val_128|         array|
|srt_ord_143_address0    |  out|    6|   ap_memory|                         srt_ord_143|         array|
|srt_ord_143_ce0         |  out|    1|   ap_memory|                         srt_ord_143|         array|
|srt_ord_143_q0          |   in|    9|   ap_memory|                         srt_ord_143|         array|
|srt_val_143_address0    |  out|    6|   ap_memory|                         srt_val_143|         array|
|srt_val_143_ce0         |  out|    1|   ap_memory|                         srt_val_143|         array|
|srt_val_143_q0          |   in|  127|   ap_memory|                         srt_val_143|         array|
|srt_ord_158_address0    |  out|    6|   ap_memory|                         srt_ord_158|         array|
|srt_ord_158_ce0         |  out|    1|   ap_memory|                         srt_ord_158|         array|
|srt_ord_158_q0          |   in|    8|   ap_memory|                         srt_ord_158|         array|
|srt_val_158_address0    |  out|    6|   ap_memory|                         srt_val_158|         array|
|srt_val_158_ce0         |  out|    1|   ap_memory|                         srt_val_158|         array|
|srt_val_158_q0          |   in|  127|   ap_memory|                         srt_val_158|         array|
|srt_ord_173_address0    |  out|    6|   ap_memory|                         srt_ord_173|         array|
|srt_ord_173_ce0         |  out|    1|   ap_memory|                         srt_ord_173|         array|
|srt_ord_173_q0          |   in|    8|   ap_memory|                         srt_ord_173|         array|
|srt_val_173_address0    |  out|    6|   ap_memory|                         srt_val_173|         array|
|srt_val_173_ce0         |  out|    1|   ap_memory|                         srt_val_173|         array|
|srt_val_173_q0          |   in|  127|   ap_memory|                         srt_val_173|         array|
|srt_ord_188_address0    |  out|    6|   ap_memory|                         srt_ord_188|         array|
|srt_ord_188_ce0         |  out|    1|   ap_memory|                         srt_ord_188|         array|
|srt_ord_188_q0          |   in|   10|   ap_memory|                         srt_ord_188|         array|
|srt_val_188_address0    |  out|    6|   ap_memory|                         srt_val_188|         array|
|srt_val_188_ce0         |  out|    1|   ap_memory|                         srt_val_188|         array|
|srt_val_188_q0          |   in|  127|   ap_memory|                         srt_val_188|         array|
|srt_ord_203_address0    |  out|    6|   ap_memory|                         srt_ord_203|         array|
|srt_ord_203_ce0         |  out|    1|   ap_memory|                         srt_ord_203|         array|
|srt_ord_203_q0          |   in|   10|   ap_memory|                         srt_ord_203|         array|
|srt_val_203_address0    |  out|    6|   ap_memory|                         srt_val_203|         array|
|srt_val_203_ce0         |  out|    1|   ap_memory|                         srt_val_203|         array|
|srt_val_203_q0          |   in|  127|   ap_memory|                         srt_val_203|         array|
|srt_ord_218_address0    |  out|    6|   ap_memory|                         srt_ord_218|         array|
|srt_ord_218_ce0         |  out|    1|   ap_memory|                         srt_ord_218|         array|
|srt_ord_218_q0          |   in|   10|   ap_memory|                         srt_ord_218|         array|
|srt_val_218_address0    |  out|    6|   ap_memory|                         srt_val_218|         array|
|srt_val_218_ce0         |  out|    1|   ap_memory|                         srt_val_218|         array|
|srt_val_218_q0          |   in|  127|   ap_memory|                         srt_val_218|         array|
|srt_pres_9_address0     |  out|    6|   ap_memory|                          srt_pres_9|         array|
|srt_pres_9_ce0          |  out|    1|   ap_memory|                          srt_pres_9|         array|
|srt_pres_9_q0           |   in|    1|   ap_memory|                          srt_pres_9|         array|
|srt_pres_24_address0    |  out|    6|   ap_memory|                         srt_pres_24|         array|
|srt_pres_24_ce0         |  out|    1|   ap_memory|                         srt_pres_24|         array|
|srt_pres_24_q0          |   in|    1|   ap_memory|                         srt_pres_24|         array|
|srt_pres_39_address0    |  out|    6|   ap_memory|                         srt_pres_39|         array|
|srt_pres_39_ce0         |  out|    1|   ap_memory|                         srt_pres_39|         array|
|srt_pres_39_q0          |   in|    1|   ap_memory|                         srt_pres_39|         array|
|srt_pres_54_address0    |  out|    6|   ap_memory|                         srt_pres_54|         array|
|srt_pres_54_ce0         |  out|    1|   ap_memory|                         srt_pres_54|         array|
|srt_pres_54_q0          |   in|    1|   ap_memory|                         srt_pres_54|         array|
|srt_pres_69_address0    |  out|    6|   ap_memory|                         srt_pres_69|         array|
|srt_pres_69_ce0         |  out|    1|   ap_memory|                         srt_pres_69|         array|
|srt_pres_69_q0          |   in|    1|   ap_memory|                         srt_pres_69|         array|
|srt_pres_84_address0    |  out|    6|   ap_memory|                         srt_pres_84|         array|
|srt_pres_84_ce0         |  out|    1|   ap_memory|                         srt_pres_84|         array|
|srt_pres_84_q0          |   in|    1|   ap_memory|                         srt_pres_84|         array|
|srt_pres_99_address0    |  out|    6|   ap_memory|                         srt_pres_99|         array|
|srt_pres_99_ce0         |  out|    1|   ap_memory|                         srt_pres_99|         array|
|srt_pres_99_q0          |   in|    1|   ap_memory|                         srt_pres_99|         array|
|srt_pres_114_address0   |  out|    6|   ap_memory|                        srt_pres_114|         array|
|srt_pres_114_ce0        |  out|    1|   ap_memory|                        srt_pres_114|         array|
|srt_pres_114_q0         |   in|    1|   ap_memory|                        srt_pres_114|         array|
|srt_pres_129_address0   |  out|    6|   ap_memory|                        srt_pres_129|         array|
|srt_pres_129_ce0        |  out|    1|   ap_memory|                        srt_pres_129|         array|
|srt_pres_129_q0         |   in|    1|   ap_memory|                        srt_pres_129|         array|
|srt_pres_144_address0   |  out|    6|   ap_memory|                        srt_pres_144|         array|
|srt_pres_144_ce0        |  out|    1|   ap_memory|                        srt_pres_144|         array|
|srt_pres_144_q0         |   in|    1|   ap_memory|                        srt_pres_144|         array|
|srt_pres_159_address0   |  out|    6|   ap_memory|                        srt_pres_159|         array|
|srt_pres_159_ce0        |  out|    1|   ap_memory|                        srt_pres_159|         array|
|srt_pres_159_q0         |   in|    1|   ap_memory|                        srt_pres_159|         array|
|srt_pres_174_address0   |  out|    6|   ap_memory|                        srt_pres_174|         array|
|srt_pres_174_ce0        |  out|    1|   ap_memory|                        srt_pres_174|         array|
|srt_pres_174_q0         |   in|    1|   ap_memory|                        srt_pres_174|         array|
|srt_pres_189_address0   |  out|    6|   ap_memory|                        srt_pres_189|         array|
|srt_pres_189_ce0        |  out|    1|   ap_memory|                        srt_pres_189|         array|
|srt_pres_189_q0         |   in|    1|   ap_memory|                        srt_pres_189|         array|
|srt_pres_204_address0   |  out|    6|   ap_memory|                        srt_pres_204|         array|
|srt_pres_204_ce0        |  out|    1|   ap_memory|                        srt_pres_204|         array|
|srt_pres_204_q0         |   in|    1|   ap_memory|                        srt_pres_204|         array|
|srt_pres_219_address0   |  out|    6|   ap_memory|                        srt_pres_219|         array|
|srt_pres_219_ce0        |  out|    1|   ap_memory|                        srt_pres_219|         array|
|srt_pres_219_q0         |   in|    1|   ap_memory|                        srt_pres_219|         array|
|srt_ord_9_address0      |  out|    6|   ap_memory|                           srt_ord_9|         array|
|srt_ord_9_ce0           |  out|    1|   ap_memory|                           srt_ord_9|         array|
|srt_ord_9_q0            |   in|    6|   ap_memory|                           srt_ord_9|         array|
|srt_val_9_address0      |  out|    6|   ap_memory|                           srt_val_9|         array|
|srt_val_9_ce0           |  out|    1|   ap_memory|                           srt_val_9|         array|
|srt_val_9_q0            |   in|  127|   ap_memory|                           srt_val_9|         array|
|srt_ord_24_address0     |  out|    6|   ap_memory|                          srt_ord_24|         array|
|srt_ord_24_ce0          |  out|    1|   ap_memory|                          srt_ord_24|         array|
|srt_ord_24_q0           |   in|    7|   ap_memory|                          srt_ord_24|         array|
|srt_val_24_address0     |  out|    6|   ap_memory|                          srt_val_24|         array|
|srt_val_24_ce0          |  out|    1|   ap_memory|                          srt_val_24|         array|
|srt_val_24_q0           |   in|  127|   ap_memory|                          srt_val_24|         array|
|srt_ord_39_address0     |  out|    6|   ap_memory|                          srt_ord_39|         array|
|srt_ord_39_ce0          |  out|    1|   ap_memory|                          srt_ord_39|         array|
|srt_ord_39_q0           |   in|    7|   ap_memory|                          srt_ord_39|         array|
|srt_val_39_address0     |  out|    6|   ap_memory|                          srt_val_39|         array|
|srt_val_39_ce0          |  out|    1|   ap_memory|                          srt_val_39|         array|
|srt_val_39_q0           |   in|  127|   ap_memory|                          srt_val_39|         array|
|srt_ord_54_address0     |  out|    6|   ap_memory|                          srt_ord_54|         array|
|srt_ord_54_ce0          |  out|    1|   ap_memory|                          srt_ord_54|         array|
|srt_ord_54_q0           |   in|    8|   ap_memory|                          srt_ord_54|         array|
|srt_val_54_address0     |  out|    6|   ap_memory|                          srt_val_54|         array|
|srt_val_54_ce0          |  out|    1|   ap_memory|                          srt_val_54|         array|
|srt_val_54_q0           |   in|  127|   ap_memory|                          srt_val_54|         array|
|srt_ord_69_address0     |  out|    6|   ap_memory|                          srt_ord_69|         array|
|srt_ord_69_ce0          |  out|    1|   ap_memory|                          srt_ord_69|         array|
|srt_ord_69_q0           |   in|    8|   ap_memory|                          srt_ord_69|         array|
|srt_val_69_address0     |  out|    6|   ap_memory|                          srt_val_69|         array|
|srt_val_69_ce0          |  out|    1|   ap_memory|                          srt_val_69|         array|
|srt_val_69_q0           |   in|  127|   ap_memory|                          srt_val_69|         array|
|srt_ord_84_address0     |  out|    6|   ap_memory|                          srt_ord_84|         array|
|srt_ord_84_ce0          |  out|    1|   ap_memory|                          srt_ord_84|         array|
|srt_ord_84_q0           |   in|    7|   ap_memory|                          srt_ord_84|         array|
|srt_val_84_address0     |  out|    6|   ap_memory|                          srt_val_84|         array|
|srt_val_84_ce0          |  out|    1|   ap_memory|                          srt_val_84|         array|
|srt_val_84_q0           |   in|  127|   ap_memory|                          srt_val_84|         array|
|srt_ord_99_address0     |  out|    6|   ap_memory|                          srt_ord_99|         array|
|srt_ord_99_ce0          |  out|    1|   ap_memory|                          srt_ord_99|         array|
|srt_ord_99_q0           |   in|    9|   ap_memory|                          srt_ord_99|         array|
|srt_val_99_address0     |  out|    6|   ap_memory|                          srt_val_99|         array|
|srt_val_99_ce0          |  out|    1|   ap_memory|                          srt_val_99|         array|
|srt_val_99_q0           |   in|  127|   ap_memory|                          srt_val_99|         array|
|srt_ord_114_address0    |  out|    6|   ap_memory|                         srt_ord_114|         array|
|srt_ord_114_ce0         |  out|    1|   ap_memory|                         srt_ord_114|         array|
|srt_ord_114_q0          |   in|    9|   ap_memory|                         srt_ord_114|         array|
|srt_val_114_address0    |  out|    6|   ap_memory|                         srt_val_114|         array|
|srt_val_114_ce0         |  out|    1|   ap_memory|                         srt_val_114|         array|
|srt_val_114_q0          |   in|  127|   ap_memory|                         srt_val_114|         array|
|srt_ord_129_address0    |  out|    6|   ap_memory|                         srt_ord_129|         array|
|srt_ord_129_ce0         |  out|    1|   ap_memory|                         srt_ord_129|         array|
|srt_ord_129_q0          |   in|    9|   ap_memory|                         srt_ord_129|         array|
|srt_val_129_address0    |  out|    6|   ap_memory|                         srt_val_129|         array|
|srt_val_129_ce0         |  out|    1|   ap_memory|                         srt_val_129|         array|
|srt_val_129_q0          |   in|  127|   ap_memory|                         srt_val_129|         array|
|srt_ord_144_address0    |  out|    6|   ap_memory|                         srt_ord_144|         array|
|srt_ord_144_ce0         |  out|    1|   ap_memory|                         srt_ord_144|         array|
|srt_ord_144_q0          |   in|    9|   ap_memory|                         srt_ord_144|         array|
|srt_val_144_address0    |  out|    6|   ap_memory|                         srt_val_144|         array|
|srt_val_144_ce0         |  out|    1|   ap_memory|                         srt_val_144|         array|
|srt_val_144_q0          |   in|  127|   ap_memory|                         srt_val_144|         array|
|srt_ord_159_address0    |  out|    6|   ap_memory|                         srt_ord_159|         array|
|srt_ord_159_ce0         |  out|    1|   ap_memory|                         srt_ord_159|         array|
|srt_ord_159_q0          |   in|    8|   ap_memory|                         srt_ord_159|         array|
|srt_val_159_address0    |  out|    6|   ap_memory|                         srt_val_159|         array|
|srt_val_159_ce0         |  out|    1|   ap_memory|                         srt_val_159|         array|
|srt_val_159_q0          |   in|  127|   ap_memory|                         srt_val_159|         array|
|srt_ord_174_address0    |  out|    6|   ap_memory|                         srt_ord_174|         array|
|srt_ord_174_ce0         |  out|    1|   ap_memory|                         srt_ord_174|         array|
|srt_ord_174_q0          |   in|    8|   ap_memory|                         srt_ord_174|         array|
|srt_val_174_address0    |  out|    6|   ap_memory|                         srt_val_174|         array|
|srt_val_174_ce0         |  out|    1|   ap_memory|                         srt_val_174|         array|
|srt_val_174_q0          |   in|  127|   ap_memory|                         srt_val_174|         array|
|srt_ord_189_address0    |  out|    6|   ap_memory|                         srt_ord_189|         array|
|srt_ord_189_ce0         |  out|    1|   ap_memory|                         srt_ord_189|         array|
|srt_ord_189_q0          |   in|   10|   ap_memory|                         srt_ord_189|         array|
|srt_val_189_address0    |  out|    6|   ap_memory|                         srt_val_189|         array|
|srt_val_189_ce0         |  out|    1|   ap_memory|                         srt_val_189|         array|
|srt_val_189_q0          |   in|  127|   ap_memory|                         srt_val_189|         array|
|srt_ord_204_address0    |  out|    6|   ap_memory|                         srt_ord_204|         array|
|srt_ord_204_ce0         |  out|    1|   ap_memory|                         srt_ord_204|         array|
|srt_ord_204_q0          |   in|   10|   ap_memory|                         srt_ord_204|         array|
|srt_val_204_address0    |  out|    6|   ap_memory|                         srt_val_204|         array|
|srt_val_204_ce0         |  out|    1|   ap_memory|                         srt_val_204|         array|
|srt_val_204_q0          |   in|  127|   ap_memory|                         srt_val_204|         array|
|srt_ord_219_address0    |  out|    6|   ap_memory|                         srt_ord_219|         array|
|srt_ord_219_ce0         |  out|    1|   ap_memory|                         srt_ord_219|         array|
|srt_ord_219_q0          |   in|   10|   ap_memory|                         srt_ord_219|         array|
|srt_val_219_address0    |  out|    6|   ap_memory|                         srt_val_219|         array|
|srt_val_219_ce0         |  out|    1|   ap_memory|                         srt_val_219|         array|
|srt_val_219_q0          |   in|  127|   ap_memory|                         srt_val_219|         array|
|srt_pres_10_address0    |  out|    6|   ap_memory|                         srt_pres_10|         array|
|srt_pres_10_ce0         |  out|    1|   ap_memory|                         srt_pres_10|         array|
|srt_pres_10_q0          |   in|    1|   ap_memory|                         srt_pres_10|         array|
|srt_pres_25_address0    |  out|    6|   ap_memory|                         srt_pres_25|         array|
|srt_pres_25_ce0         |  out|    1|   ap_memory|                         srt_pres_25|         array|
|srt_pres_25_q0          |   in|    1|   ap_memory|                         srt_pres_25|         array|
|srt_pres_40_address0    |  out|    6|   ap_memory|                         srt_pres_40|         array|
|srt_pres_40_ce0         |  out|    1|   ap_memory|                         srt_pres_40|         array|
|srt_pres_40_q0          |   in|    1|   ap_memory|                         srt_pres_40|         array|
|srt_pres_55_address0    |  out|    6|   ap_memory|                         srt_pres_55|         array|
|srt_pres_55_ce0         |  out|    1|   ap_memory|                         srt_pres_55|         array|
|srt_pres_55_q0          |   in|    1|   ap_memory|                         srt_pres_55|         array|
|srt_pres_70_address0    |  out|    6|   ap_memory|                         srt_pres_70|         array|
|srt_pres_70_ce0         |  out|    1|   ap_memory|                         srt_pres_70|         array|
|srt_pres_70_q0          |   in|    1|   ap_memory|                         srt_pres_70|         array|
|srt_pres_85_address0    |  out|    6|   ap_memory|                         srt_pres_85|         array|
|srt_pres_85_ce0         |  out|    1|   ap_memory|                         srt_pres_85|         array|
|srt_pres_85_q0          |   in|    1|   ap_memory|                         srt_pres_85|         array|
|srt_pres_100_address0   |  out|    6|   ap_memory|                        srt_pres_100|         array|
|srt_pres_100_ce0        |  out|    1|   ap_memory|                        srt_pres_100|         array|
|srt_pres_100_q0         |   in|    1|   ap_memory|                        srt_pres_100|         array|
|srt_pres_115_address0   |  out|    6|   ap_memory|                        srt_pres_115|         array|
|srt_pres_115_ce0        |  out|    1|   ap_memory|                        srt_pres_115|         array|
|srt_pres_115_q0         |   in|    1|   ap_memory|                        srt_pres_115|         array|
|srt_pres_130_address0   |  out|    6|   ap_memory|                        srt_pres_130|         array|
|srt_pres_130_ce0        |  out|    1|   ap_memory|                        srt_pres_130|         array|
|srt_pres_130_q0         |   in|    1|   ap_memory|                        srt_pres_130|         array|
|srt_pres_145_address0   |  out|    6|   ap_memory|                        srt_pres_145|         array|
|srt_pres_145_ce0        |  out|    1|   ap_memory|                        srt_pres_145|         array|
|srt_pres_145_q0         |   in|    1|   ap_memory|                        srt_pres_145|         array|
|srt_pres_160_address0   |  out|    6|   ap_memory|                        srt_pres_160|         array|
|srt_pres_160_ce0        |  out|    1|   ap_memory|                        srt_pres_160|         array|
|srt_pres_160_q0         |   in|    1|   ap_memory|                        srt_pres_160|         array|
|srt_pres_175_address0   |  out|    6|   ap_memory|                        srt_pres_175|         array|
|srt_pres_175_ce0        |  out|    1|   ap_memory|                        srt_pres_175|         array|
|srt_pres_175_q0         |   in|    1|   ap_memory|                        srt_pres_175|         array|
|srt_pres_190_address0   |  out|    6|   ap_memory|                        srt_pres_190|         array|
|srt_pres_190_ce0        |  out|    1|   ap_memory|                        srt_pres_190|         array|
|srt_pres_190_q0         |   in|    1|   ap_memory|                        srt_pres_190|         array|
|srt_pres_205_address0   |  out|    6|   ap_memory|                        srt_pres_205|         array|
|srt_pres_205_ce0        |  out|    1|   ap_memory|                        srt_pres_205|         array|
|srt_pres_205_q0         |   in|    1|   ap_memory|                        srt_pres_205|         array|
|srt_pres_220_address0   |  out|    6|   ap_memory|                        srt_pres_220|         array|
|srt_pres_220_ce0        |  out|    1|   ap_memory|                        srt_pres_220|         array|
|srt_pres_220_q0         |   in|    1|   ap_memory|                        srt_pres_220|         array|
|srt_ord_10_address0     |  out|    6|   ap_memory|                          srt_ord_10|         array|
|srt_ord_10_ce0          |  out|    1|   ap_memory|                          srt_ord_10|         array|
|srt_ord_10_q0           |   in|    6|   ap_memory|                          srt_ord_10|         array|
|srt_val_10_address0     |  out|    6|   ap_memory|                          srt_val_10|         array|
|srt_val_10_ce0          |  out|    1|   ap_memory|                          srt_val_10|         array|
|srt_val_10_q0           |   in|  127|   ap_memory|                          srt_val_10|         array|
|srt_ord_25_address0     |  out|    6|   ap_memory|                          srt_ord_25|         array|
|srt_ord_25_ce0          |  out|    1|   ap_memory|                          srt_ord_25|         array|
|srt_ord_25_q0           |   in|    7|   ap_memory|                          srt_ord_25|         array|
|srt_val_25_address0     |  out|    6|   ap_memory|                          srt_val_25|         array|
|srt_val_25_ce0          |  out|    1|   ap_memory|                          srt_val_25|         array|
|srt_val_25_q0           |   in|  127|   ap_memory|                          srt_val_25|         array|
|srt_ord_40_address0     |  out|    6|   ap_memory|                          srt_ord_40|         array|
|srt_ord_40_ce0          |  out|    1|   ap_memory|                          srt_ord_40|         array|
|srt_ord_40_q0           |   in|    7|   ap_memory|                          srt_ord_40|         array|
|srt_val_40_address0     |  out|    6|   ap_memory|                          srt_val_40|         array|
|srt_val_40_ce0          |  out|    1|   ap_memory|                          srt_val_40|         array|
|srt_val_40_q0           |   in|  127|   ap_memory|                          srt_val_40|         array|
|srt_ord_55_address0     |  out|    6|   ap_memory|                          srt_ord_55|         array|
|srt_ord_55_ce0          |  out|    1|   ap_memory|                          srt_ord_55|         array|
|srt_ord_55_q0           |   in|    8|   ap_memory|                          srt_ord_55|         array|
|srt_val_55_address0     |  out|    6|   ap_memory|                          srt_val_55|         array|
|srt_val_55_ce0          |  out|    1|   ap_memory|                          srt_val_55|         array|
|srt_val_55_q0           |   in|  127|   ap_memory|                          srt_val_55|         array|
|srt_ord_70_address0     |  out|    6|   ap_memory|                          srt_ord_70|         array|
|srt_ord_70_ce0          |  out|    1|   ap_memory|                          srt_ord_70|         array|
|srt_ord_70_q0           |   in|    8|   ap_memory|                          srt_ord_70|         array|
|srt_val_70_address0     |  out|    6|   ap_memory|                          srt_val_70|         array|
|srt_val_70_ce0          |  out|    1|   ap_memory|                          srt_val_70|         array|
|srt_val_70_q0           |   in|  127|   ap_memory|                          srt_val_70|         array|
|srt_ord_85_address0     |  out|    6|   ap_memory|                          srt_ord_85|         array|
|srt_ord_85_ce0          |  out|    1|   ap_memory|                          srt_ord_85|         array|
|srt_ord_85_q0           |   in|    7|   ap_memory|                          srt_ord_85|         array|
|srt_val_85_address0     |  out|    6|   ap_memory|                          srt_val_85|         array|
|srt_val_85_ce0          |  out|    1|   ap_memory|                          srt_val_85|         array|
|srt_val_85_q0           |   in|  127|   ap_memory|                          srt_val_85|         array|
|srt_ord_100_address0    |  out|    6|   ap_memory|                         srt_ord_100|         array|
|srt_ord_100_ce0         |  out|    1|   ap_memory|                         srt_ord_100|         array|
|srt_ord_100_q0          |   in|    9|   ap_memory|                         srt_ord_100|         array|
|srt_val_100_address0    |  out|    6|   ap_memory|                         srt_val_100|         array|
|srt_val_100_ce0         |  out|    1|   ap_memory|                         srt_val_100|         array|
|srt_val_100_q0          |   in|  127|   ap_memory|                         srt_val_100|         array|
|srt_ord_115_address0    |  out|    6|   ap_memory|                         srt_ord_115|         array|
|srt_ord_115_ce0         |  out|    1|   ap_memory|                         srt_ord_115|         array|
|srt_ord_115_q0          |   in|    9|   ap_memory|                         srt_ord_115|         array|
|srt_val_115_address0    |  out|    6|   ap_memory|                         srt_val_115|         array|
|srt_val_115_ce0         |  out|    1|   ap_memory|                         srt_val_115|         array|
|srt_val_115_q0          |   in|  127|   ap_memory|                         srt_val_115|         array|
|srt_ord_130_address0    |  out|    6|   ap_memory|                         srt_ord_130|         array|
|srt_ord_130_ce0         |  out|    1|   ap_memory|                         srt_ord_130|         array|
|srt_ord_130_q0          |   in|    9|   ap_memory|                         srt_ord_130|         array|
|srt_val_130_address0    |  out|    6|   ap_memory|                         srt_val_130|         array|
|srt_val_130_ce0         |  out|    1|   ap_memory|                         srt_val_130|         array|
|srt_val_130_q0          |   in|  127|   ap_memory|                         srt_val_130|         array|
|srt_ord_145_address0    |  out|    6|   ap_memory|                         srt_ord_145|         array|
|srt_ord_145_ce0         |  out|    1|   ap_memory|                         srt_ord_145|         array|
|srt_ord_145_q0          |   in|    9|   ap_memory|                         srt_ord_145|         array|
|srt_val_145_address0    |  out|    6|   ap_memory|                         srt_val_145|         array|
|srt_val_145_ce0         |  out|    1|   ap_memory|                         srt_val_145|         array|
|srt_val_145_q0          |   in|  127|   ap_memory|                         srt_val_145|         array|
|srt_ord_160_address0    |  out|    6|   ap_memory|                         srt_ord_160|         array|
|srt_ord_160_ce0         |  out|    1|   ap_memory|                         srt_ord_160|         array|
|srt_ord_160_q0          |   in|    8|   ap_memory|                         srt_ord_160|         array|
|srt_val_160_address0    |  out|    6|   ap_memory|                         srt_val_160|         array|
|srt_val_160_ce0         |  out|    1|   ap_memory|                         srt_val_160|         array|
|srt_val_160_q0          |   in|  127|   ap_memory|                         srt_val_160|         array|
|srt_ord_175_address0    |  out|    6|   ap_memory|                         srt_ord_175|         array|
|srt_ord_175_ce0         |  out|    1|   ap_memory|                         srt_ord_175|         array|
|srt_ord_175_q0          |   in|    8|   ap_memory|                         srt_ord_175|         array|
|srt_val_175_address0    |  out|    6|   ap_memory|                         srt_val_175|         array|
|srt_val_175_ce0         |  out|    1|   ap_memory|                         srt_val_175|         array|
|srt_val_175_q0          |   in|  127|   ap_memory|                         srt_val_175|         array|
|srt_ord_190_address0    |  out|    6|   ap_memory|                         srt_ord_190|         array|
|srt_ord_190_ce0         |  out|    1|   ap_memory|                         srt_ord_190|         array|
|srt_ord_190_q0          |   in|   10|   ap_memory|                         srt_ord_190|         array|
|srt_val_190_address0    |  out|    6|   ap_memory|                         srt_val_190|         array|
|srt_val_190_ce0         |  out|    1|   ap_memory|                         srt_val_190|         array|
|srt_val_190_q0          |   in|  127|   ap_memory|                         srt_val_190|         array|
|srt_ord_205_address0    |  out|    6|   ap_memory|                         srt_ord_205|         array|
|srt_ord_205_ce0         |  out|    1|   ap_memory|                         srt_ord_205|         array|
|srt_ord_205_q0          |   in|   10|   ap_memory|                         srt_ord_205|         array|
|srt_val_205_address0    |  out|    6|   ap_memory|                         srt_val_205|         array|
|srt_val_205_ce0         |  out|    1|   ap_memory|                         srt_val_205|         array|
|srt_val_205_q0          |   in|  127|   ap_memory|                         srt_val_205|         array|
|srt_ord_220_address0    |  out|    6|   ap_memory|                         srt_ord_220|         array|
|srt_ord_220_ce0         |  out|    1|   ap_memory|                         srt_ord_220|         array|
|srt_ord_220_q0          |   in|   10|   ap_memory|                         srt_ord_220|         array|
|srt_val_220_address0    |  out|    6|   ap_memory|                         srt_val_220|         array|
|srt_val_220_ce0         |  out|    1|   ap_memory|                         srt_val_220|         array|
|srt_val_220_q0          |   in|  127|   ap_memory|                         srt_val_220|         array|
|srt_pres_11_address0    |  out|    6|   ap_memory|                         srt_pres_11|         array|
|srt_pres_11_ce0         |  out|    1|   ap_memory|                         srt_pres_11|         array|
|srt_pres_11_q0          |   in|    1|   ap_memory|                         srt_pres_11|         array|
|srt_pres_26_address0    |  out|    6|   ap_memory|                         srt_pres_26|         array|
|srt_pres_26_ce0         |  out|    1|   ap_memory|                         srt_pres_26|         array|
|srt_pres_26_q0          |   in|    1|   ap_memory|                         srt_pres_26|         array|
|srt_pres_41_address0    |  out|    6|   ap_memory|                         srt_pres_41|         array|
|srt_pres_41_ce0         |  out|    1|   ap_memory|                         srt_pres_41|         array|
|srt_pres_41_q0          |   in|    1|   ap_memory|                         srt_pres_41|         array|
|srt_pres_56_address0    |  out|    6|   ap_memory|                         srt_pres_56|         array|
|srt_pres_56_ce0         |  out|    1|   ap_memory|                         srt_pres_56|         array|
|srt_pres_56_q0          |   in|    1|   ap_memory|                         srt_pres_56|         array|
|srt_pres_71_address0    |  out|    6|   ap_memory|                         srt_pres_71|         array|
|srt_pres_71_ce0         |  out|    1|   ap_memory|                         srt_pres_71|         array|
|srt_pres_71_q0          |   in|    1|   ap_memory|                         srt_pres_71|         array|
|srt_pres_86_address0    |  out|    6|   ap_memory|                         srt_pres_86|         array|
|srt_pres_86_ce0         |  out|    1|   ap_memory|                         srt_pres_86|         array|
|srt_pres_86_q0          |   in|    1|   ap_memory|                         srt_pres_86|         array|
|srt_pres_101_address0   |  out|    6|   ap_memory|                        srt_pres_101|         array|
|srt_pres_101_ce0        |  out|    1|   ap_memory|                        srt_pres_101|         array|
|srt_pres_101_q0         |   in|    1|   ap_memory|                        srt_pres_101|         array|
|srt_pres_116_address0   |  out|    6|   ap_memory|                        srt_pres_116|         array|
|srt_pres_116_ce0        |  out|    1|   ap_memory|                        srt_pres_116|         array|
|srt_pres_116_q0         |   in|    1|   ap_memory|                        srt_pres_116|         array|
|srt_pres_131_address0   |  out|    6|   ap_memory|                        srt_pres_131|         array|
|srt_pres_131_ce0        |  out|    1|   ap_memory|                        srt_pres_131|         array|
|srt_pres_131_q0         |   in|    1|   ap_memory|                        srt_pres_131|         array|
|srt_pres_146_address0   |  out|    6|   ap_memory|                        srt_pres_146|         array|
|srt_pres_146_ce0        |  out|    1|   ap_memory|                        srt_pres_146|         array|
|srt_pres_146_q0         |   in|    1|   ap_memory|                        srt_pres_146|         array|
|srt_pres_161_address0   |  out|    6|   ap_memory|                        srt_pres_161|         array|
|srt_pres_161_ce0        |  out|    1|   ap_memory|                        srt_pres_161|         array|
|srt_pres_161_q0         |   in|    1|   ap_memory|                        srt_pres_161|         array|
|srt_pres_176_address0   |  out|    6|   ap_memory|                        srt_pres_176|         array|
|srt_pres_176_ce0        |  out|    1|   ap_memory|                        srt_pres_176|         array|
|srt_pres_176_q0         |   in|    1|   ap_memory|                        srt_pres_176|         array|
|srt_pres_191_address0   |  out|    6|   ap_memory|                        srt_pres_191|         array|
|srt_pres_191_ce0        |  out|    1|   ap_memory|                        srt_pres_191|         array|
|srt_pres_191_q0         |   in|    1|   ap_memory|                        srt_pres_191|         array|
|srt_pres_206_address0   |  out|    6|   ap_memory|                        srt_pres_206|         array|
|srt_pres_206_ce0        |  out|    1|   ap_memory|                        srt_pres_206|         array|
|srt_pres_206_q0         |   in|    1|   ap_memory|                        srt_pres_206|         array|
|srt_pres_221_address0   |  out|    6|   ap_memory|                        srt_pres_221|         array|
|srt_pres_221_ce0        |  out|    1|   ap_memory|                        srt_pres_221|         array|
|srt_pres_221_q0         |   in|    1|   ap_memory|                        srt_pres_221|         array|
|srt_ord_11_address0     |  out|    6|   ap_memory|                          srt_ord_11|         array|
|srt_ord_11_ce0          |  out|    1|   ap_memory|                          srt_ord_11|         array|
|srt_ord_11_q0           |   in|    6|   ap_memory|                          srt_ord_11|         array|
|srt_val_11_address0     |  out|    6|   ap_memory|                          srt_val_11|         array|
|srt_val_11_ce0          |  out|    1|   ap_memory|                          srt_val_11|         array|
|srt_val_11_q0           |   in|  127|   ap_memory|                          srt_val_11|         array|
|srt_ord_26_address0     |  out|    6|   ap_memory|                          srt_ord_26|         array|
|srt_ord_26_ce0          |  out|    1|   ap_memory|                          srt_ord_26|         array|
|srt_ord_26_q0           |   in|    7|   ap_memory|                          srt_ord_26|         array|
|srt_val_26_address0     |  out|    6|   ap_memory|                          srt_val_26|         array|
|srt_val_26_ce0          |  out|    1|   ap_memory|                          srt_val_26|         array|
|srt_val_26_q0           |   in|  127|   ap_memory|                          srt_val_26|         array|
|srt_ord_41_address0     |  out|    6|   ap_memory|                          srt_ord_41|         array|
|srt_ord_41_ce0          |  out|    1|   ap_memory|                          srt_ord_41|         array|
|srt_ord_41_q0           |   in|    7|   ap_memory|                          srt_ord_41|         array|
|srt_val_41_address0     |  out|    6|   ap_memory|                          srt_val_41|         array|
|srt_val_41_ce0          |  out|    1|   ap_memory|                          srt_val_41|         array|
|srt_val_41_q0           |   in|  127|   ap_memory|                          srt_val_41|         array|
|srt_ord_56_address0     |  out|    6|   ap_memory|                          srt_ord_56|         array|
|srt_ord_56_ce0          |  out|    1|   ap_memory|                          srt_ord_56|         array|
|srt_ord_56_q0           |   in|    8|   ap_memory|                          srt_ord_56|         array|
|srt_val_56_address0     |  out|    6|   ap_memory|                          srt_val_56|         array|
|srt_val_56_ce0          |  out|    1|   ap_memory|                          srt_val_56|         array|
|srt_val_56_q0           |   in|  127|   ap_memory|                          srt_val_56|         array|
|srt_ord_71_address0     |  out|    6|   ap_memory|                          srt_ord_71|         array|
|srt_ord_71_ce0          |  out|    1|   ap_memory|                          srt_ord_71|         array|
|srt_ord_71_q0           |   in|    8|   ap_memory|                          srt_ord_71|         array|
|srt_val_71_address0     |  out|    6|   ap_memory|                          srt_val_71|         array|
|srt_val_71_ce0          |  out|    1|   ap_memory|                          srt_val_71|         array|
|srt_val_71_q0           |   in|  127|   ap_memory|                          srt_val_71|         array|
|srt_ord_86_address0     |  out|    6|   ap_memory|                          srt_ord_86|         array|
|srt_ord_86_ce0          |  out|    1|   ap_memory|                          srt_ord_86|         array|
|srt_ord_86_q0           |   in|    7|   ap_memory|                          srt_ord_86|         array|
|srt_val_86_address0     |  out|    6|   ap_memory|                          srt_val_86|         array|
|srt_val_86_ce0          |  out|    1|   ap_memory|                          srt_val_86|         array|
|srt_val_86_q0           |   in|  127|   ap_memory|                          srt_val_86|         array|
|srt_ord_101_address0    |  out|    6|   ap_memory|                         srt_ord_101|         array|
|srt_ord_101_ce0         |  out|    1|   ap_memory|                         srt_ord_101|         array|
|srt_ord_101_q0          |   in|    9|   ap_memory|                         srt_ord_101|         array|
|srt_val_101_address0    |  out|    6|   ap_memory|                         srt_val_101|         array|
|srt_val_101_ce0         |  out|    1|   ap_memory|                         srt_val_101|         array|
|srt_val_101_q0          |   in|  127|   ap_memory|                         srt_val_101|         array|
|srt_ord_116_address0    |  out|    6|   ap_memory|                         srt_ord_116|         array|
|srt_ord_116_ce0         |  out|    1|   ap_memory|                         srt_ord_116|         array|
|srt_ord_116_q0          |   in|    9|   ap_memory|                         srt_ord_116|         array|
|srt_val_116_address0    |  out|    6|   ap_memory|                         srt_val_116|         array|
|srt_val_116_ce0         |  out|    1|   ap_memory|                         srt_val_116|         array|
|srt_val_116_q0          |   in|  127|   ap_memory|                         srt_val_116|         array|
|srt_ord_131_address0    |  out|    6|   ap_memory|                         srt_ord_131|         array|
|srt_ord_131_ce0         |  out|    1|   ap_memory|                         srt_ord_131|         array|
|srt_ord_131_q0          |   in|    9|   ap_memory|                         srt_ord_131|         array|
|srt_val_131_address0    |  out|    6|   ap_memory|                         srt_val_131|         array|
|srt_val_131_ce0         |  out|    1|   ap_memory|                         srt_val_131|         array|
|srt_val_131_q0          |   in|  127|   ap_memory|                         srt_val_131|         array|
|srt_ord_146_address0    |  out|    6|   ap_memory|                         srt_ord_146|         array|
|srt_ord_146_ce0         |  out|    1|   ap_memory|                         srt_ord_146|         array|
|srt_ord_146_q0          |   in|    9|   ap_memory|                         srt_ord_146|         array|
|srt_val_146_address0    |  out|    6|   ap_memory|                         srt_val_146|         array|
|srt_val_146_ce0         |  out|    1|   ap_memory|                         srt_val_146|         array|
|srt_val_146_q0          |   in|  127|   ap_memory|                         srt_val_146|         array|
|srt_ord_161_address0    |  out|    6|   ap_memory|                         srt_ord_161|         array|
|srt_ord_161_ce0         |  out|    1|   ap_memory|                         srt_ord_161|         array|
|srt_ord_161_q0          |   in|    8|   ap_memory|                         srt_ord_161|         array|
|srt_val_161_address0    |  out|    6|   ap_memory|                         srt_val_161|         array|
|srt_val_161_ce0         |  out|    1|   ap_memory|                         srt_val_161|         array|
|srt_val_161_q0          |   in|  127|   ap_memory|                         srt_val_161|         array|
|srt_ord_176_address0    |  out|    6|   ap_memory|                         srt_ord_176|         array|
|srt_ord_176_ce0         |  out|    1|   ap_memory|                         srt_ord_176|         array|
|srt_ord_176_q0          |   in|    8|   ap_memory|                         srt_ord_176|         array|
|srt_val_176_address0    |  out|    6|   ap_memory|                         srt_val_176|         array|
|srt_val_176_ce0         |  out|    1|   ap_memory|                         srt_val_176|         array|
|srt_val_176_q0          |   in|  127|   ap_memory|                         srt_val_176|         array|
|srt_ord_191_address0    |  out|    6|   ap_memory|                         srt_ord_191|         array|
|srt_ord_191_ce0         |  out|    1|   ap_memory|                         srt_ord_191|         array|
|srt_ord_191_q0          |   in|   10|   ap_memory|                         srt_ord_191|         array|
|srt_val_191_address0    |  out|    6|   ap_memory|                         srt_val_191|         array|
|srt_val_191_ce0         |  out|    1|   ap_memory|                         srt_val_191|         array|
|srt_val_191_q0          |   in|  127|   ap_memory|                         srt_val_191|         array|
|srt_ord_206_address0    |  out|    6|   ap_memory|                         srt_ord_206|         array|
|srt_ord_206_ce0         |  out|    1|   ap_memory|                         srt_ord_206|         array|
|srt_ord_206_q0          |   in|   10|   ap_memory|                         srt_ord_206|         array|
|srt_val_206_address0    |  out|    6|   ap_memory|                         srt_val_206|         array|
|srt_val_206_ce0         |  out|    1|   ap_memory|                         srt_val_206|         array|
|srt_val_206_q0          |   in|  127|   ap_memory|                         srt_val_206|         array|
|srt_ord_221_address0    |  out|    6|   ap_memory|                         srt_ord_221|         array|
|srt_ord_221_ce0         |  out|    1|   ap_memory|                         srt_ord_221|         array|
|srt_ord_221_q0          |   in|   10|   ap_memory|                         srt_ord_221|         array|
|srt_val_221_address0    |  out|    6|   ap_memory|                         srt_val_221|         array|
|srt_val_221_ce0         |  out|    1|   ap_memory|                         srt_val_221|         array|
|srt_val_221_q0          |   in|  127|   ap_memory|                         srt_val_221|         array|
|srt_pres_12_address0    |  out|    6|   ap_memory|                         srt_pres_12|         array|
|srt_pres_12_ce0         |  out|    1|   ap_memory|                         srt_pres_12|         array|
|srt_pres_12_q0          |   in|    1|   ap_memory|                         srt_pres_12|         array|
|srt_pres_27_address0    |  out|    6|   ap_memory|                         srt_pres_27|         array|
|srt_pres_27_ce0         |  out|    1|   ap_memory|                         srt_pres_27|         array|
|srt_pres_27_q0          |   in|    1|   ap_memory|                         srt_pres_27|         array|
|srt_pres_42_address0    |  out|    6|   ap_memory|                         srt_pres_42|         array|
|srt_pres_42_ce0         |  out|    1|   ap_memory|                         srt_pres_42|         array|
|srt_pres_42_q0          |   in|    1|   ap_memory|                         srt_pres_42|         array|
|srt_pres_57_address0    |  out|    6|   ap_memory|                         srt_pres_57|         array|
|srt_pres_57_ce0         |  out|    1|   ap_memory|                         srt_pres_57|         array|
|srt_pres_57_q0          |   in|    1|   ap_memory|                         srt_pres_57|         array|
|srt_pres_72_address0    |  out|    6|   ap_memory|                         srt_pres_72|         array|
|srt_pres_72_ce0         |  out|    1|   ap_memory|                         srt_pres_72|         array|
|srt_pres_72_q0          |   in|    1|   ap_memory|                         srt_pres_72|         array|
|srt_pres_87_address0    |  out|    6|   ap_memory|                         srt_pres_87|         array|
|srt_pres_87_ce0         |  out|    1|   ap_memory|                         srt_pres_87|         array|
|srt_pres_87_q0          |   in|    1|   ap_memory|                         srt_pres_87|         array|
|srt_pres_102_address0   |  out|    6|   ap_memory|                        srt_pres_102|         array|
|srt_pres_102_ce0        |  out|    1|   ap_memory|                        srt_pres_102|         array|
|srt_pres_102_q0         |   in|    1|   ap_memory|                        srt_pres_102|         array|
|srt_pres_117_address0   |  out|    6|   ap_memory|                        srt_pres_117|         array|
|srt_pres_117_ce0        |  out|    1|   ap_memory|                        srt_pres_117|         array|
|srt_pres_117_q0         |   in|    1|   ap_memory|                        srt_pres_117|         array|
|srt_pres_132_address0   |  out|    6|   ap_memory|                        srt_pres_132|         array|
|srt_pres_132_ce0        |  out|    1|   ap_memory|                        srt_pres_132|         array|
|srt_pres_132_q0         |   in|    1|   ap_memory|                        srt_pres_132|         array|
|srt_pres_147_address0   |  out|    6|   ap_memory|                        srt_pres_147|         array|
|srt_pres_147_ce0        |  out|    1|   ap_memory|                        srt_pres_147|         array|
|srt_pres_147_q0         |   in|    1|   ap_memory|                        srt_pres_147|         array|
|srt_pres_162_address0   |  out|    6|   ap_memory|                        srt_pres_162|         array|
|srt_pres_162_ce0        |  out|    1|   ap_memory|                        srt_pres_162|         array|
|srt_pres_162_q0         |   in|    1|   ap_memory|                        srt_pres_162|         array|
|srt_pres_177_address0   |  out|    6|   ap_memory|                        srt_pres_177|         array|
|srt_pres_177_ce0        |  out|    1|   ap_memory|                        srt_pres_177|         array|
|srt_pres_177_q0         |   in|    1|   ap_memory|                        srt_pres_177|         array|
|srt_pres_192_address0   |  out|    6|   ap_memory|                        srt_pres_192|         array|
|srt_pres_192_ce0        |  out|    1|   ap_memory|                        srt_pres_192|         array|
|srt_pres_192_q0         |   in|    1|   ap_memory|                        srt_pres_192|         array|
|srt_pres_207_address0   |  out|    6|   ap_memory|                        srt_pres_207|         array|
|srt_pres_207_ce0        |  out|    1|   ap_memory|                        srt_pres_207|         array|
|srt_pres_207_q0         |   in|    1|   ap_memory|                        srt_pres_207|         array|
|srt_pres_222_address0   |  out|    6|   ap_memory|                        srt_pres_222|         array|
|srt_pres_222_ce0        |  out|    1|   ap_memory|                        srt_pres_222|         array|
|srt_pres_222_q0         |   in|    1|   ap_memory|                        srt_pres_222|         array|
|srt_ord_12_address0     |  out|    6|   ap_memory|                          srt_ord_12|         array|
|srt_ord_12_ce0          |  out|    1|   ap_memory|                          srt_ord_12|         array|
|srt_ord_12_q0           |   in|    6|   ap_memory|                          srt_ord_12|         array|
|srt_val_12_address0     |  out|    6|   ap_memory|                          srt_val_12|         array|
|srt_val_12_ce0          |  out|    1|   ap_memory|                          srt_val_12|         array|
|srt_val_12_q0           |   in|  127|   ap_memory|                          srt_val_12|         array|
|srt_ord_27_address0     |  out|    6|   ap_memory|                          srt_ord_27|         array|
|srt_ord_27_ce0          |  out|    1|   ap_memory|                          srt_ord_27|         array|
|srt_ord_27_q0           |   in|    7|   ap_memory|                          srt_ord_27|         array|
|srt_val_27_address0     |  out|    6|   ap_memory|                          srt_val_27|         array|
|srt_val_27_ce0          |  out|    1|   ap_memory|                          srt_val_27|         array|
|srt_val_27_q0           |   in|  127|   ap_memory|                          srt_val_27|         array|
|srt_ord_42_address0     |  out|    6|   ap_memory|                          srt_ord_42|         array|
|srt_ord_42_ce0          |  out|    1|   ap_memory|                          srt_ord_42|         array|
|srt_ord_42_q0           |   in|    7|   ap_memory|                          srt_ord_42|         array|
|srt_val_42_address0     |  out|    6|   ap_memory|                          srt_val_42|         array|
|srt_val_42_ce0          |  out|    1|   ap_memory|                          srt_val_42|         array|
|srt_val_42_q0           |   in|  127|   ap_memory|                          srt_val_42|         array|
|srt_ord_57_address0     |  out|    6|   ap_memory|                          srt_ord_57|         array|
|srt_ord_57_ce0          |  out|    1|   ap_memory|                          srt_ord_57|         array|
|srt_ord_57_q0           |   in|    8|   ap_memory|                          srt_ord_57|         array|
|srt_val_57_address0     |  out|    6|   ap_memory|                          srt_val_57|         array|
|srt_val_57_ce0          |  out|    1|   ap_memory|                          srt_val_57|         array|
|srt_val_57_q0           |   in|  127|   ap_memory|                          srt_val_57|         array|
|srt_ord_72_address0     |  out|    6|   ap_memory|                          srt_ord_72|         array|
|srt_ord_72_ce0          |  out|    1|   ap_memory|                          srt_ord_72|         array|
|srt_ord_72_q0           |   in|    8|   ap_memory|                          srt_ord_72|         array|
|srt_val_72_address0     |  out|    6|   ap_memory|                          srt_val_72|         array|
|srt_val_72_ce0          |  out|    1|   ap_memory|                          srt_val_72|         array|
|srt_val_72_q0           |   in|  127|   ap_memory|                          srt_val_72|         array|
|srt_ord_87_address0     |  out|    6|   ap_memory|                          srt_ord_87|         array|
|srt_ord_87_ce0          |  out|    1|   ap_memory|                          srt_ord_87|         array|
|srt_ord_87_q0           |   in|    7|   ap_memory|                          srt_ord_87|         array|
|srt_val_87_address0     |  out|    6|   ap_memory|                          srt_val_87|         array|
|srt_val_87_ce0          |  out|    1|   ap_memory|                          srt_val_87|         array|
|srt_val_87_q0           |   in|  127|   ap_memory|                          srt_val_87|         array|
|srt_ord_102_address0    |  out|    6|   ap_memory|                         srt_ord_102|         array|
|srt_ord_102_ce0         |  out|    1|   ap_memory|                         srt_ord_102|         array|
|srt_ord_102_q0          |   in|    9|   ap_memory|                         srt_ord_102|         array|
|srt_val_102_address0    |  out|    6|   ap_memory|                         srt_val_102|         array|
|srt_val_102_ce0         |  out|    1|   ap_memory|                         srt_val_102|         array|
|srt_val_102_q0          |   in|  127|   ap_memory|                         srt_val_102|         array|
|srt_ord_117_address0    |  out|    6|   ap_memory|                         srt_ord_117|         array|
|srt_ord_117_ce0         |  out|    1|   ap_memory|                         srt_ord_117|         array|
|srt_ord_117_q0          |   in|    9|   ap_memory|                         srt_ord_117|         array|
|srt_val_117_address0    |  out|    6|   ap_memory|                         srt_val_117|         array|
|srt_val_117_ce0         |  out|    1|   ap_memory|                         srt_val_117|         array|
|srt_val_117_q0          |   in|  127|   ap_memory|                         srt_val_117|         array|
|srt_ord_132_address0    |  out|    6|   ap_memory|                         srt_ord_132|         array|
|srt_ord_132_ce0         |  out|    1|   ap_memory|                         srt_ord_132|         array|
|srt_ord_132_q0          |   in|    9|   ap_memory|                         srt_ord_132|         array|
|srt_val_132_address0    |  out|    6|   ap_memory|                         srt_val_132|         array|
|srt_val_132_ce0         |  out|    1|   ap_memory|                         srt_val_132|         array|
|srt_val_132_q0          |   in|  127|   ap_memory|                         srt_val_132|         array|
|srt_ord_147_address0    |  out|    6|   ap_memory|                         srt_ord_147|         array|
|srt_ord_147_ce0         |  out|    1|   ap_memory|                         srt_ord_147|         array|
|srt_ord_147_q0          |   in|    9|   ap_memory|                         srt_ord_147|         array|
|srt_val_147_address0    |  out|    6|   ap_memory|                         srt_val_147|         array|
|srt_val_147_ce0         |  out|    1|   ap_memory|                         srt_val_147|         array|
|srt_val_147_q0          |   in|  127|   ap_memory|                         srt_val_147|         array|
|srt_ord_162_address0    |  out|    6|   ap_memory|                         srt_ord_162|         array|
|srt_ord_162_ce0         |  out|    1|   ap_memory|                         srt_ord_162|         array|
|srt_ord_162_q0          |   in|    8|   ap_memory|                         srt_ord_162|         array|
|srt_val_162_address0    |  out|    6|   ap_memory|                         srt_val_162|         array|
|srt_val_162_ce0         |  out|    1|   ap_memory|                         srt_val_162|         array|
|srt_val_162_q0          |   in|  127|   ap_memory|                         srt_val_162|         array|
|srt_ord_177_address0    |  out|    6|   ap_memory|                         srt_ord_177|         array|
|srt_ord_177_ce0         |  out|    1|   ap_memory|                         srt_ord_177|         array|
|srt_ord_177_q0          |   in|    8|   ap_memory|                         srt_ord_177|         array|
|srt_val_177_address0    |  out|    6|   ap_memory|                         srt_val_177|         array|
|srt_val_177_ce0         |  out|    1|   ap_memory|                         srt_val_177|         array|
|srt_val_177_q0          |   in|  127|   ap_memory|                         srt_val_177|         array|
|srt_ord_192_address0    |  out|    6|   ap_memory|                         srt_ord_192|         array|
|srt_ord_192_ce0         |  out|    1|   ap_memory|                         srt_ord_192|         array|
|srt_ord_192_q0          |   in|   10|   ap_memory|                         srt_ord_192|         array|
|srt_val_192_address0    |  out|    6|   ap_memory|                         srt_val_192|         array|
|srt_val_192_ce0         |  out|    1|   ap_memory|                         srt_val_192|         array|
|srt_val_192_q0          |   in|  127|   ap_memory|                         srt_val_192|         array|
|srt_ord_207_address0    |  out|    6|   ap_memory|                         srt_ord_207|         array|
|srt_ord_207_ce0         |  out|    1|   ap_memory|                         srt_ord_207|         array|
|srt_ord_207_q0          |   in|   10|   ap_memory|                         srt_ord_207|         array|
|srt_val_207_address0    |  out|    6|   ap_memory|                         srt_val_207|         array|
|srt_val_207_ce0         |  out|    1|   ap_memory|                         srt_val_207|         array|
|srt_val_207_q0          |   in|  127|   ap_memory|                         srt_val_207|         array|
|srt_ord_222_address0    |  out|    6|   ap_memory|                         srt_ord_222|         array|
|srt_ord_222_ce0         |  out|    1|   ap_memory|                         srt_ord_222|         array|
|srt_ord_222_q0          |   in|   10|   ap_memory|                         srt_ord_222|         array|
|srt_val_222_address0    |  out|    6|   ap_memory|                         srt_val_222|         array|
|srt_val_222_ce0         |  out|    1|   ap_memory|                         srt_val_222|         array|
|srt_val_222_q0          |   in|  127|   ap_memory|                         srt_val_222|         array|
|srt_pres_13_address0    |  out|    6|   ap_memory|                         srt_pres_13|         array|
|srt_pres_13_ce0         |  out|    1|   ap_memory|                         srt_pres_13|         array|
|srt_pres_13_q0          |   in|    1|   ap_memory|                         srt_pres_13|         array|
|srt_pres_28_address0    |  out|    6|   ap_memory|                         srt_pres_28|         array|
|srt_pres_28_ce0         |  out|    1|   ap_memory|                         srt_pres_28|         array|
|srt_pres_28_q0          |   in|    1|   ap_memory|                         srt_pres_28|         array|
|srt_pres_43_address0    |  out|    6|   ap_memory|                         srt_pres_43|         array|
|srt_pres_43_ce0         |  out|    1|   ap_memory|                         srt_pres_43|         array|
|srt_pres_43_q0          |   in|    1|   ap_memory|                         srt_pres_43|         array|
|srt_pres_58_address0    |  out|    6|   ap_memory|                         srt_pres_58|         array|
|srt_pres_58_ce0         |  out|    1|   ap_memory|                         srt_pres_58|         array|
|srt_pres_58_q0          |   in|    1|   ap_memory|                         srt_pres_58|         array|
|srt_pres_73_address0    |  out|    6|   ap_memory|                         srt_pres_73|         array|
|srt_pres_73_ce0         |  out|    1|   ap_memory|                         srt_pres_73|         array|
|srt_pres_73_q0          |   in|    1|   ap_memory|                         srt_pres_73|         array|
|srt_pres_88_address0    |  out|    6|   ap_memory|                         srt_pres_88|         array|
|srt_pres_88_ce0         |  out|    1|   ap_memory|                         srt_pres_88|         array|
|srt_pres_88_q0          |   in|    1|   ap_memory|                         srt_pres_88|         array|
|srt_pres_103_address0   |  out|    6|   ap_memory|                        srt_pres_103|         array|
|srt_pres_103_ce0        |  out|    1|   ap_memory|                        srt_pres_103|         array|
|srt_pres_103_q0         |   in|    1|   ap_memory|                        srt_pres_103|         array|
|srt_pres_118_address0   |  out|    6|   ap_memory|                        srt_pres_118|         array|
|srt_pres_118_ce0        |  out|    1|   ap_memory|                        srt_pres_118|         array|
|srt_pres_118_q0         |   in|    1|   ap_memory|                        srt_pres_118|         array|
|srt_pres_133_address0   |  out|    6|   ap_memory|                        srt_pres_133|         array|
|srt_pres_133_ce0        |  out|    1|   ap_memory|                        srt_pres_133|         array|
|srt_pres_133_q0         |   in|    1|   ap_memory|                        srt_pres_133|         array|
|srt_pres_148_address0   |  out|    6|   ap_memory|                        srt_pres_148|         array|
|srt_pres_148_ce0        |  out|    1|   ap_memory|                        srt_pres_148|         array|
|srt_pres_148_q0         |   in|    1|   ap_memory|                        srt_pres_148|         array|
|srt_pres_163_address0   |  out|    6|   ap_memory|                        srt_pres_163|         array|
|srt_pres_163_ce0        |  out|    1|   ap_memory|                        srt_pres_163|         array|
|srt_pres_163_q0         |   in|    1|   ap_memory|                        srt_pres_163|         array|
|srt_pres_178_address0   |  out|    6|   ap_memory|                        srt_pres_178|         array|
|srt_pres_178_ce0        |  out|    1|   ap_memory|                        srt_pres_178|         array|
|srt_pres_178_q0         |   in|    1|   ap_memory|                        srt_pres_178|         array|
|srt_pres_193_address0   |  out|    6|   ap_memory|                        srt_pres_193|         array|
|srt_pres_193_ce0        |  out|    1|   ap_memory|                        srt_pres_193|         array|
|srt_pres_193_q0         |   in|    1|   ap_memory|                        srt_pres_193|         array|
|srt_pres_208_address0   |  out|    6|   ap_memory|                        srt_pres_208|         array|
|srt_pres_208_ce0        |  out|    1|   ap_memory|                        srt_pres_208|         array|
|srt_pres_208_q0         |   in|    1|   ap_memory|                        srt_pres_208|         array|
|srt_pres_223_address0   |  out|    6|   ap_memory|                        srt_pres_223|         array|
|srt_pres_223_ce0        |  out|    1|   ap_memory|                        srt_pres_223|         array|
|srt_pres_223_q0         |   in|    1|   ap_memory|                        srt_pres_223|         array|
|srt_ord_13_address0     |  out|    6|   ap_memory|                          srt_ord_13|         array|
|srt_ord_13_ce0          |  out|    1|   ap_memory|                          srt_ord_13|         array|
|srt_ord_13_q0           |   in|    6|   ap_memory|                          srt_ord_13|         array|
|srt_val_13_address0     |  out|    6|   ap_memory|                          srt_val_13|         array|
|srt_val_13_ce0          |  out|    1|   ap_memory|                          srt_val_13|         array|
|srt_val_13_q0           |   in|  127|   ap_memory|                          srt_val_13|         array|
|srt_ord_28_address0     |  out|    6|   ap_memory|                          srt_ord_28|         array|
|srt_ord_28_ce0          |  out|    1|   ap_memory|                          srt_ord_28|         array|
|srt_ord_28_q0           |   in|    7|   ap_memory|                          srt_ord_28|         array|
|srt_val_28_address0     |  out|    6|   ap_memory|                          srt_val_28|         array|
|srt_val_28_ce0          |  out|    1|   ap_memory|                          srt_val_28|         array|
|srt_val_28_q0           |   in|  127|   ap_memory|                          srt_val_28|         array|
|srt_ord_43_address0     |  out|    6|   ap_memory|                          srt_ord_43|         array|
|srt_ord_43_ce0          |  out|    1|   ap_memory|                          srt_ord_43|         array|
|srt_ord_43_q0           |   in|    7|   ap_memory|                          srt_ord_43|         array|
|srt_val_43_address0     |  out|    6|   ap_memory|                          srt_val_43|         array|
|srt_val_43_ce0          |  out|    1|   ap_memory|                          srt_val_43|         array|
|srt_val_43_q0           |   in|  127|   ap_memory|                          srt_val_43|         array|
|srt_ord_58_address0     |  out|    6|   ap_memory|                          srt_ord_58|         array|
|srt_ord_58_ce0          |  out|    1|   ap_memory|                          srt_ord_58|         array|
|srt_ord_58_q0           |   in|    8|   ap_memory|                          srt_ord_58|         array|
|srt_val_58_address0     |  out|    6|   ap_memory|                          srt_val_58|         array|
|srt_val_58_ce0          |  out|    1|   ap_memory|                          srt_val_58|         array|
|srt_val_58_q0           |   in|  127|   ap_memory|                          srt_val_58|         array|
|srt_ord_73_address0     |  out|    6|   ap_memory|                          srt_ord_73|         array|
|srt_ord_73_ce0          |  out|    1|   ap_memory|                          srt_ord_73|         array|
|srt_ord_73_q0           |   in|    8|   ap_memory|                          srt_ord_73|         array|
|srt_val_73_address0     |  out|    6|   ap_memory|                          srt_val_73|         array|
|srt_val_73_ce0          |  out|    1|   ap_memory|                          srt_val_73|         array|
|srt_val_73_q0           |   in|  127|   ap_memory|                          srt_val_73|         array|
|srt_ord_88_address0     |  out|    6|   ap_memory|                          srt_ord_88|         array|
|srt_ord_88_ce0          |  out|    1|   ap_memory|                          srt_ord_88|         array|
|srt_ord_88_q0           |   in|    7|   ap_memory|                          srt_ord_88|         array|
|srt_val_88_address0     |  out|    6|   ap_memory|                          srt_val_88|         array|
|srt_val_88_ce0          |  out|    1|   ap_memory|                          srt_val_88|         array|
|srt_val_88_q0           |   in|  127|   ap_memory|                          srt_val_88|         array|
|srt_ord_103_address0    |  out|    6|   ap_memory|                         srt_ord_103|         array|
|srt_ord_103_ce0         |  out|    1|   ap_memory|                         srt_ord_103|         array|
|srt_ord_103_q0          |   in|    9|   ap_memory|                         srt_ord_103|         array|
|srt_val_103_address0    |  out|    6|   ap_memory|                         srt_val_103|         array|
|srt_val_103_ce0         |  out|    1|   ap_memory|                         srt_val_103|         array|
|srt_val_103_q0          |   in|  127|   ap_memory|                         srt_val_103|         array|
|srt_ord_118_address0    |  out|    6|   ap_memory|                         srt_ord_118|         array|
|srt_ord_118_ce0         |  out|    1|   ap_memory|                         srt_ord_118|         array|
|srt_ord_118_q0          |   in|    9|   ap_memory|                         srt_ord_118|         array|
|srt_val_118_address0    |  out|    6|   ap_memory|                         srt_val_118|         array|
|srt_val_118_ce0         |  out|    1|   ap_memory|                         srt_val_118|         array|
|srt_val_118_q0          |   in|  127|   ap_memory|                         srt_val_118|         array|
|srt_ord_133_address0    |  out|    6|   ap_memory|                         srt_ord_133|         array|
|srt_ord_133_ce0         |  out|    1|   ap_memory|                         srt_ord_133|         array|
|srt_ord_133_q0          |   in|    9|   ap_memory|                         srt_ord_133|         array|
|srt_val_133_address0    |  out|    6|   ap_memory|                         srt_val_133|         array|
|srt_val_133_ce0         |  out|    1|   ap_memory|                         srt_val_133|         array|
|srt_val_133_q0          |   in|  127|   ap_memory|                         srt_val_133|         array|
|srt_ord_148_address0    |  out|    6|   ap_memory|                         srt_ord_148|         array|
|srt_ord_148_ce0         |  out|    1|   ap_memory|                         srt_ord_148|         array|
|srt_ord_148_q0          |   in|    9|   ap_memory|                         srt_ord_148|         array|
|srt_val_148_address0    |  out|    6|   ap_memory|                         srt_val_148|         array|
|srt_val_148_ce0         |  out|    1|   ap_memory|                         srt_val_148|         array|
|srt_val_148_q0          |   in|  127|   ap_memory|                         srt_val_148|         array|
|srt_ord_163_address0    |  out|    6|   ap_memory|                         srt_ord_163|         array|
|srt_ord_163_ce0         |  out|    1|   ap_memory|                         srt_ord_163|         array|
|srt_ord_163_q0          |   in|    8|   ap_memory|                         srt_ord_163|         array|
|srt_val_163_address0    |  out|    6|   ap_memory|                         srt_val_163|         array|
|srt_val_163_ce0         |  out|    1|   ap_memory|                         srt_val_163|         array|
|srt_val_163_q0          |   in|  127|   ap_memory|                         srt_val_163|         array|
|srt_ord_178_address0    |  out|    6|   ap_memory|                         srt_ord_178|         array|
|srt_ord_178_ce0         |  out|    1|   ap_memory|                         srt_ord_178|         array|
|srt_ord_178_q0          |   in|    8|   ap_memory|                         srt_ord_178|         array|
|srt_val_178_address0    |  out|    6|   ap_memory|                         srt_val_178|         array|
|srt_val_178_ce0         |  out|    1|   ap_memory|                         srt_val_178|         array|
|srt_val_178_q0          |   in|  127|   ap_memory|                         srt_val_178|         array|
|srt_ord_193_address0    |  out|    6|   ap_memory|                         srt_ord_193|         array|
|srt_ord_193_ce0         |  out|    1|   ap_memory|                         srt_ord_193|         array|
|srt_ord_193_q0          |   in|   10|   ap_memory|                         srt_ord_193|         array|
|srt_val_193_address0    |  out|    6|   ap_memory|                         srt_val_193|         array|
|srt_val_193_ce0         |  out|    1|   ap_memory|                         srt_val_193|         array|
|srt_val_193_q0          |   in|  127|   ap_memory|                         srt_val_193|         array|
|srt_ord_208_address0    |  out|    6|   ap_memory|                         srt_ord_208|         array|
|srt_ord_208_ce0         |  out|    1|   ap_memory|                         srt_ord_208|         array|
|srt_ord_208_q0          |   in|   10|   ap_memory|                         srt_ord_208|         array|
|srt_val_208_address0    |  out|    6|   ap_memory|                         srt_val_208|         array|
|srt_val_208_ce0         |  out|    1|   ap_memory|                         srt_val_208|         array|
|srt_val_208_q0          |   in|  127|   ap_memory|                         srt_val_208|         array|
|srt_ord_223_address0    |  out|    6|   ap_memory|                         srt_ord_223|         array|
|srt_ord_223_ce0         |  out|    1|   ap_memory|                         srt_ord_223|         array|
|srt_ord_223_q0          |   in|   10|   ap_memory|                         srt_ord_223|         array|
|srt_val_223_address0    |  out|    6|   ap_memory|                         srt_val_223|         array|
|srt_val_223_ce0         |  out|    1|   ap_memory|                         srt_val_223|         array|
|srt_val_223_q0          |   in|  127|   ap_memory|                         srt_val_223|         array|
|srt_pres_14_address0    |  out|    6|   ap_memory|                         srt_pres_14|         array|
|srt_pres_14_ce0         |  out|    1|   ap_memory|                         srt_pres_14|         array|
|srt_pres_14_q0          |   in|    1|   ap_memory|                         srt_pres_14|         array|
|srt_pres_29_address0    |  out|    6|   ap_memory|                         srt_pres_29|         array|
|srt_pres_29_ce0         |  out|    1|   ap_memory|                         srt_pres_29|         array|
|srt_pres_29_q0          |   in|    1|   ap_memory|                         srt_pres_29|         array|
|srt_pres_44_address0    |  out|    6|   ap_memory|                         srt_pres_44|         array|
|srt_pres_44_ce0         |  out|    1|   ap_memory|                         srt_pres_44|         array|
|srt_pres_44_q0          |   in|    1|   ap_memory|                         srt_pres_44|         array|
|srt_pres_59_address0    |  out|    6|   ap_memory|                         srt_pres_59|         array|
|srt_pres_59_ce0         |  out|    1|   ap_memory|                         srt_pres_59|         array|
|srt_pres_59_q0          |   in|    1|   ap_memory|                         srt_pres_59|         array|
|srt_pres_74_address0    |  out|    6|   ap_memory|                         srt_pres_74|         array|
|srt_pres_74_ce0         |  out|    1|   ap_memory|                         srt_pres_74|         array|
|srt_pres_74_q0          |   in|    1|   ap_memory|                         srt_pres_74|         array|
|srt_pres_89_address0    |  out|    6|   ap_memory|                         srt_pres_89|         array|
|srt_pres_89_ce0         |  out|    1|   ap_memory|                         srt_pres_89|         array|
|srt_pres_89_q0          |   in|    1|   ap_memory|                         srt_pres_89|         array|
|srt_pres_104_address0   |  out|    6|   ap_memory|                        srt_pres_104|         array|
|srt_pres_104_ce0        |  out|    1|   ap_memory|                        srt_pres_104|         array|
|srt_pres_104_q0         |   in|    1|   ap_memory|                        srt_pres_104|         array|
|srt_pres_119_address0   |  out|    6|   ap_memory|                        srt_pres_119|         array|
|srt_pres_119_ce0        |  out|    1|   ap_memory|                        srt_pres_119|         array|
|srt_pres_119_q0         |   in|    1|   ap_memory|                        srt_pres_119|         array|
|srt_pres_134_address0   |  out|    6|   ap_memory|                        srt_pres_134|         array|
|srt_pres_134_ce0        |  out|    1|   ap_memory|                        srt_pres_134|         array|
|srt_pres_134_q0         |   in|    1|   ap_memory|                        srt_pres_134|         array|
|srt_pres_149_address0   |  out|    6|   ap_memory|                        srt_pres_149|         array|
|srt_pres_149_ce0        |  out|    1|   ap_memory|                        srt_pres_149|         array|
|srt_pres_149_q0         |   in|    1|   ap_memory|                        srt_pres_149|         array|
|srt_pres_164_address0   |  out|    6|   ap_memory|                        srt_pres_164|         array|
|srt_pres_164_ce0        |  out|    1|   ap_memory|                        srt_pres_164|         array|
|srt_pres_164_q0         |   in|    1|   ap_memory|                        srt_pres_164|         array|
|srt_pres_179_address0   |  out|    6|   ap_memory|                        srt_pres_179|         array|
|srt_pres_179_ce0        |  out|    1|   ap_memory|                        srt_pres_179|         array|
|srt_pres_179_q0         |   in|    1|   ap_memory|                        srt_pres_179|         array|
|srt_pres_194_address0   |  out|    6|   ap_memory|                        srt_pres_194|         array|
|srt_pres_194_ce0        |  out|    1|   ap_memory|                        srt_pres_194|         array|
|srt_pres_194_q0         |   in|    1|   ap_memory|                        srt_pres_194|         array|
|srt_pres_209_address0   |  out|    6|   ap_memory|                        srt_pres_209|         array|
|srt_pres_209_ce0        |  out|    1|   ap_memory|                        srt_pres_209|         array|
|srt_pres_209_q0         |   in|    1|   ap_memory|                        srt_pres_209|         array|
|srt_pres_224_address0   |  out|    6|   ap_memory|                        srt_pres_224|         array|
|srt_pres_224_ce0        |  out|    1|   ap_memory|                        srt_pres_224|         array|
|srt_pres_224_q0         |   in|    1|   ap_memory|                        srt_pres_224|         array|
|srt_ord_14_address0     |  out|    6|   ap_memory|                          srt_ord_14|         array|
|srt_ord_14_ce0          |  out|    1|   ap_memory|                          srt_ord_14|         array|
|srt_ord_14_q0           |   in|    6|   ap_memory|                          srt_ord_14|         array|
|srt_val_14_address0     |  out|    6|   ap_memory|                          srt_val_14|         array|
|srt_val_14_ce0          |  out|    1|   ap_memory|                          srt_val_14|         array|
|srt_val_14_q0           |   in|  127|   ap_memory|                          srt_val_14|         array|
|srt_ord_29_address0     |  out|    6|   ap_memory|                          srt_ord_29|         array|
|srt_ord_29_ce0          |  out|    1|   ap_memory|                          srt_ord_29|         array|
|srt_ord_29_q0           |   in|    7|   ap_memory|                          srt_ord_29|         array|
|srt_val_29_address0     |  out|    6|   ap_memory|                          srt_val_29|         array|
|srt_val_29_ce0          |  out|    1|   ap_memory|                          srt_val_29|         array|
|srt_val_29_q0           |   in|  127|   ap_memory|                          srt_val_29|         array|
|srt_ord_44_address0     |  out|    6|   ap_memory|                          srt_ord_44|         array|
|srt_ord_44_ce0          |  out|    1|   ap_memory|                          srt_ord_44|         array|
|srt_ord_44_q0           |   in|    7|   ap_memory|                          srt_ord_44|         array|
|srt_val_44_address0     |  out|    6|   ap_memory|                          srt_val_44|         array|
|srt_val_44_ce0          |  out|    1|   ap_memory|                          srt_val_44|         array|
|srt_val_44_q0           |   in|  127|   ap_memory|                          srt_val_44|         array|
|srt_ord_59_address0     |  out|    6|   ap_memory|                          srt_ord_59|         array|
|srt_ord_59_ce0          |  out|    1|   ap_memory|                          srt_ord_59|         array|
|srt_ord_59_q0           |   in|    8|   ap_memory|                          srt_ord_59|         array|
|srt_val_59_address0     |  out|    6|   ap_memory|                          srt_val_59|         array|
|srt_val_59_ce0          |  out|    1|   ap_memory|                          srt_val_59|         array|
|srt_val_59_q0           |   in|  127|   ap_memory|                          srt_val_59|         array|
|srt_ord_74_address0     |  out|    6|   ap_memory|                          srt_ord_74|         array|
|srt_ord_74_ce0          |  out|    1|   ap_memory|                          srt_ord_74|         array|
|srt_ord_74_q0           |   in|    8|   ap_memory|                          srt_ord_74|         array|
|srt_val_74_address0     |  out|    6|   ap_memory|                          srt_val_74|         array|
|srt_val_74_ce0          |  out|    1|   ap_memory|                          srt_val_74|         array|
|srt_val_74_q0           |   in|  127|   ap_memory|                          srt_val_74|         array|
|srt_ord_89_address0     |  out|    6|   ap_memory|                          srt_ord_89|         array|
|srt_ord_89_ce0          |  out|    1|   ap_memory|                          srt_ord_89|         array|
|srt_ord_89_q0           |   in|    7|   ap_memory|                          srt_ord_89|         array|
|srt_val_89_address0     |  out|    6|   ap_memory|                          srt_val_89|         array|
|srt_val_89_ce0          |  out|    1|   ap_memory|                          srt_val_89|         array|
|srt_val_89_q0           |   in|  127|   ap_memory|                          srt_val_89|         array|
|srt_ord_104_address0    |  out|    6|   ap_memory|                         srt_ord_104|         array|
|srt_ord_104_ce0         |  out|    1|   ap_memory|                         srt_ord_104|         array|
|srt_ord_104_q0          |   in|    9|   ap_memory|                         srt_ord_104|         array|
|srt_val_104_address0    |  out|    6|   ap_memory|                         srt_val_104|         array|
|srt_val_104_ce0         |  out|    1|   ap_memory|                         srt_val_104|         array|
|srt_val_104_q0          |   in|  127|   ap_memory|                         srt_val_104|         array|
|srt_ord_119_address0    |  out|    6|   ap_memory|                         srt_ord_119|         array|
|srt_ord_119_ce0         |  out|    1|   ap_memory|                         srt_ord_119|         array|
|srt_ord_119_q0          |   in|    9|   ap_memory|                         srt_ord_119|         array|
|srt_val_119_address0    |  out|    6|   ap_memory|                         srt_val_119|         array|
|srt_val_119_ce0         |  out|    1|   ap_memory|                         srt_val_119|         array|
|srt_val_119_q0          |   in|  127|   ap_memory|                         srt_val_119|         array|
|srt_ord_134_address0    |  out|    6|   ap_memory|                         srt_ord_134|         array|
|srt_ord_134_ce0         |  out|    1|   ap_memory|                         srt_ord_134|         array|
|srt_ord_134_q0          |   in|    9|   ap_memory|                         srt_ord_134|         array|
|srt_val_134_address0    |  out|    6|   ap_memory|                         srt_val_134|         array|
|srt_val_134_ce0         |  out|    1|   ap_memory|                         srt_val_134|         array|
|srt_val_134_q0          |   in|  127|   ap_memory|                         srt_val_134|         array|
|srt_ord_149_address0    |  out|    6|   ap_memory|                         srt_ord_149|         array|
|srt_ord_149_ce0         |  out|    1|   ap_memory|                         srt_ord_149|         array|
|srt_ord_149_q0          |   in|    9|   ap_memory|                         srt_ord_149|         array|
|srt_val_149_address0    |  out|    6|   ap_memory|                         srt_val_149|         array|
|srt_val_149_ce0         |  out|    1|   ap_memory|                         srt_val_149|         array|
|srt_val_149_q0          |   in|  127|   ap_memory|                         srt_val_149|         array|
|srt_ord_164_address0    |  out|    6|   ap_memory|                         srt_ord_164|         array|
|srt_ord_164_ce0         |  out|    1|   ap_memory|                         srt_ord_164|         array|
|srt_ord_164_q0          |   in|    8|   ap_memory|                         srt_ord_164|         array|
|srt_val_164_address0    |  out|    6|   ap_memory|                         srt_val_164|         array|
|srt_val_164_ce0         |  out|    1|   ap_memory|                         srt_val_164|         array|
|srt_val_164_q0          |   in|  127|   ap_memory|                         srt_val_164|         array|
|srt_ord_179_address0    |  out|    6|   ap_memory|                         srt_ord_179|         array|
|srt_ord_179_ce0         |  out|    1|   ap_memory|                         srt_ord_179|         array|
|srt_ord_179_q0          |   in|    8|   ap_memory|                         srt_ord_179|         array|
|srt_val_179_address0    |  out|    6|   ap_memory|                         srt_val_179|         array|
|srt_val_179_ce0         |  out|    1|   ap_memory|                         srt_val_179|         array|
|srt_val_179_q0          |   in|  127|   ap_memory|                         srt_val_179|         array|
|srt_ord_194_address0    |  out|    6|   ap_memory|                         srt_ord_194|         array|
|srt_ord_194_ce0         |  out|    1|   ap_memory|                         srt_ord_194|         array|
|srt_ord_194_q0          |   in|   10|   ap_memory|                         srt_ord_194|         array|
|srt_val_194_address0    |  out|    6|   ap_memory|                         srt_val_194|         array|
|srt_val_194_ce0         |  out|    1|   ap_memory|                         srt_val_194|         array|
|srt_val_194_q0          |   in|  127|   ap_memory|                         srt_val_194|         array|
|srt_ord_209_address0    |  out|    6|   ap_memory|                         srt_ord_209|         array|
|srt_ord_209_ce0         |  out|    1|   ap_memory|                         srt_ord_209|         array|
|srt_ord_209_q0          |   in|   10|   ap_memory|                         srt_ord_209|         array|
|srt_val_209_address0    |  out|    6|   ap_memory|                         srt_val_209|         array|
|srt_val_209_ce0         |  out|    1|   ap_memory|                         srt_val_209|         array|
|srt_val_209_q0          |   in|  127|   ap_memory|                         srt_val_209|         array|
|srt_ord_224_address0    |  out|    6|   ap_memory|                         srt_ord_224|         array|
|srt_ord_224_ce0         |  out|    1|   ap_memory|                         srt_ord_224|         array|
|srt_ord_224_q0          |   in|   10|   ap_memory|                         srt_ord_224|         array|
|srt_val_224_address0    |  out|    6|   ap_memory|                         srt_val_224|         array|
|srt_val_224_ce0         |  out|    1|   ap_memory|                         srt_val_224|         array|
|srt_val_224_q0          |   in|  127|   ap_memory|                         srt_val_224|         array|
+------------------------+-----+-----+------------+------------------------------------+--------------+

