

================================================================
== Vitis HLS Report for 'my_window_Pipeline_PCA_HIST'
================================================================
* Date:           Thu Jul  2 09:24:41 2026

* Version:        2023.2 (Build 4023990 on Oct 11 2023)
* Project:        my_window_proj
* Solution:       solution1 (Vivado IP Flow Target)
* Product family: virtexuplus
* Target device:  xcu250-figd2104-2L-e


================================================================
== Performance Estimates
================================================================
+ Timing: 
    * Summary: 
    +--------+----------+----------+------------+
    |  Clock |  Target  | Estimated| Uncertainty|
    +--------+----------+----------+------------+
    |ap_clk  |  10.00 ns|  6.292 ns|     2.70 ns|
    +--------+----------+----------+------------+

+ Latency: 
    * Summary: 
    +---------+---------+----------+----------+-----+-----+---------+
    |  Latency (cycles) |  Latency (absolute) |  Interval | Pipeline|
    |   min   |   max   |    min   |    max   | min | max |   Type  |
    +---------+---------+----------+----------+-----+-----+---------+
    |       45|       45|  0.450 us|  0.450 us|   45|   45|       no|
    +---------+---------+----------+----------+-----+-----+---------+

    + Detail: 
        * Instance: 
        N/A

        * Loop: 
        +------------+---------+---------+----------+-----------+-----------+------+----------+
        |            |  Latency (cycles) | Iteration|  Initiation Interval  | Trip |          |
        |  Loop Name |   min   |   max   |  Latency |  achieved |   target  | Count| Pipelined|
        +------------+---------+---------+----------+-----------+-----------+------+----------+
        |- PCA_HIST  |       43|       43|         5|          1|          1|    40|       yes|
        +------------+---------+---------+----------+-----------+-----------+------+----------+



================================================================
== Utilization Estimates
================================================================
* Summary: 
+---------------------+---------+-------+---------+---------+------+
|         Name        | BRAM_18K|  DSP  |    FF   |   LUT   | URAM |
+---------------------+---------+-------+---------+---------+------+
|DSP                  |        -|     30|        -|        -|     -|
|Expression           |        -|      -|        0|    34453|     -|
|FIFO                 |        -|      -|        -|        -|     -|
|Instance             |        -|      0|        0|     1470|     -|
|Memory               |        -|      -|        -|        -|     -|
|Multiplexer          |        -|      -|        -|      306|     -|
|Register             |        -|      -|    11005|     3872|     -|
+---------------------+---------+-------+---------+---------+------+
|Total                |        0|     30|    11005|    40101|     0|
+---------------------+---------+-------+---------+---------+------+
|Available SLR        |     1344|   3072|   864000|   432000|   320|
+---------------------+---------+-------+---------+---------+------+
|Utilization SLR (%)  |        0|     ~0|        1|        9|     0|
+---------------------+---------+-------+---------+---------+------+
|Available            |     5376|  12288|  3456000|  1728000|  1280|
+---------------------+---------+-------+---------+---------+------+
|Utilization (%)      |        0|     ~0|       ~0|        2|     0|
+---------------------+---------+-------+---------+---------+------+

+ Detail: 
    * Instance: 
    +-----------------------+------------------+---------+----+---+----+-----+
    |        Instance       |      Module      | BRAM_18K| DSP| FF| LUT| URAM|
    +-----------------------+------------------+---------+----+---+----+-----+
    |mul_9s_5s_12_1_1_U466  |mul_9s_5s_12_1_1  |        0|   0|  0|  49|    0|
    |mul_9s_5s_12_1_1_U467  |mul_9s_5s_12_1_1  |        0|   0|  0|  49|    0|
    |mul_9s_5s_12_1_1_U468  |mul_9s_5s_12_1_1  |        0|   0|  0|  49|    0|
    |mul_9s_5s_12_1_1_U469  |mul_9s_5s_12_1_1  |        0|   0|  0|  49|    0|
    |mul_9s_5s_12_1_1_U470  |mul_9s_5s_12_1_1  |        0|   0|  0|  49|    0|
    |mul_9s_5s_12_1_1_U471  |mul_9s_5s_12_1_1  |        0|   0|  0|  49|    0|
    |mul_9s_5s_12_1_1_U472  |mul_9s_5s_12_1_1  |        0|   0|  0|  49|    0|
    |mul_9s_5s_12_1_1_U473  |mul_9s_5s_12_1_1  |        0|   0|  0|  49|    0|
    |mul_9s_5s_12_1_1_U474  |mul_9s_5s_12_1_1  |        0|   0|  0|  49|    0|
    |mul_9s_5s_12_1_1_U475  |mul_9s_5s_12_1_1  |        0|   0|  0|  49|    0|
    |mul_9s_5s_12_1_1_U476  |mul_9s_5s_12_1_1  |        0|   0|  0|  49|    0|
    |mul_9s_5s_12_1_1_U477  |mul_9s_5s_12_1_1  |        0|   0|  0|  49|    0|
    |mul_9s_5s_12_1_1_U478  |mul_9s_5s_12_1_1  |        0|   0|  0|  49|    0|
    |mul_9s_5s_12_1_1_U479  |mul_9s_5s_12_1_1  |        0|   0|  0|  49|    0|
    |mul_9s_5s_12_1_1_U480  |mul_9s_5s_12_1_1  |        0|   0|  0|  49|    0|
    |mul_9s_5s_12_1_1_U481  |mul_9s_5s_12_1_1  |        0|   0|  0|  49|    0|
    |mul_9s_5s_12_1_1_U482  |mul_9s_5s_12_1_1  |        0|   0|  0|  49|    0|
    |mul_9s_5s_12_1_1_U483  |mul_9s_5s_12_1_1  |        0|   0|  0|  49|    0|
    |mul_9s_5s_12_1_1_U484  |mul_9s_5s_12_1_1  |        0|   0|  0|  49|    0|
    |mul_9s_5s_12_1_1_U485  |mul_9s_5s_12_1_1  |        0|   0|  0|  49|    0|
    |mul_9s_5s_12_1_1_U486  |mul_9s_5s_12_1_1  |        0|   0|  0|  49|    0|
    |mul_9s_5s_12_1_1_U487  |mul_9s_5s_12_1_1  |        0|   0|  0|  49|    0|
    |mul_9s_5s_12_1_1_U488  |mul_9s_5s_12_1_1  |        0|   0|  0|  49|    0|
    |mul_9s_5s_12_1_1_U489  |mul_9s_5s_12_1_1  |        0|   0|  0|  49|    0|
    |mul_9s_5s_12_1_1_U490  |mul_9s_5s_12_1_1  |        0|   0|  0|  49|    0|
    |mul_9s_5s_12_1_1_U491  |mul_9s_5s_12_1_1  |        0|   0|  0|  49|    0|
    |mul_9s_5s_12_1_1_U492  |mul_9s_5s_12_1_1  |        0|   0|  0|  49|    0|
    |mul_9s_5s_12_1_1_U493  |mul_9s_5s_12_1_1  |        0|   0|  0|  49|    0|
    |mul_9s_5s_12_1_1_U494  |mul_9s_5s_12_1_1  |        0|   0|  0|  49|    0|
    |mul_9s_5s_12_1_1_U495  |mul_9s_5s_12_1_1  |        0|   0|  0|  49|    0|
    +-----------------------+------------------+---------+----+---+----+-----+
    |Total                  |                  |        0|   0|  0|1470|    0|
    +-----------------------+------------------+---------+----+---+----+-----+

    * DSP: 
    +-----------------------------------+------------------------------+--------------+
    |              Instance             |            Module            |  Expression  |
    +-----------------------------------+------------------------------+--------------+
    |mac_muladd_9s_4ns_11s_13_4_1_U497  |mac_muladd_9s_4ns_11s_13_4_1  |  i0 * i1 + i2|
    |mac_muladd_9s_4ns_11s_13_4_1_U499  |mac_muladd_9s_4ns_11s_13_4_1  |  i0 * i1 + i2|
    |mac_muladd_9s_4ns_11s_13_4_1_U501  |mac_muladd_9s_4ns_11s_13_4_1  |  i0 * i1 + i2|
    |mac_muladd_9s_4ns_11s_13_4_1_U503  |mac_muladd_9s_4ns_11s_13_4_1  |  i0 * i1 + i2|
    |mac_muladd_9s_4ns_11s_13_4_1_U505  |mac_muladd_9s_4ns_11s_13_4_1  |  i0 * i1 + i2|
    |mac_muladd_9s_4ns_11s_13_4_1_U507  |mac_muladd_9s_4ns_11s_13_4_1  |  i0 * i1 + i2|
    |mac_muladd_9s_4ns_11s_13_4_1_U509  |mac_muladd_9s_4ns_11s_13_4_1  |  i0 * i1 + i2|
    |mac_muladd_9s_4ns_11s_13_4_1_U511  |mac_muladd_9s_4ns_11s_13_4_1  |  i0 * i1 + i2|
    |mac_muladd_9s_4ns_11s_13_4_1_U513  |mac_muladd_9s_4ns_11s_13_4_1  |  i0 * i1 + i2|
    |mac_muladd_9s_4ns_11s_13_4_1_U515  |mac_muladd_9s_4ns_11s_13_4_1  |  i0 * i1 + i2|
    |mac_muladd_9s_4ns_11s_13_4_1_U517  |mac_muladd_9s_4ns_11s_13_4_1  |  i0 * i1 + i2|
    |mac_muladd_9s_4ns_11s_13_4_1_U519  |mac_muladd_9s_4ns_11s_13_4_1  |  i0 * i1 + i2|
    |mac_muladd_9s_4ns_11s_13_4_1_U521  |mac_muladd_9s_4ns_11s_13_4_1  |  i0 * i1 + i2|
    |mac_muladd_9s_4ns_11s_13_4_1_U523  |mac_muladd_9s_4ns_11s_13_4_1  |  i0 * i1 + i2|
    |mac_muladd_9s_4ns_11s_13_4_1_U525  |mac_muladd_9s_4ns_11s_13_4_1  |  i0 * i1 + i2|
    |mac_muladd_9s_4ns_13s_13_4_1_U496  |mac_muladd_9s_4ns_13s_13_4_1  |  i0 + i1 * i2|
    |mac_muladd_9s_4ns_13s_13_4_1_U498  |mac_muladd_9s_4ns_13s_13_4_1  |  i0 + i1 * i2|
    |mac_muladd_9s_4ns_13s_13_4_1_U500  |mac_muladd_9s_4ns_13s_13_4_1  |  i0 + i1 * i2|
    |mac_muladd_9s_4ns_13s_13_4_1_U502  |mac_muladd_9s_4ns_13s_13_4_1  |  i0 + i1 * i2|
    |mac_muladd_9s_4ns_13s_13_4_1_U504  |mac_muladd_9s_4ns_13s_13_4_1  |  i0 + i1 * i2|
    |mac_muladd_9s_4ns_13s_13_4_1_U506  |mac_muladd_9s_4ns_13s_13_4_1  |  i0 + i1 * i2|
    |mac_muladd_9s_4ns_13s_13_4_1_U508  |mac_muladd_9s_4ns_13s_13_4_1  |  i0 + i1 * i2|
    |mac_muladd_9s_4ns_13s_13_4_1_U510  |mac_muladd_9s_4ns_13s_13_4_1  |  i0 + i1 * i2|
    |mac_muladd_9s_4ns_13s_13_4_1_U512  |mac_muladd_9s_4ns_13s_13_4_1  |  i0 + i1 * i2|
    |mac_muladd_9s_4ns_13s_13_4_1_U514  |mac_muladd_9s_4ns_13s_13_4_1  |  i0 + i1 * i2|
    |mac_muladd_9s_4ns_13s_13_4_1_U516  |mac_muladd_9s_4ns_13s_13_4_1  |  i0 + i1 * i2|
    |mac_muladd_9s_4ns_13s_13_4_1_U518  |mac_muladd_9s_4ns_13s_13_4_1  |  i0 + i1 * i2|
    |mac_muladd_9s_4ns_13s_13_4_1_U520  |mac_muladd_9s_4ns_13s_13_4_1  |  i0 + i1 * i2|
    |mac_muladd_9s_4ns_13s_13_4_1_U522  |mac_muladd_9s_4ns_13s_13_4_1  |  i0 + i1 * i2|
    |mac_muladd_9s_4ns_13s_13_4_1_U524  |mac_muladd_9s_4ns_13s_13_4_1  |  i0 + i1 * i2|
    +-----------------------------------+------------------------------+--------------+

    * Memory: 
    N/A

    * FIFO: 
    N/A

    * Expression: 
    +-----------------------------+----------+----+---+-----+------------+------------+
    |        Variable Name        | Operation| DSP| FF| LUT | Bitwidth P0| Bitwidth P1|
    +-----------------------------+----------+----+---+-----+------------+------------+
    |add_ln137_fu_5432_p2         |         +|   0|  0|   13|           6|           1|
    |add_ln144_100_fu_9910_p2     |         +|   0|  0|   20|          20|          20|
    |add_ln144_101_fu_9920_p2     |         +|   0|  0|   29|          22|          22|
    |add_ln144_102_fu_9926_p2     |         +|   0|  0|   25|          18|          18|
    |add_ln144_103_fu_9936_p2     |         +|   0|  0|   22|          22|          22|
    |add_ln144_105_fu_31052_p2    |         +|   0|  0|   23|          23|          23|
    |add_ln144_107_fu_10145_p2    |         +|   0|  0|   25|          18|          18|
    |add_ln144_108_fu_31115_p2    |         +|   0|  0|   30|          23|          23|
    |add_ln144_109_fu_31121_p2    |         +|   0|  0|   23|          23|          23|
    |add_ln144_10_fu_6060_p2      |         +|   0|  0|   16|           9|           3|
    |add_ln144_111_fu_10311_p2    |         +|   0|  0|   26|          19|          19|
    |add_ln144_112_fu_10321_p2    |         +|   0|  0|   23|          23|          23|
    |add_ln144_114_fu_10581_p2    |         +|   0|  0|   16|           9|           6|
    |add_ln144_115_fu_10613_p2    |         +|   0|  0|   16|           9|           5|
    |add_ln144_116_fu_10653_p2    |         +|   0|  0|   16|           9|           6|
    |add_ln144_117_fu_10689_p2    |         +|   0|  0|   16|           9|           6|
    |add_ln144_118_fu_10719_p2    |         +|   0|  0|   16|           9|           7|
    |add_ln144_119_fu_10761_p2    |         +|   0|  0|   16|           9|           5|
    |add_ln144_11_fu_6102_p2      |         +|   0|  0|   16|           9|           3|
    |add_ln144_120_fu_10805_p2    |         +|   0|  0|   16|           9|           7|
    |add_ln144_121_fu_10831_p2    |         +|   0|  0|   16|           9|           5|
    |add_ln144_122_fu_10508_p2    |         +|   0|  0|   25|          18|          18|
    |add_ln144_123_fu_10950_p2    |         +|   0|  0|   16|           9|           2|
    |add_ln144_124_fu_11010_p2    |         +|   0|  0|   16|           9|           3|
    |add_ln144_125_fu_11052_p2    |         +|   0|  0|   16|           9|           3|
    |add_ln144_126_fu_10518_p2    |         +|   0|  0|   23|          23|          23|
    |add_ln144_129_fu_11190_p2    |         +|   0|  0|   25|          18|          18|
    |add_ln144_12_fu_6240_p2      |         +|   0|  0|   25|          18|          18|
    |add_ln144_130_fu_11200_p2    |         +|   0|  0|   23|          23|          23|
    |add_ln144_132_fu_11355_p2    |         +|   0|  0|   17|          11|          11|
    |add_ln144_133_fu_11522_p2    |         +|   0|  0|   26|          19|          19|
    |add_ln144_134_fu_11399_p2    |         +|   0|  0|   26|          19|          19|
    |add_ln144_135_fu_11409_p2    |         +|   0|  0|   22|          22|          22|
    |add_ln144_137_fu_11512_p2    |         +|   0|  0|   25|          18|          18|
    |add_ln144_138_fu_11554_p2    |         +|   0|  0|   20|          20|          20|
    |add_ln144_139_fu_11560_p2    |         +|   0|  0|   20|          20|          20|
    |add_ln144_13_fu_6250_p2      |         +|   0|  0|   23|          23|          23|
    |add_ln144_140_fu_11570_p2    |         +|   0|  0|   29|          22|          22|
    |add_ln144_141_fu_11576_p2    |         +|   0|  0|   25|          18|          18|
    |add_ln144_142_fu_11586_p2    |         +|   0|  0|   22|          22|          22|
    |add_ln144_144_fu_31184_p2    |         +|   0|  0|   23|          23|          23|
    |add_ln144_146_fu_11795_p2    |         +|   0|  0|   25|          18|          18|
    |add_ln144_147_fu_31247_p2    |         +|   0|  0|   30|          23|          23|
    |add_ln144_148_fu_31253_p2    |         +|   0|  0|   23|          23|          23|
    |add_ln144_150_fu_11961_p2    |         +|   0|  0|   26|          19|          19|
    |add_ln144_151_fu_11971_p2    |         +|   0|  0|   23|          23|          23|
    |add_ln144_152_fu_12231_p2    |         +|   0|  0|   16|           9|           6|
    |add_ln144_153_fu_12263_p2    |         +|   0|  0|   16|           9|           5|
    |add_ln144_154_fu_12303_p2    |         +|   0|  0|   16|           9|           6|
    |add_ln144_155_fu_12339_p2    |         +|   0|  0|   16|           9|           6|
    |add_ln144_156_fu_12369_p2    |         +|   0|  0|   16|           9|           7|
    |add_ln144_157_fu_12411_p2    |         +|   0|  0|   16|           9|           5|
    |add_ln144_158_fu_12455_p2    |         +|   0|  0|   16|           9|           7|
    |add_ln144_159_fu_12481_p2    |         +|   0|  0|   16|           9|           5|
    |add_ln144_15_fu_6405_p2      |         +|   0|  0|   17|          11|          11|
    |add_ln144_161_fu_12600_p2    |         +|   0|  0|   16|           9|           2|
    |add_ln144_162_fu_12660_p2    |         +|   0|  0|   16|           9|           3|
    |add_ln144_163_fu_12702_p2    |         +|   0|  0|   16|           9|           3|
    |add_ln144_164_fu_12158_p2    |         +|   0|  0|   25|          18|          18|
    |add_ln144_165_fu_12168_p2    |         +|   0|  0|   23|          23|          23|
    |add_ln144_168_fu_12840_p2    |         +|   0|  0|   25|          18|          18|
    |add_ln144_169_fu_12850_p2    |         +|   0|  0|   23|          23|          23|
    |add_ln144_16_fu_6449_p2      |         +|   0|  0|   26|          19|          19|
    |add_ln144_171_fu_13172_p2    |         +|   0|  0|   26|          19|          19|
    |add_ln144_172_fu_13005_p2    |         +|   0|  0|   17|          11|          11|
    |add_ln144_173_fu_13049_p2    |         +|   0|  0|   26|          19|          19|
    |add_ln144_174_fu_13059_p2    |         +|   0|  0|   22|          22|          22|
    |add_ln144_176_fu_13162_p2    |         +|   0|  0|   25|          18|          18|
    |add_ln144_177_fu_13204_p2    |         +|   0|  0|   20|          20|          20|
    |add_ln144_178_fu_13210_p2    |         +|   0|  0|   20|          20|          20|
    |add_ln144_179_fu_13220_p2    |         +|   0|  0|   29|          22|          22|
    |add_ln144_17_fu_6459_p2      |         +|   0|  0|   22|          22|          22|
    |add_ln144_180_fu_13226_p2    |         +|   0|  0|   25|          18|          18|
    |add_ln144_181_fu_13236_p2    |         +|   0|  0|   22|          22|          22|
    |add_ln144_183_fu_31316_p2    |         +|   0|  0|   23|          23|          23|
    |add_ln144_185_fu_13445_p2    |         +|   0|  0|   25|          18|          18|
    |add_ln144_186_fu_31379_p2    |         +|   0|  0|   30|          23|          23|
    |add_ln144_187_fu_31385_p2    |         +|   0|  0|   23|          23|          23|
    |add_ln144_189_fu_13611_p2    |         +|   0|  0|   26|          19|          19|
    |add_ln144_190_fu_13881_p2    |         +|   0|  0|   16|           9|           6|
    |add_ln144_191_fu_13913_p2    |         +|   0|  0|   16|           9|           5|
    |add_ln144_192_fu_13953_p2    |         +|   0|  0|   16|           9|           6|
    |add_ln144_193_fu_13989_p2    |         +|   0|  0|   16|           9|           6|
    |add_ln144_194_fu_14019_p2    |         +|   0|  0|   16|           9|           7|
    |add_ln144_195_fu_14061_p2    |         +|   0|  0|   16|           9|           5|
    |add_ln144_196_fu_14105_p2    |         +|   0|  0|   16|           9|           7|
    |add_ln144_197_fu_14131_p2    |         +|   0|  0|   16|           9|           5|
    |add_ln144_198_fu_13621_p2    |         +|   0|  0|   23|          23|          23|
    |add_ln144_199_fu_14250_p2    |         +|   0|  0|   16|           9|           2|
    |add_ln144_19_fu_6572_p2      |         +|   0|  0|   26|          19|          19|
    |add_ln144_1_fu_5663_p2       |         +|   0|  0|   16|           9|           5|
    |add_ln144_200_fu_14310_p2    |         +|   0|  0|   16|           9|           3|
    |add_ln144_201_fu_14352_p2    |         +|   0|  0|   16|           9|           3|
    |add_ln144_203_fu_13808_p2    |         +|   0|  0|   25|          18|          18|
    |add_ln144_204_fu_13818_p2    |         +|   0|  0|   23|          23|          23|
    |add_ln144_207_fu_14490_p2    |         +|   0|  0|   25|          18|          18|
    |add_ln144_208_fu_14500_p2    |         +|   0|  0|   23|          23|          23|
    |add_ln144_209_fu_14822_p2    |         +|   0|  0|   26|          19|          19|
    |add_ln144_20_fu_6562_p2      |         +|   0|  0|   25|          18|          18|
    |add_ln144_211_fu_14655_p2    |         +|   0|  0|   17|          11|          11|
    |add_ln144_212_fu_14699_p2    |         +|   0|  0|   26|          19|          19|
    |add_ln144_213_fu_14709_p2    |         +|   0|  0|   22|          22|          22|
    |add_ln144_215_fu_14812_p2    |         +|   0|  0|   25|          18|          18|
    |add_ln144_216_fu_14854_p2    |         +|   0|  0|   20|          20|          20|
    |add_ln144_217_fu_14860_p2    |         +|   0|  0|   20|          20|          20|
    |add_ln144_218_fu_14870_p2    |         +|   0|  0|   29|          22|          22|
    |add_ln144_219_fu_14876_p2    |         +|   0|  0|   25|          18|          18|
    |add_ln144_21_fu_6604_p2      |         +|   0|  0|   20|          20|          20|
    |add_ln144_220_fu_14886_p2    |         +|   0|  0|   22|          22|          22|
    |add_ln144_222_fu_31448_p2    |         +|   0|  0|   23|          23|          23|
    |add_ln144_224_fu_15095_p2    |         +|   0|  0|   25|          18|          18|
    |add_ln144_225_fu_31511_p2    |         +|   0|  0|   30|          23|          23|
    |add_ln144_226_fu_31517_p2    |         +|   0|  0|   23|          23|          23|
    |add_ln144_228_fu_15531_p2    |         +|   0|  0|   16|           9|           6|
    |add_ln144_229_fu_15563_p2    |         +|   0|  0|   16|           9|           5|
    |add_ln144_22_fu_6610_p2      |         +|   0|  0|   20|          20|          20|
    |add_ln144_230_fu_15603_p2    |         +|   0|  0|   16|           9|           6|
    |add_ln144_231_fu_15639_p2    |         +|   0|  0|   16|           9|           6|
    |add_ln144_232_fu_15669_p2    |         +|   0|  0|   16|           9|           7|
    |add_ln144_233_fu_15711_p2    |         +|   0|  0|   16|           9|           5|
    |add_ln144_234_fu_15755_p2    |         +|   0|  0|   16|           9|           7|
    |add_ln144_235_fu_15781_p2    |         +|   0|  0|   16|           9|           5|
    |add_ln144_236_fu_15261_p2    |         +|   0|  0|   26|          19|          19|
    |add_ln144_237_fu_15900_p2    |         +|   0|  0|   16|           9|           2|
    |add_ln144_238_fu_15960_p2    |         +|   0|  0|   16|           9|           3|
    |add_ln144_239_fu_16002_p2    |         +|   0|  0|   16|           9|           3|
    |add_ln144_23_fu_6620_p2      |         +|   0|  0|   29|          22|          22|
    |add_ln144_240_fu_15271_p2    |         +|   0|  0|   23|          23|          23|
    |add_ln144_242_fu_15458_p2    |         +|   0|  0|   25|          18|          18|
    |add_ln144_243_fu_15468_p2    |         +|   0|  0|   23|          23|          23|
    |add_ln144_246_fu_16140_p2    |         +|   0|  0|   25|          18|          18|
    |add_ln144_247_fu_16472_p2    |         +|   0|  0|   26|          19|          19|
    |add_ln144_248_fu_16150_p2    |         +|   0|  0|   23|          23|          23|
    |add_ln144_24_fu_6626_p2      |         +|   0|  0|   25|          18|          18|
    |add_ln144_250_fu_16305_p2    |         +|   0|  0|   17|          11|          11|
    |add_ln144_251_fu_16349_p2    |         +|   0|  0|   26|          19|          19|
    |add_ln144_252_fu_16359_p2    |         +|   0|  0|   22|          22|          22|
    |add_ln144_254_fu_16462_p2    |         +|   0|  0|   25|          18|          18|
    |add_ln144_255_fu_16504_p2    |         +|   0|  0|   20|          20|          20|
    |add_ln144_256_fu_16510_p2    |         +|   0|  0|   20|          20|          20|
    |add_ln144_257_fu_16520_p2    |         +|   0|  0|   29|          22|          22|
    |add_ln144_258_fu_16526_p2    |         +|   0|  0|   25|          18|          18|
    |add_ln144_259_fu_16536_p2    |         +|   0|  0|   22|          22|          22|
    |add_ln144_25_fu_6636_p2      |         +|   0|  0|   22|          22|          22|
    |add_ln144_261_fu_31580_p2    |         +|   0|  0|   23|          23|          23|
    |add_ln144_263_fu_16745_p2    |         +|   0|  0|   25|          18|          18|
    |add_ln144_264_fu_31643_p2    |         +|   0|  0|   30|          23|          23|
    |add_ln144_265_fu_31649_p2    |         +|   0|  0|   23|          23|          23|
    |add_ln144_266_fu_17181_p2    |         +|   0|  0|   16|           9|           6|
    |add_ln144_267_fu_17213_p2    |         +|   0|  0|   16|           9|           5|
    |add_ln144_268_fu_17253_p2    |         +|   0|  0|   16|           9|           6|
    |add_ln144_269_fu_17289_p2    |         +|   0|  0|   16|           9|           6|
    |add_ln144_270_fu_17319_p2    |         +|   0|  0|   16|           9|           7|
    |add_ln144_271_fu_17361_p2    |         +|   0|  0|   16|           9|           5|
    |add_ln144_272_fu_17405_p2    |         +|   0|  0|   16|           9|           7|
    |add_ln144_273_fu_17431_p2    |         +|   0|  0|   16|           9|           5|
    |add_ln144_275_fu_17550_p2    |         +|   0|  0|   16|           9|           2|
    |add_ln144_276_fu_17610_p2    |         +|   0|  0|   16|           9|           3|
    |add_ln144_277_fu_17652_p2    |         +|   0|  0|   16|           9|           3|
    |add_ln144_278_fu_16911_p2    |         +|   0|  0|   26|          19|          19|
    |add_ln144_279_fu_16921_p2    |         +|   0|  0|   23|          23|          23|
    |add_ln144_27_fu_30788_p2     |         +|   0|  0|   23|          23|          23|
    |add_ln144_281_fu_17108_p2    |         +|   0|  0|   25|          18|          18|
    |add_ln144_282_fu_17118_p2    |         +|   0|  0|   23|          23|          23|
    |add_ln144_285_fu_18122_p2    |         +|   0|  0|   26|          19|          19|
    |add_ln144_286_fu_17790_p2    |         +|   0|  0|   25|          18|          18|
    |add_ln144_287_fu_17800_p2    |         +|   0|  0|   23|          23|          23|
    |add_ln144_289_fu_17955_p2    |         +|   0|  0|   17|          11|          11|
    |add_ln144_290_fu_17999_p2    |         +|   0|  0|   26|          19|          19|
    |add_ln144_291_fu_18009_p2    |         +|   0|  0|   22|          22|          22|
    |add_ln144_293_fu_18112_p2    |         +|   0|  0|   25|          18|          18|
    |add_ln144_294_fu_18154_p2    |         +|   0|  0|   20|          20|          20|
    |add_ln144_295_fu_18160_p2    |         +|   0|  0|   20|          20|          20|
    |add_ln144_296_fu_18170_p2    |         +|   0|  0|   29|          22|          22|
    |add_ln144_297_fu_18176_p2    |         +|   0|  0|   25|          18|          18|
    |add_ln144_298_fu_18186_p2    |         +|   0|  0|   22|          22|          22|
    |add_ln144_29_fu_6845_p2      |         +|   0|  0|   25|          18|          18|
    |add_ln144_2_fu_5703_p2       |         +|   0|  0|   16|           9|           6|
    |add_ln144_300_fu_31712_p2    |         +|   0|  0|   23|          23|          23|
    |add_ln144_302_fu_18395_p2    |         +|   0|  0|   25|          18|          18|
    |add_ln144_303_fu_31775_p2    |         +|   0|  0|   30|          23|          23|
    |add_ln144_304_fu_18831_p2    |         +|   0|  0|   16|           9|           6|
    |add_ln144_305_fu_18863_p2    |         +|   0|  0|   16|           9|           5|
    |add_ln144_306_fu_18903_p2    |         +|   0|  0|   16|           9|           6|
    |add_ln144_307_fu_18939_p2    |         +|   0|  0|   16|           9|           6|
    |add_ln144_308_fu_18969_p2    |         +|   0|  0|   16|           9|           7|
    |add_ln144_309_fu_19011_p2    |         +|   0|  0|   16|           9|           5|
    |add_ln144_30_fu_30851_p2     |         +|   0|  0|   30|          23|          23|
    |add_ln144_310_fu_19055_p2    |         +|   0|  0|   16|           9|           7|
    |add_ln144_311_fu_19081_p2    |         +|   0|  0|   16|           9|           5|
    |add_ln144_312_fu_31781_p2    |         +|   0|  0|   23|          23|          23|
    |add_ln144_313_fu_19200_p2    |         +|   0|  0|   16|           9|           2|
    |add_ln144_314_fu_19260_p2    |         +|   0|  0|   16|           9|           3|
    |add_ln144_315_fu_19302_p2    |         +|   0|  0|   16|           9|           3|
    |add_ln144_317_fu_18561_p2    |         +|   0|  0|   26|          19|          19|
    |add_ln144_318_fu_18571_p2    |         +|   0|  0|   23|          23|          23|
    |add_ln144_31_fu_30857_p2     |         +|   0|  0|   23|          23|          23|
    |add_ln144_320_fu_18758_p2    |         +|   0|  0|   25|          18|          18|
    |add_ln144_321_fu_18768_p2    |         +|   0|  0|   23|          23|          23|
    |add_ln144_323_fu_19772_p2    |         +|   0|  0|   26|          19|          19|
    |add_ln144_325_fu_19440_p2    |         +|   0|  0|   25|          18|          18|
    |add_ln144_326_fu_19450_p2    |         +|   0|  0|   23|          23|          23|
    |add_ln144_328_fu_19605_p2    |         +|   0|  0|   17|          11|          11|
    |add_ln144_329_fu_19649_p2    |         +|   0|  0|   26|          19|          19|
    |add_ln144_330_fu_19659_p2    |         +|   0|  0|   22|          22|          22|
    |add_ln144_332_fu_19762_p2    |         +|   0|  0|   25|          18|          18|
    |add_ln144_333_fu_19804_p2    |         +|   0|  0|   20|          20|          20|
    |add_ln144_334_fu_19810_p2    |         +|   0|  0|   20|          20|          20|
    |add_ln144_335_fu_19820_p2    |         +|   0|  0|   29|          22|          22|
    |add_ln144_336_fu_19826_p2    |         +|   0|  0|   25|          18|          18|
    |add_ln144_337_fu_19836_p2    |         +|   0|  0|   22|          22|          22|
    |add_ln144_339_fu_31844_p2    |         +|   0|  0|   23|          23|          23|
    |add_ln144_33_fu_7011_p2      |         +|   0|  0|   26|          19|          19|
    |add_ln144_341_fu_20045_p2    |         +|   0|  0|   25|          18|          18|
    |add_ln144_342_fu_20481_p2    |         +|   0|  0|   16|           9|           6|
    |add_ln144_343_fu_20513_p2    |         +|   0|  0|   16|           9|           5|
    |add_ln144_344_fu_20553_p2    |         +|   0|  0|   16|           9|           6|
    |add_ln144_345_fu_20589_p2    |         +|   0|  0|   16|           9|           6|
    |add_ln144_346_fu_20619_p2    |         +|   0|  0|   16|           9|           7|
    |add_ln144_347_fu_20661_p2    |         +|   0|  0|   16|           9|           5|
    |add_ln144_348_fu_20705_p2    |         +|   0|  0|   16|           9|           7|
    |add_ln144_349_fu_20731_p2    |         +|   0|  0|   16|           9|           5|
    |add_ln144_34_fu_7021_p2      |         +|   0|  0|   23|          23|          23|
    |add_ln144_350_fu_31907_p2    |         +|   0|  0|   30|          23|          23|
    |add_ln144_351_fu_20850_p2    |         +|   0|  0|   16|           9|           2|
    |add_ln144_352_fu_20910_p2    |         +|   0|  0|   16|           9|           3|
    |add_ln144_353_fu_20952_p2    |         +|   0|  0|   16|           9|           3|
    |add_ln144_354_fu_31913_p2    |         +|   0|  0|   23|          23|          23|
    |add_ln144_356_fu_20211_p2    |         +|   0|  0|   26|          19|          19|
    |add_ln144_357_fu_20221_p2    |         +|   0|  0|   23|          23|          23|
    |add_ln144_359_fu_20408_p2    |         +|   0|  0|   25|          18|          18|
    |add_ln144_360_fu_20418_p2    |         +|   0|  0|   23|          23|          23|
    |add_ln144_361_fu_21422_p2    |         +|   0|  0|   26|          19|          19|
    |add_ln144_364_fu_21090_p2    |         +|   0|  0|   25|          18|          18|
    |add_ln144_365_fu_21100_p2    |         +|   0|  0|   23|          23|          23|
    |add_ln144_367_fu_21255_p2    |         +|   0|  0|   17|          11|          11|
    |add_ln144_368_fu_21299_p2    |         +|   0|  0|   26|          19|          19|
    |add_ln144_369_fu_21309_p2    |         +|   0|  0|   22|          22|          22|
    |add_ln144_36_fu_7208_p2      |         +|   0|  0|   25|          18|          18|
    |add_ln144_371_fu_21412_p2    |         +|   0|  0|   25|          18|          18|
    |add_ln144_372_fu_21454_p2    |         +|   0|  0|   20|          20|          20|
    |add_ln144_373_fu_21460_p2    |         +|   0|  0|   20|          20|          20|
    |add_ln144_374_fu_21470_p2    |         +|   0|  0|   29|          22|          22|
    |add_ln144_375_fu_21476_p2    |         +|   0|  0|   25|          18|          18|
    |add_ln144_376_fu_21486_p2    |         +|   0|  0|   22|          22|          22|
    |add_ln144_378_fu_31976_p2    |         +|   0|  0|   23|          23|          23|
    |add_ln144_37_fu_7218_p2      |         +|   0|  0|   23|          23|          23|
    |add_ln144_380_fu_22131_p2    |         +|   0|  0|   16|           9|           6|
    |add_ln144_381_fu_22163_p2    |         +|   0|  0|   16|           9|           5|
    |add_ln144_382_fu_22203_p2    |         +|   0|  0|   16|           9|           6|
    |add_ln144_383_fu_22239_p2    |         +|   0|  0|   16|           9|           6|
    |add_ln144_384_fu_22269_p2    |         +|   0|  0|   16|           9|           7|
    |add_ln144_385_fu_22311_p2    |         +|   0|  0|   16|           9|           5|
    |add_ln144_386_fu_22355_p2    |         +|   0|  0|   16|           9|           7|
    |add_ln144_387_fu_22381_p2    |         +|   0|  0|   16|           9|           5|
    |add_ln144_388_fu_21695_p2    |         +|   0|  0|   25|          18|          18|
    |add_ln144_389_fu_22500_p2    |         +|   0|  0|   16|           9|           2|
    |add_ln144_38_fu_7281_p2      |         +|   0|  0|   16|           9|           6|
    |add_ln144_390_fu_22560_p2    |         +|   0|  0|   16|           9|           3|
    |add_ln144_391_fu_22602_p2    |         +|   0|  0|   16|           9|           3|
    |add_ln144_392_fu_32039_p2    |         +|   0|  0|   30|          23|          23|
    |add_ln144_393_fu_32045_p2    |         +|   0|  0|   23|          23|          23|
    |add_ln144_395_fu_21861_p2    |         +|   0|  0|   26|          19|          19|
    |add_ln144_396_fu_21871_p2    |         +|   0|  0|   23|          23|          23|
    |add_ln144_398_fu_22058_p2    |         +|   0|  0|   25|          18|          18|
    |add_ln144_399_fu_23072_p2    |         +|   0|  0|   26|          19|          19|
    |add_ln144_39_fu_7313_p2      |         +|   0|  0|   16|           9|           5|
    |add_ln144_3_fu_5739_p2       |         +|   0|  0|   16|           9|           6|
    |add_ln144_400_fu_22068_p2    |         +|   0|  0|   23|          23|          23|
    |add_ln144_403_fu_22740_p2    |         +|   0|  0|   25|          18|          18|
    |add_ln144_404_fu_22750_p2    |         +|   0|  0|   23|          23|          23|
    |add_ln144_406_fu_22905_p2    |         +|   0|  0|   17|          11|          11|
    |add_ln144_407_fu_22949_p2    |         +|   0|  0|   26|          19|          19|
    |add_ln144_408_fu_22959_p2    |         +|   0|  0|   22|          22|          22|
    |add_ln144_40_fu_7353_p2      |         +|   0|  0|   16|           9|           6|
    |add_ln144_410_fu_23062_p2    |         +|   0|  0|   25|          18|          18|
    |add_ln144_411_fu_23104_p2    |         +|   0|  0|   20|          20|          20|
    |add_ln144_412_fu_23110_p2    |         +|   0|  0|   20|          20|          20|
    |add_ln144_413_fu_23120_p2    |         +|   0|  0|   29|          22|          22|
    |add_ln144_414_fu_23126_p2    |         +|   0|  0|   25|          18|          18|
    |add_ln144_415_fu_23136_p2    |         +|   0|  0|   22|          22|          22|
    |add_ln144_417_fu_32108_p2    |         +|   0|  0|   23|          23|          23|
    |add_ln144_418_fu_23781_p2    |         +|   0|  0|   16|           9|           6|
    |add_ln144_419_fu_23813_p2    |         +|   0|  0|   16|           9|           5|
    |add_ln144_41_fu_7389_p2      |         +|   0|  0|   16|           9|           6|
    |add_ln144_420_fu_23853_p2    |         +|   0|  0|   16|           9|           6|
    |add_ln144_421_fu_23889_p2    |         +|   0|  0|   16|           9|           6|
    |add_ln144_422_fu_23919_p2    |         +|   0|  0|   16|           9|           7|
    |add_ln144_423_fu_23961_p2    |         +|   0|  0|   16|           9|           5|
    |add_ln144_424_fu_24005_p2    |         +|   0|  0|   16|           9|           7|
    |add_ln144_425_fu_24031_p2    |         +|   0|  0|   16|           9|           5|
    |add_ln144_427_fu_24150_p2    |         +|   0|  0|   16|           9|           2|
    |add_ln144_428_fu_24210_p2    |         +|   0|  0|   16|           9|           3|
    |add_ln144_429_fu_24252_p2    |         +|   0|  0|   16|           9|           3|
    |add_ln144_42_fu_7419_p2      |         +|   0|  0|   16|           9|           7|
    |add_ln144_430_fu_23345_p2    |         +|   0|  0|   25|          18|          18|
    |add_ln144_431_fu_32171_p2    |         +|   0|  0|   30|          23|          23|
    |add_ln144_432_fu_32177_p2    |         +|   0|  0|   23|          23|          23|
    |add_ln144_434_fu_23511_p2    |         +|   0|  0|   26|          19|          19|
    |add_ln144_435_fu_23521_p2    |         +|   0|  0|   23|          23|          23|
    |add_ln144_437_fu_24722_p2    |         +|   0|  0|   26|          19|          19|
    |add_ln144_438_fu_23708_p2    |         +|   0|  0|   25|          18|          18|
    |add_ln144_439_fu_23718_p2    |         +|   0|  0|   23|          23|          23|
    |add_ln144_43_fu_7461_p2      |         +|   0|  0|   16|           9|           5|
    |add_ln144_442_fu_24390_p2    |         +|   0|  0|   25|          18|          18|
    |add_ln144_443_fu_24400_p2    |         +|   0|  0|   23|          23|          23|
    |add_ln144_445_fu_24555_p2    |         +|   0|  0|   17|          11|          11|
    |add_ln144_446_fu_24599_p2    |         +|   0|  0|   26|          19|          19|
    |add_ln144_447_fu_24609_p2    |         +|   0|  0|   22|          22|          22|
    |add_ln144_449_fu_24712_p2    |         +|   0|  0|   25|          18|          18|
    |add_ln144_44_fu_7505_p2      |         +|   0|  0|   16|           9|           7|
    |add_ln144_450_fu_24754_p2    |         +|   0|  0|   20|          20|          20|
    |add_ln144_451_fu_24760_p2    |         +|   0|  0|   20|          20|          20|
    |add_ln144_452_fu_24770_p2    |         +|   0|  0|   29|          22|          22|
    |add_ln144_453_fu_24776_p2    |         +|   0|  0|   25|          18|          18|
    |add_ln144_454_fu_24786_p2    |         +|   0|  0|   22|          22|          22|
    |add_ln144_456_fu_25431_p2    |         +|   0|  0|   16|           9|           6|
    |add_ln144_457_fu_25463_p2    |         +|   0|  0|   16|           9|           5|
    |add_ln144_458_fu_25503_p2    |         +|   0|  0|   16|           9|           6|
    |add_ln144_459_fu_25539_p2    |         +|   0|  0|   16|           9|           6|
    |add_ln144_45_fu_7531_p2      |         +|   0|  0|   16|           9|           5|
    |add_ln144_460_fu_25569_p2    |         +|   0|  0|   16|           9|           7|
    |add_ln144_461_fu_25611_p2    |         +|   0|  0|   16|           9|           5|
    |add_ln144_462_fu_25655_p2    |         +|   0|  0|   16|           9|           7|
    |add_ln144_463_fu_25681_p2    |         +|   0|  0|   16|           9|           5|
    |add_ln144_464_fu_32240_p2    |         +|   0|  0|   23|          23|          23|
    |add_ln144_465_fu_25800_p2    |         +|   0|  0|   16|           9|           2|
    |add_ln144_466_fu_25860_p2    |         +|   0|  0|   16|           9|           3|
    |add_ln144_467_fu_25902_p2    |         +|   0|  0|   16|           9|           3|
    |add_ln144_469_fu_24995_p2    |         +|   0|  0|   25|          18|          18|
    |add_ln144_470_fu_32303_p2    |         +|   0|  0|   30|          23|          23|
    |add_ln144_471_fu_32309_p2    |         +|   0|  0|   23|          23|          23|
    |add_ln144_473_fu_25161_p2    |         +|   0|  0|   26|          19|          19|
    |add_ln144_474_fu_25171_p2    |         +|   0|  0|   23|          23|          23|
    |add_ln144_475_fu_26372_p2    |         +|   0|  0|   26|          19|          19|
    |add_ln144_477_fu_25358_p2    |         +|   0|  0|   25|          18|          18|
    |add_ln144_478_fu_25368_p2    |         +|   0|  0|   23|          23|          23|
    |add_ln144_47_fu_7650_p2      |         +|   0|  0|   16|           9|           2|
    |add_ln144_481_fu_26040_p2    |         +|   0|  0|   25|          18|          18|
    |add_ln144_482_fu_26050_p2    |         +|   0|  0|   23|          23|          23|
    |add_ln144_484_fu_26205_p2    |         +|   0|  0|   17|          11|          11|
    |add_ln144_485_fu_26249_p2    |         +|   0|  0|   26|          19|          19|
    |add_ln144_486_fu_26259_p2    |         +|   0|  0|   22|          22|          22|
    |add_ln144_488_fu_26362_p2    |         +|   0|  0|   25|          18|          18|
    |add_ln144_489_fu_26404_p2    |         +|   0|  0|   20|          20|          20|
    |add_ln144_48_fu_7710_p2      |         +|   0|  0|   16|           9|           3|
    |add_ln144_490_fu_26410_p2    |         +|   0|  0|   20|          20|          20|
    |add_ln144_491_fu_26420_p2    |         +|   0|  0|   29|          22|          22|
    |add_ln144_492_fu_26426_p2    |         +|   0|  0|   25|          18|          18|
    |add_ln144_493_fu_26436_p2    |         +|   0|  0|   22|          22|          22|
    |add_ln144_494_fu_27081_p2    |         +|   0|  0|   16|           9|           6|
    |add_ln144_495_fu_27113_p2    |         +|   0|  0|   16|           9|           5|
    |add_ln144_496_fu_27153_p2    |         +|   0|  0|   16|           9|           6|
    |add_ln144_497_fu_27189_p2    |         +|   0|  0|   16|           9|           6|
    |add_ln144_498_fu_27219_p2    |         +|   0|  0|   16|           9|           7|
    |add_ln144_499_fu_27261_p2    |         +|   0|  0|   16|           9|           5|
    |add_ln144_49_fu_7752_p2      |         +|   0|  0|   16|           9|           3|
    |add_ln144_4_fu_5769_p2       |         +|   0|  0|   16|           9|           7|
    |add_ln144_500_fu_27305_p2    |         +|   0|  0|   16|           9|           7|
    |add_ln144_501_fu_27331_p2    |         +|   0|  0|   16|           9|           5|
    |add_ln144_503_fu_27450_p2    |         +|   0|  0|   16|           9|           2|
    |add_ln144_504_fu_27510_p2    |         +|   0|  0|   16|           9|           3|
    |add_ln144_505_fu_27552_p2    |         +|   0|  0|   16|           9|           3|
    |add_ln144_506_fu_32372_p2    |         +|   0|  0|   23|          23|          23|
    |add_ln144_508_fu_26645_p2    |         +|   0|  0|   25|          18|          18|
    |add_ln144_509_fu_32435_p2    |         +|   0|  0|   30|          23|          23|
    |add_ln144_510_fu_32441_p2    |         +|   0|  0|   23|          23|          23|
    |add_ln144_512_fu_26811_p2    |         +|   0|  0|   26|          19|          19|
    |add_ln144_513_fu_28022_p2    |         +|   0|  0|   26|          19|          19|
    |add_ln144_514_fu_26821_p2    |         +|   0|  0|   23|          23|          23|
    |add_ln144_516_fu_27008_p2    |         +|   0|  0|   25|          18|          18|
    |add_ln144_517_fu_27018_p2    |         +|   0|  0|   23|          23|          23|
    |add_ln144_51_fu_7890_p2      |         +|   0|  0|   25|          18|          18|
    |add_ln144_520_fu_27690_p2    |         +|   0|  0|   25|          18|          18|
    |add_ln144_521_fu_27700_p2    |         +|   0|  0|   23|          23|          23|
    |add_ln144_523_fu_27855_p2    |         +|   0|  0|   17|          11|          11|
    |add_ln144_524_fu_27899_p2    |         +|   0|  0|   26|          19|          19|
    |add_ln144_525_fu_27909_p2    |         +|   0|  0|   22|          22|          22|
    |add_ln144_527_fu_28012_p2    |         +|   0|  0|   25|          18|          18|
    |add_ln144_528_fu_28054_p2    |         +|   0|  0|   20|          20|          20|
    |add_ln144_529_fu_28060_p2    |         +|   0|  0|   20|          20|          20|
    |add_ln144_52_fu_7900_p2      |         +|   0|  0|   23|          23|          23|
    |add_ln144_530_fu_28070_p2    |         +|   0|  0|   29|          22|          22|
    |add_ln144_531_fu_28076_p2    |         +|   0|  0|   25|          18|          18|
    |add_ln144_532_fu_28731_p2    |         +|   0|  0|   16|           9|           6|
    |add_ln144_533_fu_28763_p2    |         +|   0|  0|   16|           9|           5|
    |add_ln144_534_fu_28803_p2    |         +|   0|  0|   16|           9|           6|
    |add_ln144_535_fu_28839_p2    |         +|   0|  0|   16|           9|           6|
    |add_ln144_536_fu_28869_p2    |         +|   0|  0|   16|           9|           7|
    |add_ln144_537_fu_28911_p2    |         +|   0|  0|   16|           9|           5|
    |add_ln144_538_fu_28955_p2    |         +|   0|  0|   16|           9|           7|
    |add_ln144_539_fu_28981_p2    |         +|   0|  0|   16|           9|           5|
    |add_ln144_540_fu_28086_p2    |         +|   0|  0|   22|          22|          22|
    |add_ln144_541_fu_29100_p2    |         +|   0|  0|   16|           9|           2|
    |add_ln144_542_fu_29160_p2    |         +|   0|  0|   16|           9|           3|
    |add_ln144_543_fu_29202_p2    |         +|   0|  0|   16|           9|           3|
    |add_ln144_545_fu_32504_p2    |         +|   0|  0|   23|          23|          23|
    |add_ln144_547_fu_28295_p2    |         +|   0|  0|   25|          18|          18|
    |add_ln144_548_fu_32567_p2    |         +|   0|  0|   30|          23|          23|
    |add_ln144_549_fu_32573_p2    |         +|   0|  0|   23|          23|          23|
    |add_ln144_54_fu_8055_p2      |         +|   0|  0|   17|          11|          11|
    |add_ln144_551_fu_29672_p2    |         +|   0|  0|   26|          19|          19|
    |add_ln144_552_fu_28461_p2    |         +|   0|  0|   26|          19|          19|
    |add_ln144_553_fu_28471_p2    |         +|   0|  0|   23|          23|          23|
    |add_ln144_555_fu_28658_p2    |         +|   0|  0|   25|          18|          18|
    |add_ln144_556_fu_28668_p2    |         +|   0|  0|   23|          23|          23|
    |add_ln144_559_fu_29340_p2    |         +|   0|  0|   25|          18|          18|
    |add_ln144_55_fu_8099_p2      |         +|   0|  0|   26|          19|          19|
    |add_ln144_560_fu_29350_p2    |         +|   0|  0|   23|          23|          23|
    |add_ln144_562_fu_29505_p2    |         +|   0|  0|   17|          11|          11|
    |add_ln144_563_fu_29549_p2    |         +|   0|  0|   26|          19|          19|
    |add_ln144_564_fu_29559_p2    |         +|   0|  0|   22|          22|          22|
    |add_ln144_566_fu_29662_p2    |         +|   0|  0|   25|          18|          18|
    |add_ln144_567_fu_29704_p2    |         +|   0|  0|   20|          20|          20|
    |add_ln144_568_fu_29710_p2    |         +|   0|  0|   20|          20|          20|
    |add_ln144_569_fu_29720_p2    |         +|   0|  0|   29|          22|          22|
    |add_ln144_56_fu_8109_p2      |         +|   0|  0|   22|          22|          22|
    |add_ln144_570_fu_29726_p2    |         +|   0|  0|   25|          18|          18|
    |add_ln144_571_fu_29736_p2    |         +|   0|  0|   22|          22|          22|
    |add_ln144_573_fu_32636_p2    |         +|   0|  0|   23|          23|          23|
    |add_ln144_575_fu_29945_p2    |         +|   0|  0|   25|          18|          18|
    |add_ln144_576_fu_32699_p2    |         +|   0|  0|   30|          23|          23|
    |add_ln144_577_fu_32705_p2    |         +|   0|  0|   23|          23|          23|
    |add_ln144_579_fu_30111_p2    |         +|   0|  0|   26|          19|          19|
    |add_ln144_57_fu_8222_p2      |         +|   0|  0|   26|          19|          19|
    |add_ln144_580_fu_30121_p2    |         +|   0|  0|   23|          23|          23|
    |add_ln144_582_fu_30308_p2    |         +|   0|  0|   25|          18|          18|
    |add_ln144_583_fu_30318_p2    |         +|   0|  0|   23|          23|          23|
    |add_ln144_59_fu_8212_p2      |         +|   0|  0|   25|          18|          18|
    |add_ln144_5_fu_5811_p2       |         +|   0|  0|   16|           9|           5|
    |add_ln144_60_fu_8254_p2      |         +|   0|  0|   20|          20|          20|
    |add_ln144_61_fu_8260_p2      |         +|   0|  0|   20|          20|          20|
    |add_ln144_62_fu_8270_p2      |         +|   0|  0|   29|          22|          22|
    |add_ln144_63_fu_8276_p2      |         +|   0|  0|   25|          18|          18|
    |add_ln144_64_fu_8286_p2      |         +|   0|  0|   22|          22|          22|
    |add_ln144_66_fu_30920_p2     |         +|   0|  0|   23|          23|          23|
    |add_ln144_68_fu_8495_p2      |         +|   0|  0|   25|          18|          18|
    |add_ln144_69_fu_30983_p2     |         +|   0|  0|   30|          23|          23|
    |add_ln144_6_fu_5855_p2       |         +|   0|  0|   16|           9|           7|
    |add_ln144_70_fu_30989_p2     |         +|   0|  0|   23|          23|          23|
    |add_ln144_72_fu_8661_p2      |         +|   0|  0|   26|          19|          19|
    |add_ln144_73_fu_8671_p2      |         +|   0|  0|   23|          23|          23|
    |add_ln144_75_fu_8858_p2      |         +|   0|  0|   25|          18|          18|
    |add_ln144_76_fu_8931_p2      |         +|   0|  0|   16|           9|           6|
    |add_ln144_77_fu_8963_p2      |         +|   0|  0|   16|           9|           5|
    |add_ln144_78_fu_9003_p2      |         +|   0|  0|   16|           9|           6|
    |add_ln144_79_fu_9039_p2      |         +|   0|  0|   16|           9|           6|
    |add_ln144_7_fu_5881_p2       |         +|   0|  0|   16|           9|           5|
    |add_ln144_80_fu_9069_p2      |         +|   0|  0|   16|           9|           7|
    |add_ln144_81_fu_9111_p2      |         +|   0|  0|   16|           9|           5|
    |add_ln144_82_fu_9155_p2      |         +|   0|  0|   16|           9|           7|
    |add_ln144_83_fu_9181_p2      |         +|   0|  0|   16|           9|           5|
    |add_ln144_84_fu_8868_p2      |         +|   0|  0|   23|          23|          23|
    |add_ln144_85_fu_9300_p2      |         +|   0|  0|   16|           9|           2|
    |add_ln144_86_fu_9360_p2      |         +|   0|  0|   16|           9|           3|
    |add_ln144_87_fu_9402_p2      |         +|   0|  0|   16|           9|           3|
    |add_ln144_90_fu_9540_p2      |         +|   0|  0|   25|          18|          18|
    |add_ln144_91_fu_9550_p2      |         +|   0|  0|   23|          23|          23|
    |add_ln144_93_fu_9705_p2      |         +|   0|  0|   17|          11|          11|
    |add_ln144_94_fu_9749_p2      |         +|   0|  0|   26|          19|          19|
    |add_ln144_95_fu_9872_p2      |         +|   0|  0|   26|          19|          19|
    |add_ln144_96_fu_9759_p2      |         +|   0|  0|   22|          22|          22|
    |add_ln144_98_fu_9862_p2      |         +|   0|  0|   25|          18|          18|
    |add_ln144_99_fu_9904_p2      |         +|   0|  0|   20|          20|          20|
    |add_ln144_9_fu_6000_p2       |         +|   0|  0|   16|           9|           2|
    |add_ln144_fu_5631_p2         |         +|   0|  0|   16|           9|           6|
    |add_ln157_10_fu_30607_p2     |         +|   0|  0|   17|          10|           1|
    |add_ln157_11_fu_30629_p2     |         +|   0|  0|   17|          10|           1|
    |add_ln157_12_fu_30651_p2     |         +|   0|  0|   17|          10|           1|
    |add_ln157_13_fu_30673_p2     |         +|   0|  0|   17|          10|           1|
    |add_ln157_14_fu_30695_p2     |         +|   0|  0|   17|          10|           1|
    |add_ln157_1_fu_30409_p2      |         +|   0|  0|   17|          10|           1|
    |add_ln157_2_fu_30431_p2      |         +|   0|  0|   17|          10|           1|
    |add_ln157_3_fu_30453_p2      |         +|   0|  0|   17|          10|           1|
    |add_ln157_4_fu_30475_p2      |         +|   0|  0|   17|          10|           1|
    |add_ln157_5_fu_30497_p2      |         +|   0|  0|   17|          10|           1|
    |add_ln157_6_fu_30519_p2      |         +|   0|  0|   17|          10|           1|
    |add_ln157_7_fu_30541_p2      |         +|   0|  0|   17|          10|           1|
    |add_ln157_8_fu_30563_p2      |         +|   0|  0|   17|          10|           1|
    |add_ln157_9_fu_30585_p2      |         +|   0|  0|   17|          10|           1|
    |add_ln157_fu_30387_p2        |         +|   0|  0|   17|          10|           1|
    |addconv4128_fu_5927_p2       |         +|   0|  0|   20|          13|          13|
    |addconv4129_fu_6196_p2       |         +|   0|  0|   17|          12|          12|
    |addconv4131_fu_6729_p2       |         +|   0|  0|   17|          12|          12|
    |addconv4133_fu_6819_p2       |         +|   0|  0|   17|          12|          12|
    |addconv4136_fu_7144_p2       |         +|   0|  0|   17|          12|          12|
    |addconv4138_fu_7577_p2       |         +|   0|  0|   20|          13|          13|
    |addconv4139_fu_7846_p2       |         +|   0|  0|   17|          12|          12|
    |addconv4141_fu_8379_p2       |         +|   0|  0|   17|          12|          12|
    |addconv4143_fu_8469_p2       |         +|   0|  0|   17|          12|          12|
    |addconv4146_fu_8794_p2       |         +|   0|  0|   17|          12|          12|
    |addconv4148_fu_9227_p2       |         +|   0|  0|   20|          13|          13|
    |addconv4149_fu_9496_p2       |         +|   0|  0|   17|          12|          12|
    |addconv4151_fu_10029_p2      |         +|   0|  0|   17|          12|          12|
    |addconv4153_fu_10119_p2      |         +|   0|  0|   17|          12|          12|
    |addconv4156_fu_10444_p2      |         +|   0|  0|   17|          12|          12|
    |addconv4158_fu_10877_p2      |         +|   0|  0|   20|          13|          13|
    |addconv4159_fu_11146_p2      |         +|   0|  0|   17|          12|          12|
    |addconv4161_fu_11679_p2      |         +|   0|  0|   17|          12|          12|
    |addconv4163_fu_11769_p2      |         +|   0|  0|   17|          12|          12|
    |addconv4166_fu_12094_p2      |         +|   0|  0|   17|          12|          12|
    |addconv4168_fu_12527_p2      |         +|   0|  0|   20|          13|          13|
    |addconv4169_fu_12796_p2      |         +|   0|  0|   17|          12|          12|
    |addconv4171_fu_13329_p2      |         +|   0|  0|   17|          12|          12|
    |addconv4173_fu_13419_p2      |         +|   0|  0|   17|          12|          12|
    |addconv4176_fu_13744_p2      |         +|   0|  0|   17|          12|          12|
    |addconv4178_fu_14177_p2      |         +|   0|  0|   20|          13|          13|
    |addconv4179_fu_14446_p2      |         +|   0|  0|   17|          12|          12|
    |addconv4181_fu_14979_p2      |         +|   0|  0|   17|          12|          12|
    |addconv4183_fu_15069_p2      |         +|   0|  0|   17|          12|          12|
    |addconv4186_fu_15394_p2      |         +|   0|  0|   17|          12|          12|
    |addconv4188_fu_15827_p2      |         +|   0|  0|   20|          13|          13|
    |addconv4189_fu_16096_p2      |         +|   0|  0|   17|          12|          12|
    |addconv4191_fu_16629_p2      |         +|   0|  0|   17|          12|          12|
    |addconv4193_fu_16719_p2      |         +|   0|  0|   17|          12|          12|
    |addconv4196_fu_17044_p2      |         +|   0|  0|   17|          12|          12|
    |addconv4198_fu_17477_p2      |         +|   0|  0|   20|          13|          13|
    |addconv4199_fu_17746_p2      |         +|   0|  0|   17|          12|          12|
    |addconv4201_fu_18279_p2      |         +|   0|  0|   17|          12|          12|
    |addconv4203_fu_18369_p2      |         +|   0|  0|   17|          12|          12|
    |addconv4206_fu_18694_p2      |         +|   0|  0|   17|          12|          12|
    |addconv4208_fu_19127_p2      |         +|   0|  0|   20|          13|          13|
    |addconv4209_fu_19396_p2      |         +|   0|  0|   17|          12|          12|
    |addconv4211_fu_19929_p2      |         +|   0|  0|   17|          12|          12|
    |addconv4213_fu_20019_p2      |         +|   0|  0|   17|          12|          12|
    |addconv4216_fu_20344_p2      |         +|   0|  0|   17|          12|          12|
    |addconv4218_fu_20777_p2      |         +|   0|  0|   20|          13|          13|
    |addconv4219_fu_21046_p2      |         +|   0|  0|   17|          12|          12|
    |addconv4221_fu_21579_p2      |         +|   0|  0|   17|          12|          12|
    |addconv4223_fu_21669_p2      |         +|   0|  0|   17|          12|          12|
    |addconv4226_fu_21994_p2      |         +|   0|  0|   17|          12|          12|
    |addconv4228_fu_22427_p2      |         +|   0|  0|   20|          13|          13|
    |addconv4229_fu_22696_p2      |         +|   0|  0|   17|          12|          12|
    |addconv4231_fu_23229_p2      |         +|   0|  0|   17|          12|          12|
    |addconv4233_fu_23319_p2      |         +|   0|  0|   17|          12|          12|
    |addconv4236_fu_23644_p2      |         +|   0|  0|   17|          12|          12|
    |addconv4238_fu_24077_p2      |         +|   0|  0|   20|          13|          13|
    |addconv4239_fu_24346_p2      |         +|   0|  0|   17|          12|          12|
    |addconv4241_fu_24879_p2      |         +|   0|  0|   17|          12|          12|
    |addconv4243_fu_24969_p2      |         +|   0|  0|   17|          12|          12|
    |addconv4246_fu_25294_p2      |         +|   0|  0|   17|          12|          12|
    |addconv4248_fu_25727_p2      |         +|   0|  0|   20|          13|          13|
    |addconv4249_fu_25996_p2      |         +|   0|  0|   17|          12|          12|
    |addconv4251_fu_26529_p2      |         +|   0|  0|   17|          12|          12|
    |addconv4253_fu_26619_p2      |         +|   0|  0|   17|          12|          12|
    |addconv4256_fu_26944_p2      |         +|   0|  0|   17|          12|          12|
    |addconv4258_fu_27377_p2      |         +|   0|  0|   20|          13|          13|
    |addconv4259_fu_27646_p2      |         +|   0|  0|   17|          12|          12|
    |addconv4261_fu_28179_p2      |         +|   0|  0|   17|          12|          12|
    |addconv4263_fu_28269_p2      |         +|   0|  0|   17|          12|          12|
    |addconv4266_fu_28594_p2      |         +|   0|  0|   17|          12|          12|
    |addconv4268_fu_29027_p2      |         +|   0|  0|   20|          13|          13|
    |addconv4269_fu_29296_p2      |         +|   0|  0|   17|          12|          12|
    |addconv4271_fu_29829_p2      |         +|   0|  0|   17|          12|          12|
    |addconv4273_fu_29919_p2      |         +|   0|  0|   17|          12|          12|
    |addconv4276_fu_30244_p2      |         +|   0|  0|   17|          12|          12|
    |idx_10_fu_23751_p2           |         +|   0|  0|   15|           8|           6|
    |idx_11_fu_25401_p2           |         +|   0|  0|   15|           8|           6|
    |idx_12_fu_27051_p2           |         +|   0|  0|   15|           8|           6|
    |idx_13_fu_28701_p2           |         +|   0|  0|   15|           8|           6|
    |idx_14_fu_30351_p2           |         +|   0|  0|   15|           8|           6|
    |idx_1_fu_8901_p2             |         +|   0|  0|   15|           8|           6|
    |idx_2_fu_10551_p2            |         +|   0|  0|   15|           8|           6|
    |idx_3_fu_12201_p2            |         +|   0|  0|   15|           8|           6|
    |idx_4_fu_13851_p2            |         +|   0|  0|   15|           8|           6|
    |idx_5_fu_15501_p2            |         +|   0|  0|   15|           8|           6|
    |idx_6_fu_17151_p2            |         +|   0|  0|   15|           8|           6|
    |idx_7_fu_18801_p2            |         +|   0|  0|   15|           8|           6|
    |idx_8_fu_20451_p2            |         +|   0|  0|   15|           8|           6|
    |idx_9_fu_22101_p2            |         +|   0|  0|   15|           8|           6|
    |idx_fu_7251_p2               |         +|   0|  0|   15|           8|           6|
    |sum_100_fu_24406_p2          |         +|   0|  0|   23|          23|          23|
    |sum_101_fu_24615_p2          |         +|   0|  0|   22|          22|          22|
    |sum_103_fu_24792_p2          |         +|   0|  0|   22|          22|          22|
    |sum_104_fu_32246_p2          |         +|   0|  0|   23|          23|          23|
    |sum_105_fu_32315_p2          |         +|   0|  0|   23|          23|          23|
    |sum_106_fu_25177_p2          |         +|   0|  0|   23|          23|          23|
    |sum_107_fu_25374_p2          |         +|   0|  0|   23|          23|          23|
    |sum_108_fu_25771_p2          |         +|   0|  0|   30|          23|          23|
    |sum_109_fu_26056_p2          |         +|   0|  0|   23|          23|          23|
    |sum_10_fu_7906_p2            |         +|   0|  0|   23|          23|          23|
    |sum_110_fu_26265_p2          |         +|   0|  0|   22|          22|          22|
    |sum_112_fu_26442_p2          |         +|   0|  0|   22|          22|          22|
    |sum_113_fu_32378_p2          |         +|   0|  0|   23|          23|          23|
    |sum_114_fu_32447_p2          |         +|   0|  0|   23|          23|          23|
    |sum_115_fu_26827_p2          |         +|   0|  0|   23|          23|          23|
    |sum_116_fu_27024_p2          |         +|   0|  0|   23|          23|          23|
    |sum_117_fu_27421_p2          |         +|   0|  0|   30|          23|          23|
    |sum_118_fu_27706_p2          |         +|   0|  0|   23|          23|          23|
    |sum_119_fu_27915_p2          |         +|   0|  0|   22|          22|          22|
    |sum_11_fu_8115_p2            |         +|   0|  0|   22|          22|          22|
    |sum_121_fu_28092_p2          |         +|   0|  0|   22|          22|          22|
    |sum_122_fu_32510_p2          |         +|   0|  0|   23|          23|          23|
    |sum_123_fu_32579_p2          |         +|   0|  0|   23|          23|          23|
    |sum_124_fu_28477_p2          |         +|   0|  0|   23|          23|          23|
    |sum_125_fu_28674_p2          |         +|   0|  0|   23|          23|          23|
    |sum_126_fu_29071_p2          |         +|   0|  0|   30|          23|          23|
    |sum_127_fu_29356_p2          |         +|   0|  0|   23|          23|          23|
    |sum_128_fu_29565_p2          |         +|   0|  0|   22|          22|          22|
    |sum_130_fu_29742_p2          |         +|   0|  0|   22|          22|          22|
    |sum_131_fu_32642_p2          |         +|   0|  0|   23|          23|          23|
    |sum_132_fu_32711_p2          |         +|   0|  0|   23|          23|          23|
    |sum_133_fu_30127_p2          |         +|   0|  0|   23|          23|          23|
    |sum_134_fu_30324_p2          |         +|   0|  0|   23|          23|          23|
    |sum_13_fu_8292_p2            |         +|   0|  0|   22|          22|          22|
    |sum_14_fu_30926_p2           |         +|   0|  0|   23|          23|          23|
    |sum_15_fu_30995_p2           |         +|   0|  0|   23|          23|          23|
    |sum_16_fu_8677_p2            |         +|   0|  0|   23|          23|          23|
    |sum_17_fu_8874_p2            |         +|   0|  0|   23|          23|          23|
    |sum_18_fu_9271_p2            |         +|   0|  0|   30|          23|          23|
    |sum_19_fu_9556_p2            |         +|   0|  0|   23|          23|          23|
    |sum_1_fu_6256_p2             |         +|   0|  0|   23|          23|          23|
    |sum_20_fu_9765_p2            |         +|   0|  0|   22|          22|          22|
    |sum_22_fu_9942_p2            |         +|   0|  0|   22|          22|          22|
    |sum_23_fu_31058_p2           |         +|   0|  0|   23|          23|          23|
    |sum_24_fu_31127_p2           |         +|   0|  0|   23|          23|          23|
    |sum_25_fu_10327_p2           |         +|   0|  0|   23|          23|          23|
    |sum_26_fu_10524_p2           |         +|   0|  0|   23|          23|          23|
    |sum_27_fu_10921_p2           |         +|   0|  0|   30|          23|          23|
    |sum_28_fu_11206_p2           |         +|   0|  0|   23|          23|          23|
    |sum_29_fu_11415_p2           |         +|   0|  0|   22|          22|          22|
    |sum_2_fu_6465_p2             |         +|   0|  0|   22|          22|          22|
    |sum_31_fu_11592_p2           |         +|   0|  0|   22|          22|          22|
    |sum_32_fu_31190_p2           |         +|   0|  0|   23|          23|          23|
    |sum_33_fu_31259_p2           |         +|   0|  0|   23|          23|          23|
    |sum_34_fu_11977_p2           |         +|   0|  0|   23|          23|          23|
    |sum_35_fu_12174_p2           |         +|   0|  0|   23|          23|          23|
    |sum_36_fu_12571_p2           |         +|   0|  0|   30|          23|          23|
    |sum_37_fu_12856_p2           |         +|   0|  0|   23|          23|          23|
    |sum_38_fu_13065_p2           |         +|   0|  0|   22|          22|          22|
    |sum_40_fu_13242_p2           |         +|   0|  0|   22|          22|          22|
    |sum_41_fu_31322_p2           |         +|   0|  0|   23|          23|          23|
    |sum_42_fu_31391_p2           |         +|   0|  0|   23|          23|          23|
    |sum_43_fu_13627_p2           |         +|   0|  0|   23|          23|          23|
    |sum_44_fu_13824_p2           |         +|   0|  0|   23|          23|          23|
    |sum_45_fu_14221_p2           |         +|   0|  0|   30|          23|          23|
    |sum_46_fu_14506_p2           |         +|   0|  0|   23|          23|          23|
    |sum_47_fu_14715_p2           |         +|   0|  0|   22|          22|          22|
    |sum_49_fu_14892_p2           |         +|   0|  0|   22|          22|          22|
    |sum_4_fu_6642_p2             |         +|   0|  0|   22|          22|          22|
    |sum_50_fu_31454_p2           |         +|   0|  0|   23|          23|          23|
    |sum_51_fu_31523_p2           |         +|   0|  0|   23|          23|          23|
    |sum_52_fu_15277_p2           |         +|   0|  0|   23|          23|          23|
    |sum_53_fu_15474_p2           |         +|   0|  0|   23|          23|          23|
    |sum_54_fu_15871_p2           |         +|   0|  0|   30|          23|          23|
    |sum_55_fu_16156_p2           |         +|   0|  0|   23|          23|          23|
    |sum_56_fu_16365_p2           |         +|   0|  0|   22|          22|          22|
    |sum_58_fu_16542_p2           |         +|   0|  0|   22|          22|          22|
    |sum_59_fu_31586_p2           |         +|   0|  0|   23|          23|          23|
    |sum_5_fu_30794_p2            |         +|   0|  0|   23|          23|          23|
    |sum_60_fu_31655_p2           |         +|   0|  0|   23|          23|          23|
    |sum_61_fu_16927_p2           |         +|   0|  0|   23|          23|          23|
    |sum_62_fu_17124_p2           |         +|   0|  0|   23|          23|          23|
    |sum_63_fu_17521_p2           |         +|   0|  0|   30|          23|          23|
    |sum_64_fu_17806_p2           |         +|   0|  0|   23|          23|          23|
    |sum_65_fu_18015_p2           |         +|   0|  0|   22|          22|          22|
    |sum_67_fu_18192_p2           |         +|   0|  0|   22|          22|          22|
    |sum_68_fu_31718_p2           |         +|   0|  0|   23|          23|          23|
    |sum_69_fu_31787_p2           |         +|   0|  0|   23|          23|          23|
    |sum_6_fu_30863_p2            |         +|   0|  0|   23|          23|          23|
    |sum_70_fu_18577_p2           |         +|   0|  0|   23|          23|          23|
    |sum_71_fu_18774_p2           |         +|   0|  0|   23|          23|          23|
    |sum_72_fu_19171_p2           |         +|   0|  0|   30|          23|          23|
    |sum_73_fu_19456_p2           |         +|   0|  0|   23|          23|          23|
    |sum_74_fu_19665_p2           |         +|   0|  0|   22|          22|          22|
    |sum_76_fu_19842_p2           |         +|   0|  0|   22|          22|          22|
    |sum_77_fu_31850_p2           |         +|   0|  0|   23|          23|          23|
    |sum_78_fu_31919_p2           |         +|   0|  0|   23|          23|          23|
    |sum_79_fu_20227_p2           |         +|   0|  0|   23|          23|          23|
    |sum_7_fu_7027_p2             |         +|   0|  0|   23|          23|          23|
    |sum_80_fu_20424_p2           |         +|   0|  0|   23|          23|          23|
    |sum_81_fu_20821_p2           |         +|   0|  0|   30|          23|          23|
    |sum_82_fu_21106_p2           |         +|   0|  0|   23|          23|          23|
    |sum_83_fu_21315_p2           |         +|   0|  0|   22|          22|          22|
    |sum_85_fu_21492_p2           |         +|   0|  0|   22|          22|          22|
    |sum_86_fu_31982_p2           |         +|   0|  0|   23|          23|          23|
    |sum_87_fu_32051_p2           |         +|   0|  0|   23|          23|          23|
    |sum_88_fu_21877_p2           |         +|   0|  0|   23|          23|          23|
    |sum_89_fu_22074_p2           |         +|   0|  0|   23|          23|          23|
    |sum_8_fu_7224_p2             |         +|   0|  0|   23|          23|          23|
    |sum_90_fu_22471_p2           |         +|   0|  0|   30|          23|          23|
    |sum_91_fu_22756_p2           |         +|   0|  0|   23|          23|          23|
    |sum_92_fu_22965_p2           |         +|   0|  0|   22|          22|          22|
    |sum_94_fu_23142_p2           |         +|   0|  0|   22|          22|          22|
    |sum_95_fu_32114_p2           |         +|   0|  0|   23|          23|          23|
    |sum_96_fu_32183_p2           |         +|   0|  0|   23|          23|          23|
    |sum_97_fu_23527_p2           |         +|   0|  0|   23|          23|          23|
    |sum_98_fu_23724_p2           |         +|   0|  0|   23|          23|          23|
    |sum_99_fu_24121_p2           |         +|   0|  0|   30|          23|          23|
    |sum_9_fu_7621_p2             |         +|   0|  0|   30|          23|          23|
    |sum_fu_5971_p2               |         +|   0|  0|   30|          23|          23|
    |tmp10691186_fu_5953_p2       |         +|   0|  0|   16|          14|          14|
    |tmp10771174_fu_6222_p2       |         +|   0|  0|   21|          14|          14|
    |tmp10811163_fu_6431_p2       |         +|   0|  0|   17|          13|          13|
    |tmp10831159_fu_6586_p2       |         +|   0|  0|   17|          13|          13|
    |tmp10891155_fu_30770_p2      |         +|   0|  0|   21|          14|          14|
    |tmp10961145_fu_30830_p2      |         +|   0|  0|   21|          14|          14|
    |tmp11031131_fu_6993_p2       |         +|   0|  0|   21|          14|          14|
    |tmp11111119_fu_7190_p2       |         +|   0|  0|   21|          14|          14|
    |tmp11181106_fu_7603_p2       |         +|   0|  0|   16|          14|          14|
    |tmp11261094_fu_7872_p2       |         +|   0|  0|   21|          14|          14|
    |tmp11301083_fu_8081_p2       |         +|   0|  0|   17|          13|          13|
    |tmp11321079_fu_8236_p2       |         +|   0|  0|   17|          13|          13|
    |tmp11381075_fu_30902_p2      |         +|   0|  0|   21|          14|          14|
    |tmp11451065_fu_30962_p2      |         +|   0|  0|   21|          14|          14|
    |tmp11521051_fu_8643_p2       |         +|   0|  0|   21|          14|          14|
    |tmp11601039_fu_8840_p2       |         +|   0|  0|   21|          14|          14|
    |tmp11671026_fu_9253_p2       |         +|   0|  0|   16|          14|          14|
    |tmp11751014_fu_9522_p2       |         +|   0|  0|   21|          14|          14|
    |tmp11791003_fu_9731_p2       |         +|   0|  0|   17|          13|          13|
    |tmp1181999_fu_9886_p2        |         +|   0|  0|   17|          13|          13|
    |tmp1187995_fu_31034_p2       |         +|   0|  0|   21|          14|          14|
    |tmp1194985_fu_31094_p2       |         +|   0|  0|   21|          14|          14|
    |tmp1201971_fu_10293_p2       |         +|   0|  0|   21|          14|          14|
    |tmp1209959_fu_10490_p2       |         +|   0|  0|   21|          14|          14|
    |tmp1216946_fu_10903_p2       |         +|   0|  0|   16|          14|          14|
    |tmp1224934_fu_11172_p2       |         +|   0|  0|   21|          14|          14|
    |tmp1228923_fu_11381_p2       |         +|   0|  0|   17|          13|          13|
    |tmp1230919_fu_11536_p2       |         +|   0|  0|   17|          13|          13|
    |tmp1236915_fu_31166_p2       |         +|   0|  0|   21|          14|          14|
    |tmp1243905_fu_31226_p2       |         +|   0|  0|   21|          14|          14|
    |tmp1250891_fu_11943_p2       |         +|   0|  0|   21|          14|          14|
    |tmp1258879_fu_12140_p2       |         +|   0|  0|   21|          14|          14|
    |tmp1265866_fu_12553_p2       |         +|   0|  0|   16|          14|          14|
    |tmp1273854_fu_12822_p2       |         +|   0|  0|   21|          14|          14|
    |tmp1277843_fu_13031_p2       |         +|   0|  0|   17|          13|          13|
    |tmp1279839_fu_13186_p2       |         +|   0|  0|   17|          13|          13|
    |tmp1285835_fu_31298_p2       |         +|   0|  0|   21|          14|          14|
    |tmp1292825_fu_31358_p2       |         +|   0|  0|   21|          14|          14|
    |tmp1299811_fu_13593_p2       |         +|   0|  0|   21|          14|          14|
    |tmp1307799_fu_13790_p2       |         +|   0|  0|   21|          14|          14|
    |tmp1314786_fu_14203_p2       |         +|   0|  0|   16|          14|          14|
    |tmp1322774_fu_14472_p2       |         +|   0|  0|   21|          14|          14|
    |tmp1326763_fu_14681_p2       |         +|   0|  0|   17|          13|          13|
    |tmp1328759_fu_14836_p2       |         +|   0|  0|   17|          13|          13|
    |tmp1334755_fu_31430_p2       |         +|   0|  0|   21|          14|          14|
    |tmp1341745_fu_31490_p2       |         +|   0|  0|   21|          14|          14|
    |tmp1348731_fu_15243_p2       |         +|   0|  0|   21|          14|          14|
    |tmp1356719_fu_15440_p2       |         +|   0|  0|   21|          14|          14|
    |tmp1363706_fu_15853_p2       |         +|   0|  0|   16|          14|          14|
    |tmp1371694_fu_16122_p2       |         +|   0|  0|   21|          14|          14|
    |tmp1375683_fu_16331_p2       |         +|   0|  0|   17|          13|          13|
    |tmp1377679_fu_16486_p2       |         +|   0|  0|   17|          13|          13|
    |tmp1383675_fu_31562_p2       |         +|   0|  0|   21|          14|          14|
    |tmp1390665_fu_31622_p2       |         +|   0|  0|   21|          14|          14|
    |tmp1397651_fu_16893_p2       |         +|   0|  0|   21|          14|          14|
    |tmp1405639_fu_17090_p2       |         +|   0|  0|   21|          14|          14|
    |tmp1412626_fu_17503_p2       |         +|   0|  0|   16|          14|          14|
    |tmp1420614_fu_17772_p2       |         +|   0|  0|   21|          14|          14|
    |tmp1424603_fu_17981_p2       |         +|   0|  0|   17|          13|          13|
    |tmp1426599_fu_18136_p2       |         +|   0|  0|   17|          13|          13|
    |tmp1432595_fu_31694_p2       |         +|   0|  0|   21|          14|          14|
    |tmp1439585_fu_31754_p2       |         +|   0|  0|   21|          14|          14|
    |tmp1446571_fu_18543_p2       |         +|   0|  0|   21|          14|          14|
    |tmp1454559_fu_18740_p2       |         +|   0|  0|   21|          14|          14|
    |tmp1461546_fu_19153_p2       |         +|   0|  0|   16|          14|          14|
    |tmp1469534_fu_19422_p2       |         +|   0|  0|   21|          14|          14|
    |tmp1473523_fu_19631_p2       |         +|   0|  0|   17|          13|          13|
    |tmp1475519_fu_19786_p2       |         +|   0|  0|   17|          13|          13|
    |tmp1481515_fu_31826_p2       |         +|   0|  0|   21|          14|          14|
    |tmp1488505_fu_31886_p2       |         +|   0|  0|   21|          14|          14|
    |tmp1495491_fu_20193_p2       |         +|   0|  0|   21|          14|          14|
    |tmp1503479_fu_20390_p2       |         +|   0|  0|   21|          14|          14|
    |tmp1510466_fu_20803_p2       |         +|   0|  0|   16|          14|          14|
    |tmp1518454_fu_21072_p2       |         +|   0|  0|   21|          14|          14|
    |tmp1522443_fu_21281_p2       |         +|   0|  0|   17|          13|          13|
    |tmp1524439_fu_21436_p2       |         +|   0|  0|   17|          13|          13|
    |tmp1530435_fu_31958_p2       |         +|   0|  0|   21|          14|          14|
    |tmp1537425_fu_32018_p2       |         +|   0|  0|   21|          14|          14|
    |tmp1544411_fu_21843_p2       |         +|   0|  0|   21|          14|          14|
    |tmp1552399_fu_22040_p2       |         +|   0|  0|   21|          14|          14|
    |tmp1559386_fu_22453_p2       |         +|   0|  0|   16|          14|          14|
    |tmp1567374_fu_22722_p2       |         +|   0|  0|   21|          14|          14|
    |tmp1571363_fu_22931_p2       |         +|   0|  0|   17|          13|          13|
    |tmp1573359_fu_23086_p2       |         +|   0|  0|   17|          13|          13|
    |tmp1579355_fu_32090_p2       |         +|   0|  0|   21|          14|          14|
    |tmp1586345_fu_32150_p2       |         +|   0|  0|   21|          14|          14|
    |tmp1593331_fu_23493_p2       |         +|   0|  0|   21|          14|          14|
    |tmp1601319_fu_23690_p2       |         +|   0|  0|   21|          14|          14|
    |tmp1608306_fu_24103_p2       |         +|   0|  0|   16|          14|          14|
    |tmp1616294_fu_24372_p2       |         +|   0|  0|   21|          14|          14|
    |tmp1620283_fu_24581_p2       |         +|   0|  0|   17|          13|          13|
    |tmp1622279_fu_24736_p2       |         +|   0|  0|   17|          13|          13|
    |tmp1628275_fu_32222_p2       |         +|   0|  0|   21|          14|          14|
    |tmp1635265_fu_32282_p2       |         +|   0|  0|   21|          14|          14|
    |tmp1642251_fu_25143_p2       |         +|   0|  0|   21|          14|          14|
    |tmp1650239_fu_25340_p2       |         +|   0|  0|   21|          14|          14|
    |tmp1657226_fu_25753_p2       |         +|   0|  0|   16|          14|          14|
    |tmp1665214_fu_26022_p2       |         +|   0|  0|   21|          14|          14|
    |tmp1669203_fu_26231_p2       |         +|   0|  0|   17|          13|          13|
    |tmp1671199_fu_26386_p2       |         +|   0|  0|   17|          13|          13|
    |tmp1677195_fu_32354_p2       |         +|   0|  0|   21|          14|          14|
    |tmp1684185_fu_32414_p2       |         +|   0|  0|   21|          14|          14|
    |tmp1691171_fu_26793_p2       |         +|   0|  0|   21|          14|          14|
    |tmp1699159_fu_26990_p2       |         +|   0|  0|   21|          14|          14|
    |tmp1706146_fu_27403_p2       |         +|   0|  0|   16|          14|          14|
    |tmp1714134_fu_27672_p2       |         +|   0|  0|   21|          14|          14|
    |tmp1718123_fu_27881_p2       |         +|   0|  0|   17|          13|          13|
    |tmp1720119_fu_28036_p2       |         +|   0|  0|   17|          13|          13|
    |tmp1726115_fu_32486_p2       |         +|   0|  0|   21|          14|          14|
    |tmp1733105_fu_32546_p2       |         +|   0|  0|   21|          14|          14|
    |tmp174091_fu_28443_p2        |         +|   0|  0|   21|          14|          14|
    |tmp174879_fu_28640_p2        |         +|   0|  0|   21|          14|          14|
    |tmp175566_fu_29053_p2        |         +|   0|  0|   16|          14|          14|
    |tmp176354_fu_29322_p2        |         +|   0|  0|   21|          14|          14|
    |tmp176743_fu_29531_p2        |         +|   0|  0|   17|          13|          13|
    |tmp176939_fu_29686_p2        |         +|   0|  0|   17|          13|          13|
    |tmp177535_fu_32618_p2        |         +|   0|  0|   21|          14|          14|
    |tmp178225_fu_32678_p2        |         +|   0|  0|   21|          14|          14|
    |tmp178911_fu_30093_p2        |         +|   0|  0|   21|          14|          14|
    |tmp17971_fu_30290_p2         |         +|   0|  0|   21|          14|          14|
    |tmp2004_fu_5947_p2           |         +|   0|  0|   16|          14|          14|
    |tmp2007_fu_6186_p2           |         +|   0|  0|   17|          13|          13|
    |tmp2009_fu_6180_p2           |         +|   0|  0|   17|          13|          13|
    |tmp2010_fu_6212_p2           |         +|   0|  0|   17|          12|          12|
    |tmp2012_fu_6202_p2           |         +|   0|  0|   17|          10|          10|
    |tmp2015_fu_6415_p2           |         +|   0|  0|   17|          13|          13|
    |tmp2026_fu_6723_p2           |         +|   0|  0|   20|          13|          13|
    |tmp2030_fu_30818_p2          |         +|   0|  0|   20|          13|          13|
    |tmp2032_fu_6839_p2           |         +|   0|  0|   20|          13|          13|
    |tmp2038_fu_6957_p2           |         +|   0|  0|   17|          12|          12|
    |tmp2040_fu_6983_p2           |         +|   0|  0|   17|          13|          13|
    |tmp2042_fu_6977_p2           |         +|   0|  0|   17|          13|          13|
    |tmp2045_fu_7154_p2           |         +|   0|  0|   20|          13|          13|
    |tmp2046_fu_7134_p2           |         +|   0|  0|   17|          12|          12|
    |tmp2048_fu_7180_p2           |         +|   0|  0|   17|          13|          13|
    |tmp2049_fu_7164_p2           |         +|   0|  0|   17|          13|          13|
    |tmp2050_fu_7170_p2           |         +|   0|  0|   17|          10|          10|
    |tmp2053_fu_7567_p2           |         +|   0|  0|   20|          13|          13|
    |tmp2055_fu_7597_p2           |         +|   0|  0|   16|          14|          14|
    |tmp2058_fu_7836_p2           |         +|   0|  0|   17|          13|          13|
    |tmp2060_fu_7830_p2           |         +|   0|  0|   17|          13|          13|
    |tmp2061_fu_7862_p2           |         +|   0|  0|   17|          12|          12|
    |tmp2063_fu_7852_p2           |         +|   0|  0|   17|          10|          10|
    |tmp2066_fu_8065_p2           |         +|   0|  0|   17|          13|          13|
    |tmp2077_fu_8373_p2           |         +|   0|  0|   20|          13|          13|
    |tmp2081_fu_30950_p2          |         +|   0|  0|   20|          13|          13|
    |tmp2083_fu_8489_p2           |         +|   0|  0|   20|          13|          13|
    |tmp2089_fu_8607_p2           |         +|   0|  0|   17|          12|          12|
    |tmp2091_fu_8633_p2           |         +|   0|  0|   17|          13|          13|
    |tmp2093_fu_8627_p2           |         +|   0|  0|   17|          13|          13|
    |tmp2096_fu_8804_p2           |         +|   0|  0|   20|          13|          13|
    |tmp2097_fu_8784_p2           |         +|   0|  0|   17|          12|          12|
    |tmp2099_fu_8830_p2           |         +|   0|  0|   17|          13|          13|
    |tmp2100_fu_8814_p2           |         +|   0|  0|   17|          13|          13|
    |tmp2101_fu_8820_p2           |         +|   0|  0|   17|          10|          10|
    |tmp2104_fu_9217_p2           |         +|   0|  0|   20|          13|          13|
    |tmp2106_fu_9247_p2           |         +|   0|  0|   16|          14|          14|
    |tmp2109_fu_9486_p2           |         +|   0|  0|   17|          13|          13|
    |tmp2111_fu_9480_p2           |         +|   0|  0|   17|          13|          13|
    |tmp2112_fu_9512_p2           |         +|   0|  0|   17|          12|          12|
    |tmp2114_fu_9502_p2           |         +|   0|  0|   17|          10|          10|
    |tmp2117_fu_9715_p2           |         +|   0|  0|   17|          13|          13|
    |tmp2128_fu_10023_p2          |         +|   0|  0|   20|          13|          13|
    |tmp2132_fu_31082_p2          |         +|   0|  0|   20|          13|          13|
    |tmp2134_fu_10139_p2          |         +|   0|  0|   20|          13|          13|
    |tmp2140_fu_10257_p2          |         +|   0|  0|   17|          12|          12|
    |tmp2142_fu_10283_p2          |         +|   0|  0|   17|          13|          13|
    |tmp2144_fu_10277_p2          |         +|   0|  0|   17|          13|          13|
    |tmp2147_fu_10454_p2          |         +|   0|  0|   20|          13|          13|
    |tmp2148_fu_10434_p2          |         +|   0|  0|   17|          12|          12|
    |tmp2150_fu_10480_p2          |         +|   0|  0|   17|          13|          13|
    |tmp2151_fu_10464_p2          |         +|   0|  0|   17|          13|          13|
    |tmp2152_fu_10470_p2          |         +|   0|  0|   17|          10|          10|
    |tmp2155_fu_10867_p2          |         +|   0|  0|   20|          13|          13|
    |tmp2157_fu_10897_p2          |         +|   0|  0|   16|          14|          14|
    |tmp2160_fu_11136_p2          |         +|   0|  0|   17|          13|          13|
    |tmp2162_fu_11130_p2          |         +|   0|  0|   17|          13|          13|
    |tmp2163_fu_11162_p2          |         +|   0|  0|   17|          12|          12|
    |tmp2165_fu_11152_p2          |         +|   0|  0|   17|          10|          10|
    |tmp2168_fu_11365_p2          |         +|   0|  0|   17|          13|          13|
    |tmp2179_fu_11673_p2          |         +|   0|  0|   20|          13|          13|
    |tmp2183_fu_31214_p2          |         +|   0|  0|   20|          13|          13|
    |tmp2185_fu_11789_p2          |         +|   0|  0|   20|          13|          13|
    |tmp2191_fu_11907_p2          |         +|   0|  0|   17|          12|          12|
    |tmp2193_fu_11933_p2          |         +|   0|  0|   17|          13|          13|
    |tmp2195_fu_11927_p2          |         +|   0|  0|   17|          13|          13|
    |tmp2198_fu_12104_p2          |         +|   0|  0|   20|          13|          13|
    |tmp2199_fu_12084_p2          |         +|   0|  0|   17|          12|          12|
    |tmp2201_fu_12130_p2          |         +|   0|  0|   17|          13|          13|
    |tmp2202_fu_12114_p2          |         +|   0|  0|   17|          13|          13|
    |tmp2203_fu_12120_p2          |         +|   0|  0|   17|          10|          10|
    |tmp2206_fu_12517_p2          |         +|   0|  0|   20|          13|          13|
    |tmp2208_fu_12547_p2          |         +|   0|  0|   16|          14|          14|
    |tmp2211_fu_12786_p2          |         +|   0|  0|   17|          13|          13|
    |tmp2213_fu_12780_p2          |         +|   0|  0|   17|          13|          13|
    |tmp2214_fu_12812_p2          |         +|   0|  0|   17|          12|          12|
    |tmp2216_fu_12802_p2          |         +|   0|  0|   17|          10|          10|
    |tmp2219_fu_13015_p2          |         +|   0|  0|   17|          13|          13|
    |tmp2230_fu_13323_p2          |         +|   0|  0|   20|          13|          13|
    |tmp2234_fu_31346_p2          |         +|   0|  0|   20|          13|          13|
    |tmp2236_fu_13439_p2          |         +|   0|  0|   20|          13|          13|
    |tmp2242_fu_13557_p2          |         +|   0|  0|   17|          12|          12|
    |tmp2244_fu_13583_p2          |         +|   0|  0|   17|          13|          13|
    |tmp2246_fu_13577_p2          |         +|   0|  0|   17|          13|          13|
    |tmp2249_fu_13754_p2          |         +|   0|  0|   20|          13|          13|
    |tmp2250_fu_13734_p2          |         +|   0|  0|   17|          12|          12|
    |tmp2252_fu_13780_p2          |         +|   0|  0|   17|          13|          13|
    |tmp2253_fu_13764_p2          |         +|   0|  0|   17|          13|          13|
    |tmp2254_fu_13770_p2          |         +|   0|  0|   17|          10|          10|
    |tmp2257_fu_14167_p2          |         +|   0|  0|   20|          13|          13|
    |tmp2259_fu_14197_p2          |         +|   0|  0|   16|          14|          14|
    |tmp2262_fu_14436_p2          |         +|   0|  0|   17|          13|          13|
    |tmp2264_fu_14430_p2          |         +|   0|  0|   17|          13|          13|
    |tmp2265_fu_14462_p2          |         +|   0|  0|   17|          12|          12|
    |tmp2267_fu_14452_p2          |         +|   0|  0|   17|          10|          10|
    |tmp2270_fu_14665_p2          |         +|   0|  0|   17|          13|          13|
    |tmp2281_fu_14973_p2          |         +|   0|  0|   20|          13|          13|
    |tmp2285_fu_31478_p2          |         +|   0|  0|   20|          13|          13|
    |tmp2287_fu_15089_p2          |         +|   0|  0|   20|          13|          13|
    |tmp2293_fu_15207_p2          |         +|   0|  0|   17|          12|          12|
    |tmp2295_fu_15233_p2          |         +|   0|  0|   17|          13|          13|
    |tmp2297_fu_15227_p2          |         +|   0|  0|   17|          13|          13|
    |tmp2300_fu_15404_p2          |         +|   0|  0|   20|          13|          13|
    |tmp2301_fu_15384_p2          |         +|   0|  0|   17|          12|          12|
    |tmp2303_fu_15430_p2          |         +|   0|  0|   17|          13|          13|
    |tmp2304_fu_15414_p2          |         +|   0|  0|   17|          13|          13|
    |tmp2305_fu_15420_p2          |         +|   0|  0|   17|          10|          10|
    |tmp2308_fu_15817_p2          |         +|   0|  0|   20|          13|          13|
    |tmp2310_fu_15847_p2          |         +|   0|  0|   16|          14|          14|
    |tmp2313_fu_16086_p2          |         +|   0|  0|   17|          13|          13|
    |tmp2315_fu_16080_p2          |         +|   0|  0|   17|          13|          13|
    |tmp2316_fu_16112_p2          |         +|   0|  0|   17|          12|          12|
    |tmp2318_fu_16102_p2          |         +|   0|  0|   17|          10|          10|
    |tmp2321_fu_16315_p2          |         +|   0|  0|   17|          13|          13|
    |tmp2332_fu_16623_p2          |         +|   0|  0|   20|          13|          13|
    |tmp2336_fu_31610_p2          |         +|   0|  0|   20|          13|          13|
    |tmp2338_fu_16739_p2          |         +|   0|  0|   20|          13|          13|
    |tmp2344_fu_16857_p2          |         +|   0|  0|   17|          12|          12|
    |tmp2346_fu_16883_p2          |         +|   0|  0|   17|          13|          13|
    |tmp2348_fu_16877_p2          |         +|   0|  0|   17|          13|          13|
    |tmp2351_fu_17054_p2          |         +|   0|  0|   20|          13|          13|
    |tmp2352_fu_17034_p2          |         +|   0|  0|   17|          12|          12|
    |tmp2354_fu_17080_p2          |         +|   0|  0|   17|          13|          13|
    |tmp2355_fu_17064_p2          |         +|   0|  0|   17|          13|          13|
    |tmp2356_fu_17070_p2          |         +|   0|  0|   17|          10|          10|
    |tmp2359_fu_17467_p2          |         +|   0|  0|   20|          13|          13|
    |tmp2361_fu_17497_p2          |         +|   0|  0|   16|          14|          14|
    |tmp2364_fu_17736_p2          |         +|   0|  0|   17|          13|          13|
    |tmp2366_fu_17730_p2          |         +|   0|  0|   17|          13|          13|
    |tmp2367_fu_17762_p2          |         +|   0|  0|   17|          12|          12|
    |tmp2369_fu_17752_p2          |         +|   0|  0|   17|          10|          10|
    |tmp2372_fu_17965_p2          |         +|   0|  0|   17|          13|          13|
    |tmp2383_fu_18273_p2          |         +|   0|  0|   20|          13|          13|
    |tmp2387_fu_31742_p2          |         +|   0|  0|   20|          13|          13|
    |tmp2389_fu_18389_p2          |         +|   0|  0|   20|          13|          13|
    |tmp2395_fu_18507_p2          |         +|   0|  0|   17|          12|          12|
    |tmp2397_fu_18533_p2          |         +|   0|  0|   17|          13|          13|
    |tmp2399_fu_18527_p2          |         +|   0|  0|   17|          13|          13|
    |tmp2402_fu_18704_p2          |         +|   0|  0|   20|          13|          13|
    |tmp2403_fu_18684_p2          |         +|   0|  0|   17|          12|          12|
    |tmp2405_fu_18730_p2          |         +|   0|  0|   17|          13|          13|
    |tmp2406_fu_18714_p2          |         +|   0|  0|   17|          13|          13|
    |tmp2407_fu_18720_p2          |         +|   0|  0|   17|          10|          10|
    |tmp2410_fu_19117_p2          |         +|   0|  0|   20|          13|          13|
    |tmp2412_fu_19147_p2          |         +|   0|  0|   16|          14|          14|
    |tmp2415_fu_19386_p2          |         +|   0|  0|   17|          13|          13|
    |tmp2417_fu_19380_p2          |         +|   0|  0|   17|          13|          13|
    |tmp2418_fu_19412_p2          |         +|   0|  0|   17|          12|          12|
    |tmp2420_fu_19402_p2          |         +|   0|  0|   17|          10|          10|
    |tmp2423_fu_19615_p2          |         +|   0|  0|   17|          13|          13|
    |tmp2434_fu_19923_p2          |         +|   0|  0|   20|          13|          13|
    |tmp2438_fu_31874_p2          |         +|   0|  0|   20|          13|          13|
    |tmp2440_fu_20039_p2          |         +|   0|  0|   20|          13|          13|
    |tmp2446_fu_20157_p2          |         +|   0|  0|   17|          12|          12|
    |tmp2448_fu_20183_p2          |         +|   0|  0|   17|          13|          13|
    |tmp2450_fu_20177_p2          |         +|   0|  0|   17|          13|          13|
    |tmp2453_fu_20354_p2          |         +|   0|  0|   20|          13|          13|
    |tmp2454_fu_20334_p2          |         +|   0|  0|   17|          12|          12|
    |tmp2456_fu_20380_p2          |         +|   0|  0|   17|          13|          13|
    |tmp2457_fu_20364_p2          |         +|   0|  0|   17|          13|          13|
    |tmp2458_fu_20370_p2          |         +|   0|  0|   17|          10|          10|
    |tmp2461_fu_20767_p2          |         +|   0|  0|   20|          13|          13|
    |tmp2463_fu_20797_p2          |         +|   0|  0|   16|          14|          14|
    |tmp2466_fu_21036_p2          |         +|   0|  0|   17|          13|          13|
    |tmp2468_fu_21030_p2          |         +|   0|  0|   17|          13|          13|
    |tmp2469_fu_21062_p2          |         +|   0|  0|   17|          12|          12|
    |tmp2471_fu_21052_p2          |         +|   0|  0|   17|          10|          10|
    |tmp2474_fu_21265_p2          |         +|   0|  0|   17|          13|          13|
    |tmp2485_fu_21573_p2          |         +|   0|  0|   20|          13|          13|
    |tmp2489_fu_32006_p2          |         +|   0|  0|   20|          13|          13|
    |tmp2491_fu_21689_p2          |         +|   0|  0|   20|          13|          13|
    |tmp2497_fu_21807_p2          |         +|   0|  0|   17|          12|          12|
    |tmp2499_fu_21833_p2          |         +|   0|  0|   17|          13|          13|
    |tmp2501_fu_21827_p2          |         +|   0|  0|   17|          13|          13|
    |tmp2504_fu_22004_p2          |         +|   0|  0|   20|          13|          13|
    |tmp2505_fu_21984_p2          |         +|   0|  0|   17|          12|          12|
    |tmp2507_fu_22030_p2          |         +|   0|  0|   17|          13|          13|
    |tmp2508_fu_22014_p2          |         +|   0|  0|   17|          13|          13|
    |tmp2509_fu_22020_p2          |         +|   0|  0|   17|          10|          10|
    |tmp2512_fu_22417_p2          |         +|   0|  0|   20|          13|          13|
    |tmp2514_fu_22447_p2          |         +|   0|  0|   16|          14|          14|
    |tmp2517_fu_22686_p2          |         +|   0|  0|   17|          13|          13|
    |tmp2519_fu_22680_p2          |         +|   0|  0|   17|          13|          13|
    |tmp2520_fu_22712_p2          |         +|   0|  0|   17|          12|          12|
    |tmp2522_fu_22702_p2          |         +|   0|  0|   17|          10|          10|
    |tmp2525_fu_22915_p2          |         +|   0|  0|   17|          13|          13|
    |tmp2536_fu_23223_p2          |         +|   0|  0|   20|          13|          13|
    |tmp2540_fu_32138_p2          |         +|   0|  0|   20|          13|          13|
    |tmp2542_fu_23339_p2          |         +|   0|  0|   20|          13|          13|
    |tmp2548_fu_23457_p2          |         +|   0|  0|   17|          12|          12|
    |tmp2550_fu_23483_p2          |         +|   0|  0|   17|          13|          13|
    |tmp2552_fu_23477_p2          |         +|   0|  0|   17|          13|          13|
    |tmp2555_fu_23654_p2          |         +|   0|  0|   20|          13|          13|
    |tmp2556_fu_23634_p2          |         +|   0|  0|   17|          12|          12|
    |tmp2558_fu_23680_p2          |         +|   0|  0|   17|          13|          13|
    |tmp2559_fu_23664_p2          |         +|   0|  0|   17|          13|          13|
    |tmp2560_fu_23670_p2          |         +|   0|  0|   17|          10|          10|
    |tmp2563_fu_24067_p2          |         +|   0|  0|   20|          13|          13|
    |tmp2565_fu_24097_p2          |         +|   0|  0|   16|          14|          14|
    |tmp2568_fu_24336_p2          |         +|   0|  0|   17|          13|          13|
    |tmp2570_fu_24330_p2          |         +|   0|  0|   17|          13|          13|
    |tmp2571_fu_24362_p2          |         +|   0|  0|   17|          12|          12|
    |tmp2573_fu_24352_p2          |         +|   0|  0|   17|          10|          10|
    |tmp2576_fu_24565_p2          |         +|   0|  0|   17|          13|          13|
    |tmp2587_fu_24873_p2          |         +|   0|  0|   20|          13|          13|
    |tmp2591_fu_32270_p2          |         +|   0|  0|   20|          13|          13|
    |tmp2593_fu_24989_p2          |         +|   0|  0|   20|          13|          13|
    |tmp2599_fu_25107_p2          |         +|   0|  0|   17|          12|          12|
    |tmp2601_fu_25133_p2          |         +|   0|  0|   17|          13|          13|
    |tmp2603_fu_25127_p2          |         +|   0|  0|   17|          13|          13|
    |tmp2606_fu_25304_p2          |         +|   0|  0|   20|          13|          13|
    |tmp2607_fu_25284_p2          |         +|   0|  0|   17|          12|          12|
    |tmp2609_fu_25330_p2          |         +|   0|  0|   17|          13|          13|
    |tmp2610_fu_25314_p2          |         +|   0|  0|   17|          13|          13|
    |tmp2611_fu_25320_p2          |         +|   0|  0|   17|          10|          10|
    |tmp2614_fu_25717_p2          |         +|   0|  0|   20|          13|          13|
    |tmp2616_fu_25747_p2          |         +|   0|  0|   16|          14|          14|
    |tmp2619_fu_25986_p2          |         +|   0|  0|   17|          13|          13|
    |tmp2621_fu_25980_p2          |         +|   0|  0|   17|          13|          13|
    |tmp2622_fu_26012_p2          |         +|   0|  0|   17|          12|          12|
    |tmp2624_fu_26002_p2          |         +|   0|  0|   17|          10|          10|
    |tmp2627_fu_26215_p2          |         +|   0|  0|   17|          13|          13|
    |tmp2638_fu_26523_p2          |         +|   0|  0|   20|          13|          13|
    |tmp2642_fu_32402_p2          |         +|   0|  0|   20|          13|          13|
    |tmp2644_fu_26639_p2          |         +|   0|  0|   20|          13|          13|
    |tmp2650_fu_26757_p2          |         +|   0|  0|   17|          12|          12|
    |tmp2652_fu_26783_p2          |         +|   0|  0|   17|          13|          13|
    |tmp2654_fu_26777_p2          |         +|   0|  0|   17|          13|          13|
    |tmp2657_fu_26954_p2          |         +|   0|  0|   20|          13|          13|
    |tmp2658_fu_26934_p2          |         +|   0|  0|   17|          12|          12|
    |tmp2660_fu_26980_p2          |         +|   0|  0|   17|          13|          13|
    |tmp2661_fu_26964_p2          |         +|   0|  0|   17|          13|          13|
    |tmp2662_fu_26970_p2          |         +|   0|  0|   17|          10|          10|
    |tmp2665_fu_27367_p2          |         +|   0|  0|   20|          13|          13|
    |tmp2667_fu_27397_p2          |         +|   0|  0|   16|          14|          14|
    |tmp2670_fu_27636_p2          |         +|   0|  0|   17|          13|          13|
    |tmp2672_fu_27630_p2          |         +|   0|  0|   17|          13|          13|
    |tmp2673_fu_27662_p2          |         +|   0|  0|   17|          12|          12|
    |tmp2675_fu_27652_p2          |         +|   0|  0|   17|          10|          10|
    |tmp2678_fu_27865_p2          |         +|   0|  0|   17|          13|          13|
    |tmp2689_fu_28173_p2          |         +|   0|  0|   20|          13|          13|
    |tmp2693_fu_32534_p2          |         +|   0|  0|   20|          13|          13|
    |tmp2695_fu_28289_p2          |         +|   0|  0|   20|          13|          13|
    |tmp2701_fu_28407_p2          |         +|   0|  0|   17|          12|          12|
    |tmp2703_fu_28433_p2          |         +|   0|  0|   17|          13|          13|
    |tmp2705_fu_28427_p2          |         +|   0|  0|   17|          13|          13|
    |tmp2708_fu_28604_p2          |         +|   0|  0|   20|          13|          13|
    |tmp2709_fu_28584_p2          |         +|   0|  0|   17|          12|          12|
    |tmp2711_fu_28630_p2          |         +|   0|  0|   17|          13|          13|
    |tmp2712_fu_28614_p2          |         +|   0|  0|   17|          13|          13|
    |tmp2713_fu_28620_p2          |         +|   0|  0|   17|          10|          10|
    |tmp2716_fu_29017_p2          |         +|   0|  0|   20|          13|          13|
    |tmp2718_fu_29047_p2          |         +|   0|  0|   16|          14|          14|
    |tmp2721_fu_29286_p2          |         +|   0|  0|   17|          13|          13|
    |tmp2723_fu_29280_p2          |         +|   0|  0|   17|          13|          13|
    |tmp2724_fu_29312_p2          |         +|   0|  0|   17|          12|          12|
    |tmp2726_fu_29302_p2          |         +|   0|  0|   17|          10|          10|
    |tmp2729_fu_29515_p2          |         +|   0|  0|   17|          13|          13|
    |tmp2740_fu_29823_p2          |         +|   0|  0|   20|          13|          13|
    |tmp2744_fu_32666_p2          |         +|   0|  0|   20|          13|          13|
    |tmp2746_fu_29939_p2          |         +|   0|  0|   20|          13|          13|
    |tmp2752_fu_30057_p2          |         +|   0|  0|   17|          12|          12|
    |tmp2754_fu_30083_p2          |         +|   0|  0|   17|          13|          13|
    |tmp2756_fu_30077_p2          |         +|   0|  0|   17|          13|          13|
    |tmp2759_fu_30254_p2          |         +|   0|  0|   20|          13|          13|
    |tmp2760_fu_30234_p2          |         +|   0|  0|   17|          12|          12|
    |tmp2762_fu_30280_p2          |         +|   0|  0|   17|          13|          13|
    |tmp2763_fu_30264_p2          |         +|   0|  0|   17|          13|          13|
    |tmp2764_fu_30270_p2          |         +|   0|  0|   17|          10|          10|
    |tmp_fu_5917_p2               |         +|   0|  0|   20|          13|          13|
    |addconv4130_fu_6421_p2       |         -|   0|  0|   17|          11|          11|
    |addconv4132_fu_6735_p2       |         -|   0|  0|   17|          12|          12|
    |addconv4134_fu_6947_p2       |         -|   0|  0|   18|          11|          11|
    |addconv4135_fu_6967_p2       |         -|   0|  0|   19|          12|          12|
    |addconv4137_fu_7557_p2       |         -|   0|  0|   17|          12|          12|
    |addconv4140_fu_8071_p2       |         -|   0|  0|   17|          11|          11|
    |addconv4142_fu_8385_p2       |         -|   0|  0|   17|          12|          12|
    |addconv4144_fu_8597_p2       |         -|   0|  0|   18|          11|          11|
    |addconv4145_fu_8617_p2       |         -|   0|  0|   19|          12|          12|
    |addconv4147_fu_9207_p2       |         -|   0|  0|   17|          12|          12|
    |addconv4150_fu_9721_p2       |         -|   0|  0|   17|          11|          11|
    |addconv4152_fu_10035_p2      |         -|   0|  0|   17|          12|          12|
    |addconv4154_fu_10247_p2      |         -|   0|  0|   18|          11|          11|
    |addconv4155_fu_10267_p2      |         -|   0|  0|   19|          12|          12|
    |addconv4157_fu_10857_p2      |         -|   0|  0|   17|          12|          12|
    |addconv4160_fu_11371_p2      |         -|   0|  0|   17|          11|          11|
    |addconv4162_fu_11685_p2      |         -|   0|  0|   17|          12|          12|
    |addconv4164_fu_11897_p2      |         -|   0|  0|   18|          11|          11|
    |addconv4165_fu_11917_p2      |         -|   0|  0|   19|          12|          12|
    |addconv4167_fu_12507_p2      |         -|   0|  0|   17|          12|          12|
    |addconv4170_fu_13021_p2      |         -|   0|  0|   17|          11|          11|
    |addconv4172_fu_13335_p2      |         -|   0|  0|   17|          12|          12|
    |addconv4174_fu_13547_p2      |         -|   0|  0|   18|          11|          11|
    |addconv4175_fu_13567_p2      |         -|   0|  0|   19|          12|          12|
    |addconv4177_fu_14157_p2      |         -|   0|  0|   17|          12|          12|
    |addconv4180_fu_14671_p2      |         -|   0|  0|   17|          11|          11|
    |addconv4182_fu_14985_p2      |         -|   0|  0|   17|          12|          12|
    |addconv4184_fu_15197_p2      |         -|   0|  0|   18|          11|          11|
    |addconv4185_fu_15217_p2      |         -|   0|  0|   19|          12|          12|
    |addconv4187_fu_15807_p2      |         -|   0|  0|   17|          12|          12|
    |addconv4190_fu_16321_p2      |         -|   0|  0|   17|          11|          11|
    |addconv4192_fu_16635_p2      |         -|   0|  0|   17|          12|          12|
    |addconv4194_fu_16847_p2      |         -|   0|  0|   18|          11|          11|
    |addconv4195_fu_16867_p2      |         -|   0|  0|   19|          12|          12|
    |addconv4197_fu_17457_p2      |         -|   0|  0|   17|          12|          12|
    |addconv4200_fu_17971_p2      |         -|   0|  0|   17|          11|          11|
    |addconv4202_fu_18285_p2      |         -|   0|  0|   17|          12|          12|
    |addconv4204_fu_18497_p2      |         -|   0|  0|   18|          11|          11|
    |addconv4205_fu_18517_p2      |         -|   0|  0|   19|          12|          12|
    |addconv4207_fu_19107_p2      |         -|   0|  0|   17|          12|          12|
    |addconv4210_fu_19621_p2      |         -|   0|  0|   17|          11|          11|
    |addconv4212_fu_19935_p2      |         -|   0|  0|   17|          12|          12|
    |addconv4214_fu_20147_p2      |         -|   0|  0|   18|          11|          11|
    |addconv4215_fu_20167_p2      |         -|   0|  0|   19|          12|          12|
    |addconv4217_fu_20757_p2      |         -|   0|  0|   17|          12|          12|
    |addconv4220_fu_21271_p2      |         -|   0|  0|   17|          11|          11|
    |addconv4222_fu_21585_p2      |         -|   0|  0|   17|          12|          12|
    |addconv4224_fu_21797_p2      |         -|   0|  0|   18|          11|          11|
    |addconv4225_fu_21817_p2      |         -|   0|  0|   19|          12|          12|
    |addconv4227_fu_22407_p2      |         -|   0|  0|   17|          12|          12|
    |addconv4230_fu_22921_p2      |         -|   0|  0|   17|          11|          11|
    |addconv4232_fu_23235_p2      |         -|   0|  0|   17|          12|          12|
    |addconv4234_fu_23447_p2      |         -|   0|  0|   18|          11|          11|
    |addconv4235_fu_23467_p2      |         -|   0|  0|   19|          12|          12|
    |addconv4237_fu_24057_p2      |         -|   0|  0|   17|          12|          12|
    |addconv4240_fu_24571_p2      |         -|   0|  0|   17|          11|          11|
    |addconv4242_fu_24885_p2      |         -|   0|  0|   17|          12|          12|
    |addconv4244_fu_25097_p2      |         -|   0|  0|   18|          11|          11|
    |addconv4245_fu_25117_p2      |         -|   0|  0|   19|          12|          12|
    |addconv4247_fu_25707_p2      |         -|   0|  0|   17|          12|          12|
    |addconv4250_fu_26221_p2      |         -|   0|  0|   17|          11|          11|
    |addconv4252_fu_26535_p2      |         -|   0|  0|   17|          12|          12|
    |addconv4254_fu_26747_p2      |         -|   0|  0|   18|          11|          11|
    |addconv4255_fu_26767_p2      |         -|   0|  0|   19|          12|          12|
    |addconv4257_fu_27357_p2      |         -|   0|  0|   17|          12|          12|
    |addconv4260_fu_27871_p2      |         -|   0|  0|   17|          11|          11|
    |addconv4262_fu_28185_p2      |         -|   0|  0|   17|          12|          12|
    |addconv4264_fu_28397_p2      |         -|   0|  0|   18|          11|          11|
    |addconv4265_fu_28417_p2      |         -|   0|  0|   19|          12|          12|
    |addconv4267_fu_29007_p2      |         -|   0|  0|   17|          12|          12|
    |addconv4270_fu_29521_p2      |         -|   0|  0|   17|          11|          11|
    |addconv4272_fu_29835_p2      |         -|   0|  0|   17|          12|          12|
    |addconv4274_fu_30047_p2      |         -|   0|  0|   18|          11|          11|
    |addconv4275_fu_30067_p2      |         -|   0|  0|   19|          12|          12|
    |addconv_fu_5907_p2           |         -|   0|  0|   17|          12|          12|
    |mul_ln144_109_fu_19712_p2    |         -|   0|  0|   17|          13|          13|
    |mul_ln144_122_fu_21362_p2    |         -|   0|  0|   17|          13|          13|
    |mul_ln144_135_fu_23012_p2    |         -|   0|  0|   17|          13|          13|
    |mul_ln144_148_fu_24662_p2    |         -|   0|  0|   17|          13|          13|
    |mul_ln144_161_fu_26312_p2    |         -|   0|  0|   17|          13|          13|
    |mul_ln144_174_fu_27962_p2    |         -|   0|  0|   17|          13|          13|
    |mul_ln144_187_fu_29612_p2    |         -|   0|  0|   17|          13|          13|
    |mul_ln144_18_fu_8162_p2      |         -|   0|  0|   17|          13|          13|
    |mul_ln144_31_fu_9812_p2      |         -|   0|  0|   17|          13|          13|
    |mul_ln144_44_fu_11462_p2     |         -|   0|  0|   17|          13|          13|
    |mul_ln144_57_fu_13112_p2     |         -|   0|  0|   17|          13|          13|
    |mul_ln144_5_fu_6512_p2       |         -|   0|  0|   17|          13|          13|
    |mul_ln144_70_fu_14762_p2     |         -|   0|  0|   17|          13|          13|
    |mul_ln144_83_fu_16412_p2     |         -|   0|  0|   17|          13|          13|
    |mul_ln144_96_fu_18062_p2     |         -|   0|  0|   17|          13|          13|
    |sub_ln144_100_fu_7766_p2     |         -|   0|  0|   17|           1|          11|
    |sub_ln144_101_fu_26509_p2    |         -|   0|  0|   16|           6|           9|
    |sub_ln144_102_fu_26663_p2    |         -|   0|  0|   16|           5|           9|
    |sub_ln144_103_fu_26715_p2    |         -|   0|  0|   16|           2|           9|
    |sub_ln144_104_fu_27123_p2    |         -|   0|  0|   16|           4|           9|
    |sub_ln144_105_fu_27476_p2    |         -|   0|  0|   16|           1|           9|
    |sub_ln144_106_fu_7772_p2     |         -|   0|  0|   17|          11|          11|
    |sub_ln144_107_fu_27936_p2    |         -|   0|  0|   16|           7|           9|
    |sub_ln144_108_fu_7782_p2     |         -|   0|  0|   17|           1|          11|
    |sub_ln144_109_fu_28159_p2    |         -|   0|  0|   16|           6|           9|
    |sub_ln144_10_fu_5797_p2      |         -|   0|  0|   17|          12|          12|
    |sub_ln144_110_fu_28313_p2    |         -|   0|  0|   16|           5|           9|
    |sub_ln144_111_fu_28365_p2    |         -|   0|  0|   16|           2|           9|
    |sub_ln144_112_fu_28773_p2    |         -|   0|  0|   16|           4|           9|
    |sub_ln144_113_fu_29126_p2    |         -|   0|  0|   16|           1|           9|
    |sub_ln144_114_fu_7788_p2     |         -|   0|  0|   17|          11|          11|
    |sub_ln144_115_fu_29586_p2    |         -|   0|  0|   16|           7|           9|
    |sub_ln144_116_fu_7947_p2     |         -|   0|  0|   20|          13|          13|
    |sub_ln144_117_fu_29809_p2    |         -|   0|  0|   16|           6|           9|
    |sub_ln144_118_fu_29963_p2    |         -|   0|  0|   16|           5|           9|
    |sub_ln144_119_fu_30015_p2    |         -|   0|  0|   16|           2|           9|
    |sub_ln144_11_fu_8136_p2      |         -|   0|  0|   16|           7|           9|
    |sub_ln144_120_fu_7995_p2     |         -|   0|  0|   17|           1|          10|
    |sub_ln144_121_fu_8021_p2     |         -|   0|  0|   18|          11|          11|
    |sub_ln144_122_fu_8325_p2     |         -|   0|  0|   18|          11|          11|
    |sub_ln144_123_fu_8343_p2     |         -|   0|  0|   18|          11|          11|
    |sub_ln144_124_fu_8433_p2     |         -|   0|  0|   18|          11|          11|
    |sub_ln144_125_fu_8459_p2     |         -|   0|  0|   17|          12|          12|
    |sub_ln144_126_fu_8559_p2     |         -|   0|  0|   20|          13|          13|
    |sub_ln144_127_fu_8583_p2     |         -|   0|  0|   18|          11|          11|
    |sub_ln144_128_fu_8724_p2     |         -|   0|  0|   19|           1|          12|
    |sub_ln144_129_fu_8730_p2     |         -|   0|  0|   17|          12|          12|
    |sub_ln144_12_fu_5841_p2      |         -|   0|  0|   19|          12|          12|
    |sub_ln144_130_fu_8744_p2     |         -|   0|  0|   19|          12|          12|
    |sub_ln144_131_fu_8750_p2     |         -|   0|  0|   17|          12|          12|
    |sub_ln144_132_fu_8953_p2     |         -|   0|  0|   17|          12|          12|
    |sub_ln144_133_fu_9091_p2     |         -|   0|  0|   17|           1|          12|
    |sub_ln144_134_fu_9097_p2     |         -|   0|  0|   17|          12|          12|
    |sub_ln144_135_fu_9141_p2     |         -|   0|  0|   19|          12|          12|
    |sub_ln144_136_fu_9416_p2     |         -|   0|  0|   17|           1|          11|
    |sub_ln144_137_fu_9422_p2     |         -|   0|  0|   17|          11|          11|
    |sub_ln144_138_fu_9432_p2     |         -|   0|  0|   17|           1|          11|
    |sub_ln144_139_fu_9438_p2     |         -|   0|  0|   17|          11|          11|
    |sub_ln144_13_fu_8359_p2      |         -|   0|  0|   16|           6|           9|
    |sub_ln144_140_fu_9597_p2     |         -|   0|  0|   20|          13|          13|
    |sub_ln144_141_fu_9645_p2     |         -|   0|  0|   17|           1|          10|
    |sub_ln144_142_fu_9671_p2     |         -|   0|  0|   18|          11|          11|
    |sub_ln144_143_fu_9975_p2     |         -|   0|  0|   18|          11|          11|
    |sub_ln144_144_fu_9993_p2     |         -|   0|  0|   18|          11|          11|
    |sub_ln144_145_fu_10083_p2    |         -|   0|  0|   18|          11|          11|
    |sub_ln144_146_fu_10109_p2    |         -|   0|  0|   17|          12|          12|
    |sub_ln144_147_fu_10209_p2    |         -|   0|  0|   20|          13|          13|
    |sub_ln144_148_fu_10233_p2    |         -|   0|  0|   18|          11|          11|
    |sub_ln144_149_fu_10374_p2    |         -|   0|  0|   19|           1|          12|
    |sub_ln144_14_fu_8513_p2      |         -|   0|  0|   16|           5|           9|
    |sub_ln144_150_fu_10380_p2    |         -|   0|  0|   17|          12|          12|
    |sub_ln144_151_fu_10394_p2    |         -|   0|  0|   19|          12|          12|
    |sub_ln144_152_fu_10400_p2    |         -|   0|  0|   17|          12|          12|
    |sub_ln144_153_fu_10603_p2    |         -|   0|  0|   17|          12|          12|
    |sub_ln144_154_fu_10741_p2    |         -|   0|  0|   17|           1|          12|
    |sub_ln144_155_fu_10747_p2    |         -|   0|  0|   17|          12|          12|
    |sub_ln144_156_fu_10791_p2    |         -|   0|  0|   19|          12|          12|
    |sub_ln144_157_fu_11066_p2    |         -|   0|  0|   17|           1|          11|
    |sub_ln144_158_fu_11072_p2    |         -|   0|  0|   17|          11|          11|
    |sub_ln144_159_fu_11082_p2    |         -|   0|  0|   17|           1|          11|
    |sub_ln144_15_fu_8565_p2      |         -|   0|  0|   16|           2|           9|
    |sub_ln144_160_fu_11088_p2    |         -|   0|  0|   17|          11|          11|
    |sub_ln144_161_fu_11247_p2    |         -|   0|  0|   20|          13|          13|
    |sub_ln144_162_fu_11295_p2    |         -|   0|  0|   17|           1|          10|
    |sub_ln144_163_fu_11321_p2    |         -|   0|  0|   18|          11|          11|
    |sub_ln144_164_fu_11625_p2    |         -|   0|  0|   18|          11|          11|
    |sub_ln144_165_fu_11643_p2    |         -|   0|  0|   18|          11|          11|
    |sub_ln144_166_fu_11733_p2    |         -|   0|  0|   18|          11|          11|
    |sub_ln144_167_fu_11759_p2    |         -|   0|  0|   17|          12|          12|
    |sub_ln144_168_fu_11859_p2    |         -|   0|  0|   20|          13|          13|
    |sub_ln144_169_fu_11883_p2    |         -|   0|  0|   18|          11|          11|
    |sub_ln144_16_fu_8973_p2      |         -|   0|  0|   16|           4|           9|
    |sub_ln144_170_fu_12024_p2    |         -|   0|  0|   19|           1|          12|
    |sub_ln144_171_fu_12030_p2    |         -|   0|  0|   17|          12|          12|
    |sub_ln144_172_fu_12044_p2    |         -|   0|  0|   19|          12|          12|
    |sub_ln144_173_fu_12050_p2    |         -|   0|  0|   17|          12|          12|
    |sub_ln144_174_fu_12253_p2    |         -|   0|  0|   17|          12|          12|
    |sub_ln144_175_fu_12391_p2    |         -|   0|  0|   17|           1|          12|
    |sub_ln144_176_fu_12397_p2    |         -|   0|  0|   17|          12|          12|
    |sub_ln144_177_fu_12441_p2    |         -|   0|  0|   19|          12|          12|
    |sub_ln144_178_fu_12716_p2    |         -|   0|  0|   17|           1|          11|
    |sub_ln144_179_fu_12722_p2    |         -|   0|  0|   17|          11|          11|
    |sub_ln144_17_fu_9326_p2      |         -|   0|  0|   16|           1|           9|
    |sub_ln144_180_fu_12732_p2    |         -|   0|  0|   17|           1|          11|
    |sub_ln144_181_fu_12738_p2    |         -|   0|  0|   17|          11|          11|
    |sub_ln144_182_fu_12897_p2    |         -|   0|  0|   20|          13|          13|
    |sub_ln144_183_fu_12945_p2    |         -|   0|  0|   17|           1|          10|
    |sub_ln144_184_fu_12971_p2    |         -|   0|  0|   18|          11|          11|
    |sub_ln144_185_fu_13275_p2    |         -|   0|  0|   18|          11|          11|
    |sub_ln144_186_fu_13293_p2    |         -|   0|  0|   18|          11|          11|
    |sub_ln144_187_fu_13383_p2    |         -|   0|  0|   18|          11|          11|
    |sub_ln144_188_fu_13409_p2    |         -|   0|  0|   17|          12|          12|
    |sub_ln144_189_fu_13509_p2    |         -|   0|  0|   20|          13|          13|
    |sub_ln144_18_fu_6116_p2      |         -|   0|  0|   17|           1|          11|
    |sub_ln144_190_fu_13533_p2    |         -|   0|  0|   18|          11|          11|
    |sub_ln144_191_fu_13674_p2    |         -|   0|  0|   19|           1|          12|
    |sub_ln144_192_fu_13680_p2    |         -|   0|  0|   17|          12|          12|
    |sub_ln144_193_fu_13694_p2    |         -|   0|  0|   19|          12|          12|
    |sub_ln144_194_fu_13700_p2    |         -|   0|  0|   17|          12|          12|
    |sub_ln144_195_fu_13903_p2    |         -|   0|  0|   17|          12|          12|
    |sub_ln144_196_fu_14041_p2    |         -|   0|  0|   17|           1|          12|
    |sub_ln144_197_fu_14047_p2    |         -|   0|  0|   17|          12|          12|
    |sub_ln144_198_fu_14091_p2    |         -|   0|  0|   19|          12|          12|
    |sub_ln144_199_fu_14366_p2    |         -|   0|  0|   17|           1|          11|
    |sub_ln144_19_fu_9786_p2      |         -|   0|  0|   16|           7|           9|
    |sub_ln144_1_fu_6026_p2       |         -|   0|  0|   16|           1|           9|
    |sub_ln144_200_fu_14372_p2    |         -|   0|  0|   17|          11|          11|
    |sub_ln144_201_fu_14382_p2    |         -|   0|  0|   17|           1|          11|
    |sub_ln144_202_fu_14388_p2    |         -|   0|  0|   17|          11|          11|
    |sub_ln144_203_fu_14547_p2    |         -|   0|  0|   20|          13|          13|
    |sub_ln144_204_fu_14595_p2    |         -|   0|  0|   17|           1|          10|
    |sub_ln144_205_fu_14621_p2    |         -|   0|  0|   18|          11|          11|
    |sub_ln144_206_fu_14925_p2    |         -|   0|  0|   18|          11|          11|
    |sub_ln144_207_fu_14943_p2    |         -|   0|  0|   18|          11|          11|
    |sub_ln144_208_fu_15033_p2    |         -|   0|  0|   18|          11|          11|
    |sub_ln144_209_fu_15059_p2    |         -|   0|  0|   17|          12|          12|
    |sub_ln144_20_fu_6122_p2      |         -|   0|  0|   17|          11|          11|
    |sub_ln144_210_fu_15159_p2    |         -|   0|  0|   20|          13|          13|
    |sub_ln144_211_fu_15183_p2    |         -|   0|  0|   18|          11|          11|
    |sub_ln144_212_fu_15324_p2    |         -|   0|  0|   19|           1|          12|
    |sub_ln144_213_fu_15330_p2    |         -|   0|  0|   17|          12|          12|
    |sub_ln144_214_fu_15344_p2    |         -|   0|  0|   19|          12|          12|
    |sub_ln144_215_fu_15350_p2    |         -|   0|  0|   17|          12|          12|
    |sub_ln144_216_fu_15553_p2    |         -|   0|  0|   17|          12|          12|
    |sub_ln144_217_fu_15691_p2    |         -|   0|  0|   17|           1|          12|
    |sub_ln144_218_fu_15697_p2    |         -|   0|  0|   17|          12|          12|
    |sub_ln144_219_fu_15741_p2    |         -|   0|  0|   19|          12|          12|
    |sub_ln144_21_fu_10009_p2     |         -|   0|  0|   16|           6|           9|
    |sub_ln144_220_fu_16016_p2    |         -|   0|  0|   17|           1|          11|
    |sub_ln144_221_fu_16022_p2    |         -|   0|  0|   17|          11|          11|
    |sub_ln144_222_fu_16032_p2    |         -|   0|  0|   17|           1|          11|
    |sub_ln144_223_fu_16038_p2    |         -|   0|  0|   17|          11|          11|
    |sub_ln144_224_fu_16197_p2    |         -|   0|  0|   20|          13|          13|
    |sub_ln144_225_fu_16245_p2    |         -|   0|  0|   17|           1|          10|
    |sub_ln144_226_fu_16271_p2    |         -|   0|  0|   18|          11|          11|
    |sub_ln144_227_fu_16575_p2    |         -|   0|  0|   18|          11|          11|
    |sub_ln144_228_fu_16593_p2    |         -|   0|  0|   18|          11|          11|
    |sub_ln144_229_fu_16683_p2    |         -|   0|  0|   18|          11|          11|
    |sub_ln144_22_fu_10163_p2     |         -|   0|  0|   16|           5|           9|
    |sub_ln144_230_fu_16709_p2    |         -|   0|  0|   17|          12|          12|
    |sub_ln144_231_fu_16809_p2    |         -|   0|  0|   20|          13|          13|
    |sub_ln144_232_fu_16833_p2    |         -|   0|  0|   18|          11|          11|
    |sub_ln144_233_fu_16974_p2    |         -|   0|  0|   19|           1|          12|
    |sub_ln144_234_fu_16980_p2    |         -|   0|  0|   17|          12|          12|
    |sub_ln144_235_fu_16994_p2    |         -|   0|  0|   19|          12|          12|
    |sub_ln144_236_fu_17000_p2    |         -|   0|  0|   17|          12|          12|
    |sub_ln144_237_fu_17203_p2    |         -|   0|  0|   17|          12|          12|
    |sub_ln144_238_fu_17341_p2    |         -|   0|  0|   17|           1|          12|
    |sub_ln144_239_fu_17347_p2    |         -|   0|  0|   17|          12|          12|
    |sub_ln144_23_fu_10215_p2     |         -|   0|  0|   16|           2|           9|
    |sub_ln144_240_fu_17391_p2    |         -|   0|  0|   19|          12|          12|
    |sub_ln144_241_fu_17666_p2    |         -|   0|  0|   17|           1|          11|
    |sub_ln144_242_fu_17672_p2    |         -|   0|  0|   17|          11|          11|
    |sub_ln144_243_fu_17682_p2    |         -|   0|  0|   17|           1|          11|
    |sub_ln144_244_fu_17688_p2    |         -|   0|  0|   17|          11|          11|
    |sub_ln144_245_fu_17847_p2    |         -|   0|  0|   20|          13|          13|
    |sub_ln144_246_fu_17895_p2    |         -|   0|  0|   17|           1|          10|
    |sub_ln144_247_fu_17921_p2    |         -|   0|  0|   18|          11|          11|
    |sub_ln144_248_fu_18225_p2    |         -|   0|  0|   18|          11|          11|
    |sub_ln144_249_fu_18243_p2    |         -|   0|  0|   18|          11|          11|
    |sub_ln144_24_fu_10623_p2     |         -|   0|  0|   16|           4|           9|
    |sub_ln144_250_fu_18333_p2    |         -|   0|  0|   18|          11|          11|
    |sub_ln144_251_fu_18359_p2    |         -|   0|  0|   17|          12|          12|
    |sub_ln144_252_fu_18459_p2    |         -|   0|  0|   20|          13|          13|
    |sub_ln144_253_fu_18483_p2    |         -|   0|  0|   18|          11|          11|
    |sub_ln144_254_fu_18624_p2    |         -|   0|  0|   19|           1|          12|
    |sub_ln144_255_fu_18630_p2    |         -|   0|  0|   17|          12|          12|
    |sub_ln144_256_fu_18644_p2    |         -|   0|  0|   19|          12|          12|
    |sub_ln144_257_fu_18650_p2    |         -|   0|  0|   17|          12|          12|
    |sub_ln144_258_fu_18853_p2    |         -|   0|  0|   17|          12|          12|
    |sub_ln144_259_fu_18991_p2    |         -|   0|  0|   17|           1|          12|
    |sub_ln144_25_fu_10976_p2     |         -|   0|  0|   16|           1|           9|
    |sub_ln144_260_fu_18997_p2    |         -|   0|  0|   17|          12|          12|
    |sub_ln144_261_fu_19041_p2    |         -|   0|  0|   19|          12|          12|
    |sub_ln144_262_fu_19316_p2    |         -|   0|  0|   17|           1|          11|
    |sub_ln144_263_fu_19322_p2    |         -|   0|  0|   17|          11|          11|
    |sub_ln144_264_fu_19332_p2    |         -|   0|  0|   17|           1|          11|
    |sub_ln144_265_fu_19338_p2    |         -|   0|  0|   17|          11|          11|
    |sub_ln144_266_fu_19497_p2    |         -|   0|  0|   20|          13|          13|
    |sub_ln144_267_fu_19545_p2    |         -|   0|  0|   17|           1|          10|
    |sub_ln144_268_fu_19571_p2    |         -|   0|  0|   18|          11|          11|
    |sub_ln144_269_fu_19875_p2    |         -|   0|  0|   18|          11|          11|
    |sub_ln144_26_fu_6132_p2      |         -|   0|  0|   17|           1|          11|
    |sub_ln144_270_fu_19893_p2    |         -|   0|  0|   18|          11|          11|
    |sub_ln144_271_fu_19983_p2    |         -|   0|  0|   18|          11|          11|
    |sub_ln144_272_fu_20009_p2    |         -|   0|  0|   17|          12|          12|
    |sub_ln144_273_fu_20109_p2    |         -|   0|  0|   20|          13|          13|
    |sub_ln144_274_fu_20133_p2    |         -|   0|  0|   18|          11|          11|
    |sub_ln144_275_fu_20274_p2    |         -|   0|  0|   19|           1|          12|
    |sub_ln144_276_fu_20280_p2    |         -|   0|  0|   17|          12|          12|
    |sub_ln144_277_fu_20294_p2    |         -|   0|  0|   19|          12|          12|
    |sub_ln144_278_fu_20300_p2    |         -|   0|  0|   17|          12|          12|
    |sub_ln144_279_fu_20503_p2    |         -|   0|  0|   17|          12|          12|
    |sub_ln144_27_fu_11436_p2     |         -|   0|  0|   16|           7|           9|
    |sub_ln144_280_fu_20641_p2    |         -|   0|  0|   17|           1|          12|
    |sub_ln144_281_fu_20647_p2    |         -|   0|  0|   17|          12|          12|
    |sub_ln144_282_fu_20691_p2    |         -|   0|  0|   19|          12|          12|
    |sub_ln144_283_fu_20966_p2    |         -|   0|  0|   17|           1|          11|
    |sub_ln144_284_fu_20972_p2    |         -|   0|  0|   17|          11|          11|
    |sub_ln144_285_fu_20982_p2    |         -|   0|  0|   17|           1|          11|
    |sub_ln144_286_fu_20988_p2    |         -|   0|  0|   17|          11|          11|
    |sub_ln144_287_fu_21147_p2    |         -|   0|  0|   20|          13|          13|
    |sub_ln144_288_fu_21195_p2    |         -|   0|  0|   17|           1|          10|
    |sub_ln144_289_fu_21221_p2    |         -|   0|  0|   18|          11|          11|
    |sub_ln144_28_fu_6138_p2      |         -|   0|  0|   17|          11|          11|
    |sub_ln144_290_fu_21525_p2    |         -|   0|  0|   18|          11|          11|
    |sub_ln144_291_fu_21543_p2    |         -|   0|  0|   18|          11|          11|
    |sub_ln144_292_fu_21633_p2    |         -|   0|  0|   18|          11|          11|
    |sub_ln144_293_fu_21659_p2    |         -|   0|  0|   17|          12|          12|
    |sub_ln144_294_fu_21759_p2    |         -|   0|  0|   20|          13|          13|
    |sub_ln144_295_fu_21783_p2    |         -|   0|  0|   18|          11|          11|
    |sub_ln144_296_fu_21924_p2    |         -|   0|  0|   19|           1|          12|
    |sub_ln144_297_fu_21930_p2    |         -|   0|  0|   17|          12|          12|
    |sub_ln144_298_fu_21944_p2    |         -|   0|  0|   19|          12|          12|
    |sub_ln144_299_fu_21950_p2    |         -|   0|  0|   17|          12|          12|
    |sub_ln144_29_fu_11659_p2     |         -|   0|  0|   16|           6|           9|
    |sub_ln144_2_fu_5653_p2       |         -|   0|  0|   17|          12|          12|
    |sub_ln144_300_fu_22153_p2    |         -|   0|  0|   17|          12|          12|
    |sub_ln144_301_fu_22291_p2    |         -|   0|  0|   17|           1|          12|
    |sub_ln144_302_fu_22297_p2    |         -|   0|  0|   17|          12|          12|
    |sub_ln144_303_fu_22341_p2    |         -|   0|  0|   19|          12|          12|
    |sub_ln144_304_fu_22616_p2    |         -|   0|  0|   17|           1|          11|
    |sub_ln144_305_fu_22622_p2    |         -|   0|  0|   17|          11|          11|
    |sub_ln144_306_fu_22632_p2    |         -|   0|  0|   17|           1|          11|
    |sub_ln144_307_fu_22638_p2    |         -|   0|  0|   17|          11|          11|
    |sub_ln144_308_fu_22797_p2    |         -|   0|  0|   20|          13|          13|
    |sub_ln144_309_fu_22845_p2    |         -|   0|  0|   17|           1|          10|
    |sub_ln144_30_fu_11813_p2     |         -|   0|  0|   16|           5|           9|
    |sub_ln144_310_fu_22871_p2    |         -|   0|  0|   18|          11|          11|
    |sub_ln144_311_fu_23175_p2    |         -|   0|  0|   18|          11|          11|
    |sub_ln144_312_fu_23193_p2    |         -|   0|  0|   18|          11|          11|
    |sub_ln144_313_fu_23283_p2    |         -|   0|  0|   18|          11|          11|
    |sub_ln144_314_fu_23309_p2    |         -|   0|  0|   17|          12|          12|
    |sub_ln144_315_fu_23409_p2    |         -|   0|  0|   20|          13|          13|
    |sub_ln144_316_fu_23433_p2    |         -|   0|  0|   18|          11|          11|
    |sub_ln144_317_fu_23574_p2    |         -|   0|  0|   19|           1|          12|
    |sub_ln144_318_fu_23580_p2    |         -|   0|  0|   17|          12|          12|
    |sub_ln144_319_fu_23594_p2    |         -|   0|  0|   19|          12|          12|
    |sub_ln144_31_fu_11865_p2     |         -|   0|  0|   16|           2|           9|
    |sub_ln144_320_fu_23600_p2    |         -|   0|  0|   17|          12|          12|
    |sub_ln144_321_fu_23803_p2    |         -|   0|  0|   17|          12|          12|
    |sub_ln144_322_fu_23941_p2    |         -|   0|  0|   17|           1|          12|
    |sub_ln144_323_fu_23947_p2    |         -|   0|  0|   17|          12|          12|
    |sub_ln144_324_fu_23991_p2    |         -|   0|  0|   19|          12|          12|
    |sub_ln144_325_fu_24266_p2    |         -|   0|  0|   17|           1|          11|
    |sub_ln144_326_fu_24272_p2    |         -|   0|  0|   17|          11|          11|
    |sub_ln144_327_fu_24282_p2    |         -|   0|  0|   17|           1|          11|
    |sub_ln144_328_fu_24288_p2    |         -|   0|  0|   17|          11|          11|
    |sub_ln144_329_fu_24447_p2    |         -|   0|  0|   20|          13|          13|
    |sub_ln144_32_fu_12273_p2     |         -|   0|  0|   16|           4|           9|
    |sub_ln144_330_fu_24495_p2    |         -|   0|  0|   17|           1|          10|
    |sub_ln144_331_fu_24521_p2    |         -|   0|  0|   18|          11|          11|
    |sub_ln144_332_fu_24825_p2    |         -|   0|  0|   18|          11|          11|
    |sub_ln144_333_fu_24843_p2    |         -|   0|  0|   18|          11|          11|
    |sub_ln144_334_fu_24933_p2    |         -|   0|  0|   18|          11|          11|
    |sub_ln144_335_fu_24959_p2    |         -|   0|  0|   17|          12|          12|
    |sub_ln144_336_fu_25059_p2    |         -|   0|  0|   20|          13|          13|
    |sub_ln144_337_fu_25083_p2    |         -|   0|  0|   18|          11|          11|
    |sub_ln144_338_fu_25224_p2    |         -|   0|  0|   19|           1|          12|
    |sub_ln144_339_fu_25230_p2    |         -|   0|  0|   17|          12|          12|
    |sub_ln144_33_fu_12626_p2     |         -|   0|  0|   16|           1|           9|
    |sub_ln144_340_fu_25244_p2    |         -|   0|  0|   19|          12|          12|
    |sub_ln144_341_fu_25250_p2    |         -|   0|  0|   17|          12|          12|
    |sub_ln144_342_fu_25453_p2    |         -|   0|  0|   17|          12|          12|
    |sub_ln144_343_fu_25591_p2    |         -|   0|  0|   17|           1|          12|
    |sub_ln144_344_fu_25597_p2    |         -|   0|  0|   17|          12|          12|
    |sub_ln144_345_fu_25641_p2    |         -|   0|  0|   19|          12|          12|
    |sub_ln144_346_fu_25916_p2    |         -|   0|  0|   17|           1|          11|
    |sub_ln144_347_fu_25922_p2    |         -|   0|  0|   17|          11|          11|
    |sub_ln144_348_fu_25932_p2    |         -|   0|  0|   17|           1|          11|
    |sub_ln144_349_fu_25938_p2    |         -|   0|  0|   17|          11|          11|
    |sub_ln144_34_fu_6297_p2      |         -|   0|  0|   20|          13|          13|
    |sub_ln144_350_fu_26097_p2    |         -|   0|  0|   20|          13|          13|
    |sub_ln144_351_fu_26145_p2    |         -|   0|  0|   17|           1|          10|
    |sub_ln144_352_fu_26171_p2    |         -|   0|  0|   18|          11|          11|
    |sub_ln144_353_fu_26475_p2    |         -|   0|  0|   18|          11|          11|
    |sub_ln144_354_fu_26493_p2    |         -|   0|  0|   18|          11|          11|
    |sub_ln144_355_fu_26583_p2    |         -|   0|  0|   18|          11|          11|
    |sub_ln144_356_fu_26609_p2    |         -|   0|  0|   17|          12|          12|
    |sub_ln144_357_fu_26709_p2    |         -|   0|  0|   20|          13|          13|
    |sub_ln144_358_fu_26733_p2    |         -|   0|  0|   18|          11|          11|
    |sub_ln144_359_fu_26874_p2    |         -|   0|  0|   19|           1|          12|
    |sub_ln144_35_fu_13086_p2     |         -|   0|  0|   16|           7|           9|
    |sub_ln144_360_fu_26880_p2    |         -|   0|  0|   17|          12|          12|
    |sub_ln144_361_fu_26894_p2    |         -|   0|  0|   19|          12|          12|
    |sub_ln144_362_fu_26900_p2    |         -|   0|  0|   17|          12|          12|
    |sub_ln144_363_fu_27103_p2    |         -|   0|  0|   17|          12|          12|
    |sub_ln144_364_fu_27241_p2    |         -|   0|  0|   17|           1|          12|
    |sub_ln144_365_fu_27247_p2    |         -|   0|  0|   17|          12|          12|
    |sub_ln144_366_fu_27291_p2    |         -|   0|  0|   19|          12|          12|
    |sub_ln144_367_fu_27566_p2    |         -|   0|  0|   17|           1|          11|
    |sub_ln144_368_fu_27572_p2    |         -|   0|  0|   17|          11|          11|
    |sub_ln144_369_fu_27582_p2    |         -|   0|  0|   17|           1|          11|
    |sub_ln144_36_fu_6345_p2      |         -|   0|  0|   17|           1|          10|
    |sub_ln144_370_fu_27588_p2    |         -|   0|  0|   17|          11|          11|
    |sub_ln144_371_fu_27747_p2    |         -|   0|  0|   20|          13|          13|
    |sub_ln144_372_fu_27795_p2    |         -|   0|  0|   17|           1|          10|
    |sub_ln144_373_fu_27821_p2    |         -|   0|  0|   18|          11|          11|
    |sub_ln144_374_fu_28125_p2    |         -|   0|  0|   18|          11|          11|
    |sub_ln144_375_fu_28143_p2    |         -|   0|  0|   18|          11|          11|
    |sub_ln144_376_fu_28233_p2    |         -|   0|  0|   18|          11|          11|
    |sub_ln144_377_fu_28259_p2    |         -|   0|  0|   17|          12|          12|
    |sub_ln144_378_fu_28359_p2    |         -|   0|  0|   20|          13|          13|
    |sub_ln144_379_fu_28383_p2    |         -|   0|  0|   18|          11|          11|
    |sub_ln144_37_fu_13309_p2     |         -|   0|  0|   16|           6|           9|
    |sub_ln144_380_fu_28524_p2    |         -|   0|  0|   19|           1|          12|
    |sub_ln144_381_fu_28530_p2    |         -|   0|  0|   17|          12|          12|
    |sub_ln144_382_fu_28544_p2    |         -|   0|  0|   19|          12|          12|
    |sub_ln144_383_fu_28550_p2    |         -|   0|  0|   17|          12|          12|
    |sub_ln144_384_fu_28753_p2    |         -|   0|  0|   17|          12|          12|
    |sub_ln144_385_fu_28891_p2    |         -|   0|  0|   17|           1|          12|
    |sub_ln144_386_fu_28897_p2    |         -|   0|  0|   17|          12|          12|
    |sub_ln144_387_fu_28941_p2    |         -|   0|  0|   19|          12|          12|
    |sub_ln144_388_fu_29216_p2    |         -|   0|  0|   17|           1|          11|
    |sub_ln144_389_fu_29222_p2    |         -|   0|  0|   17|          11|          11|
    |sub_ln144_38_fu_13463_p2     |         -|   0|  0|   16|           5|           9|
    |sub_ln144_390_fu_29232_p2    |         -|   0|  0|   17|           1|          11|
    |sub_ln144_391_fu_29238_p2    |         -|   0|  0|   17|          11|          11|
    |sub_ln144_392_fu_29397_p2    |         -|   0|  0|   20|          13|          13|
    |sub_ln144_393_fu_29445_p2    |         -|   0|  0|   17|           1|          10|
    |sub_ln144_394_fu_29471_p2    |         -|   0|  0|   18|          11|          11|
    |sub_ln144_395_fu_29775_p2    |         -|   0|  0|   18|          11|          11|
    |sub_ln144_396_fu_29793_p2    |         -|   0|  0|   18|          11|          11|
    |sub_ln144_397_fu_29883_p2    |         -|   0|  0|   18|          11|          11|
    |sub_ln144_398_fu_29909_p2    |         -|   0|  0|   17|          12|          12|
    |sub_ln144_399_fu_30009_p2    |         -|   0|  0|   20|          13|          13|
    |sub_ln144_39_fu_13515_p2     |         -|   0|  0|   16|           2|           9|
    |sub_ln144_3_fu_6486_p2       |         -|   0|  0|   16|           7|           9|
    |sub_ln144_400_fu_30033_p2    |         -|   0|  0|   18|          11|          11|
    |sub_ln144_401_fu_30174_p2    |         -|   0|  0|   19|           1|          12|
    |sub_ln144_402_fu_30180_p2    |         -|   0|  0|   17|          12|          12|
    |sub_ln144_403_fu_30194_p2    |         -|   0|  0|   19|          12|          12|
    |sub_ln144_404_fu_30200_p2    |         -|   0|  0|   17|          12|          12|
    |sub_ln144_405_fu_5729_p2     |         -|   0|  0|   19|          12|          12|
    |sub_ln144_406_fu_6086_p2     |         -|   0|  0|   20|          13|          13|
    |sub_ln144_407_fu_6156_p2     |         -|   0|  0|   17|          11|          11|
    |sub_ln144_408_fu_6327_p2     |         -|   0|  0|   19|          12|          12|
    |sub_ln144_409_fu_6769_p2     |         -|   0|  0|   19|          12|          12|
    |sub_ln144_40_fu_13923_p2     |         -|   0|  0|   16|           4|           9|
    |sub_ln144_410_fu_6885_p2     |         -|   0|  0|   18|          11|          11|
    |sub_ln144_411_fu_6895_p2     |         -|   0|  0|   17|          12|          12|
    |sub_ln144_412_fu_7060_p2     |         -|   0|  0|   19|          12|          12|
    |sub_ln144_413_fu_7379_p2     |         -|   0|  0|   19|          12|          12|
    |sub_ln144_414_fu_7736_p2     |         -|   0|  0|   20|          13|          13|
    |sub_ln144_415_fu_7806_p2     |         -|   0|  0|   17|          11|          11|
    |sub_ln144_416_fu_7977_p2     |         -|   0|  0|   19|          12|          12|
    |sub_ln144_417_fu_8419_p2     |         -|   0|  0|   19|          12|          12|
    |sub_ln144_418_fu_8535_p2     |         -|   0|  0|   18|          11|          11|
    |sub_ln144_419_fu_8545_p2     |         -|   0|  0|   17|          12|          12|
    |sub_ln144_41_fu_14276_p2     |         -|   0|  0|   16|           1|           9|
    |sub_ln144_420_fu_8710_p2     |         -|   0|  0|   19|          12|          12|
    |sub_ln144_421_fu_9029_p2     |         -|   0|  0|   19|          12|          12|
    |sub_ln144_422_fu_9386_p2     |         -|   0|  0|   20|          13|          13|
    |sub_ln144_423_fu_9456_p2     |         -|   0|  0|   17|          11|          11|
    |sub_ln144_424_fu_9627_p2     |         -|   0|  0|   19|          12|          12|
    |sub_ln144_425_fu_10069_p2    |         -|   0|  0|   19|          12|          12|
    |sub_ln144_426_fu_10185_p2    |         -|   0|  0|   18|          11|          11|
    |sub_ln144_427_fu_10195_p2    |         -|   0|  0|   17|          12|          12|
    |sub_ln144_428_fu_10360_p2    |         -|   0|  0|   19|          12|          12|
    |sub_ln144_429_fu_10679_p2    |         -|   0|  0|   19|          12|          12|
    |sub_ln144_42_fu_6371_p2      |         -|   0|  0|   18|          11|          11|
    |sub_ln144_430_fu_11036_p2    |         -|   0|  0|   20|          13|          13|
    |sub_ln144_431_fu_11106_p2    |         -|   0|  0|   17|          11|          11|
    |sub_ln144_432_fu_11277_p2    |         -|   0|  0|   19|          12|          12|
    |sub_ln144_433_fu_11719_p2    |         -|   0|  0|   19|          12|          12|
    |sub_ln144_434_fu_11835_p2    |         -|   0|  0|   18|          11|          11|
    |sub_ln144_435_fu_11845_p2    |         -|   0|  0|   17|          12|          12|
    |sub_ln144_436_fu_12010_p2    |         -|   0|  0|   19|          12|          12|
    |sub_ln144_437_fu_12329_p2    |         -|   0|  0|   19|          12|          12|
    |sub_ln144_438_fu_12686_p2    |         -|   0|  0|   20|          13|          13|
    |sub_ln144_439_fu_12756_p2    |         -|   0|  0|   17|          11|          11|
    |sub_ln144_43_fu_14736_p2     |         -|   0|  0|   16|           7|           9|
    |sub_ln144_440_fu_12927_p2    |         -|   0|  0|   19|          12|          12|
    |sub_ln144_441_fu_13369_p2    |         -|   0|  0|   19|          12|          12|
    |sub_ln144_442_fu_13485_p2    |         -|   0|  0|   18|          11|          11|
    |sub_ln144_443_fu_13495_p2    |         -|   0|  0|   17|          12|          12|
    |sub_ln144_444_fu_13660_p2    |         -|   0|  0|   19|          12|          12|
    |sub_ln144_445_fu_13979_p2    |         -|   0|  0|   19|          12|          12|
    |sub_ln144_446_fu_14336_p2    |         -|   0|  0|   20|          13|          13|
    |sub_ln144_447_fu_14406_p2    |         -|   0|  0|   17|          11|          11|
    |sub_ln144_448_fu_14577_p2    |         -|   0|  0|   19|          12|          12|
    |sub_ln144_449_fu_15019_p2    |         -|   0|  0|   19|          12|          12|
    |sub_ln144_44_fu_6675_p2      |         -|   0|  0|   18|          11|          11|
    |sub_ln144_450_fu_15135_p2    |         -|   0|  0|   18|          11|          11|
    |sub_ln144_451_fu_15145_p2    |         -|   0|  0|   17|          12|          12|
    |sub_ln144_452_fu_15310_p2    |         -|   0|  0|   19|          12|          12|
    |sub_ln144_453_fu_15629_p2    |         -|   0|  0|   19|          12|          12|
    |sub_ln144_454_fu_15986_p2    |         -|   0|  0|   20|          13|          13|
    |sub_ln144_455_fu_16056_p2    |         -|   0|  0|   17|          11|          11|
    |sub_ln144_456_fu_16227_p2    |         -|   0|  0|   19|          12|          12|
    |sub_ln144_457_fu_16669_p2    |         -|   0|  0|   19|          12|          12|
    |sub_ln144_458_fu_16785_p2    |         -|   0|  0|   18|          11|          11|
    |sub_ln144_459_fu_16795_p2    |         -|   0|  0|   17|          12|          12|
    |sub_ln144_45_fu_14959_p2     |         -|   0|  0|   16|           6|           9|
    |sub_ln144_460_fu_16960_p2    |         -|   0|  0|   19|          12|          12|
    |sub_ln144_461_fu_17279_p2    |         -|   0|  0|   19|          12|          12|
    |sub_ln144_462_fu_17636_p2    |         -|   0|  0|   20|          13|          13|
    |sub_ln144_463_fu_17706_p2    |         -|   0|  0|   17|          11|          11|
    |sub_ln144_464_fu_17877_p2    |         -|   0|  0|   19|          12|          12|
    |sub_ln144_465_fu_18319_p2    |         -|   0|  0|   19|          12|          12|
    |sub_ln144_466_fu_18435_p2    |         -|   0|  0|   18|          11|          11|
    |sub_ln144_467_fu_18445_p2    |         -|   0|  0|   17|          12|          12|
    |sub_ln144_468_fu_18610_p2    |         -|   0|  0|   19|          12|          12|
    |sub_ln144_469_fu_18929_p2    |         -|   0|  0|   19|          12|          12|
    |sub_ln144_46_fu_15113_p2     |         -|   0|  0|   16|           5|           9|
    |sub_ln144_470_fu_19286_p2    |         -|   0|  0|   20|          13|          13|
    |sub_ln144_471_fu_19356_p2    |         -|   0|  0|   17|          11|          11|
    |sub_ln144_472_fu_19527_p2    |         -|   0|  0|   19|          12|          12|
    |sub_ln144_473_fu_19969_p2    |         -|   0|  0|   19|          12|          12|
    |sub_ln144_474_fu_20085_p2    |         -|   0|  0|   18|          11|          11|
    |sub_ln144_475_fu_20095_p2    |         -|   0|  0|   17|          12|          12|
    |sub_ln144_476_fu_20260_p2    |         -|   0|  0|   19|          12|          12|
    |sub_ln144_477_fu_20579_p2    |         -|   0|  0|   19|          12|          12|
    |sub_ln144_478_fu_20936_p2    |         -|   0|  0|   20|          13|          13|
    |sub_ln144_479_fu_21006_p2    |         -|   0|  0|   17|          11|          11|
    |sub_ln144_47_fu_15165_p2     |         -|   0|  0|   16|           2|           9|
    |sub_ln144_480_fu_21177_p2    |         -|   0|  0|   19|          12|          12|
    |sub_ln144_481_fu_21619_p2    |         -|   0|  0|   19|          12|          12|
    |sub_ln144_482_fu_21735_p2    |         -|   0|  0|   18|          11|          11|
    |sub_ln144_483_fu_21745_p2    |         -|   0|  0|   17|          12|          12|
    |sub_ln144_484_fu_21910_p2    |         -|   0|  0|   19|          12|          12|
    |sub_ln144_485_fu_22229_p2    |         -|   0|  0|   19|          12|          12|
    |sub_ln144_486_fu_22586_p2    |         -|   0|  0|   20|          13|          13|
    |sub_ln144_487_fu_22656_p2    |         -|   0|  0|   17|          11|          11|
    |sub_ln144_488_fu_22827_p2    |         -|   0|  0|   19|          12|          12|
    |sub_ln144_489_fu_23269_p2    |         -|   0|  0|   19|          12|          12|
    |sub_ln144_48_fu_15573_p2     |         -|   0|  0|   16|           4|           9|
    |sub_ln144_490_fu_23385_p2    |         -|   0|  0|   18|          11|          11|
    |sub_ln144_491_fu_23395_p2    |         -|   0|  0|   17|          12|          12|
    |sub_ln144_492_fu_23560_p2    |         -|   0|  0|   19|          12|          12|
    |sub_ln144_493_fu_23879_p2    |         -|   0|  0|   19|          12|          12|
    |sub_ln144_494_fu_24236_p2    |         -|   0|  0|   20|          13|          13|
    |sub_ln144_495_fu_24306_p2    |         -|   0|  0|   17|          11|          11|
    |sub_ln144_496_fu_24477_p2    |         -|   0|  0|   19|          12|          12|
    |sub_ln144_497_fu_24919_p2    |         -|   0|  0|   19|          12|          12|
    |sub_ln144_498_fu_25035_p2    |         -|   0|  0|   18|          11|          11|
    |sub_ln144_499_fu_25045_p2    |         -|   0|  0|   17|          12|          12|
    |sub_ln144_49_fu_15926_p2     |         -|   0|  0|   16|           1|           9|
    |sub_ln144_4_fu_5791_p2       |         -|   0|  0|   17|           1|          12|
    |sub_ln144_500_fu_25210_p2    |         -|   0|  0|   19|          12|          12|
    |sub_ln144_501_fu_25529_p2    |         -|   0|  0|   19|          12|          12|
    |sub_ln144_502_fu_25886_p2    |         -|   0|  0|   20|          13|          13|
    |sub_ln144_503_fu_25956_p2    |         -|   0|  0|   17|          11|          11|
    |sub_ln144_504_fu_26127_p2    |         -|   0|  0|   19|          12|          12|
    |sub_ln144_505_fu_26569_p2    |         -|   0|  0|   19|          12|          12|
    |sub_ln144_506_fu_26685_p2    |         -|   0|  0|   18|          11|          11|
    |sub_ln144_507_fu_26695_p2    |         -|   0|  0|   17|          12|          12|
    |sub_ln144_508_fu_26860_p2    |         -|   0|  0|   19|          12|          12|
    |sub_ln144_509_fu_27179_p2    |         -|   0|  0|   19|          12|          12|
    |sub_ln144_50_fu_6693_p2      |         -|   0|  0|   18|          11|          11|
    |sub_ln144_510_fu_27536_p2    |         -|   0|  0|   20|          13|          13|
    |sub_ln144_511_fu_27606_p2    |         -|   0|  0|   17|          11|          11|
    |sub_ln144_512_fu_27777_p2    |         -|   0|  0|   19|          12|          12|
    |sub_ln144_513_fu_28219_p2    |         -|   0|  0|   19|          12|          12|
    |sub_ln144_514_fu_28335_p2    |         -|   0|  0|   18|          11|          11|
    |sub_ln144_515_fu_28345_p2    |         -|   0|  0|   17|          12|          12|
    |sub_ln144_516_fu_28510_p2    |         -|   0|  0|   19|          12|          12|
    |sub_ln144_517_fu_28829_p2    |         -|   0|  0|   19|          12|          12|
    |sub_ln144_518_fu_29186_p2    |         -|   0|  0|   20|          13|          13|
    |sub_ln144_519_fu_29256_p2    |         -|   0|  0|   17|          11|          11|
    |sub_ln144_51_fu_16386_p2     |         -|   0|  0|   16|           7|           9|
    |sub_ln144_520_fu_29427_p2    |         -|   0|  0|   19|          12|          12|
    |sub_ln144_521_fu_29869_p2    |         -|   0|  0|   19|          12|          12|
    |sub_ln144_522_fu_29985_p2    |         -|   0|  0|   18|          11|          11|
    |sub_ln144_523_fu_29995_p2    |         -|   0|  0|   17|          12|          12|
    |sub_ln144_524_fu_30160_p2    |         -|   0|  0|   19|          12|          12|
    |sub_ln144_52_fu_6783_p2      |         -|   0|  0|   18|          11|          11|
    |sub_ln144_53_fu_16609_p2     |         -|   0|  0|   16|           6|           9|
    |sub_ln144_54_fu_16763_p2     |         -|   0|  0|   16|           5|           9|
    |sub_ln144_55_fu_16815_p2     |         -|   0|  0|   16|           2|           9|
    |sub_ln144_56_fu_17223_p2     |         -|   0|  0|   16|           4|           9|
    |sub_ln144_57_fu_17576_p2     |         -|   0|  0|   16|           1|           9|
    |sub_ln144_58_fu_6809_p2      |         -|   0|  0|   17|          12|          12|
    |sub_ln144_59_fu_18036_p2     |         -|   0|  0|   16|           7|           9|
    |sub_ln144_5_fu_6709_p2       |         -|   0|  0|   16|           6|           9|
    |sub_ln144_60_fu_6909_p2      |         -|   0|  0|   20|          13|          13|
    |sub_ln144_61_fu_18259_p2     |         -|   0|  0|   16|           6|           9|
    |sub_ln144_62_fu_18413_p2     |         -|   0|  0|   16|           5|           9|
    |sub_ln144_63_fu_18465_p2     |         -|   0|  0|   16|           2|           9|
    |sub_ln144_64_fu_18873_p2     |         -|   0|  0|   16|           4|           9|
    |sub_ln144_65_fu_19226_p2     |         -|   0|  0|   16|           1|           9|
    |sub_ln144_66_fu_6933_p2      |         -|   0|  0|   18|          11|          11|
    |sub_ln144_67_fu_19686_p2     |         -|   0|  0|   16|           7|           9|
    |sub_ln144_68_fu_7074_p2      |         -|   0|  0|   19|           1|          12|
    |sub_ln144_69_fu_19909_p2     |         -|   0|  0|   16|           6|           9|
    |sub_ln144_6_fu_6863_p2       |         -|   0|  0|   16|           5|           9|
    |sub_ln144_70_fu_20063_p2     |         -|   0|  0|   16|           5|           9|
    |sub_ln144_71_fu_20115_p2     |         -|   0|  0|   16|           2|           9|
    |sub_ln144_72_fu_20523_p2     |         -|   0|  0|   16|           4|           9|
    |sub_ln144_73_fu_20876_p2     |         -|   0|  0|   16|           1|           9|
    |sub_ln144_74_fu_7080_p2      |         -|   0|  0|   17|          12|          12|
    |sub_ln144_75_fu_21336_p2     |         -|   0|  0|   16|           7|           9|
    |sub_ln144_76_fu_7094_p2      |         -|   0|  0|   19|          12|          12|
    |sub_ln144_77_fu_21559_p2     |         -|   0|  0|   16|           6|           9|
    |sub_ln144_78_fu_21713_p2     |         -|   0|  0|   16|           5|           9|
    |sub_ln144_79_fu_21765_p2     |         -|   0|  0|   16|           2|           9|
    |sub_ln144_7_fu_6915_p2       |         -|   0|  0|   16|           2|           9|
    |sub_ln144_80_fu_22173_p2     |         -|   0|  0|   16|           4|           9|
    |sub_ln144_81_fu_22526_p2     |         -|   0|  0|   16|           1|           9|
    |sub_ln144_82_fu_7100_p2      |         -|   0|  0|   17|          12|          12|
    |sub_ln144_83_fu_22986_p2     |         -|   0|  0|   16|           7|           9|
    |sub_ln144_84_fu_7303_p2      |         -|   0|  0|   17|          12|          12|
    |sub_ln144_85_fu_23209_p2     |         -|   0|  0|   16|           6|           9|
    |sub_ln144_86_fu_23363_p2     |         -|   0|  0|   16|           5|           9|
    |sub_ln144_87_fu_23415_p2     |         -|   0|  0|   16|           2|           9|
    |sub_ln144_88_fu_23823_p2     |         -|   0|  0|   16|           4|           9|
    |sub_ln144_89_fu_24176_p2     |         -|   0|  0|   16|           1|           9|
    |sub_ln144_8_fu_7323_p2       |         -|   0|  0|   16|           4|           9|
    |sub_ln144_90_fu_7441_p2      |         -|   0|  0|   17|           1|          12|
    |sub_ln144_91_fu_24636_p2     |         -|   0|  0|   16|           7|           9|
    |sub_ln144_92_fu_7447_p2      |         -|   0|  0|   17|          12|          12|
    |sub_ln144_93_fu_24859_p2     |         -|   0|  0|   16|           6|           9|
    |sub_ln144_94_fu_25013_p2     |         -|   0|  0|   16|           5|           9|
    |sub_ln144_95_fu_25065_p2     |         -|   0|  0|   16|           2|           9|
    |sub_ln144_96_fu_25473_p2     |         -|   0|  0|   16|           4|           9|
    |sub_ln144_97_fu_25826_p2     |         -|   0|  0|   16|           1|           9|
    |sub_ln144_98_fu_7491_p2      |         -|   0|  0|   19|          12|          12|
    |sub_ln144_99_fu_26286_p2     |         -|   0|  0|   16|           7|           9|
    |sub_ln144_9_fu_7676_p2       |         -|   0|  0|   16|           1|           9|
    |sub_ln144_fu_5673_p2         |         -|   0|  0|   16|           4|           9|
    |tmp2006_fu_5937_p2           |         -|   0|  0|   19|          12|          12|
    |tmp2008_fu_6170_p2           |         -|   0|  0|   17|          11|          11|
    |tmp2034_fu_6829_p2           |         -|   0|  0|   17|          10|          10|
    |tmp2057_fu_7587_p2           |         -|   0|  0|   19|          12|          12|
    |tmp2059_fu_7820_p2           |         -|   0|  0|   17|          11|          11|
    |tmp2085_fu_8479_p2           |         -|   0|  0|   17|          10|          10|
    |tmp2108_fu_9237_p2           |         -|   0|  0|   19|          12|          12|
    |tmp2110_fu_9470_p2           |         -|   0|  0|   17|          11|          11|
    |tmp2136_fu_10129_p2          |         -|   0|  0|   17|          10|          10|
    |tmp2159_fu_10887_p2          |         -|   0|  0|   19|          12|          12|
    |tmp2161_fu_11120_p2          |         -|   0|  0|   17|          11|          11|
    |tmp2187_fu_11779_p2          |         -|   0|  0|   17|          10|          10|
    |tmp2210_fu_12537_p2          |         -|   0|  0|   19|          12|          12|
    |tmp2212_fu_12770_p2          |         -|   0|  0|   17|          11|          11|
    |tmp2238_fu_13429_p2          |         -|   0|  0|   17|          10|          10|
    |tmp2261_fu_14187_p2          |         -|   0|  0|   19|          12|          12|
    |tmp2263_fu_14420_p2          |         -|   0|  0|   17|          11|          11|
    |tmp2289_fu_15079_p2          |         -|   0|  0|   17|          10|          10|
    |tmp2312_fu_15837_p2          |         -|   0|  0|   19|          12|          12|
    |tmp2314_fu_16070_p2          |         -|   0|  0|   17|          11|          11|
    |tmp2340_fu_16729_p2          |         -|   0|  0|   17|          10|          10|
    |tmp2363_fu_17487_p2          |         -|   0|  0|   19|          12|          12|
    |tmp2365_fu_17720_p2          |         -|   0|  0|   17|          11|          11|
    |tmp2391_fu_18379_p2          |         -|   0|  0|   17|          10|          10|
    |tmp2414_fu_19137_p2          |         -|   0|  0|   19|          12|          12|
    |tmp2416_fu_19370_p2          |         -|   0|  0|   17|          11|          11|
    |tmp2442_fu_20029_p2          |         -|   0|  0|   17|          10|          10|
    |tmp2465_fu_20787_p2          |         -|   0|  0|   19|          12|          12|
    |tmp2467_fu_21020_p2          |         -|   0|  0|   17|          11|          11|
    |tmp2493_fu_21679_p2          |         -|   0|  0|   17|          10|          10|
    |tmp2516_fu_22437_p2          |         -|   0|  0|   19|          12|          12|
    |tmp2518_fu_22670_p2          |         -|   0|  0|   17|          11|          11|
    |tmp2544_fu_23329_p2          |         -|   0|  0|   17|          10|          10|
    |tmp2567_fu_24087_p2          |         -|   0|  0|   19|          12|          12|
    |tmp2569_fu_24320_p2          |         -|   0|  0|   17|          11|          11|
    |tmp2595_fu_24979_p2          |         -|   0|  0|   17|          10|          10|
    |tmp2618_fu_25737_p2          |         -|   0|  0|   19|          12|          12|
    |tmp2620_fu_25970_p2          |         -|   0|  0|   17|          11|          11|
    |tmp2646_fu_26629_p2          |         -|   0|  0|   17|          10|          10|
    |tmp2669_fu_27387_p2          |         -|   0|  0|   19|          12|          12|
    |tmp2671_fu_27620_p2          |         -|   0|  0|   17|          11|          11|
    |tmp2697_fu_28279_p2          |         -|   0|  0|   17|          10|          10|
    |tmp2720_fu_29037_p2          |         -|   0|  0|   19|          12|          12|
    |tmp2722_fu_29270_p2          |         -|   0|  0|   17|          11|          11|
    |tmp2748_fu_29929_p2          |         -|   0|  0|   17|          10|          10|
    |addr_cmp898_fu_28716_p2      |      icmp|   0|  0|   71|          64|          64|
    |addr_cmp904_fu_27066_p2      |      icmp|   0|  0|   71|          64|          64|
    |addr_cmp910_fu_25416_p2      |      icmp|   0|  0|   71|          64|          64|
    |addr_cmp916_fu_23766_p2      |      icmp|   0|  0|   71|          64|          64|
    |addr_cmp922_fu_22116_p2      |      icmp|   0|  0|   71|          64|          64|
    |addr_cmp928_fu_20466_p2      |      icmp|   0|  0|   71|          64|          64|
    |addr_cmp934_fu_18816_p2      |      icmp|   0|  0|   71|          64|          64|
    |addr_cmp940_fu_17166_p2      |      icmp|   0|  0|   71|          64|          64|
    |addr_cmp946_fu_15516_p2      |      icmp|   0|  0|   71|          64|          64|
    |addr_cmp952_fu_13866_p2      |      icmp|   0|  0|   71|          64|          64|
    |addr_cmp958_fu_12216_p2      |      icmp|   0|  0|   71|          64|          64|
    |addr_cmp964_fu_10566_p2      |      icmp|   0|  0|   71|          64|          64|
    |addr_cmp970_fu_8916_p2       |      icmp|   0|  0|   71|          64|          64|
    |addr_cmp976_fu_7266_p2       |      icmp|   0|  0|   71|          64|          64|
    |addr_cmp_fu_30366_p2         |      icmp|   0|  0|   71|          64|          64|
    |icmp_ln137_fu_5426_p2        |      icmp|   0|  0|   13|           6|           6|
    |reuse_select899_fu_30666_p3  |    select|   0|  0|   10|           1|          10|
    |reuse_select905_fu_30644_p3  |    select|   0|  0|   10|           1|          10|
    |reuse_select911_fu_30622_p3  |    select|   0|  0|   10|           1|          10|
    |reuse_select917_fu_30600_p3  |    select|   0|  0|   10|           1|          10|
    |reuse_select923_fu_30578_p3  |    select|   0|  0|   10|           1|          10|
    |reuse_select929_fu_30556_p3  |    select|   0|  0|   10|           1|          10|
    |reuse_select935_fu_30534_p3  |    select|   0|  0|   10|           1|          10|
    |reuse_select941_fu_30512_p3  |    select|   0|  0|   10|           1|          10|
    |reuse_select947_fu_30490_p3  |    select|   0|  0|   10|           1|          10|
    |reuse_select953_fu_30468_p3  |    select|   0|  0|   10|           1|          10|
    |reuse_select959_fu_30446_p3  |    select|   0|  0|   10|           1|          10|
    |reuse_select965_fu_30424_p3  |    select|   0|  0|   10|           1|          10|
    |reuse_select971_fu_30402_p3  |    select|   0|  0|   10|           1|          10|
    |reuse_select977_fu_30380_p3  |    select|   0|  0|   10|           1|          10|
    |reuse_select_fu_30688_p3     |    select|   0|  0|   10|           1|          10|
    |ap_enable_pp0                |       xor|   0|  0|    2|           1|           2|
    +-----------------------------+----------+----+---+-----+------------+------------+
    |Total                        |          |   0|  0|34453|       23698|       24204|
    +-----------------------------+----------+----+---+-----+------------+------------+

    * Multiplexer: 
    +--------------------------+----+-----------+-----+-----------+
    |           Name           | LUT| Input Size| Bits| Total Bits|
    +--------------------------+----+-----------+-----+-----------+
    |ap_done_int               |   9|          2|    1|          2|
    |ap_enable_reg_pp0_iter1   |   9|          2|    1|          2|
    |ap_sig_allocacmp_t        |   9|          2|    6|         12|
    |i_fu_914                  |   9|          2|    6|         12|
    |reuse_addr_reg895_fu_898  |   9|          2|   64|        128|
    |reuse_addr_reg901_fu_890  |   9|          2|   64|        128|
    |reuse_addr_reg907_fu_882  |   9|          2|   64|        128|
    |reuse_addr_reg913_fu_874  |   9|          2|   64|        128|
    |reuse_addr_reg919_fu_866  |   9|          2|   64|        128|
    |reuse_addr_reg925_fu_858  |   9|          2|   64|        128|
    |reuse_addr_reg931_fu_850  |   9|          2|   64|        128|
    |reuse_addr_reg937_fu_842  |   9|          2|   64|        128|
    |reuse_addr_reg943_fu_834  |   9|          2|   64|        128|
    |reuse_addr_reg949_fu_826  |   9|          2|   64|        128|
    |reuse_addr_reg955_fu_818  |   9|          2|   64|        128|
    |reuse_addr_reg961_fu_810  |   9|          2|   64|        128|
    |reuse_addr_reg967_fu_802  |   9|          2|   64|        128|
    |reuse_addr_reg973_fu_794  |   9|          2|   64|        128|
    |reuse_addr_reg_fu_906     |   9|          2|   64|        128|
    |reuse_reg894_fu_902       |   9|          2|   10|         20|
    |reuse_reg900_fu_894       |   9|          2|   10|         20|
    |reuse_reg906_fu_886       |   9|          2|   10|         20|
    |reuse_reg912_fu_878       |   9|          2|   10|         20|
    |reuse_reg918_fu_870       |   9|          2|   10|         20|
    |reuse_reg924_fu_862       |   9|          2|   10|         20|
    |reuse_reg930_fu_854       |   9|          2|   10|         20|
    |reuse_reg936_fu_846       |   9|          2|   10|         20|
    |reuse_reg942_fu_838       |   9|          2|   10|         20|
    |reuse_reg948_fu_830       |   9|          2|   10|         20|
    |reuse_reg954_fu_822       |   9|          2|   10|         20|
    |reuse_reg960_fu_814       |   9|          2|   10|         20|
    |reuse_reg966_fu_806       |   9|          2|   10|         20|
    |reuse_reg972_fu_798       |   9|          2|   10|         20|
    |reuse_reg_fu_910          |   9|          2|   10|         20|
    +--------------------------+----+-----------+-----+-----------+
    |Total                     | 306|         68| 1124|       2248|
    +--------------------------+----+-----------+-----+-----------+

    * Register: 
    +---------------------------------------+-----+----+-----+-----------+
    |                  Name                 |  FF | LUT| Bits| Const Bits|
    +---------------------------------------+-----+----+-----+-----------+
    |add_ln144_107_reg_34444                |   10|   0|   18|          8|
    |add_ln144_133_reg_34485                |   11|   0|   19|          8|
    |add_ln144_146_reg_34515                |   10|   0|   18|          8|
    |add_ln144_171_reg_34556                |   11|   0|   19|          8|
    |add_ln144_185_reg_34586                |   10|   0|   18|          8|
    |add_ln144_19_reg_34272                 |   11|   0|   19|          8|
    |add_ln144_209_reg_34627                |   11|   0|   19|          8|
    |add_ln144_224_reg_34657                |   10|   0|   18|          8|
    |add_ln144_247_reg_34698                |   11|   0|   19|          8|
    |add_ln144_263_reg_34728                |   10|   0|   18|          8|
    |add_ln144_285_reg_34769                |   11|   0|   19|          8|
    |add_ln144_29_reg_34302                 |   10|   0|   18|          8|
    |add_ln144_302_reg_34799                |   10|   0|   18|          8|
    |add_ln144_323_reg_34840                |   11|   0|   19|          8|
    |add_ln144_341_reg_34870                |   10|   0|   18|          8|
    |add_ln144_361_reg_34911                |   11|   0|   19|          8|
    |add_ln144_388_reg_34941                |   10|   0|   18|          8|
    |add_ln144_399_reg_34982                |   11|   0|   19|          8|
    |add_ln144_430_reg_35012                |   10|   0|   18|          8|
    |add_ln144_437_reg_35053                |   11|   0|   19|          8|
    |add_ln144_469_reg_35083                |   10|   0|   18|          8|
    |add_ln144_475_reg_35124                |   11|   0|   19|          8|
    |add_ln144_508_reg_35154                |   10|   0|   18|          8|
    |add_ln144_513_reg_35195                |   11|   0|   19|          8|
    |add_ln144_547_reg_35225                |   10|   0|   18|          8|
    |add_ln144_551_reg_35266                |   11|   0|   19|          8|
    |add_ln144_575_reg_35296                |   10|   0|   18|          8|
    |add_ln144_57_reg_34343                 |   11|   0|   19|          8|
    |add_ln144_68_reg_34373                 |   10|   0|   18|          8|
    |add_ln144_95_reg_34414                 |   11|   0|   19|          8|
    |addconv4132_reg_34282                  |   12|   0|   12|          0|
    |addconv4142_reg_34353                  |   12|   0|   12|          0|
    |addconv4152_reg_34424                  |   12|   0|   12|          0|
    |addconv4162_reg_34495                  |   12|   0|   12|          0|
    |addconv4172_reg_34566                  |   12|   0|   12|          0|
    |addconv4182_reg_34637                  |   12|   0|   12|          0|
    |addconv4192_reg_34708                  |   12|   0|   12|          0|
    |addconv4202_reg_34779                  |   12|   0|   12|          0|
    |addconv4212_reg_34850                  |   12|   0|   12|          0|
    |addconv4222_reg_34921                  |   12|   0|   12|          0|
    |addconv4232_reg_34992                  |   12|   0|   12|          0|
    |addconv4242_reg_35063                  |   12|   0|   12|          0|
    |addconv4252_reg_35134                  |   12|   0|   12|          0|
    |addconv4262_reg_35205                  |   12|   0|   12|          0|
    |addconv4272_reg_35276                  |   12|   0|   12|          0|
    |addr_cmp898_reg_35236                  |    1|   0|    1|          0|
    |addr_cmp904_reg_35165                  |    1|   0|    1|          0|
    |addr_cmp910_reg_35094                  |    1|   0|    1|          0|
    |addr_cmp916_reg_35023                  |    1|   0|    1|          0|
    |addr_cmp922_reg_34952                  |    1|   0|    1|          0|
    |addr_cmp928_reg_34881                  |    1|   0|    1|          0|
    |addr_cmp934_reg_34810                  |    1|   0|    1|          0|
    |addr_cmp940_reg_34739                  |    1|   0|    1|          0|
    |addr_cmp946_reg_34668                  |    1|   0|    1|          0|
    |addr_cmp952_reg_34597                  |    1|   0|    1|          0|
    |addr_cmp958_reg_34526                  |    1|   0|    1|          0|
    |addr_cmp964_reg_34455                  |    1|   0|    1|          0|
    |addr_cmp970_reg_34384                  |    1|   0|    1|          0|
    |addr_cmp976_reg_34313                  |    1|   0|    1|          0|
    |addr_cmp_reg_35307                     |    1|   0|    1|          0|
    |ap_CS_fsm                              |    1|   0|    1|          0|
    |ap_done_reg                            |    1|   0|    1|          0|
    |ap_enable_reg_pp0_iter1                |    1|   0|    1|          0|
    |ap_enable_reg_pp0_iter2                |    1|   0|    1|          0|
    |ap_enable_reg_pp0_iter3                |    1|   0|    1|          0|
    |ap_enable_reg_pp0_iter4                |    1|   0|    1|          0|
    |ap_loop_exit_ready_pp0_iter1_reg       |    1|   0|    1|          0|
    |ap_loop_exit_ready_pp0_iter2_reg       |    1|   0|    1|          0|
    |ap_loop_exit_ready_pp0_iter3_reg       |    1|   0|    1|          0|
    |hist_10_addr_reg_35017                 |    8|   0|    8|          0|
    |hist_11_addr_reg_35088                 |    8|   0|    8|          0|
    |hist_12_addr_reg_35159                 |    8|   0|    8|          0|
    |hist_13_addr_reg_35230                 |    8|   0|    8|          0|
    |hist_14_addr_reg_35301                 |    8|   0|    8|          0|
    |hist_1_addr_reg_34378                  |    8|   0|    8|          0|
    |hist_2_addr_reg_34449                  |    8|   0|    8|          0|
    |hist_3_addr_reg_34520                  |    8|   0|    8|          0|
    |hist_4_addr_reg_34591                  |    8|   0|    8|          0|
    |hist_5_addr_reg_34662                  |    8|   0|    8|          0|
    |hist_6_addr_reg_34733                  |    8|   0|    8|          0|
    |hist_7_addr_reg_34804                  |    8|   0|    8|          0|
    |hist_8_addr_reg_34875                  |    8|   0|    8|          0|
    |hist_9_addr_reg_34946                  |    8|   0|    8|          0|
    |hist_addr_reg_34307                    |    8|   0|    8|          0|
    |i_fu_914                               |    6|   0|    6|          0|
    |reuse_addr_reg895_fu_898               |   64|   0|   64|          0|
    |reuse_addr_reg901_fu_890               |   64|   0|   64|          0|
    |reuse_addr_reg907_fu_882               |   64|   0|   64|          0|
    |reuse_addr_reg913_fu_874               |   64|   0|   64|          0|
    |reuse_addr_reg919_fu_866               |   64|   0|   64|          0|
    |reuse_addr_reg925_fu_858               |   64|   0|   64|          0|
    |reuse_addr_reg931_fu_850               |   64|   0|   64|          0|
    |reuse_addr_reg937_fu_842               |   64|   0|   64|          0|
    |reuse_addr_reg943_fu_834               |   64|   0|   64|          0|
    |reuse_addr_reg949_fu_826               |   64|   0|   64|          0|
    |reuse_addr_reg955_fu_818               |   64|   0|   64|          0|
    |reuse_addr_reg961_fu_810               |   64|   0|   64|          0|
    |reuse_addr_reg967_fu_802               |   64|   0|   64|          0|
    |reuse_addr_reg973_fu_794               |   64|   0|   64|          0|
    |reuse_addr_reg_fu_906                  |   64|   0|   64|          0|
    |reuse_reg894_fu_902                    |   10|   0|   10|          0|
    |reuse_reg900_fu_894                    |   10|   0|   10|          0|
    |reuse_reg906_fu_886                    |   10|   0|   10|          0|
    |reuse_reg912_fu_878                    |   10|   0|   10|          0|
    |reuse_reg918_fu_870                    |   10|   0|   10|          0|
    |reuse_reg924_fu_862                    |   10|   0|   10|          0|
    |reuse_reg930_fu_854                    |   10|   0|   10|          0|
    |reuse_reg936_fu_846                    |   10|   0|   10|          0|
    |reuse_reg942_fu_838                    |   10|   0|   10|          0|
    |reuse_reg948_fu_830                    |   10|   0|   10|          0|
    |reuse_reg954_fu_822                    |   10|   0|   10|          0|
    |reuse_reg960_fu_814                    |   10|   0|   10|          0|
    |reuse_reg966_fu_806                    |   10|   0|   10|          0|
    |reuse_reg972_fu_798                    |   10|   0|   10|          0|
    |reuse_reg_fu_910                       |   10|   0|   10|          0|
    |shl_ln144_117_reg_34612                |    9|   0|   18|          9|
    |shl_ln144_118_reg_34617                |    9|   0|   18|          9|
    |shl_ln144_11_reg_34267                 |    9|   0|   18|          9|
    |shl_ln144_121_reg_34622                |    9|   0|   18|          9|
    |shl_ln144_139_reg_34683                |    9|   0|   18|          9|
    |shl_ln144_140_reg_34688                |    9|   0|   18|          9|
    |shl_ln144_143_reg_34693                |    9|   0|   18|          9|
    |shl_ln144_161_reg_34754                |    9|   0|   18|          9|
    |shl_ln144_162_reg_34759                |    9|   0|   18|          9|
    |shl_ln144_165_reg_34764                |    9|   0|   18|          9|
    |shl_ln144_183_reg_34825                |    9|   0|   18|          9|
    |shl_ln144_184_reg_34830                |    9|   0|   18|          9|
    |shl_ln144_187_reg_34835                |    9|   0|   18|          9|
    |shl_ln144_205_reg_34896                |    9|   0|   18|          9|
    |shl_ln144_206_reg_34901                |    9|   0|   18|          9|
    |shl_ln144_209_reg_34906                |    9|   0|   18|          9|
    |shl_ln144_227_reg_34967                |    9|   0|   18|          9|
    |shl_ln144_228_reg_34972                |    9|   0|   18|          9|
    |shl_ln144_231_reg_34977                |    9|   0|   18|          9|
    |shl_ln144_249_reg_35038                |    9|   0|   18|          9|
    |shl_ln144_250_reg_35043                |    9|   0|   18|          9|
    |shl_ln144_253_reg_35048                |    9|   0|   18|          9|
    |shl_ln144_271_reg_35109                |    9|   0|   18|          9|
    |shl_ln144_272_reg_35114                |    9|   0|   18|          9|
    |shl_ln144_275_reg_35119                |    9|   0|   18|          9|
    |shl_ln144_293_reg_35180                |    9|   0|   18|          9|
    |shl_ln144_294_reg_35185                |    9|   0|   18|          9|
    |shl_ln144_297_reg_35190                |    9|   0|   18|          9|
    |shl_ln144_29_reg_34328                 |    9|   0|   18|          9|
    |shl_ln144_30_reg_34333                 |    9|   0|   18|          9|
    |shl_ln144_315_reg_35251                |    9|   0|   18|          9|
    |shl_ln144_316_reg_35256                |    9|   0|   18|          9|
    |shl_ln144_319_reg_35261                |    9|   0|   18|          9|
    |shl_ln144_33_reg_34338                 |    9|   0|   18|          9|
    |shl_ln144_51_reg_34399                 |    9|   0|   18|          9|
    |shl_ln144_52_reg_34404                 |    9|   0|   18|          9|
    |shl_ln144_55_reg_34409                 |    9|   0|   18|          9|
    |shl_ln144_73_reg_34470                 |    9|   0|   18|          9|
    |shl_ln144_74_reg_34475                 |    9|   0|   18|          9|
    |shl_ln144_77_reg_34480                 |    9|   0|   18|          9|
    |shl_ln144_7_reg_34257                  |    9|   0|   18|          9|
    |shl_ln144_8_reg_34262                  |    9|   0|   18|          9|
    |shl_ln144_95_reg_34541                 |    9|   0|   18|          9|
    |shl_ln144_96_reg_34546                 |    9|   0|   18|          9|
    |shl_ln144_99_reg_34551                 |    9|   0|   18|          9|
    |sub_ln144_124_reg_34363                |   11|   0|   11|          0|
    |sub_ln144_124_reg_34363_pp0_iter2_reg  |   11|   0|   11|          0|
    |sub_ln144_145_reg_34434                |   11|   0|   11|          0|
    |sub_ln144_145_reg_34434_pp0_iter2_reg  |   11|   0|   11|          0|
    |sub_ln144_166_reg_34505                |   11|   0|   11|          0|
    |sub_ln144_166_reg_34505_pp0_iter2_reg  |   11|   0|   11|          0|
    |sub_ln144_187_reg_34576                |   11|   0|   11|          0|
    |sub_ln144_187_reg_34576_pp0_iter2_reg  |   11|   0|   11|          0|
    |sub_ln144_208_reg_34647                |   11|   0|   11|          0|
    |sub_ln144_208_reg_34647_pp0_iter2_reg  |   11|   0|   11|          0|
    |sub_ln144_229_reg_34718                |   11|   0|   11|          0|
    |sub_ln144_229_reg_34718_pp0_iter2_reg  |   11|   0|   11|          0|
    |sub_ln144_250_reg_34789                |   11|   0|   11|          0|
    |sub_ln144_250_reg_34789_pp0_iter2_reg  |   11|   0|   11|          0|
    |sub_ln144_271_reg_34860                |   11|   0|   11|          0|
    |sub_ln144_271_reg_34860_pp0_iter2_reg  |   11|   0|   11|          0|
    |sub_ln144_292_reg_34931                |   11|   0|   11|          0|
    |sub_ln144_292_reg_34931_pp0_iter2_reg  |   11|   0|   11|          0|
    |sub_ln144_313_reg_35002                |   11|   0|   11|          0|
    |sub_ln144_313_reg_35002_pp0_iter2_reg  |   11|   0|   11|          0|
    |sub_ln144_334_reg_35073                |   11|   0|   11|          0|
    |sub_ln144_334_reg_35073_pp0_iter2_reg  |   11|   0|   11|          0|
    |sub_ln144_355_reg_35144                |   11|   0|   11|          0|
    |sub_ln144_355_reg_35144_pp0_iter2_reg  |   11|   0|   11|          0|
    |sub_ln144_376_reg_35215                |   11|   0|   11|          0|
    |sub_ln144_376_reg_35215_pp0_iter2_reg  |   11|   0|   11|          0|
    |sub_ln144_397_reg_35286                |   11|   0|   11|          0|
    |sub_ln144_397_reg_35286_pp0_iter2_reg  |   11|   0|   11|          0|
    |sub_ln144_409_reg_34287                |   12|   0|   12|          0|
    |sub_ln144_417_reg_34358                |   12|   0|   12|          0|
    |sub_ln144_425_reg_34429                |   12|   0|   12|          0|
    |sub_ln144_433_reg_34500                |   12|   0|   12|          0|
    |sub_ln144_441_reg_34571                |   12|   0|   12|          0|
    |sub_ln144_449_reg_34642                |   12|   0|   12|          0|
    |sub_ln144_457_reg_34713                |   12|   0|   12|          0|
    |sub_ln144_465_reg_34784                |   12|   0|   12|          0|
    |sub_ln144_473_reg_34855                |   12|   0|   12|          0|
    |sub_ln144_481_reg_34926                |   12|   0|   12|          0|
    |sub_ln144_489_reg_34997                |   12|   0|   12|          0|
    |sub_ln144_497_reg_35068                |   12|   0|   12|          0|
    |sub_ln144_505_reg_35139                |   12|   0|   12|          0|
    |sub_ln144_513_reg_35210                |   12|   0|   12|          0|
    |sub_ln144_521_reg_35281                |   12|   0|   12|          0|
    |sub_ln144_52_reg_34292                 |   11|   0|   11|          0|
    |sub_ln144_52_reg_34292_pp0_iter2_reg   |   11|   0|   11|          0|
    |tmp2026_reg_34277                      |   13|   0|   13|          0|
    |tmp2026_reg_34277_pp0_iter2_reg        |   13|   0|   13|          0|
    |tmp2032_reg_34297                      |   13|   0|   13|          0|
    |tmp2077_reg_34348                      |   13|   0|   13|          0|
    |tmp2077_reg_34348_pp0_iter2_reg        |   13|   0|   13|          0|
    |tmp2083_reg_34368                      |   13|   0|   13|          0|
    |tmp2128_reg_34419                      |   13|   0|   13|          0|
    |tmp2128_reg_34419_pp0_iter2_reg        |   13|   0|   13|          0|
    |tmp2134_reg_34439                      |   13|   0|   13|          0|
    |tmp2179_reg_34490                      |   13|   0|   13|          0|
    |tmp2179_reg_34490_pp0_iter2_reg        |   13|   0|   13|          0|
    |tmp2185_reg_34510                      |   13|   0|   13|          0|
    |tmp2230_reg_34561                      |   13|   0|   13|          0|
    |tmp2230_reg_34561_pp0_iter2_reg        |   13|   0|   13|          0|
    |tmp2236_reg_34581                      |   13|   0|   13|          0|
    |tmp2281_reg_34632                      |   13|   0|   13|          0|
    |tmp2281_reg_34632_pp0_iter2_reg        |   13|   0|   13|          0|
    |tmp2287_reg_34652                      |   13|   0|   13|          0|
    |tmp2332_reg_34703                      |   13|   0|   13|          0|
    |tmp2332_reg_34703_pp0_iter2_reg        |   13|   0|   13|          0|
    |tmp2338_reg_34723                      |   13|   0|   13|          0|
    |tmp2383_reg_34774                      |   13|   0|   13|          0|
    |tmp2383_reg_34774_pp0_iter2_reg        |   13|   0|   13|          0|
    |tmp2389_reg_34794                      |   13|   0|   13|          0|
    |tmp2434_reg_34845                      |   13|   0|   13|          0|
    |tmp2434_reg_34845_pp0_iter2_reg        |   13|   0|   13|          0|
    |tmp2440_reg_34865                      |   13|   0|   13|          0|
    |tmp2485_reg_34916                      |   13|   0|   13|          0|
    |tmp2485_reg_34916_pp0_iter2_reg        |   13|   0|   13|          0|
    |tmp2491_reg_34936                      |   13|   0|   13|          0|
    |tmp2536_reg_34987                      |   13|   0|   13|          0|
    |tmp2536_reg_34987_pp0_iter2_reg        |   13|   0|   13|          0|
    |tmp2542_reg_35007                      |   13|   0|   13|          0|
    |tmp2587_reg_35058                      |   13|   0|   13|          0|
    |tmp2587_reg_35058_pp0_iter2_reg        |   13|   0|   13|          0|
    |tmp2593_reg_35078                      |   13|   0|   13|          0|
    |tmp2638_reg_35129                      |   13|   0|   13|          0|
    |tmp2638_reg_35129_pp0_iter2_reg        |   13|   0|   13|          0|
    |tmp2644_reg_35149                      |   13|   0|   13|          0|
    |tmp2689_reg_35200                      |   13|   0|   13|          0|
    |tmp2689_reg_35200_pp0_iter2_reg        |   13|   0|   13|          0|
    |tmp2695_reg_35220                      |   13|   0|   13|          0|
    |tmp2740_reg_35271                      |   13|   0|   13|          0|
    |tmp2740_reg_35271_pp0_iter2_reg        |   13|   0|   13|          0|
    |tmp2746_reg_35291                      |   13|   0|   13|          0|
    |zext_ln137_reg_33208                   |    6|   0|   64|         58|
    |add_ln144_107_reg_34444                |   64|  32|   18|          8|
    |add_ln144_133_reg_34485                |   64|  32|   19|          8|
    |add_ln144_146_reg_34515                |   64|  32|   18|          8|
    |add_ln144_171_reg_34556                |   64|  32|   19|          8|
    |add_ln144_185_reg_34586                |   64|  32|   18|          8|
    |add_ln144_19_reg_34272                 |   64|  32|   19|          8|
    |add_ln144_209_reg_34627                |   64|  32|   19|          8|
    |add_ln144_224_reg_34657                |   64|  32|   18|          8|
    |add_ln144_247_reg_34698                |   64|  32|   19|          8|
    |add_ln144_263_reg_34728                |   64|  32|   18|          8|
    |add_ln144_285_reg_34769                |   64|  32|   19|          8|
    |add_ln144_29_reg_34302                 |   64|  32|   18|          8|
    |add_ln144_302_reg_34799                |   64|  32|   18|          8|
    |add_ln144_323_reg_34840                |   64|  32|   19|          8|
    |add_ln144_341_reg_34870                |   64|  32|   18|          8|
    |add_ln144_361_reg_34911                |   64|  32|   19|          8|
    |add_ln144_388_reg_34941                |   64|  32|   18|          8|
    |add_ln144_399_reg_34982                |   64|  32|   19|          8|
    |add_ln144_430_reg_35012                |   64|  32|   18|          8|
    |add_ln144_437_reg_35053                |   64|  32|   19|          8|
    |add_ln144_469_reg_35083                |   64|  32|   18|          8|
    |add_ln144_475_reg_35124                |   64|  32|   19|          8|
    |add_ln144_508_reg_35154                |   64|  32|   18|          8|
    |add_ln144_513_reg_35195                |   64|  32|   19|          8|
    |add_ln144_547_reg_35225                |   64|  32|   18|          8|
    |add_ln144_551_reg_35266                |   64|  32|   19|          8|
    |add_ln144_575_reg_35296                |   64|  32|   18|          8|
    |add_ln144_57_reg_34343                 |   64|  32|   19|          8|
    |add_ln144_68_reg_34373                 |   64|  32|   18|          8|
    |add_ln144_95_reg_34414                 |   64|  32|   19|          8|
    |addconv4132_reg_34282                  |   64|  32|   12|          0|
    |addconv4142_reg_34353                  |   64|  32|   12|          0|
    |addconv4152_reg_34424                  |   64|  32|   12|          0|
    |addconv4162_reg_34495                  |   64|  32|   12|          0|
    |addconv4172_reg_34566                  |   64|  32|   12|          0|
    |addconv4182_reg_34637                  |   64|  32|   12|          0|
    |addconv4192_reg_34708                  |   64|  32|   12|          0|
    |addconv4202_reg_34779                  |   64|  32|   12|          0|
    |addconv4212_reg_34850                  |   64|  32|   12|          0|
    |addconv4222_reg_34921                  |   64|  32|   12|          0|
    |addconv4232_reg_34992                  |   64|  32|   12|          0|
    |addconv4242_reg_35063                  |   64|  32|   12|          0|
    |addconv4252_reg_35134                  |   64|  32|   12|          0|
    |addconv4262_reg_35205                  |   64|  32|   12|          0|
    |addconv4272_reg_35276                  |   64|  32|   12|          0|
    |shl_ln144_117_reg_34612                |   64|  32|   18|          9|
    |shl_ln144_118_reg_34617                |   64|  32|   18|          9|
    |shl_ln144_11_reg_34267                 |   64|  32|   18|          9|
    |shl_ln144_121_reg_34622                |   64|  32|   18|          9|
    |shl_ln144_139_reg_34683                |   64|  32|   18|          9|
    |shl_ln144_140_reg_34688                |   64|  32|   18|          9|
    |shl_ln144_143_reg_34693                |   64|  32|   18|          9|
    |shl_ln144_161_reg_34754                |   64|  32|   18|          9|
    |shl_ln144_162_reg_34759                |   64|  32|   18|          9|
    |shl_ln144_165_reg_34764                |   64|  32|   18|          9|
    |shl_ln144_183_reg_34825                |   64|  32|   18|          9|
    |shl_ln144_184_reg_34830                |   64|  32|   18|          9|
    |shl_ln144_187_reg_34835                |   64|  32|   18|          9|
    |shl_ln144_205_reg_34896                |   64|  32|   18|          9|
    |shl_ln144_206_reg_34901                |   64|  32|   18|          9|
    |shl_ln144_209_reg_34906                |   64|  32|   18|          9|
    |shl_ln144_227_reg_34967                |   64|  32|   18|          9|
    |shl_ln144_228_reg_34972                |   64|  32|   18|          9|
    |shl_ln144_231_reg_34977                |   64|  32|   18|          9|
    |shl_ln144_249_reg_35038                |   64|  32|   18|          9|
    |shl_ln144_250_reg_35043                |   64|  32|   18|          9|
    |shl_ln144_253_reg_35048                |   64|  32|   18|          9|
    |shl_ln144_271_reg_35109                |   64|  32|   18|          9|
    |shl_ln144_272_reg_35114                |   64|  32|   18|          9|
    |shl_ln144_275_reg_35119                |   64|  32|   18|          9|
    |shl_ln144_293_reg_35180                |   64|  32|   18|          9|
    |shl_ln144_294_reg_35185                |   64|  32|   18|          9|
    |shl_ln144_297_reg_35190                |   64|  32|   18|          9|
    |shl_ln144_29_reg_34328                 |   64|  32|   18|          9|
    |shl_ln144_30_reg_34333                 |   64|  32|   18|          9|
    |shl_ln144_315_reg_35251                |   64|  32|   18|          9|
    |shl_ln144_316_reg_35256                |   64|  32|   18|          9|
    |shl_ln144_319_reg_35261                |   64|  32|   18|          9|
    |shl_ln144_33_reg_34338                 |   64|  32|   18|          9|
    |shl_ln144_51_reg_34399                 |   64|  32|   18|          9|
    |shl_ln144_52_reg_34404                 |   64|  32|   18|          9|
    |shl_ln144_55_reg_34409                 |   64|  32|   18|          9|
    |shl_ln144_73_reg_34470                 |   64|  32|   18|          9|
    |shl_ln144_74_reg_34475                 |   64|  32|   18|          9|
    |shl_ln144_77_reg_34480                 |   64|  32|   18|          9|
    |shl_ln144_7_reg_34257                  |   64|  32|   18|          9|
    |shl_ln144_8_reg_34262                  |   64|  32|   18|          9|
    |shl_ln144_95_reg_34541                 |   64|  32|   18|          9|
    |shl_ln144_96_reg_34546                 |   64|  32|   18|          9|
    |shl_ln144_99_reg_34551                 |   64|  32|   18|          9|
    |sub_ln144_409_reg_34287                |   64|  32|   12|          0|
    |sub_ln144_417_reg_34358                |   64|  32|   12|          0|
    |sub_ln144_425_reg_34429                |   64|  32|   12|          0|
    |sub_ln144_433_reg_34500                |   64|  32|   12|          0|
    |sub_ln144_441_reg_34571                |   64|  32|   12|          0|
    |sub_ln144_449_reg_34642                |   64|  32|   12|          0|
    |sub_ln144_457_reg_34713                |   64|  32|   12|          0|
    |sub_ln144_465_reg_34784                |   64|  32|   12|          0|
    |sub_ln144_473_reg_34855                |   64|  32|   12|          0|
    |sub_ln144_481_reg_34926                |   64|  32|   12|          0|
    |sub_ln144_489_reg_34997                |   64|  32|   12|          0|
    |sub_ln144_497_reg_35068                |   64|  32|   12|          0|
    |sub_ln144_505_reg_35139                |   64|  32|   12|          0|
    |sub_ln144_513_reg_35210                |   64|  32|   12|          0|
    |sub_ln144_521_reg_35281                |   64|  32|   12|          0|
    |tmp2032_reg_34297                      |   64|  32|   13|          0|
    |tmp2083_reg_34368                      |   64|  32|   13|          0|
    |tmp2134_reg_34439                      |   64|  32|   13|          0|
    |tmp2185_reg_34510                      |   64|  32|   13|          0|
    |tmp2236_reg_34581                      |   64|  32|   13|          0|
    |tmp2287_reg_34652                      |   64|  32|   13|          0|
    |tmp2338_reg_34723                      |   64|  32|   13|          0|
    |tmp2389_reg_34794                      |   64|  32|   13|          0|
    |tmp2440_reg_34865                      |   64|  32|   13|          0|
    |tmp2491_reg_34936                      |   64|  32|   13|          0|
    |tmp2542_reg_35007                      |   64|  32|   13|          0|
    |tmp2593_reg_35078                      |   64|  32|   13|          0|
    |tmp2644_reg_35149                      |   64|  32|   13|          0|
    |tmp2695_reg_35220                      |   64|  32|   13|          0|
    |tmp2746_reg_35291                      |   64|  32|   13|          0|
    |zext_ln137_reg_33208                   |   64|  32|   64|         58|
    +---------------------------------------+-----+----+-----+-----------+
    |Total                                  |11005|3872| 5948|       1406|
    +---------------------------------------+-----+----+-----+-----------+



================================================================
== Interface
================================================================
* Summary: 
+--------------------+-----+-----+------------+-----------------------------+--------------+
|      RTL Ports     | Dir | Bits|  Protocol  |        Source Object        |    C Type    |
+--------------------+-----+-----+------------+-----------------------------+--------------+
|ap_clk              |   in|    1|  ap_ctrl_hs|  my_window_Pipeline_PCA_HIST|  return value|
|ap_rst              |   in|    1|  ap_ctrl_hs|  my_window_Pipeline_PCA_HIST|  return value|
|ap_start            |   in|    1|  ap_ctrl_hs|  my_window_Pipeline_PCA_HIST|  return value|
|ap_done             |  out|    1|  ap_ctrl_hs|  my_window_Pipeline_PCA_HIST|  return value|
|ap_idle             |  out|    1|  ap_ctrl_hs|  my_window_Pipeline_PCA_HIST|  return value|
|ap_ready            |  out|    1|  ap_ctrl_hs|  my_window_Pipeline_PCA_HIST|  return value|
|buck_14_address0    |  out|    6|   ap_memory|                      buck_14|         array|
|buck_14_ce0         |  out|    1|   ap_memory|                      buck_14|         array|
|buck_14_we0         |  out|    1|   ap_memory|                      buck_14|         array|
|buck_14_d0          |  out|    8|   ap_memory|                      buck_14|         array|
|buck_13_address0    |  out|    6|   ap_memory|                      buck_13|         array|
|buck_13_ce0         |  out|    1|   ap_memory|                      buck_13|         array|
|buck_13_we0         |  out|    1|   ap_memory|                      buck_13|         array|
|buck_13_d0          |  out|    8|   ap_memory|                      buck_13|         array|
|buck_12_address0    |  out|    6|   ap_memory|                      buck_12|         array|
|buck_12_ce0         |  out|    1|   ap_memory|                      buck_12|         array|
|buck_12_we0         |  out|    1|   ap_memory|                      buck_12|         array|
|buck_12_d0          |  out|    8|   ap_memory|                      buck_12|         array|
|buck_11_address0    |  out|    6|   ap_memory|                      buck_11|         array|
|buck_11_ce0         |  out|    1|   ap_memory|                      buck_11|         array|
|buck_11_we0         |  out|    1|   ap_memory|                      buck_11|         array|
|buck_11_d0          |  out|    8|   ap_memory|                      buck_11|         array|
|buck_10_address0    |  out|    6|   ap_memory|                      buck_10|         array|
|buck_10_ce0         |  out|    1|   ap_memory|                      buck_10|         array|
|buck_10_we0         |  out|    1|   ap_memory|                      buck_10|         array|
|buck_10_d0          |  out|    8|   ap_memory|                      buck_10|         array|
|buck_9_address0     |  out|    6|   ap_memory|                       buck_9|         array|
|buck_9_ce0          |  out|    1|   ap_memory|                       buck_9|         array|
|buck_9_we0          |  out|    1|   ap_memory|                       buck_9|         array|
|buck_9_d0           |  out|    8|   ap_memory|                       buck_9|         array|
|buck_8_address0     |  out|    6|   ap_memory|                       buck_8|         array|
|buck_8_ce0          |  out|    1|   ap_memory|                       buck_8|         array|
|buck_8_we0          |  out|    1|   ap_memory|                       buck_8|         array|
|buck_8_d0           |  out|    8|   ap_memory|                       buck_8|         array|
|buck_7_address0     |  out|    6|   ap_memory|                       buck_7|         array|
|buck_7_ce0          |  out|    1|   ap_memory|                       buck_7|         array|
|buck_7_we0          |  out|    1|   ap_memory|                       buck_7|         array|
|buck_7_d0           |  out|    8|   ap_memory|                       buck_7|         array|
|buck_6_address0     |  out|    6|   ap_memory|                       buck_6|         array|
|buck_6_ce0          |  out|    1|   ap_memory|                       buck_6|         array|
|buck_6_we0          |  out|    1|   ap_memory|                       buck_6|         array|
|buck_6_d0           |  out|    8|   ap_memory|                       buck_6|         array|
|buck_5_address0     |  out|    6|   ap_memory|                       buck_5|         array|
|buck_5_ce0          |  out|    1|   ap_memory|                       buck_5|         array|
|buck_5_we0          |  out|    1|   ap_memory|                       buck_5|         array|
|buck_5_d0           |  out|    8|   ap_memory|                       buck_5|         array|
|buck_4_address0     |  out|    6|   ap_memory|                       buck_4|         array|
|buck_4_ce0          |  out|    1|   ap_memory|                       buck_4|         array|
|buck_4_we0          |  out|    1|   ap_memory|                       buck_4|         array|
|buck_4_d0           |  out|    8|   ap_memory|                       buck_4|         array|
|buck_3_address0     |  out|    6|   ap_memory|                       buck_3|         array|
|buck_3_ce0          |  out|    1|   ap_memory|                       buck_3|         array|
|buck_3_we0          |  out|    1|   ap_memory|                       buck_3|         array|
|buck_3_d0           |  out|    8|   ap_memory|                       buck_3|         array|
|buck_2_address0     |  out|    6|   ap_memory|                       buck_2|         array|
|buck_2_ce0          |  out|    1|   ap_memory|                       buck_2|         array|
|buck_2_we0          |  out|    1|   ap_memory|                       buck_2|         array|
|buck_2_d0           |  out|    8|   ap_memory|                       buck_2|         array|
|buck_1_address0     |  out|    6|   ap_memory|                       buck_1|         array|
|buck_1_ce0          |  out|    1|   ap_memory|                       buck_1|         array|
|buck_1_we0          |  out|    1|   ap_memory|                       buck_1|         array|
|buck_1_d0           |  out|    8|   ap_memory|                       buck_1|         array|
|buck_address0       |  out|    6|   ap_memory|                         buck|         array|
|buck_ce0            |  out|    1|   ap_memory|                         buck|         array|
|buck_we0            |  out|    1|   ap_memory|                         buck|         array|
|buck_d0             |  out|    8|   ap_memory|                         buck|         array|
|pca8_119_address0   |  out|    6|   ap_memory|                     pca8_119|         array|
|pca8_119_ce0        |  out|    1|   ap_memory|                     pca8_119|         array|
|pca8_119_we0        |  out|    1|   ap_memory|                     pca8_119|         array|
|pca8_119_d0         |  out|   15|   ap_memory|                     pca8_119|         array|
|pca8_118_address0   |  out|    6|   ap_memory|                     pca8_118|         array|
|pca8_118_ce0        |  out|    1|   ap_memory|                     pca8_118|         array|
|pca8_118_we0        |  out|    1|   ap_memory|                     pca8_118|         array|
|pca8_118_d0         |  out|   16|   ap_memory|                     pca8_118|         array|
|pca8_117_address0   |  out|    6|   ap_memory|                     pca8_117|         array|
|pca8_117_ce0        |  out|    1|   ap_memory|                     pca8_117|         array|
|pca8_117_we0        |  out|    1|   ap_memory|                     pca8_117|         array|
|pca8_117_d0         |  out|   16|   ap_memory|                     pca8_117|         array|
|pca8_116_address0   |  out|    6|   ap_memory|                     pca8_116|         array|
|pca8_116_ce0        |  out|    1|   ap_memory|                     pca8_116|         array|
|pca8_116_we0        |  out|    1|   ap_memory|                     pca8_116|         array|
|pca8_116_d0         |  out|   16|   ap_memory|                     pca8_116|         array|
|pca8_115_address0   |  out|    6|   ap_memory|                     pca8_115|         array|
|pca8_115_ce0        |  out|    1|   ap_memory|                     pca8_115|         array|
|pca8_115_we0        |  out|    1|   ap_memory|                     pca8_115|         array|
|pca8_115_d0         |  out|   16|   ap_memory|                     pca8_115|         array|
|pca8_114_address0   |  out|    6|   ap_memory|                     pca8_114|         array|
|pca8_114_ce0        |  out|    1|   ap_memory|                     pca8_114|         array|
|pca8_114_we0        |  out|    1|   ap_memory|                     pca8_114|         array|
|pca8_114_d0         |  out|   16|   ap_memory|                     pca8_114|         array|
|pca8_113_address0   |  out|    6|   ap_memory|                     pca8_113|         array|
|pca8_113_ce0        |  out|    1|   ap_memory|                     pca8_113|         array|
|pca8_113_we0        |  out|    1|   ap_memory|                     pca8_113|         array|
|pca8_113_d0         |  out|   16|   ap_memory|                     pca8_113|         array|
|pca8_112_address0   |  out|    6|   ap_memory|                     pca8_112|         array|
|pca8_112_ce0        |  out|    1|   ap_memory|                     pca8_112|         array|
|pca8_112_we0        |  out|    1|   ap_memory|                     pca8_112|         array|
|pca8_112_d0         |  out|   16|   ap_memory|                     pca8_112|         array|
|pca8_111_address0   |  out|    6|   ap_memory|                     pca8_111|         array|
|pca8_111_ce0        |  out|    1|   ap_memory|                     pca8_111|         array|
|pca8_111_we0        |  out|    1|   ap_memory|                     pca8_111|         array|
|pca8_111_d0         |  out|   15|   ap_memory|                     pca8_111|         array|
|pca8_110_address0   |  out|    6|   ap_memory|                     pca8_110|         array|
|pca8_110_ce0        |  out|    1|   ap_memory|                     pca8_110|         array|
|pca8_110_we0        |  out|    1|   ap_memory|                     pca8_110|         array|
|pca8_110_d0         |  out|   16|   ap_memory|                     pca8_110|         array|
|pca8_109_address0   |  out|    6|   ap_memory|                     pca8_109|         array|
|pca8_109_ce0        |  out|    1|   ap_memory|                     pca8_109|         array|
|pca8_109_we0        |  out|    1|   ap_memory|                     pca8_109|         array|
|pca8_109_d0         |  out|   16|   ap_memory|                     pca8_109|         array|
|pca8_108_address0   |  out|    6|   ap_memory|                     pca8_108|         array|
|pca8_108_ce0        |  out|    1|   ap_memory|                     pca8_108|         array|
|pca8_108_we0        |  out|    1|   ap_memory|                     pca8_108|         array|
|pca8_108_d0         |  out|   16|   ap_memory|                     pca8_108|         array|
|pca8_107_address0   |  out|    6|   ap_memory|                     pca8_107|         array|
|pca8_107_ce0        |  out|    1|   ap_memory|                     pca8_107|         array|
|pca8_107_we0        |  out|    1|   ap_memory|                     pca8_107|         array|
|pca8_107_d0         |  out|   16|   ap_memory|                     pca8_107|         array|
|pca8_106_address0   |  out|    6|   ap_memory|                     pca8_106|         array|
|pca8_106_ce0        |  out|    1|   ap_memory|                     pca8_106|         array|
|pca8_106_we0        |  out|    1|   ap_memory|                     pca8_106|         array|
|pca8_106_d0         |  out|   16|   ap_memory|                     pca8_106|         array|
|pca8_105_address0   |  out|    6|   ap_memory|                     pca8_105|         array|
|pca8_105_ce0        |  out|    1|   ap_memory|                     pca8_105|         array|
|pca8_105_we0        |  out|    1|   ap_memory|                     pca8_105|         array|
|pca8_105_d0         |  out|   16|   ap_memory|                     pca8_105|         array|
|pca8_104_address0   |  out|    6|   ap_memory|                     pca8_104|         array|
|pca8_104_ce0        |  out|    1|   ap_memory|                     pca8_104|         array|
|pca8_104_we0        |  out|    1|   ap_memory|                     pca8_104|         array|
|pca8_104_d0         |  out|   16|   ap_memory|                     pca8_104|         array|
|pca8_103_address0   |  out|    6|   ap_memory|                     pca8_103|         array|
|pca8_103_ce0        |  out|    1|   ap_memory|                     pca8_103|         array|
|pca8_103_we0        |  out|    1|   ap_memory|                     pca8_103|         array|
|pca8_103_d0         |  out|   15|   ap_memory|                     pca8_103|         array|
|pca8_102_address0   |  out|    6|   ap_memory|                     pca8_102|         array|
|pca8_102_ce0        |  out|    1|   ap_memory|                     pca8_102|         array|
|pca8_102_we0        |  out|    1|   ap_memory|                     pca8_102|         array|
|pca8_102_d0         |  out|   16|   ap_memory|                     pca8_102|         array|
|pca8_101_address0   |  out|    6|   ap_memory|                     pca8_101|         array|
|pca8_101_ce0        |  out|    1|   ap_memory|                     pca8_101|         array|
|pca8_101_we0        |  out|    1|   ap_memory|                     pca8_101|         array|
|pca8_101_d0         |  out|   16|   ap_memory|                     pca8_101|         array|
|pca8_100_address0   |  out|    6|   ap_memory|                     pca8_100|         array|
|pca8_100_ce0        |  out|    1|   ap_memory|                     pca8_100|         array|
|pca8_100_we0        |  out|    1|   ap_memory|                     pca8_100|         array|
|pca8_100_d0         |  out|   16|   ap_memory|                     pca8_100|         array|
|pca8_99_address0    |  out|    6|   ap_memory|                      pca8_99|         array|
|pca8_99_ce0         |  out|    1|   ap_memory|                      pca8_99|         array|
|pca8_99_we0         |  out|    1|   ap_memory|                      pca8_99|         array|
|pca8_99_d0          |  out|   16|   ap_memory|                      pca8_99|         array|
|pca8_98_address0    |  out|    6|   ap_memory|                      pca8_98|         array|
|pca8_98_ce0         |  out|    1|   ap_memory|                      pca8_98|         array|
|pca8_98_we0         |  out|    1|   ap_memory|                      pca8_98|         array|
|pca8_98_d0          |  out|   16|   ap_memory|                      pca8_98|         array|
|pca8_97_address0    |  out|    6|   ap_memory|                      pca8_97|         array|
|pca8_97_ce0         |  out|    1|   ap_memory|                      pca8_97|         array|
|pca8_97_we0         |  out|    1|   ap_memory|                      pca8_97|         array|
|pca8_97_d0          |  out|   16|   ap_memory|                      pca8_97|         array|
|pca8_96_address0    |  out|    6|   ap_memory|                      pca8_96|         array|
|pca8_96_ce0         |  out|    1|   ap_memory|                      pca8_96|         array|
|pca8_96_we0         |  out|    1|   ap_memory|                      pca8_96|         array|
|pca8_96_d0          |  out|   16|   ap_memory|                      pca8_96|         array|
|pca8_95_address0    |  out|    6|   ap_memory|                      pca8_95|         array|
|pca8_95_ce0         |  out|    1|   ap_memory|                      pca8_95|         array|
|pca8_95_we0         |  out|    1|   ap_memory|                      pca8_95|         array|
|pca8_95_d0          |  out|   15|   ap_memory|                      pca8_95|         array|
|pca8_94_address0    |  out|    6|   ap_memory|                      pca8_94|         array|
|pca8_94_ce0         |  out|    1|   ap_memory|                      pca8_94|         array|
|pca8_94_we0         |  out|    1|   ap_memory|                      pca8_94|         array|
|pca8_94_d0          |  out|   16|   ap_memory|                      pca8_94|         array|
|pca8_93_address0    |  out|    6|   ap_memory|                      pca8_93|         array|
|pca8_93_ce0         |  out|    1|   ap_memory|                      pca8_93|         array|
|pca8_93_we0         |  out|    1|   ap_memory|                      pca8_93|         array|
|pca8_93_d0          |  out|   16|   ap_memory|                      pca8_93|         array|
|pca8_92_address0    |  out|    6|   ap_memory|                      pca8_92|         array|
|pca8_92_ce0         |  out|    1|   ap_memory|                      pca8_92|         array|
|pca8_92_we0         |  out|    1|   ap_memory|                      pca8_92|         array|
|pca8_92_d0          |  out|   16|   ap_memory|                      pca8_92|         array|
|pca8_91_address0    |  out|    6|   ap_memory|                      pca8_91|         array|
|pca8_91_ce0         |  out|    1|   ap_memory|                      pca8_91|         array|
|pca8_91_we0         |  out|    1|   ap_memory|                      pca8_91|         array|
|pca8_91_d0          |  out|   16|   ap_memory|                      pca8_91|         array|
|pca8_90_address0    |  out|    6|   ap_memory|                      pca8_90|         array|
|pca8_90_ce0         |  out|    1|   ap_memory|                      pca8_90|         array|
|pca8_90_we0         |  out|    1|   ap_memory|                      pca8_90|         array|
|pca8_90_d0          |  out|   16|   ap_memory|                      pca8_90|         array|
|pca8_89_address0    |  out|    6|   ap_memory|                      pca8_89|         array|
|pca8_89_ce0         |  out|    1|   ap_memory|                      pca8_89|         array|
|pca8_89_we0         |  out|    1|   ap_memory|                      pca8_89|         array|
|pca8_89_d0          |  out|   16|   ap_memory|                      pca8_89|         array|
|pca8_88_address0    |  out|    6|   ap_memory|                      pca8_88|         array|
|pca8_88_ce0         |  out|    1|   ap_memory|                      pca8_88|         array|
|pca8_88_we0         |  out|    1|   ap_memory|                      pca8_88|         array|
|pca8_88_d0          |  out|   16|   ap_memory|                      pca8_88|         array|
|pca8_87_address0    |  out|    6|   ap_memory|                      pca8_87|         array|
|pca8_87_ce0         |  out|    1|   ap_memory|                      pca8_87|         array|
|pca8_87_we0         |  out|    1|   ap_memory|                      pca8_87|         array|
|pca8_87_d0          |  out|   15|   ap_memory|                      pca8_87|         array|
|pca8_86_address0    |  out|    6|   ap_memory|                      pca8_86|         array|
|pca8_86_ce0         |  out|    1|   ap_memory|                      pca8_86|         array|
|pca8_86_we0         |  out|    1|   ap_memory|                      pca8_86|         array|
|pca8_86_d0          |  out|   16|   ap_memory|                      pca8_86|         array|
|pca8_85_address0    |  out|    6|   ap_memory|                      pca8_85|         array|
|pca8_85_ce0         |  out|    1|   ap_memory|                      pca8_85|         array|
|pca8_85_we0         |  out|    1|   ap_memory|                      pca8_85|         array|
|pca8_85_d0          |  out|   16|   ap_memory|                      pca8_85|         array|
|pca8_84_address0    |  out|    6|   ap_memory|                      pca8_84|         array|
|pca8_84_ce0         |  out|    1|   ap_memory|                      pca8_84|         array|
|pca8_84_we0         |  out|    1|   ap_memory|                      pca8_84|         array|
|pca8_84_d0          |  out|   16|   ap_memory|                      pca8_84|         array|
|pca8_83_address0    |  out|    6|   ap_memory|                      pca8_83|         array|
|pca8_83_ce0         |  out|    1|   ap_memory|                      pca8_83|         array|
|pca8_83_we0         |  out|    1|   ap_memory|                      pca8_83|         array|
|pca8_83_d0          |  out|   16|   ap_memory|                      pca8_83|         array|
|pca8_82_address0    |  out|    6|   ap_memory|                      pca8_82|         array|
|pca8_82_ce0         |  out|    1|   ap_memory|                      pca8_82|         array|
|pca8_82_we0         |  out|    1|   ap_memory|                      pca8_82|         array|
|pca8_82_d0          |  out|   16|   ap_memory|                      pca8_82|         array|
|pca8_81_address0    |  out|    6|   ap_memory|                      pca8_81|         array|
|pca8_81_ce0         |  out|    1|   ap_memory|                      pca8_81|         array|
|pca8_81_we0         |  out|    1|   ap_memory|                      pca8_81|         array|
|pca8_81_d0          |  out|   16|   ap_memory|                      pca8_81|         array|
|pca8_80_address0    |  out|    6|   ap_memory|                      pca8_80|         array|
|pca8_80_ce0         |  out|    1|   ap_memory|                      pca8_80|         array|
|pca8_80_we0         |  out|    1|   ap_memory|                      pca8_80|         array|
|pca8_80_d0          |  out|   16|   ap_memory|                      pca8_80|         array|
|pca8_79_address0    |  out|    6|   ap_memory|                      pca8_79|         array|
|pca8_79_ce0         |  out|    1|   ap_memory|                      pca8_79|         array|
|pca8_79_we0         |  out|    1|   ap_memory|                      pca8_79|         array|
|pca8_79_d0          |  out|   15|   ap_memory|                      pca8_79|         array|
|pca8_78_address0    |  out|    6|   ap_memory|                      pca8_78|         array|
|pca8_78_ce0         |  out|    1|   ap_memory|                      pca8_78|         array|
|pca8_78_we0         |  out|    1|   ap_memory|                      pca8_78|         array|
|pca8_78_d0          |  out|   16|   ap_memory|                      pca8_78|         array|
|pca8_77_address0    |  out|    6|   ap_memory|                      pca8_77|         array|
|pca8_77_ce0         |  out|    1|   ap_memory|                      pca8_77|         array|
|pca8_77_we0         |  out|    1|   ap_memory|                      pca8_77|         array|
|pca8_77_d0          |  out|   16|   ap_memory|                      pca8_77|         array|
|pca8_76_address0    |  out|    6|   ap_memory|                      pca8_76|         array|
|pca8_76_ce0         |  out|    1|   ap_memory|                      pca8_76|         array|
|pca8_76_we0         |  out|    1|   ap_memory|                      pca8_76|         array|
|pca8_76_d0          |  out|   16|   ap_memory|                      pca8_76|         array|
|pca8_75_address0    |  out|    6|   ap_memory|                      pca8_75|         array|
|pca8_75_ce0         |  out|    1|   ap_memory|                      pca8_75|         array|
|pca8_75_we0         |  out|    1|   ap_memory|                      pca8_75|         array|
|pca8_75_d0          |  out|   16|   ap_memory|                      pca8_75|         array|
|pca8_74_address0    |  out|    6|   ap_memory|                      pca8_74|         array|
|pca8_74_ce0         |  out|    1|   ap_memory|                      pca8_74|         array|
|pca8_74_we0         |  out|    1|   ap_memory|                      pca8_74|         array|
|pca8_74_d0          |  out|   16|   ap_memory|                      pca8_74|         array|
|pca8_73_address0    |  out|    6|   ap_memory|                      pca8_73|         array|
|pca8_73_ce0         |  out|    1|   ap_memory|                      pca8_73|         array|
|pca8_73_we0         |  out|    1|   ap_memory|                      pca8_73|         array|
|pca8_73_d0          |  out|   16|   ap_memory|                      pca8_73|         array|
|pca8_72_address0    |  out|    6|   ap_memory|                      pca8_72|         array|
|pca8_72_ce0         |  out|    1|   ap_memory|                      pca8_72|         array|
|pca8_72_we0         |  out|    1|   ap_memory|                      pca8_72|         array|
|pca8_72_d0          |  out|   16|   ap_memory|                      pca8_72|         array|
|pca8_71_address0    |  out|    6|   ap_memory|                      pca8_71|         array|
|pca8_71_ce0         |  out|    1|   ap_memory|                      pca8_71|         array|
|pca8_71_we0         |  out|    1|   ap_memory|                      pca8_71|         array|
|pca8_71_d0          |  out|   15|   ap_memory|                      pca8_71|         array|
|pca8_70_address0    |  out|    6|   ap_memory|                      pca8_70|         array|
|pca8_70_ce0         |  out|    1|   ap_memory|                      pca8_70|         array|
|pca8_70_we0         |  out|    1|   ap_memory|                      pca8_70|         array|
|pca8_70_d0          |  out|   16|   ap_memory|                      pca8_70|         array|
|pca8_69_address0    |  out|    6|   ap_memory|                      pca8_69|         array|
|pca8_69_ce0         |  out|    1|   ap_memory|                      pca8_69|         array|
|pca8_69_we0         |  out|    1|   ap_memory|                      pca8_69|         array|
|pca8_69_d0          |  out|   16|   ap_memory|                      pca8_69|         array|
|pca8_68_address0    |  out|    6|   ap_memory|                      pca8_68|         array|
|pca8_68_ce0         |  out|    1|   ap_memory|                      pca8_68|         array|
|pca8_68_we0         |  out|    1|   ap_memory|                      pca8_68|         array|
|pca8_68_d0          |  out|   16|   ap_memory|                      pca8_68|         array|
|pca8_67_address0    |  out|    6|   ap_memory|                      pca8_67|         array|
|pca8_67_ce0         |  out|    1|   ap_memory|                      pca8_67|         array|
|pca8_67_we0         |  out|    1|   ap_memory|                      pca8_67|         array|
|pca8_67_d0          |  out|   16|   ap_memory|                      pca8_67|         array|
|pca8_66_address0    |  out|    6|   ap_memory|                      pca8_66|         array|
|pca8_66_ce0         |  out|    1|   ap_memory|                      pca8_66|         array|
|pca8_66_we0         |  out|    1|   ap_memory|                      pca8_66|         array|
|pca8_66_d0          |  out|   16|   ap_memory|                      pca8_66|         array|
|pca8_65_address0    |  out|    6|   ap_memory|                      pca8_65|         array|
|pca8_65_ce0         |  out|    1|   ap_memory|                      pca8_65|         array|
|pca8_65_we0         |  out|    1|   ap_memory|                      pca8_65|         array|
|pca8_65_d0          |  out|   16|   ap_memory|                      pca8_65|         array|
|pca8_64_address0    |  out|    6|   ap_memory|                      pca8_64|         array|
|pca8_64_ce0         |  out|    1|   ap_memory|                      pca8_64|         array|
|pca8_64_we0         |  out|    1|   ap_memory|                      pca8_64|         array|
|pca8_64_d0          |  out|   16|   ap_memory|                      pca8_64|         array|
|pca8_63_address0    |  out|    6|   ap_memory|                      pca8_63|         array|
|pca8_63_ce0         |  out|    1|   ap_memory|                      pca8_63|         array|
|pca8_63_we0         |  out|    1|   ap_memory|                      pca8_63|         array|
|pca8_63_d0          |  out|   15|   ap_memory|                      pca8_63|         array|
|pca8_62_address0    |  out|    6|   ap_memory|                      pca8_62|         array|
|pca8_62_ce0         |  out|    1|   ap_memory|                      pca8_62|         array|
|pca8_62_we0         |  out|    1|   ap_memory|                      pca8_62|         array|
|pca8_62_d0          |  out|   16|   ap_memory|                      pca8_62|         array|
|pca8_61_address0    |  out|    6|   ap_memory|                      pca8_61|         array|
|pca8_61_ce0         |  out|    1|   ap_memory|                      pca8_61|         array|
|pca8_61_we0         |  out|    1|   ap_memory|                      pca8_61|         array|
|pca8_61_d0          |  out|   16|   ap_memory|                      pca8_61|         array|
|pca8_60_address0    |  out|    6|   ap_memory|                      pca8_60|         array|
|pca8_60_ce0         |  out|    1|   ap_memory|                      pca8_60|         array|
|pca8_60_we0         |  out|    1|   ap_memory|                      pca8_60|         array|
|pca8_60_d0          |  out|   16|   ap_memory|                      pca8_60|         array|
|pca8_59_address0    |  out|    6|   ap_memory|                      pca8_59|         array|
|pca8_59_ce0         |  out|    1|   ap_memory|                      pca8_59|         array|
|pca8_59_we0         |  out|    1|   ap_memory|                      pca8_59|         array|
|pca8_59_d0          |  out|   16|   ap_memory|                      pca8_59|         array|
|pca8_58_address0    |  out|    6|   ap_memory|                      pca8_58|         array|
|pca8_58_ce0         |  out|    1|   ap_memory|                      pca8_58|         array|
|pca8_58_we0         |  out|    1|   ap_memory|                      pca8_58|         array|
|pca8_58_d0          |  out|   16|   ap_memory|                      pca8_58|         array|
|pca8_57_address0    |  out|    6|   ap_memory|                      pca8_57|         array|
|pca8_57_ce0         |  out|    1|   ap_memory|                      pca8_57|         array|
|pca8_57_we0         |  out|    1|   ap_memory|                      pca8_57|         array|
|pca8_57_d0          |  out|   16|   ap_memory|                      pca8_57|         array|
|pca8_56_address0    |  out|    6|   ap_memory|                      pca8_56|         array|
|pca8_56_ce0         |  out|    1|   ap_memory|                      pca8_56|         array|
|pca8_56_we0         |  out|    1|   ap_memory|                      pca8_56|         array|
|pca8_56_d0          |  out|   16|   ap_memory|                      pca8_56|         array|
|pca8_55_address0    |  out|    6|   ap_memory|                      pca8_55|         array|
|pca8_55_ce0         |  out|    1|   ap_memory|                      pca8_55|         array|
|pca8_55_we0         |  out|    1|   ap_memory|                      pca8_55|         array|
|pca8_55_d0          |  out|   15|   ap_memory|                      pca8_55|         array|
|pca8_54_address0    |  out|    6|   ap_memory|                      pca8_54|         array|
|pca8_54_ce0         |  out|    1|   ap_memory|                      pca8_54|         array|
|pca8_54_we0         |  out|    1|   ap_memory|                      pca8_54|         array|
|pca8_54_d0          |  out|   16|   ap_memory|                      pca8_54|         array|
|pca8_53_address0    |  out|    6|   ap_memory|                      pca8_53|         array|
|pca8_53_ce0         |  out|    1|   ap_memory|                      pca8_53|         array|
|pca8_53_we0         |  out|    1|   ap_memory|                      pca8_53|         array|
|pca8_53_d0          |  out|   16|   ap_memory|                      pca8_53|         array|
|pca8_52_address0    |  out|    6|   ap_memory|                      pca8_52|         array|
|pca8_52_ce0         |  out|    1|   ap_memory|                      pca8_52|         array|
|pca8_52_we0         |  out|    1|   ap_memory|                      pca8_52|         array|
|pca8_52_d0          |  out|   16|   ap_memory|                      pca8_52|         array|
|pca8_51_address0    |  out|    6|   ap_memory|                      pca8_51|         array|
|pca8_51_ce0         |  out|    1|   ap_memory|                      pca8_51|         array|
|pca8_51_we0         |  out|    1|   ap_memory|                      pca8_51|         array|
|pca8_51_d0          |  out|   16|   ap_memory|                      pca8_51|         array|
|pca8_50_address0    |  out|    6|   ap_memory|                      pca8_50|         array|
|pca8_50_ce0         |  out|    1|   ap_memory|                      pca8_50|         array|
|pca8_50_we0         |  out|    1|   ap_memory|                      pca8_50|         array|
|pca8_50_d0          |  out|   16|   ap_memory|                      pca8_50|         array|
|pca8_49_address0    |  out|    6|   ap_memory|                      pca8_49|         array|
|pca8_49_ce0         |  out|    1|   ap_memory|                      pca8_49|         array|
|pca8_49_we0         |  out|    1|   ap_memory|                      pca8_49|         array|
|pca8_49_d0          |  out|   16|   ap_memory|                      pca8_49|         array|
|pca8_48_address0    |  out|    6|   ap_memory|                      pca8_48|         array|
|pca8_48_ce0         |  out|    1|   ap_memory|                      pca8_48|         array|
|pca8_48_we0         |  out|    1|   ap_memory|                      pca8_48|         array|
|pca8_48_d0          |  out|   16|   ap_memory|                      pca8_48|         array|
|pca8_47_address0    |  out|    6|   ap_memory|                      pca8_47|         array|
|pca8_47_ce0         |  out|    1|   ap_memory|                      pca8_47|         array|
|pca8_47_we0         |  out|    1|   ap_memory|                      pca8_47|         array|
|pca8_47_d0          |  out|   15|   ap_memory|                      pca8_47|         array|
|pca8_46_address0    |  out|    6|   ap_memory|                      pca8_46|         array|
|pca8_46_ce0         |  out|    1|   ap_memory|                      pca8_46|         array|
|pca8_46_we0         |  out|    1|   ap_memory|                      pca8_46|         array|
|pca8_46_d0          |  out|   16|   ap_memory|                      pca8_46|         array|
|pca8_45_address0    |  out|    6|   ap_memory|                      pca8_45|         array|
|pca8_45_ce0         |  out|    1|   ap_memory|                      pca8_45|         array|
|pca8_45_we0         |  out|    1|   ap_memory|                      pca8_45|         array|
|pca8_45_d0          |  out|   16|   ap_memory|                      pca8_45|         array|
|pca8_44_address0    |  out|    6|   ap_memory|                      pca8_44|         array|
|pca8_44_ce0         |  out|    1|   ap_memory|                      pca8_44|         array|
|pca8_44_we0         |  out|    1|   ap_memory|                      pca8_44|         array|
|pca8_44_d0          |  out|   16|   ap_memory|                      pca8_44|         array|
|pca8_43_address0    |  out|    6|   ap_memory|                      pca8_43|         array|
|pca8_43_ce0         |  out|    1|   ap_memory|                      pca8_43|         array|
|pca8_43_we0         |  out|    1|   ap_memory|                      pca8_43|         array|
|pca8_43_d0          |  out|   16|   ap_memory|                      pca8_43|         array|
|pca8_42_address0    |  out|    6|   ap_memory|                      pca8_42|         array|
|pca8_42_ce0         |  out|    1|   ap_memory|                      pca8_42|         array|
|pca8_42_we0         |  out|    1|   ap_memory|                      pca8_42|         array|
|pca8_42_d0          |  out|   16|   ap_memory|                      pca8_42|         array|
|pca8_41_address0    |  out|    6|   ap_memory|                      pca8_41|         array|
|pca8_41_ce0         |  out|    1|   ap_memory|                      pca8_41|         array|
|pca8_41_we0         |  out|    1|   ap_memory|                      pca8_41|         array|
|pca8_41_d0          |  out|   16|   ap_memory|                      pca8_41|         array|
|pca8_40_address0    |  out|    6|   ap_memory|                      pca8_40|         array|
|pca8_40_ce0         |  out|    1|   ap_memory|                      pca8_40|         array|
|pca8_40_we0         |  out|    1|   ap_memory|                      pca8_40|         array|
|pca8_40_d0          |  out|   16|   ap_memory|                      pca8_40|         array|
|pca8_39_address0    |  out|    6|   ap_memory|                      pca8_39|         array|
|pca8_39_ce0         |  out|    1|   ap_memory|                      pca8_39|         array|
|pca8_39_we0         |  out|    1|   ap_memory|                      pca8_39|         array|
|pca8_39_d0          |  out|   15|   ap_memory|                      pca8_39|         array|
|pca8_38_address0    |  out|    6|   ap_memory|                      pca8_38|         array|
|pca8_38_ce0         |  out|    1|   ap_memory|                      pca8_38|         array|
|pca8_38_we0         |  out|    1|   ap_memory|                      pca8_38|         array|
|pca8_38_d0          |  out|   16|   ap_memory|                      pca8_38|         array|
|pca8_37_address0    |  out|    6|   ap_memory|                      pca8_37|         array|
|pca8_37_ce0         |  out|    1|   ap_memory|                      pca8_37|         array|
|pca8_37_we0         |  out|    1|   ap_memory|                      pca8_37|         array|
|pca8_37_d0          |  out|   16|   ap_memory|                      pca8_37|         array|
|pca8_36_address0    |  out|    6|   ap_memory|                      pca8_36|         array|
|pca8_36_ce0         |  out|    1|   ap_memory|                      pca8_36|         array|
|pca8_36_we0         |  out|    1|   ap_memory|                      pca8_36|         array|
|pca8_36_d0          |  out|   16|   ap_memory|                      pca8_36|         array|
|pca8_35_address0    |  out|    6|   ap_memory|                      pca8_35|         array|
|pca8_35_ce0         |  out|    1|   ap_memory|                      pca8_35|         array|
|pca8_35_we0         |  out|    1|   ap_memory|                      pca8_35|         array|
|pca8_35_d0          |  out|   16|   ap_memory|                      pca8_35|         array|
|pca8_34_address0    |  out|    6|   ap_memory|                      pca8_34|         array|
|pca8_34_ce0         |  out|    1|   ap_memory|                      pca8_34|         array|
|pca8_34_we0         |  out|    1|   ap_memory|                      pca8_34|         array|
|pca8_34_d0          |  out|   16|   ap_memory|                      pca8_34|         array|
|pca8_33_address0    |  out|    6|   ap_memory|                      pca8_33|         array|
|pca8_33_ce0         |  out|    1|   ap_memory|                      pca8_33|         array|
|pca8_33_we0         |  out|    1|   ap_memory|                      pca8_33|         array|
|pca8_33_d0          |  out|   16|   ap_memory|                      pca8_33|         array|
|pca8_32_address0    |  out|    6|   ap_memory|                      pca8_32|         array|
|pca8_32_ce0         |  out|    1|   ap_memory|                      pca8_32|         array|
|pca8_32_we0         |  out|    1|   ap_memory|                      pca8_32|         array|
|pca8_32_d0          |  out|   16|   ap_memory|                      pca8_32|         array|
|pca8_31_address0    |  out|    6|   ap_memory|                      pca8_31|         array|
|pca8_31_ce0         |  out|    1|   ap_memory|                      pca8_31|         array|
|pca8_31_we0         |  out|    1|   ap_memory|                      pca8_31|         array|
|pca8_31_d0          |  out|   15|   ap_memory|                      pca8_31|         array|
|pca8_30_address0    |  out|    6|   ap_memory|                      pca8_30|         array|
|pca8_30_ce0         |  out|    1|   ap_memory|                      pca8_30|         array|
|pca8_30_we0         |  out|    1|   ap_memory|                      pca8_30|         array|
|pca8_30_d0          |  out|   16|   ap_memory|                      pca8_30|         array|
|pca8_29_address0    |  out|    6|   ap_memory|                      pca8_29|         array|
|pca8_29_ce0         |  out|    1|   ap_memory|                      pca8_29|         array|
|pca8_29_we0         |  out|    1|   ap_memory|                      pca8_29|         array|
|pca8_29_d0          |  out|   16|   ap_memory|                      pca8_29|         array|
|pca8_28_address0    |  out|    6|   ap_memory|                      pca8_28|         array|
|pca8_28_ce0         |  out|    1|   ap_memory|                      pca8_28|         array|
|pca8_28_we0         |  out|    1|   ap_memory|                      pca8_28|         array|
|pca8_28_d0          |  out|   16|   ap_memory|                      pca8_28|         array|
|pca8_27_address0    |  out|    6|   ap_memory|                      pca8_27|         array|
|pca8_27_ce0         |  out|    1|   ap_memory|                      pca8_27|         array|
|pca8_27_we0         |  out|    1|   ap_memory|                      pca8_27|         array|
|pca8_27_d0          |  out|   16|   ap_memory|                      pca8_27|         array|
|pca8_26_address0    |  out|    6|   ap_memory|                      pca8_26|         array|
|pca8_26_ce0         |  out|    1|   ap_memory|                      pca8_26|         array|
|pca8_26_we0         |  out|    1|   ap_memory|                      pca8_26|         array|
|pca8_26_d0          |  out|   16|   ap_memory|                      pca8_26|         array|
|pca8_25_address0    |  out|    6|   ap_memory|                      pca8_25|         array|
|pca8_25_ce0         |  out|    1|   ap_memory|                      pca8_25|         array|
|pca8_25_we0         |  out|    1|   ap_memory|                      pca8_25|         array|
|pca8_25_d0          |  out|   16|   ap_memory|                      pca8_25|         array|
|pca8_24_address0    |  out|    6|   ap_memory|                      pca8_24|         array|
|pca8_24_ce0         |  out|    1|   ap_memory|                      pca8_24|         array|
|pca8_24_we0         |  out|    1|   ap_memory|                      pca8_24|         array|
|pca8_24_d0          |  out|   16|   ap_memory|                      pca8_24|         array|
|pca8_23_address0    |  out|    6|   ap_memory|                      pca8_23|         array|
|pca8_23_ce0         |  out|    1|   ap_memory|                      pca8_23|         array|
|pca8_23_we0         |  out|    1|   ap_memory|                      pca8_23|         array|
|pca8_23_d0          |  out|   15|   ap_memory|                      pca8_23|         array|
|pca8_22_address0    |  out|    6|   ap_memory|                      pca8_22|         array|
|pca8_22_ce0         |  out|    1|   ap_memory|                      pca8_22|         array|
|pca8_22_we0         |  out|    1|   ap_memory|                      pca8_22|         array|
|pca8_22_d0          |  out|   16|   ap_memory|                      pca8_22|         array|
|pca8_21_address0    |  out|    6|   ap_memory|                      pca8_21|         array|
|pca8_21_ce0         |  out|    1|   ap_memory|                      pca8_21|         array|
|pca8_21_we0         |  out|    1|   ap_memory|                      pca8_21|         array|
|pca8_21_d0          |  out|   16|   ap_memory|                      pca8_21|         array|
|pca8_20_address0    |  out|    6|   ap_memory|                      pca8_20|         array|
|pca8_20_ce0         |  out|    1|   ap_memory|                      pca8_20|         array|
|pca8_20_we0         |  out|    1|   ap_memory|                      pca8_20|         array|
|pca8_20_d0          |  out|   16|   ap_memory|                      pca8_20|         array|
|pca8_19_address0    |  out|    6|   ap_memory|                      pca8_19|         array|
|pca8_19_ce0         |  out|    1|   ap_memory|                      pca8_19|         array|
|pca8_19_we0         |  out|    1|   ap_memory|                      pca8_19|         array|
|pca8_19_d0          |  out|   16|   ap_memory|                      pca8_19|         array|
|pca8_18_address0    |  out|    6|   ap_memory|                      pca8_18|         array|
|pca8_18_ce0         |  out|    1|   ap_memory|                      pca8_18|         array|
|pca8_18_we0         |  out|    1|   ap_memory|                      pca8_18|         array|
|pca8_18_d0          |  out|   16|   ap_memory|                      pca8_18|         array|
|pca8_17_address0    |  out|    6|   ap_memory|                      pca8_17|         array|
|pca8_17_ce0         |  out|    1|   ap_memory|                      pca8_17|         array|
|pca8_17_we0         |  out|    1|   ap_memory|                      pca8_17|         array|
|pca8_17_d0          |  out|   16|   ap_memory|                      pca8_17|         array|
|pca8_16_address0    |  out|    6|   ap_memory|                      pca8_16|         array|
|pca8_16_ce0         |  out|    1|   ap_memory|                      pca8_16|         array|
|pca8_16_we0         |  out|    1|   ap_memory|                      pca8_16|         array|
|pca8_16_d0          |  out|   16|   ap_memory|                      pca8_16|         array|
|pca8_15_address0    |  out|    6|   ap_memory|                      pca8_15|         array|
|pca8_15_ce0         |  out|    1|   ap_memory|                      pca8_15|         array|
|pca8_15_we0         |  out|    1|   ap_memory|                      pca8_15|         array|
|pca8_15_d0          |  out|   15|   ap_memory|                      pca8_15|         array|
|pca8_14_address0    |  out|    6|   ap_memory|                      pca8_14|         array|
|pca8_14_ce0         |  out|    1|   ap_memory|                      pca8_14|         array|
|pca8_14_we0         |  out|    1|   ap_memory|                      pca8_14|         array|
|pca8_14_d0          |  out|   16|   ap_memory|                      pca8_14|         array|
|pca8_13_address0    |  out|    6|   ap_memory|                      pca8_13|         array|
|pca8_13_ce0         |  out|    1|   ap_memory|                      pca8_13|         array|
|pca8_13_we0         |  out|    1|   ap_memory|                      pca8_13|         array|
|pca8_13_d0          |  out|   16|   ap_memory|                      pca8_13|         array|
|pca8_12_address0    |  out|    6|   ap_memory|                      pca8_12|         array|
|pca8_12_ce0         |  out|    1|   ap_memory|                      pca8_12|         array|
|pca8_12_we0         |  out|    1|   ap_memory|                      pca8_12|         array|
|pca8_12_d0          |  out|   16|   ap_memory|                      pca8_12|         array|
|pca8_11_address0    |  out|    6|   ap_memory|                      pca8_11|         array|
|pca8_11_ce0         |  out|    1|   ap_memory|                      pca8_11|         array|
|pca8_11_we0         |  out|    1|   ap_memory|                      pca8_11|         array|
|pca8_11_d0          |  out|   16|   ap_memory|                      pca8_11|         array|
|pca8_10_address0    |  out|    6|   ap_memory|                      pca8_10|         array|
|pca8_10_ce0         |  out|    1|   ap_memory|                      pca8_10|         array|
|pca8_10_we0         |  out|    1|   ap_memory|                      pca8_10|         array|
|pca8_10_d0          |  out|   16|   ap_memory|                      pca8_10|         array|
|pca8_9_address0     |  out|    6|   ap_memory|                       pca8_9|         array|
|pca8_9_ce0          |  out|    1|   ap_memory|                       pca8_9|         array|
|pca8_9_we0          |  out|    1|   ap_memory|                       pca8_9|         array|
|pca8_9_d0           |  out|   16|   ap_memory|                       pca8_9|         array|
|pca8_8_address0     |  out|    6|   ap_memory|                       pca8_8|         array|
|pca8_8_ce0          |  out|    1|   ap_memory|                       pca8_8|         array|
|pca8_8_we0          |  out|    1|   ap_memory|                       pca8_8|         array|
|pca8_8_d0           |  out|   16|   ap_memory|                       pca8_8|         array|
|pca8_7_address0     |  out|    6|   ap_memory|                       pca8_7|         array|
|pca8_7_ce0          |  out|    1|   ap_memory|                       pca8_7|         array|
|pca8_7_we0          |  out|    1|   ap_memory|                       pca8_7|         array|
|pca8_7_d0           |  out|   15|   ap_memory|                       pca8_7|         array|
|pca8_6_address0     |  out|    6|   ap_memory|                       pca8_6|         array|
|pca8_6_ce0          |  out|    1|   ap_memory|                       pca8_6|         array|
|pca8_6_we0          |  out|    1|   ap_memory|                       pca8_6|         array|
|pca8_6_d0           |  out|   16|   ap_memory|                       pca8_6|         array|
|pca8_5_address0     |  out|    6|   ap_memory|                       pca8_5|         array|
|pca8_5_ce0          |  out|    1|   ap_memory|                       pca8_5|         array|
|pca8_5_we0          |  out|    1|   ap_memory|                       pca8_5|         array|
|pca8_5_d0           |  out|   16|   ap_memory|                       pca8_5|         array|
|pca8_4_address0     |  out|    6|   ap_memory|                       pca8_4|         array|
|pca8_4_ce0          |  out|    1|   ap_memory|                       pca8_4|         array|
|pca8_4_we0          |  out|    1|   ap_memory|                       pca8_4|         array|
|pca8_4_d0           |  out|   16|   ap_memory|                       pca8_4|         array|
|pca8_3_address0     |  out|    6|   ap_memory|                       pca8_3|         array|
|pca8_3_ce0          |  out|    1|   ap_memory|                       pca8_3|         array|
|pca8_3_we0          |  out|    1|   ap_memory|                       pca8_3|         array|
|pca8_3_d0           |  out|   16|   ap_memory|                       pca8_3|         array|
|pca8_2_address0     |  out|    6|   ap_memory|                       pca8_2|         array|
|pca8_2_ce0          |  out|    1|   ap_memory|                       pca8_2|         array|
|pca8_2_we0          |  out|    1|   ap_memory|                       pca8_2|         array|
|pca8_2_d0           |  out|   16|   ap_memory|                       pca8_2|         array|
|pca8_1_address0     |  out|    6|   ap_memory|                       pca8_1|         array|
|pca8_1_ce0          |  out|    1|   ap_memory|                       pca8_1|         array|
|pca8_1_we0          |  out|    1|   ap_memory|                       pca8_1|         array|
|pca8_1_d0           |  out|   16|   ap_memory|                       pca8_1|         array|
|pca8_address0       |  out|    6|   ap_memory|                         pca8|         array|
|pca8_ce0            |  out|    1|   ap_memory|                         pca8|         array|
|pca8_we0            |  out|    1|   ap_memory|                         pca8|         array|
|pca8_d0             |  out|   16|   ap_memory|                         pca8|         array|
|emb_0_0_address0    |  out|    6|   ap_memory|                      emb_0_0|         array|
|emb_0_0_ce0         |  out|    1|   ap_memory|                      emb_0_0|         array|
|emb_0_0_q0          |   in|    8|   ap_memory|                      emb_0_0|         array|
|emb_0_1_address0    |  out|    6|   ap_memory|                      emb_0_1|         array|
|emb_0_1_ce0         |  out|    1|   ap_memory|                      emb_0_1|         array|
|emb_0_1_q0          |   in|    8|   ap_memory|                      emb_0_1|         array|
|emb_0_2_address0    |  out|    6|   ap_memory|                      emb_0_2|         array|
|emb_0_2_ce0         |  out|    1|   ap_memory|                      emb_0_2|         array|
|emb_0_2_q0          |   in|    8|   ap_memory|                      emb_0_2|         array|
|emb_0_5_address0    |  out|    6|   ap_memory|                      emb_0_5|         array|
|emb_0_5_ce0         |  out|    1|   ap_memory|                      emb_0_5|         array|
|emb_0_5_q0          |   in|    8|   ap_memory|                      emb_0_5|         array|
|emb_0_7_address0    |  out|    6|   ap_memory|                      emb_0_7|         array|
|emb_0_7_ce0         |  out|    1|   ap_memory|                      emb_0_7|         array|
|emb_0_7_q0          |   in|    8|   ap_memory|                      emb_0_7|         array|
|emb_0_8_address0    |  out|    6|   ap_memory|                      emb_0_8|         array|
|emb_0_8_ce0         |  out|    1|   ap_memory|                      emb_0_8|         array|
|emb_0_8_q0          |   in|    8|   ap_memory|                      emb_0_8|         array|
|emb_0_10_address0   |  out|    6|   ap_memory|                     emb_0_10|         array|
|emb_0_10_ce0        |  out|    1|   ap_memory|                     emb_0_10|         array|
|emb_0_10_q0         |   in|    8|   ap_memory|                     emb_0_10|         array|
|emb_0_11_address0   |  out|    6|   ap_memory|                     emb_0_11|         array|
|emb_0_11_ce0        |  out|    1|   ap_memory|                     emb_0_11|         array|
|emb_0_11_q0         |   in|    8|   ap_memory|                     emb_0_11|         array|
|emb_0_3_address0    |  out|    6|   ap_memory|                      emb_0_3|         array|
|emb_0_3_ce0         |  out|    1|   ap_memory|                      emb_0_3|         array|
|emb_0_3_q0          |   in|    8|   ap_memory|                      emb_0_3|         array|
|emb_0_4_address0    |  out|    6|   ap_memory|                      emb_0_4|         array|
|emb_0_4_ce0         |  out|    1|   ap_memory|                      emb_0_4|         array|
|emb_0_4_q0          |   in|    8|   ap_memory|                      emb_0_4|         array|
|emb_0_6_address0    |  out|    6|   ap_memory|                      emb_0_6|         array|
|emb_0_6_ce0         |  out|    1|   ap_memory|                      emb_0_6|         array|
|emb_0_6_q0          |   in|    8|   ap_memory|                      emb_0_6|         array|
|emb_0_9_address0    |  out|    6|   ap_memory|                      emb_0_9|         array|
|emb_0_9_ce0         |  out|    1|   ap_memory|                      emb_0_9|         array|
|emb_0_9_q0          |   in|    8|   ap_memory|                      emb_0_9|         array|
|hist_address0       |  out|    8|   ap_memory|                         hist|         array|
|hist_ce0            |  out|    1|   ap_memory|                         hist|         array|
|hist_we0            |  out|    1|   ap_memory|                         hist|         array|
|hist_d0             |  out|   10|   ap_memory|                         hist|         array|
|hist_address1       |  out|    8|   ap_memory|                         hist|         array|
|hist_ce1            |  out|    1|   ap_memory|                         hist|         array|
|hist_q1             |   in|   10|   ap_memory|                         hist|         array|
|emb_1_0_address0    |  out|    6|   ap_memory|                      emb_1_0|         array|
|emb_1_0_ce0         |  out|    1|   ap_memory|                      emb_1_0|         array|
|emb_1_0_q0          |   in|    8|   ap_memory|                      emb_1_0|         array|
|emb_1_1_address0    |  out|    6|   ap_memory|                      emb_1_1|         array|
|emb_1_1_ce0         |  out|    1|   ap_memory|                      emb_1_1|         array|
|emb_1_1_q0          |   in|    8|   ap_memory|                      emb_1_1|         array|
|emb_1_2_address0    |  out|    6|   ap_memory|                      emb_1_2|         array|
|emb_1_2_ce0         |  out|    1|   ap_memory|                      emb_1_2|         array|
|emb_1_2_q0          |   in|    8|   ap_memory|                      emb_1_2|         array|
|emb_1_5_address0    |  out|    6|   ap_memory|                      emb_1_5|         array|
|emb_1_5_ce0         |  out|    1|   ap_memory|                      emb_1_5|         array|
|emb_1_5_q0          |   in|    8|   ap_memory|                      emb_1_5|         array|
|emb_1_7_address0    |  out|    6|   ap_memory|                      emb_1_7|         array|
|emb_1_7_ce0         |  out|    1|   ap_memory|                      emb_1_7|         array|
|emb_1_7_q0          |   in|    8|   ap_memory|                      emb_1_7|         array|
|emb_1_8_address0    |  out|    6|   ap_memory|                      emb_1_8|         array|
|emb_1_8_ce0         |  out|    1|   ap_memory|                      emb_1_8|         array|
|emb_1_8_q0          |   in|    8|   ap_memory|                      emb_1_8|         array|
|emb_1_10_address0   |  out|    6|   ap_memory|                     emb_1_10|         array|
|emb_1_10_ce0        |  out|    1|   ap_memory|                     emb_1_10|         array|
|emb_1_10_q0         |   in|    8|   ap_memory|                     emb_1_10|         array|
|emb_1_11_address0   |  out|    6|   ap_memory|                     emb_1_11|         array|
|emb_1_11_ce0        |  out|    1|   ap_memory|                     emb_1_11|         array|
|emb_1_11_q0         |   in|    8|   ap_memory|                     emb_1_11|         array|
|emb_1_3_address0    |  out|    6|   ap_memory|                      emb_1_3|         array|
|emb_1_3_ce0         |  out|    1|   ap_memory|                      emb_1_3|         array|
|emb_1_3_q0          |   in|    8|   ap_memory|                      emb_1_3|         array|
|emb_1_4_address0    |  out|    6|   ap_memory|                      emb_1_4|         array|
|emb_1_4_ce0         |  out|    1|   ap_memory|                      emb_1_4|         array|
|emb_1_4_q0          |   in|    8|   ap_memory|                      emb_1_4|         array|
|emb_1_6_address0    |  out|    6|   ap_memory|                      emb_1_6|         array|
|emb_1_6_ce0         |  out|    1|   ap_memory|                      emb_1_6|         array|
|emb_1_6_q0          |   in|    8|   ap_memory|                      emb_1_6|         array|
|emb_1_9_address0    |  out|    6|   ap_memory|                      emb_1_9|         array|
|emb_1_9_ce0         |  out|    1|   ap_memory|                      emb_1_9|         array|
|emb_1_9_q0          |   in|    8|   ap_memory|                      emb_1_9|         array|
|hist_1_address0     |  out|    8|   ap_memory|                       hist_1|         array|
|hist_1_ce0          |  out|    1|   ap_memory|                       hist_1|         array|
|hist_1_we0          |  out|    1|   ap_memory|                       hist_1|         array|
|hist_1_d0           |  out|   10|   ap_memory|                       hist_1|         array|
|hist_1_address1     |  out|    8|   ap_memory|                       hist_1|         array|
|hist_1_ce1          |  out|    1|   ap_memory|                       hist_1|         array|
|hist_1_q1           |   in|   10|   ap_memory|                       hist_1|         array|
|emb_2_0_address0    |  out|    6|   ap_memory|                      emb_2_0|         array|
|emb_2_0_ce0         |  out|    1|   ap_memory|                      emb_2_0|         array|
|emb_2_0_q0          |   in|    8|   ap_memory|                      emb_2_0|         array|
|emb_2_1_address0    |  out|    6|   ap_memory|                      emb_2_1|         array|
|emb_2_1_ce0         |  out|    1|   ap_memory|                      emb_2_1|         array|
|emb_2_1_q0          |   in|    8|   ap_memory|                      emb_2_1|         array|
|emb_2_2_address0    |  out|    6|   ap_memory|                      emb_2_2|         array|
|emb_2_2_ce0         |  out|    1|   ap_memory|                      emb_2_2|         array|
|emb_2_2_q0          |   in|    8|   ap_memory|                      emb_2_2|         array|
|emb_2_5_address0    |  out|    6|   ap_memory|                      emb_2_5|         array|
|emb_2_5_ce0         |  out|    1|   ap_memory|                      emb_2_5|         array|
|emb_2_5_q0          |   in|    8|   ap_memory|                      emb_2_5|         array|
|emb_2_7_address0    |  out|    6|   ap_memory|                      emb_2_7|         array|
|emb_2_7_ce0         |  out|    1|   ap_memory|                      emb_2_7|         array|
|emb_2_7_q0          |   in|    8|   ap_memory|                      emb_2_7|         array|
|emb_2_8_address0    |  out|    6|   ap_memory|                      emb_2_8|         array|
|emb_2_8_ce0         |  out|    1|   ap_memory|                      emb_2_8|         array|
|emb_2_8_q0          |   in|    8|   ap_memory|                      emb_2_8|         array|
|emb_2_10_address0   |  out|    6|   ap_memory|                     emb_2_10|         array|
|emb_2_10_ce0        |  out|    1|   ap_memory|                     emb_2_10|         array|
|emb_2_10_q0         |   in|    8|   ap_memory|                     emb_2_10|         array|
|emb_2_11_address0   |  out|    6|   ap_memory|                     emb_2_11|         array|
|emb_2_11_ce0        |  out|    1|   ap_memory|                     emb_2_11|         array|
|emb_2_11_q0         |   in|    8|   ap_memory|                     emb_2_11|         array|
|emb_2_3_address0    |  out|    6|   ap_memory|                      emb_2_3|         array|
|emb_2_3_ce0         |  out|    1|   ap_memory|                      emb_2_3|         array|
|emb_2_3_q0          |   in|    8|   ap_memory|                      emb_2_3|         array|
|emb_2_4_address0    |  out|    6|   ap_memory|                      emb_2_4|         array|
|emb_2_4_ce0         |  out|    1|   ap_memory|                      emb_2_4|         array|
|emb_2_4_q0          |   in|    8|   ap_memory|                      emb_2_4|         array|
|emb_2_6_address0    |  out|    6|   ap_memory|                      emb_2_6|         array|
|emb_2_6_ce0         |  out|    1|   ap_memory|                      emb_2_6|         array|
|emb_2_6_q0          |   in|    8|   ap_memory|                      emb_2_6|         array|
|emb_2_9_address0    |  out|    6|   ap_memory|                      emb_2_9|         array|
|emb_2_9_ce0         |  out|    1|   ap_memory|                      emb_2_9|         array|
|emb_2_9_q0          |   in|    8|   ap_memory|                      emb_2_9|         array|
|hist_2_address0     |  out|    8|   ap_memory|                       hist_2|         array|
|hist_2_ce0          |  out|    1|   ap_memory|                       hist_2|         array|
|hist_2_we0          |  out|    1|   ap_memory|                       hist_2|         array|
|hist_2_d0           |  out|   10|   ap_memory|                       hist_2|         array|
|hist_2_address1     |  out|    8|   ap_memory|                       hist_2|         array|
|hist_2_ce1          |  out|    1|   ap_memory|                       hist_2|         array|
|hist_2_q1           |   in|   10|   ap_memory|                       hist_2|         array|
|emb_3_0_address0    |  out|    6|   ap_memory|                      emb_3_0|         array|
|emb_3_0_ce0         |  out|    1|   ap_memory|                      emb_3_0|         array|
|emb_3_0_q0          |   in|    8|   ap_memory|                      emb_3_0|         array|
|emb_3_1_address0    |  out|    6|   ap_memory|                      emb_3_1|         array|
|emb_3_1_ce0         |  out|    1|   ap_memory|                      emb_3_1|         array|
|emb_3_1_q0          |   in|    8|   ap_memory|                      emb_3_1|         array|
|emb_3_2_address0    |  out|    6|   ap_memory|                      emb_3_2|         array|
|emb_3_2_ce0         |  out|    1|   ap_memory|                      emb_3_2|         array|
|emb_3_2_q0          |   in|    8|   ap_memory|                      emb_3_2|         array|
|emb_3_5_address0    |  out|    6|   ap_memory|                      emb_3_5|         array|
|emb_3_5_ce0         |  out|    1|   ap_memory|                      emb_3_5|         array|
|emb_3_5_q0          |   in|    8|   ap_memory|                      emb_3_5|         array|
|emb_3_7_address0    |  out|    6|   ap_memory|                      emb_3_7|         array|
|emb_3_7_ce0         |  out|    1|   ap_memory|                      emb_3_7|         array|
|emb_3_7_q0          |   in|    8|   ap_memory|                      emb_3_7|         array|
|emb_3_8_address0    |  out|    6|   ap_memory|                      emb_3_8|         array|
|emb_3_8_ce0         |  out|    1|   ap_memory|                      emb_3_8|         array|
|emb_3_8_q0          |   in|    8|   ap_memory|                      emb_3_8|         array|
|emb_3_10_address0   |  out|    6|   ap_memory|                     emb_3_10|         array|
|emb_3_10_ce0        |  out|    1|   ap_memory|                     emb_3_10|         array|
|emb_3_10_q0         |   in|    8|   ap_memory|                     emb_3_10|         array|
|emb_3_11_address0   |  out|    6|   ap_memory|                     emb_3_11|         array|
|emb_3_11_ce0        |  out|    1|   ap_memory|                     emb_3_11|         array|
|emb_3_11_q0         |   in|    8|   ap_memory|                     emb_3_11|         array|
|emb_3_3_address0    |  out|    6|   ap_memory|                      emb_3_3|         array|
|emb_3_3_ce0         |  out|    1|   ap_memory|                      emb_3_3|         array|
|emb_3_3_q0          |   in|    8|   ap_memory|                      emb_3_3|         array|
|emb_3_4_address0    |  out|    6|   ap_memory|                      emb_3_4|         array|
|emb_3_4_ce0         |  out|    1|   ap_memory|                      emb_3_4|         array|
|emb_3_4_q0          |   in|    8|   ap_memory|                      emb_3_4|         array|
|emb_3_6_address0    |  out|    6|   ap_memory|                      emb_3_6|         array|
|emb_3_6_ce0         |  out|    1|   ap_memory|                      emb_3_6|         array|
|emb_3_6_q0          |   in|    8|   ap_memory|                      emb_3_6|         array|
|emb_3_9_address0    |  out|    6|   ap_memory|                      emb_3_9|         array|
|emb_3_9_ce0         |  out|    1|   ap_memory|                      emb_3_9|         array|
|emb_3_9_q0          |   in|    8|   ap_memory|                      emb_3_9|         array|
|hist_3_address0     |  out|    8|   ap_memory|                       hist_3|         array|
|hist_3_ce0          |  out|    1|   ap_memory|                       hist_3|         array|
|hist_3_we0          |  out|    1|   ap_memory|                       hist_3|         array|
|hist_3_d0           |  out|   10|   ap_memory|                       hist_3|         array|
|hist_3_address1     |  out|    8|   ap_memory|                       hist_3|         array|
|hist_3_ce1          |  out|    1|   ap_memory|                       hist_3|         array|
|hist_3_q1           |   in|   10|   ap_memory|                       hist_3|         array|
|emb_4_0_address0    |  out|    6|   ap_memory|                      emb_4_0|         array|
|emb_4_0_ce0         |  out|    1|   ap_memory|                      emb_4_0|         array|
|emb_4_0_q0          |   in|    8|   ap_memory|                      emb_4_0|         array|
|emb_4_1_address0    |  out|    6|   ap_memory|                      emb_4_1|         array|
|emb_4_1_ce0         |  out|    1|   ap_memory|                      emb_4_1|         array|
|emb_4_1_q0          |   in|    8|   ap_memory|                      emb_4_1|         array|
|emb_4_2_address0    |  out|    6|   ap_memory|                      emb_4_2|         array|
|emb_4_2_ce0         |  out|    1|   ap_memory|                      emb_4_2|         array|
|emb_4_2_q0          |   in|    8|   ap_memory|                      emb_4_2|         array|
|emb_4_5_address0    |  out|    6|   ap_memory|                      emb_4_5|         array|
|emb_4_5_ce0         |  out|    1|   ap_memory|                      emb_4_5|         array|
|emb_4_5_q0          |   in|    8|   ap_memory|                      emb_4_5|         array|
|emb_4_7_address0    |  out|    6|   ap_memory|                      emb_4_7|         array|
|emb_4_7_ce0         |  out|    1|   ap_memory|                      emb_4_7|         array|
|emb_4_7_q0          |   in|    8|   ap_memory|                      emb_4_7|         array|
|emb_4_8_address0    |  out|    6|   ap_memory|                      emb_4_8|         array|
|emb_4_8_ce0         |  out|    1|   ap_memory|                      emb_4_8|         array|
|emb_4_8_q0          |   in|    8|   ap_memory|                      emb_4_8|         array|
|emb_4_10_address0   |  out|    6|   ap_memory|                     emb_4_10|         array|
|emb_4_10_ce0        |  out|    1|   ap_memory|                     emb_4_10|         array|
|emb_4_10_q0         |   in|    8|   ap_memory|                     emb_4_10|         array|
|emb_4_11_address0   |  out|    6|   ap_memory|                     emb_4_11|         array|
|emb_4_11_ce0        |  out|    1|   ap_memory|                     emb_4_11|         array|
|emb_4_11_q0         |   in|    8|   ap_memory|                     emb_4_11|         array|
|emb_4_3_address0    |  out|    6|   ap_memory|                      emb_4_3|         array|
|emb_4_3_ce0         |  out|    1|   ap_memory|                      emb_4_3|         array|
|emb_4_3_q0          |   in|    8|   ap_memory|                      emb_4_3|         array|
|emb_4_4_address0    |  out|    6|   ap_memory|                      emb_4_4|         array|
|emb_4_4_ce0         |  out|    1|   ap_memory|                      emb_4_4|         array|
|emb_4_4_q0          |   in|    8|   ap_memory|                      emb_4_4|         array|
|emb_4_6_address0    |  out|    6|   ap_memory|                      emb_4_6|         array|
|emb_4_6_ce0         |  out|    1|   ap_memory|                      emb_4_6|         array|
|emb_4_6_q0          |   in|    8|   ap_memory|                      emb_4_6|         array|
|emb_4_9_address0    |  out|    6|   ap_memory|                      emb_4_9|         array|
|emb_4_9_ce0         |  out|    1|   ap_memory|                      emb_4_9|         array|
|emb_4_9_q0          |   in|    8|   ap_memory|                      emb_4_9|         array|
|hist_4_address0     |  out|    8|   ap_memory|                       hist_4|         array|
|hist_4_ce0          |  out|    1|   ap_memory|                       hist_4|         array|
|hist_4_we0          |  out|    1|   ap_memory|                       hist_4|         array|
|hist_4_d0           |  out|   10|   ap_memory|                       hist_4|         array|
|hist_4_address1     |  out|    8|   ap_memory|                       hist_4|         array|
|hist_4_ce1          |  out|    1|   ap_memory|                       hist_4|         array|
|hist_4_q1           |   in|   10|   ap_memory|                       hist_4|         array|
|emb_5_0_address0    |  out|    6|   ap_memory|                      emb_5_0|         array|
|emb_5_0_ce0         |  out|    1|   ap_memory|                      emb_5_0|         array|
|emb_5_0_q0          |   in|    8|   ap_memory|                      emb_5_0|         array|
|emb_5_1_address0    |  out|    6|   ap_memory|                      emb_5_1|         array|
|emb_5_1_ce0         |  out|    1|   ap_memory|                      emb_5_1|         array|
|emb_5_1_q0          |   in|    8|   ap_memory|                      emb_5_1|         array|
|emb_5_2_address0    |  out|    6|   ap_memory|                      emb_5_2|         array|
|emb_5_2_ce0         |  out|    1|   ap_memory|                      emb_5_2|         array|
|emb_5_2_q0          |   in|    8|   ap_memory|                      emb_5_2|         array|
|emb_5_5_address0    |  out|    6|   ap_memory|                      emb_5_5|         array|
|emb_5_5_ce0         |  out|    1|   ap_memory|                      emb_5_5|         array|
|emb_5_5_q0          |   in|    8|   ap_memory|                      emb_5_5|         array|
|emb_5_7_address0    |  out|    6|   ap_memory|                      emb_5_7|         array|
|emb_5_7_ce0         |  out|    1|   ap_memory|                      emb_5_7|         array|
|emb_5_7_q0          |   in|    8|   ap_memory|                      emb_5_7|         array|
|emb_5_8_address0    |  out|    6|   ap_memory|                      emb_5_8|         array|
|emb_5_8_ce0         |  out|    1|   ap_memory|                      emb_5_8|         array|
|emb_5_8_q0          |   in|    8|   ap_memory|                      emb_5_8|         array|
|emb_5_10_address0   |  out|    6|   ap_memory|                     emb_5_10|         array|
|emb_5_10_ce0        |  out|    1|   ap_memory|                     emb_5_10|         array|
|emb_5_10_q0         |   in|    8|   ap_memory|                     emb_5_10|         array|
|emb_5_11_address0   |  out|    6|   ap_memory|                     emb_5_11|         array|
|emb_5_11_ce0        |  out|    1|   ap_memory|                     emb_5_11|         array|
|emb_5_11_q0         |   in|    8|   ap_memory|                     emb_5_11|         array|
|emb_5_3_address0    |  out|    6|   ap_memory|                      emb_5_3|         array|
|emb_5_3_ce0         |  out|    1|   ap_memory|                      emb_5_3|         array|
|emb_5_3_q0          |   in|    8|   ap_memory|                      emb_5_3|         array|
|emb_5_4_address0    |  out|    6|   ap_memory|                      emb_5_4|         array|
|emb_5_4_ce0         |  out|    1|   ap_memory|                      emb_5_4|         array|
|emb_5_4_q0          |   in|    8|   ap_memory|                      emb_5_4|         array|
|emb_5_6_address0    |  out|    6|   ap_memory|                      emb_5_6|         array|
|emb_5_6_ce0         |  out|    1|   ap_memory|                      emb_5_6|         array|
|emb_5_6_q0          |   in|    8|   ap_memory|                      emb_5_6|         array|
|emb_5_9_address0    |  out|    6|   ap_memory|                      emb_5_9|         array|
|emb_5_9_ce0         |  out|    1|   ap_memory|                      emb_5_9|         array|
|emb_5_9_q0          |   in|    8|   ap_memory|                      emb_5_9|         array|
|hist_5_address0     |  out|    8|   ap_memory|                       hist_5|         array|
|hist_5_ce0          |  out|    1|   ap_memory|                       hist_5|         array|
|hist_5_we0          |  out|    1|   ap_memory|                       hist_5|         array|
|hist_5_d0           |  out|   10|   ap_memory|                       hist_5|         array|
|hist_5_address1     |  out|    8|   ap_memory|                       hist_5|         array|
|hist_5_ce1          |  out|    1|   ap_memory|                       hist_5|         array|
|hist_5_q1           |   in|   10|   ap_memory|                       hist_5|         array|
|emb_6_0_address0    |  out|    6|   ap_memory|                      emb_6_0|         array|
|emb_6_0_ce0         |  out|    1|   ap_memory|                      emb_6_0|         array|
|emb_6_0_q0          |   in|    8|   ap_memory|                      emb_6_0|         array|
|emb_6_1_address0    |  out|    6|   ap_memory|                      emb_6_1|         array|
|emb_6_1_ce0         |  out|    1|   ap_memory|                      emb_6_1|         array|
|emb_6_1_q0          |   in|    8|   ap_memory|                      emb_6_1|         array|
|emb_6_2_address0    |  out|    6|   ap_memory|                      emb_6_2|         array|
|emb_6_2_ce0         |  out|    1|   ap_memory|                      emb_6_2|         array|
|emb_6_2_q0          |   in|    8|   ap_memory|                      emb_6_2|         array|
|emb_6_5_address0    |  out|    6|   ap_memory|                      emb_6_5|         array|
|emb_6_5_ce0         |  out|    1|   ap_memory|                      emb_6_5|         array|
|emb_6_5_q0          |   in|    8|   ap_memory|                      emb_6_5|         array|
|emb_6_7_address0    |  out|    6|   ap_memory|                      emb_6_7|         array|
|emb_6_7_ce0         |  out|    1|   ap_memory|                      emb_6_7|         array|
|emb_6_7_q0          |   in|    8|   ap_memory|                      emb_6_7|         array|
|emb_6_8_address0    |  out|    6|   ap_memory|                      emb_6_8|         array|
|emb_6_8_ce0         |  out|    1|   ap_memory|                      emb_6_8|         array|
|emb_6_8_q0          |   in|    8|   ap_memory|                      emb_6_8|         array|
|emb_6_10_address0   |  out|    6|   ap_memory|                     emb_6_10|         array|
|emb_6_10_ce0        |  out|    1|   ap_memory|                     emb_6_10|         array|
|emb_6_10_q0         |   in|    8|   ap_memory|                     emb_6_10|         array|
|emb_6_11_address0   |  out|    6|   ap_memory|                     emb_6_11|         array|
|emb_6_11_ce0        |  out|    1|   ap_memory|                     emb_6_11|         array|
|emb_6_11_q0         |   in|    8|   ap_memory|                     emb_6_11|         array|
|emb_6_3_address0    |  out|    6|   ap_memory|                      emb_6_3|         array|
|emb_6_3_ce0         |  out|    1|   ap_memory|                      emb_6_3|         array|
|emb_6_3_q0          |   in|    8|   ap_memory|                      emb_6_3|         array|
|emb_6_4_address0    |  out|    6|   ap_memory|                      emb_6_4|         array|
|emb_6_4_ce0         |  out|    1|   ap_memory|                      emb_6_4|         array|
|emb_6_4_q0          |   in|    8|   ap_memory|                      emb_6_4|         array|
|emb_6_6_address0    |  out|    6|   ap_memory|                      emb_6_6|         array|
|emb_6_6_ce0         |  out|    1|   ap_memory|                      emb_6_6|         array|
|emb_6_6_q0          |   in|    8|   ap_memory|                      emb_6_6|         array|
|emb_6_9_address0    |  out|    6|   ap_memory|                      emb_6_9|         array|
|emb_6_9_ce0         |  out|    1|   ap_memory|                      emb_6_9|         array|
|emb_6_9_q0          |   in|    8|   ap_memory|                      emb_6_9|         array|
|hist_6_address0     |  out|    8|   ap_memory|                       hist_6|         array|
|hist_6_ce0          |  out|    1|   ap_memory|                       hist_6|         array|
|hist_6_we0          |  out|    1|   ap_memory|                       hist_6|         array|
|hist_6_d0           |  out|   10|   ap_memory|                       hist_6|         array|
|hist_6_address1     |  out|    8|   ap_memory|                       hist_6|         array|
|hist_6_ce1          |  out|    1|   ap_memory|                       hist_6|         array|
|hist_6_q1           |   in|   10|   ap_memory|                       hist_6|         array|
|emb_7_0_address0    |  out|    6|   ap_memory|                      emb_7_0|         array|
|emb_7_0_ce0         |  out|    1|   ap_memory|                      emb_7_0|         array|
|emb_7_0_q0          |   in|    8|   ap_memory|                      emb_7_0|         array|
|emb_7_1_address0    |  out|    6|   ap_memory|                      emb_7_1|         array|
|emb_7_1_ce0         |  out|    1|   ap_memory|                      emb_7_1|         array|
|emb_7_1_q0          |   in|    8|   ap_memory|                      emb_7_1|         array|
|emb_7_2_address0    |  out|    6|   ap_memory|                      emb_7_2|         array|
|emb_7_2_ce0         |  out|    1|   ap_memory|                      emb_7_2|         array|
|emb_7_2_q0          |   in|    8|   ap_memory|                      emb_7_2|         array|
|emb_7_5_address0    |  out|    6|   ap_memory|                      emb_7_5|         array|
|emb_7_5_ce0         |  out|    1|   ap_memory|                      emb_7_5|         array|
|emb_7_5_q0          |   in|    8|   ap_memory|                      emb_7_5|         array|
|emb_7_7_address0    |  out|    6|   ap_memory|                      emb_7_7|         array|
|emb_7_7_ce0         |  out|    1|   ap_memory|                      emb_7_7|         array|
|emb_7_7_q0          |   in|    8|   ap_memory|                      emb_7_7|         array|
|emb_7_8_address0    |  out|    6|   ap_memory|                      emb_7_8|         array|
|emb_7_8_ce0         |  out|    1|   ap_memory|                      emb_7_8|         array|
|emb_7_8_q0          |   in|    8|   ap_memory|                      emb_7_8|         array|
|emb_7_10_address0   |  out|    6|   ap_memory|                     emb_7_10|         array|
|emb_7_10_ce0        |  out|    1|   ap_memory|                     emb_7_10|         array|
|emb_7_10_q0         |   in|    8|   ap_memory|                     emb_7_10|         array|
|emb_7_11_address0   |  out|    6|   ap_memory|                     emb_7_11|         array|
|emb_7_11_ce0        |  out|    1|   ap_memory|                     emb_7_11|         array|
|emb_7_11_q0         |   in|    8|   ap_memory|                     emb_7_11|         array|
|emb_7_3_address0    |  out|    6|   ap_memory|                      emb_7_3|         array|
|emb_7_3_ce0         |  out|    1|   ap_memory|                      emb_7_3|         array|
|emb_7_3_q0          |   in|    8|   ap_memory|                      emb_7_3|         array|
|emb_7_4_address0    |  out|    6|   ap_memory|                      emb_7_4|         array|
|emb_7_4_ce0         |  out|    1|   ap_memory|                      emb_7_4|         array|
|emb_7_4_q0          |   in|    8|   ap_memory|                      emb_7_4|         array|
|emb_7_6_address0    |  out|    6|   ap_memory|                      emb_7_6|         array|
|emb_7_6_ce0         |  out|    1|   ap_memory|                      emb_7_6|         array|
|emb_7_6_q0          |   in|    8|   ap_memory|                      emb_7_6|         array|
|emb_7_9_address0    |  out|    6|   ap_memory|                      emb_7_9|         array|
|emb_7_9_ce0         |  out|    1|   ap_memory|                      emb_7_9|         array|
|emb_7_9_q0          |   in|    8|   ap_memory|                      emb_7_9|         array|
|hist_7_address0     |  out|    8|   ap_memory|                       hist_7|         array|
|hist_7_ce0          |  out|    1|   ap_memory|                       hist_7|         array|
|hist_7_we0          |  out|    1|   ap_memory|                       hist_7|         array|
|hist_7_d0           |  out|   10|   ap_memory|                       hist_7|         array|
|hist_7_address1     |  out|    8|   ap_memory|                       hist_7|         array|
|hist_7_ce1          |  out|    1|   ap_memory|                       hist_7|         array|
|hist_7_q1           |   in|   10|   ap_memory|                       hist_7|         array|
|emb_8_0_address0    |  out|    6|   ap_memory|                      emb_8_0|         array|
|emb_8_0_ce0         |  out|    1|   ap_memory|                      emb_8_0|         array|
|emb_8_0_q0          |   in|    8|   ap_memory|                      emb_8_0|         array|
|emb_8_1_address0    |  out|    6|   ap_memory|                      emb_8_1|         array|
|emb_8_1_ce0         |  out|    1|   ap_memory|                      emb_8_1|         array|
|emb_8_1_q0          |   in|    8|   ap_memory|                      emb_8_1|         array|
|emb_8_2_address0    |  out|    6|   ap_memory|                      emb_8_2|         array|
|emb_8_2_ce0         |  out|    1|   ap_memory|                      emb_8_2|         array|
|emb_8_2_q0          |   in|    8|   ap_memory|                      emb_8_2|         array|
|emb_8_5_address0    |  out|    6|   ap_memory|                      emb_8_5|         array|
|emb_8_5_ce0         |  out|    1|   ap_memory|                      emb_8_5|         array|
|emb_8_5_q0          |   in|    8|   ap_memory|                      emb_8_5|         array|
|emb_8_7_address0    |  out|    6|   ap_memory|                      emb_8_7|         array|
|emb_8_7_ce0         |  out|    1|   ap_memory|                      emb_8_7|         array|
|emb_8_7_q0          |   in|    8|   ap_memory|                      emb_8_7|         array|
|emb_8_8_address0    |  out|    6|   ap_memory|                      emb_8_8|         array|
|emb_8_8_ce0         |  out|    1|   ap_memory|                      emb_8_8|         array|
|emb_8_8_q0          |   in|    8|   ap_memory|                      emb_8_8|         array|
|emb_8_10_address0   |  out|    6|   ap_memory|                     emb_8_10|         array|
|emb_8_10_ce0        |  out|    1|   ap_memory|                     emb_8_10|         array|
|emb_8_10_q0         |   in|    8|   ap_memory|                     emb_8_10|         array|
|emb_8_11_address0   |  out|    6|   ap_memory|                     emb_8_11|         array|
|emb_8_11_ce0        |  out|    1|   ap_memory|                     emb_8_11|         array|
|emb_8_11_q0         |   in|    8|   ap_memory|                     emb_8_11|         array|
|emb_8_3_address0    |  out|    6|   ap_memory|                      emb_8_3|         array|
|emb_8_3_ce0         |  out|    1|   ap_memory|                      emb_8_3|         array|
|emb_8_3_q0          |   in|    8|   ap_memory|                      emb_8_3|         array|
|emb_8_4_address0    |  out|    6|   ap_memory|                      emb_8_4|         array|
|emb_8_4_ce0         |  out|    1|   ap_memory|                      emb_8_4|         array|
|emb_8_4_q0          |   in|    8|   ap_memory|                      emb_8_4|         array|
|emb_8_6_address0    |  out|    6|   ap_memory|                      emb_8_6|         array|
|emb_8_6_ce0         |  out|    1|   ap_memory|                      emb_8_6|         array|
|emb_8_6_q0          |   in|    8|   ap_memory|                      emb_8_6|         array|
|emb_8_9_address0    |  out|    6|   ap_memory|                      emb_8_9|         array|
|emb_8_9_ce0         |  out|    1|   ap_memory|                      emb_8_9|         array|
|emb_8_9_q0          |   in|    8|   ap_memory|                      emb_8_9|         array|
|hist_8_address0     |  out|    8|   ap_memory|                       hist_8|         array|
|hist_8_ce0          |  out|    1|   ap_memory|                       hist_8|         array|
|hist_8_we0          |  out|    1|   ap_memory|                       hist_8|         array|
|hist_8_d0           |  out|   10|   ap_memory|                       hist_8|         array|
|hist_8_address1     |  out|    8|   ap_memory|                       hist_8|         array|
|hist_8_ce1          |  out|    1|   ap_memory|                       hist_8|         array|
|hist_8_q1           |   in|   10|   ap_memory|                       hist_8|         array|
|emb_9_0_address0    |  out|    6|   ap_memory|                      emb_9_0|         array|
|emb_9_0_ce0         |  out|    1|   ap_memory|                      emb_9_0|         array|
|emb_9_0_q0          |   in|    8|   ap_memory|                      emb_9_0|         array|
|emb_9_1_address0    |  out|    6|   ap_memory|                      emb_9_1|         array|
|emb_9_1_ce0         |  out|    1|   ap_memory|                      emb_9_1|         array|
|emb_9_1_q0          |   in|    8|   ap_memory|                      emb_9_1|         array|
|emb_9_2_address0    |  out|    6|   ap_memory|                      emb_9_2|         array|
|emb_9_2_ce0         |  out|    1|   ap_memory|                      emb_9_2|         array|
|emb_9_2_q0          |   in|    8|   ap_memory|                      emb_9_2|         array|
|emb_9_5_address0    |  out|    6|   ap_memory|                      emb_9_5|         array|
|emb_9_5_ce0         |  out|    1|   ap_memory|                      emb_9_5|         array|
|emb_9_5_q0          |   in|    8|   ap_memory|                      emb_9_5|         array|
|emb_9_7_address0    |  out|    6|   ap_memory|                      emb_9_7|         array|
|emb_9_7_ce0         |  out|    1|   ap_memory|                      emb_9_7|         array|
|emb_9_7_q0          |   in|    8|   ap_memory|                      emb_9_7|         array|
|emb_9_8_address0    |  out|    6|   ap_memory|                      emb_9_8|         array|
|emb_9_8_ce0         |  out|    1|   ap_memory|                      emb_9_8|         array|
|emb_9_8_q0          |   in|    8|   ap_memory|                      emb_9_8|         array|
|emb_9_10_address0   |  out|    6|   ap_memory|                     emb_9_10|         array|
|emb_9_10_ce0        |  out|    1|   ap_memory|                     emb_9_10|         array|
|emb_9_10_q0         |   in|    8|   ap_memory|                     emb_9_10|         array|
|emb_9_11_address0   |  out|    6|   ap_memory|                     emb_9_11|         array|
|emb_9_11_ce0        |  out|    1|   ap_memory|                     emb_9_11|         array|
|emb_9_11_q0         |   in|    8|   ap_memory|                     emb_9_11|         array|
|emb_9_3_address0    |  out|    6|   ap_memory|                      emb_9_3|         array|
|emb_9_3_ce0         |  out|    1|   ap_memory|                      emb_9_3|         array|
|emb_9_3_q0          |   in|    8|   ap_memory|                      emb_9_3|         array|
|emb_9_4_address0    |  out|    6|   ap_memory|                      emb_9_4|         array|
|emb_9_4_ce0         |  out|    1|   ap_memory|                      emb_9_4|         array|
|emb_9_4_q0          |   in|    8|   ap_memory|                      emb_9_4|         array|
|emb_9_6_address0    |  out|    6|   ap_memory|                      emb_9_6|         array|
|emb_9_6_ce0         |  out|    1|   ap_memory|                      emb_9_6|         array|
|emb_9_6_q0          |   in|    8|   ap_memory|                      emb_9_6|         array|
|emb_9_9_address0    |  out|    6|   ap_memory|                      emb_9_9|         array|
|emb_9_9_ce0         |  out|    1|   ap_memory|                      emb_9_9|         array|
|emb_9_9_q0          |   in|    8|   ap_memory|                      emb_9_9|         array|
|hist_9_address0     |  out|    8|   ap_memory|                       hist_9|         array|
|hist_9_ce0          |  out|    1|   ap_memory|                       hist_9|         array|
|hist_9_we0          |  out|    1|   ap_memory|                       hist_9|         array|
|hist_9_d0           |  out|   10|   ap_memory|                       hist_9|         array|
|hist_9_address1     |  out|    8|   ap_memory|                       hist_9|         array|
|hist_9_ce1          |  out|    1|   ap_memory|                       hist_9|         array|
|hist_9_q1           |   in|   10|   ap_memory|                       hist_9|         array|
|emb_10_0_address0   |  out|    6|   ap_memory|                     emb_10_0|         array|
|emb_10_0_ce0        |  out|    1|   ap_memory|                     emb_10_0|         array|
|emb_10_0_q0         |   in|    8|   ap_memory|                     emb_10_0|         array|
|emb_10_1_address0   |  out|    6|   ap_memory|                     emb_10_1|         array|
|emb_10_1_ce0        |  out|    1|   ap_memory|                     emb_10_1|         array|
|emb_10_1_q0         |   in|    8|   ap_memory|                     emb_10_1|         array|
|emb_10_2_address0   |  out|    6|   ap_memory|                     emb_10_2|         array|
|emb_10_2_ce0        |  out|    1|   ap_memory|                     emb_10_2|         array|
|emb_10_2_q0         |   in|    8|   ap_memory|                     emb_10_2|         array|
|emb_10_5_address0   |  out|    6|   ap_memory|                     emb_10_5|         array|
|emb_10_5_ce0        |  out|    1|   ap_memory|                     emb_10_5|         array|
|emb_10_5_q0         |   in|    8|   ap_memory|                     emb_10_5|         array|
|emb_10_7_address0   |  out|    6|   ap_memory|                     emb_10_7|         array|
|emb_10_7_ce0        |  out|    1|   ap_memory|                     emb_10_7|         array|
|emb_10_7_q0         |   in|    8|   ap_memory|                     emb_10_7|         array|
|emb_10_8_address0   |  out|    6|   ap_memory|                     emb_10_8|         array|
|emb_10_8_ce0        |  out|    1|   ap_memory|                     emb_10_8|         array|
|emb_10_8_q0         |   in|    8|   ap_memory|                     emb_10_8|         array|
|emb_10_10_address0  |  out|    6|   ap_memory|                    emb_10_10|         array|
|emb_10_10_ce0       |  out|    1|   ap_memory|                    emb_10_10|         array|
|emb_10_10_q0        |   in|    8|   ap_memory|                    emb_10_10|         array|
|emb_10_11_address0  |  out|    6|   ap_memory|                    emb_10_11|         array|
|emb_10_11_ce0       |  out|    1|   ap_memory|                    emb_10_11|         array|
|emb_10_11_q0        |   in|    8|   ap_memory|                    emb_10_11|         array|
|emb_10_3_address0   |  out|    6|   ap_memory|                     emb_10_3|         array|
|emb_10_3_ce0        |  out|    1|   ap_memory|                     emb_10_3|         array|
|emb_10_3_q0         |   in|    8|   ap_memory|                     emb_10_3|         array|
|emb_10_4_address0   |  out|    6|   ap_memory|                     emb_10_4|         array|
|emb_10_4_ce0        |  out|    1|   ap_memory|                     emb_10_4|         array|
|emb_10_4_q0         |   in|    8|   ap_memory|                     emb_10_4|         array|
|emb_10_6_address0   |  out|    6|   ap_memory|                     emb_10_6|         array|
|emb_10_6_ce0        |  out|    1|   ap_memory|                     emb_10_6|         array|
|emb_10_6_q0         |   in|    8|   ap_memory|                     emb_10_6|         array|
|emb_10_9_address0   |  out|    6|   ap_memory|                     emb_10_9|         array|
|emb_10_9_ce0        |  out|    1|   ap_memory|                     emb_10_9|         array|
|emb_10_9_q0         |   in|    8|   ap_memory|                     emb_10_9|         array|
|hist_10_address0    |  out|    8|   ap_memory|                      hist_10|         array|
|hist_10_ce0         |  out|    1|   ap_memory|                      hist_10|         array|
|hist_10_we0         |  out|    1|   ap_memory|                      hist_10|         array|
|hist_10_d0          |  out|   10|   ap_memory|                      hist_10|         array|
|hist_10_address1    |  out|    8|   ap_memory|                      hist_10|         array|
|hist_10_ce1         |  out|    1|   ap_memory|                      hist_10|         array|
|hist_10_q1          |   in|   10|   ap_memory|                      hist_10|         array|
|emb_11_0_address0   |  out|    6|   ap_memory|                     emb_11_0|         array|
|emb_11_0_ce0        |  out|    1|   ap_memory|                     emb_11_0|         array|
|emb_11_0_q0         |   in|    8|   ap_memory|                     emb_11_0|         array|
|emb_11_1_address0   |  out|    6|   ap_memory|                     emb_11_1|         array|
|emb_11_1_ce0        |  out|    1|   ap_memory|                     emb_11_1|         array|
|emb_11_1_q0         |   in|    8|   ap_memory|                     emb_11_1|         array|
|emb_11_2_address0   |  out|    6|   ap_memory|                     emb_11_2|         array|
|emb_11_2_ce0        |  out|    1|   ap_memory|                     emb_11_2|         array|
|emb_11_2_q0         |   in|    8|   ap_memory|                     emb_11_2|         array|
|emb_11_5_address0   |  out|    6|   ap_memory|                     emb_11_5|         array|
|emb_11_5_ce0        |  out|    1|   ap_memory|                     emb_11_5|         array|
|emb_11_5_q0         |   in|    8|   ap_memory|                     emb_11_5|         array|
|emb_11_7_address0   |  out|    6|   ap_memory|                     emb_11_7|         array|
|emb_11_7_ce0        |  out|    1|   ap_memory|                     emb_11_7|         array|
|emb_11_7_q0         |   in|    8|   ap_memory|                     emb_11_7|         array|
|emb_11_8_address0   |  out|    6|   ap_memory|                     emb_11_8|         array|
|emb_11_8_ce0        |  out|    1|   ap_memory|                     emb_11_8|         array|
|emb_11_8_q0         |   in|    8|   ap_memory|                     emb_11_8|         array|
|emb_11_10_address0  |  out|    6|   ap_memory|                    emb_11_10|         array|
|emb_11_10_ce0       |  out|    1|   ap_memory|                    emb_11_10|         array|
|emb_11_10_q0        |   in|    8|   ap_memory|                    emb_11_10|         array|
|emb_11_11_address0  |  out|    6|   ap_memory|                    emb_11_11|         array|
|emb_11_11_ce0       |  out|    1|   ap_memory|                    emb_11_11|         array|
|emb_11_11_q0        |   in|    8|   ap_memory|                    emb_11_11|         array|
|emb_11_3_address0   |  out|    6|   ap_memory|                     emb_11_3|         array|
|emb_11_3_ce0        |  out|    1|   ap_memory|                     emb_11_3|         array|
|emb_11_3_q0         |   in|    8|   ap_memory|                     emb_11_3|         array|
|emb_11_4_address0   |  out|    6|   ap_memory|                     emb_11_4|         array|
|emb_11_4_ce0        |  out|    1|   ap_memory|                     emb_11_4|         array|
|emb_11_4_q0         |   in|    8|   ap_memory|                     emb_11_4|         array|
|emb_11_6_address0   |  out|    6|   ap_memory|                     emb_11_6|         array|
|emb_11_6_ce0        |  out|    1|   ap_memory|                     emb_11_6|         array|
|emb_11_6_q0         |   in|    8|   ap_memory|                     emb_11_6|         array|
|emb_11_9_address0   |  out|    6|   ap_memory|                     emb_11_9|         array|
|emb_11_9_ce0        |  out|    1|   ap_memory|                     emb_11_9|         array|
|emb_11_9_q0         |   in|    8|   ap_memory|                     emb_11_9|         array|
|hist_11_address0    |  out|    8|   ap_memory|                      hist_11|         array|
|hist_11_ce0         |  out|    1|   ap_memory|                      hist_11|         array|
|hist_11_we0         |  out|    1|   ap_memory|                      hist_11|         array|
|hist_11_d0          |  out|   10|   ap_memory|                      hist_11|         array|
|hist_11_address1    |  out|    8|   ap_memory|                      hist_11|         array|
|hist_11_ce1         |  out|    1|   ap_memory|                      hist_11|         array|
|hist_11_q1          |   in|   10|   ap_memory|                      hist_11|         array|
|emb_12_0_address0   |  out|    6|   ap_memory|                     emb_12_0|         array|
|emb_12_0_ce0        |  out|    1|   ap_memory|                     emb_12_0|         array|
|emb_12_0_q0         |   in|    8|   ap_memory|                     emb_12_0|         array|
|emb_12_1_address0   |  out|    6|   ap_memory|                     emb_12_1|         array|
|emb_12_1_ce0        |  out|    1|   ap_memory|                     emb_12_1|         array|
|emb_12_1_q0         |   in|    8|   ap_memory|                     emb_12_1|         array|
|emb_12_2_address0   |  out|    6|   ap_memory|                     emb_12_2|         array|
|emb_12_2_ce0        |  out|    1|   ap_memory|                     emb_12_2|         array|
|emb_12_2_q0         |   in|    8|   ap_memory|                     emb_12_2|         array|
|emb_12_5_address0   |  out|    6|   ap_memory|                     emb_12_5|         array|
|emb_12_5_ce0        |  out|    1|   ap_memory|                     emb_12_5|         array|
|emb_12_5_q0         |   in|    8|   ap_memory|                     emb_12_5|         array|
|emb_12_7_address0   |  out|    6|   ap_memory|                     emb_12_7|         array|
|emb_12_7_ce0        |  out|    1|   ap_memory|                     emb_12_7|         array|
|emb_12_7_q0         |   in|    8|   ap_memory|                     emb_12_7|         array|
|emb_12_8_address0   |  out|    6|   ap_memory|                     emb_12_8|         array|
|emb_12_8_ce0        |  out|    1|   ap_memory|                     emb_12_8|         array|
|emb_12_8_q0         |   in|    8|   ap_memory|                     emb_12_8|         array|
|emb_12_10_address0  |  out|    6|   ap_memory|                    emb_12_10|         array|
|emb_12_10_ce0       |  out|    1|   ap_memory|                    emb_12_10|         array|
|emb_12_10_q0        |   in|    8|   ap_memory|                    emb_12_10|         array|
|emb_12_11_address0  |  out|    6|   ap_memory|                    emb_12_11|         array|
|emb_12_11_ce0       |  out|    1|   ap_memory|                    emb_12_11|         array|
|emb_12_11_q0        |   in|    8|   ap_memory|                    emb_12_11|         array|
|emb_12_3_address0   |  out|    6|   ap_memory|                     emb_12_3|         array|
|emb_12_3_ce0        |  out|    1|   ap_memory|                     emb_12_3|         array|
|emb_12_3_q0         |   in|    8|   ap_memory|                     emb_12_3|         array|
|emb_12_4_address0   |  out|    6|   ap_memory|                     emb_12_4|         array|
|emb_12_4_ce0        |  out|    1|   ap_memory|                     emb_12_4|         array|
|emb_12_4_q0         |   in|    8|   ap_memory|                     emb_12_4|         array|
|emb_12_6_address0   |  out|    6|   ap_memory|                     emb_12_6|         array|
|emb_12_6_ce0        |  out|    1|   ap_memory|                     emb_12_6|         array|
|emb_12_6_q0         |   in|    8|   ap_memory|                     emb_12_6|         array|
|emb_12_9_address0   |  out|    6|   ap_memory|                     emb_12_9|         array|
|emb_12_9_ce0        |  out|    1|   ap_memory|                     emb_12_9|         array|
|emb_12_9_q0         |   in|    8|   ap_memory|                     emb_12_9|         array|
|hist_12_address0    |  out|    8|   ap_memory|                      hist_12|         array|
|hist_12_ce0         |  out|    1|   ap_memory|                      hist_12|         array|
|hist_12_we0         |  out|    1|   ap_memory|                      hist_12|         array|
|hist_12_d0          |  out|   10|   ap_memory|                      hist_12|         array|
|hist_12_address1    |  out|    8|   ap_memory|                      hist_12|         array|
|hist_12_ce1         |  out|    1|   ap_memory|                      hist_12|         array|
|hist_12_q1          |   in|   10|   ap_memory|                      hist_12|         array|
|emb_13_0_address0   |  out|    6|   ap_memory|                     emb_13_0|         array|
|emb_13_0_ce0        |  out|    1|   ap_memory|                     emb_13_0|         array|
|emb_13_0_q0         |   in|    8|   ap_memory|                     emb_13_0|         array|
|emb_13_1_address0   |  out|    6|   ap_memory|                     emb_13_1|         array|
|emb_13_1_ce0        |  out|    1|   ap_memory|                     emb_13_1|         array|
|emb_13_1_q0         |   in|    8|   ap_memory|                     emb_13_1|         array|
|emb_13_2_address0   |  out|    6|   ap_memory|                     emb_13_2|         array|
|emb_13_2_ce0        |  out|    1|   ap_memory|                     emb_13_2|         array|
|emb_13_2_q0         |   in|    8|   ap_memory|                     emb_13_2|         array|
|emb_13_5_address0   |  out|    6|   ap_memory|                     emb_13_5|         array|
|emb_13_5_ce0        |  out|    1|   ap_memory|                     emb_13_5|         array|
|emb_13_5_q0         |   in|    8|   ap_memory|                     emb_13_5|         array|
|emb_13_7_address0   |  out|    6|   ap_memory|                     emb_13_7|         array|
|emb_13_7_ce0        |  out|    1|   ap_memory|                     emb_13_7|         array|
|emb_13_7_q0         |   in|    8|   ap_memory|                     emb_13_7|         array|
|emb_13_8_address0   |  out|    6|   ap_memory|                     emb_13_8|         array|
|emb_13_8_ce0        |  out|    1|   ap_memory|                     emb_13_8|         array|
|emb_13_8_q0         |   in|    8|   ap_memory|                     emb_13_8|         array|
|emb_13_10_address0  |  out|    6|   ap_memory|                    emb_13_10|         array|
|emb_13_10_ce0       |  out|    1|   ap_memory|                    emb_13_10|         array|
|emb_13_10_q0        |   in|    8|   ap_memory|                    emb_13_10|         array|
|emb_13_11_address0  |  out|    6|   ap_memory|                    emb_13_11|         array|
|emb_13_11_ce0       |  out|    1|   ap_memory|                    emb_13_11|         array|
|emb_13_11_q0        |   in|    8|   ap_memory|                    emb_13_11|         array|
|emb_13_3_address0   |  out|    6|   ap_memory|                     emb_13_3|         array|
|emb_13_3_ce0        |  out|    1|   ap_memory|                     emb_13_3|         array|
|emb_13_3_q0         |   in|    8|   ap_memory|                     emb_13_3|         array|
|emb_13_4_address0   |  out|    6|   ap_memory|                     emb_13_4|         array|
|emb_13_4_ce0        |  out|    1|   ap_memory|                     emb_13_4|         array|
|emb_13_4_q0         |   in|    8|   ap_memory|                     emb_13_4|         array|
|emb_13_6_address0   |  out|    6|   ap_memory|                     emb_13_6|         array|
|emb_13_6_ce0        |  out|    1|   ap_memory|                     emb_13_6|         array|
|emb_13_6_q0         |   in|    8|   ap_memory|                     emb_13_6|         array|
|emb_13_9_address0   |  out|    6|   ap_memory|                     emb_13_9|         array|
|emb_13_9_ce0        |  out|    1|   ap_memory|                     emb_13_9|         array|
|emb_13_9_q0         |   in|    8|   ap_memory|                     emb_13_9|         array|
|hist_13_address0    |  out|    8|   ap_memory|                      hist_13|         array|
|hist_13_ce0         |  out|    1|   ap_memory|                      hist_13|         array|
|hist_13_we0         |  out|    1|   ap_memory|                      hist_13|         array|
|hist_13_d0          |  out|   10|   ap_memory|                      hist_13|         array|
|hist_13_address1    |  out|    8|   ap_memory|                      hist_13|         array|
|hist_13_ce1         |  out|    1|   ap_memory|                      hist_13|         array|
|hist_13_q1          |   in|   10|   ap_memory|                      hist_13|         array|
|emb_14_0_address0   |  out|    6|   ap_memory|                     emb_14_0|         array|
|emb_14_0_ce0        |  out|    1|   ap_memory|                     emb_14_0|         array|
|emb_14_0_q0         |   in|    8|   ap_memory|                     emb_14_0|         array|
|emb_14_1_address0   |  out|    6|   ap_memory|                     emb_14_1|         array|
|emb_14_1_ce0        |  out|    1|   ap_memory|                     emb_14_1|         array|
|emb_14_1_q0         |   in|    8|   ap_memory|                     emb_14_1|         array|
|emb_14_2_address0   |  out|    6|   ap_memory|                     emb_14_2|         array|
|emb_14_2_ce0        |  out|    1|   ap_memory|                     emb_14_2|         array|
|emb_14_2_q0         |   in|    8|   ap_memory|                     emb_14_2|         array|
|emb_14_5_address0   |  out|    6|   ap_memory|                     emb_14_5|         array|
|emb_14_5_ce0        |  out|    1|   ap_memory|                     emb_14_5|         array|
|emb_14_5_q0         |   in|    8|   ap_memory|                     emb_14_5|         array|
|emb_14_7_address0   |  out|    6|   ap_memory|                     emb_14_7|         array|
|emb_14_7_ce0        |  out|    1|   ap_memory|                     emb_14_7|         array|
|emb_14_7_q0         |   in|    8|   ap_memory|                     emb_14_7|         array|
|emb_14_8_address0   |  out|    6|   ap_memory|                     emb_14_8|         array|
|emb_14_8_ce0        |  out|    1|   ap_memory|                     emb_14_8|         array|
|emb_14_8_q0         |   in|    8|   ap_memory|                     emb_14_8|         array|
|emb_14_10_address0  |  out|    6|   ap_memory|                    emb_14_10|         array|
|emb_14_10_ce0       |  out|    1|   ap_memory|                    emb_14_10|         array|
|emb_14_10_q0        |   in|    8|   ap_memory|                    emb_14_10|         array|
|emb_14_11_address0  |  out|    6|   ap_memory|                    emb_14_11|         array|
|emb_14_11_ce0       |  out|    1|   ap_memory|                    emb_14_11|         array|
|emb_14_11_q0        |   in|    8|   ap_memory|                    emb_14_11|         array|
|emb_14_3_address0   |  out|    6|   ap_memory|                     emb_14_3|         array|
|emb_14_3_ce0        |  out|    1|   ap_memory|                     emb_14_3|         array|
|emb_14_3_q0         |   in|    8|   ap_memory|                     emb_14_3|         array|
|emb_14_4_address0   |  out|    6|   ap_memory|                     emb_14_4|         array|
|emb_14_4_ce0        |  out|    1|   ap_memory|                     emb_14_4|         array|
|emb_14_4_q0         |   in|    8|   ap_memory|                     emb_14_4|         array|
|emb_14_6_address0   |  out|    6|   ap_memory|                     emb_14_6|         array|
|emb_14_6_ce0        |  out|    1|   ap_memory|                     emb_14_6|         array|
|emb_14_6_q0         |   in|    8|   ap_memory|                     emb_14_6|         array|
|emb_14_9_address0   |  out|    6|   ap_memory|                     emb_14_9|         array|
|emb_14_9_ce0        |  out|    1|   ap_memory|                     emb_14_9|         array|
|emb_14_9_q0         |   in|    8|   ap_memory|                     emb_14_9|         array|
|hist_14_address0    |  out|    8|   ap_memory|                      hist_14|         array|
|hist_14_ce0         |  out|    1|   ap_memory|                      hist_14|         array|
|hist_14_we0         |  out|    1|   ap_memory|                      hist_14|         array|
|hist_14_d0          |  out|   10|   ap_memory|                      hist_14|         array|
|hist_14_address1    |  out|    8|   ap_memory|                      hist_14|         array|
|hist_14_ce1         |  out|    1|   ap_memory|                      hist_14|         array|
|hist_14_q1          |   in|   10|   ap_memory|                      hist_14|         array|
+--------------------+-----+-----+------------+-----------------------------+--------------+

