

================================================================
== Vitis HLS Report for 'my_window_Pipeline_RANK'
================================================================
* Date:           Thu Jul  2 09:24:45 2026

* Version:        2023.2 (Build 4023990 on Oct 11 2023)
* Project:        my_window_proj
* Solution:       solution1 (Vivado IP Flow Target)
* Product family: virtexuplus
* Target device:  xcu250-figd2104-2L-e


================================================================
== Performance Estimates
================================================================
+ Timing: 
    * Summary: 
    +--------+----------+----------+------------+
    |  Clock |  Target  | Estimated| Uncertainty|
    +--------+----------+----------+------------+
    |ap_clk  |  10.00 ns|  4.545 ns|     2.70 ns|
    +--------+----------+----------+------------+

+ Latency: 
    * Summary: 
    +---------+---------+----------+----------+-----+-----+---------+
    |  Latency (cycles) |  Latency (absolute) |  Interval | Pipeline|
    |   min   |   max   |    min   |    max   | min | max |   Type  |
    +---------+---------+----------+----------+-----+-----+---------+
    |       58|       58|  0.580 us|  0.580 us|   58|   58|       no|
    +---------+---------+----------+----------+-----+-----+---------+

    + Detail: 
        * Instance: 
        N/A

        * Loop: 
        +----------+---------+---------+----------+-----------+-----------+------+----------+
        |          |  Latency (cycles) | Iteration|  Initiation Interval  | Trip |          |
        | Loop Name|   min   |   max   |  Latency |  achieved |   target  | Count| Pipelined|
        +----------+---------+---------+----------+-----------+-----------+------+----------+
        |- RANK    |       56|       56|        18|          1|          1|    40|       yes|
        +----------+---------+---------+----------+-----------+-----------+------+----------+



================================================================
== Utilization Estimates
================================================================
* Summary: 
+---------------------+---------+-------+---------+---------+------+
|         Name        | BRAM_18K|  DSP  |    FF   |   LUT   | URAM |
+---------------------+---------+-------+---------+---------+------+
|DSP                  |        -|      -|        -|        -|     -|
|Expression           |        -|      -|        0|     2251|     -|
|FIFO                 |        -|      -|        -|        -|     -|
|Instance             |        -|     15|     5926|    17537|     -|
|Memory               |        -|      -|        -|        -|     -|
|Multiplexer          |        -|      -|        -|      306|     -|
|Register             |        -|      -|     7705|     2112|     -|
+---------------------+---------+-------+---------+---------+------+
|Total                |        0|     15|    13631|    22206|     0|
+---------------------+---------+-------+---------+---------+------+
|Available SLR        |     1344|   3072|   864000|   432000|   320|
+---------------------+---------+-------+---------+---------+------+
|Utilization SLR (%)  |        0|     ~0|        1|        5|     0|
+---------------------+---------+-------+---------+---------+------+
|Available            |     5376|  12288|  3456000|  1728000|  1280|
+---------------------+---------+-------+---------+---------+------+
|Utilization (%)      |        0|     ~0|       ~0|        1|     0|
+---------------------+---------+-------+---------+---------+------+

+ Detail: 
    * Instance: 
    +------------------------------+------------------------+---------+----+-----+-----+-----+
    |           Instance           |         Module         | BRAM_18K| DSP|  FF | LUT | URAM|
    +------------------------------+------------------------+---------+----+-----+-----+-----+
    |mul_11ns_13ns_23_1_1_U1087    |mul_11ns_13ns_23_1_1    |        0|   1|    0|    4|    0|
    |mul_12ns_14ns_25_1_1_U1089    |mul_12ns_14ns_25_1_1    |        0|   1|    0|    3|    0|
    |mul_12ns_14ns_25_1_1_U1091    |mul_12ns_14ns_25_1_1    |        0|   1|    0|    3|    0|
    |mul_12ns_14ns_25_1_1_U1093    |mul_12ns_14ns_25_1_1    |        0|   1|    0|    3|    0|
    |mul_12ns_14ns_25_1_1_U1095    |mul_12ns_14ns_25_1_1    |        0|   1|    0|    3|    0|
    |mul_12ns_14ns_25_1_1_U1097    |mul_12ns_14ns_25_1_1    |        0|   1|    0|    3|    0|
    |mul_12ns_14ns_25_1_1_U1099    |mul_12ns_14ns_25_1_1    |        0|   1|    0|    3|    0|
    |mul_12ns_14ns_25_1_1_U1101    |mul_12ns_14ns_25_1_1    |        0|   1|    0|    3|    0|
    |mul_12ns_14ns_25_1_1_U1103    |mul_12ns_14ns_25_1_1    |        0|   1|    0|    3|    0|
    |mul_12ns_14ns_25_1_1_U1105    |mul_12ns_14ns_25_1_1    |        0|   1|    0|    3|    0|
    |mul_12ns_14ns_25_1_1_U1107    |mul_12ns_14ns_25_1_1    |        0|   1|    0|    3|    0|
    |mul_12ns_14ns_25_1_1_U1109    |mul_12ns_14ns_25_1_1    |        0|   1|    0|    3|    0|
    |mul_12ns_14ns_25_1_1_U1111    |mul_12ns_14ns_25_1_1    |        0|   1|    0|    3|    0|
    |mul_12ns_14ns_25_1_1_U1113    |mul_12ns_14ns_25_1_1    |        0|   1|    0|    3|    0|
    |mul_12ns_14ns_25_1_1_U1115    |mul_12ns_14ns_25_1_1    |        0|   1|    0|    3|    0|
    |sparsemux_337_8_10_1_1_U1072  |sparsemux_337_8_10_1_1  |        0|   0|    0|  888|    0|
    |sparsemux_337_8_10_1_1_U1073  |sparsemux_337_8_10_1_1  |        0|   0|    0|  888|    0|
    |sparsemux_337_8_10_1_1_U1074  |sparsemux_337_8_10_1_1  |        0|   0|    0|  888|    0|
    |sparsemux_337_8_10_1_1_U1075  |sparsemux_337_8_10_1_1  |        0|   0|    0|  888|    0|
    |sparsemux_337_8_10_1_1_U1076  |sparsemux_337_8_10_1_1  |        0|   0|    0|  888|    0|
    |sparsemux_337_8_10_1_1_U1077  |sparsemux_337_8_10_1_1  |        0|   0|    0|  888|    0|
    |sparsemux_337_8_10_1_1_U1078  |sparsemux_337_8_10_1_1  |        0|   0|    0|  888|    0|
    |sparsemux_337_8_10_1_1_U1079  |sparsemux_337_8_10_1_1  |        0|   0|    0|  888|    0|
    |sparsemux_337_8_10_1_1_U1080  |sparsemux_337_8_10_1_1  |        0|   0|    0|  888|    0|
    |sparsemux_337_8_10_1_1_U1081  |sparsemux_337_8_10_1_1  |        0|   0|    0|  888|    0|
    |sparsemux_337_8_10_1_1_U1082  |sparsemux_337_8_10_1_1  |        0|   0|    0|  888|    0|
    |sparsemux_337_8_10_1_1_U1083  |sparsemux_337_8_10_1_1  |        0|   0|    0|  888|    0|
    |sparsemux_337_8_10_1_1_U1084  |sparsemux_337_8_10_1_1  |        0|   0|    0|  888|    0|
    |sparsemux_337_8_10_1_1_U1085  |sparsemux_337_8_10_1_1  |        0|   0|    0|  888|    0|
    |sparsemux_337_8_10_1_1_U1086  |sparsemux_337_8_10_1_1  |        0|   0|    0|  888|    0|
    |urem_11ns_5ns_4_15_1_U1088    |urem_11ns_5ns_4_15_1    |        0|   0|  340|  237|    0|
    |urem_12ns_5ns_4_16_1_U1090    |urem_12ns_5ns_4_16_1    |        0|   0|  399|  281|    0|
    |urem_12ns_5ns_4_16_1_U1092    |urem_12ns_5ns_4_16_1    |        0|   0|  399|  281|    0|
    |urem_12ns_5ns_4_16_1_U1094    |urem_12ns_5ns_4_16_1    |        0|   0|  399|  281|    0|
    |urem_12ns_5ns_4_16_1_U1096    |urem_12ns_5ns_4_16_1    |        0|   0|  399|  281|    0|
    |urem_12ns_5ns_4_16_1_U1098    |urem_12ns_5ns_4_16_1    |        0|   0|  399|  281|    0|
    |urem_12ns_5ns_4_16_1_U1100    |urem_12ns_5ns_4_16_1    |        0|   0|  399|  281|    0|
    |urem_12ns_5ns_4_16_1_U1102    |urem_12ns_5ns_4_16_1    |        0|   0|  399|  281|    0|
    |urem_12ns_5ns_4_16_1_U1104    |urem_12ns_5ns_4_16_1    |        0|   0|  399|  281|    0|
    |urem_12ns_5ns_4_16_1_U1106    |urem_12ns_5ns_4_16_1    |        0|   0|  399|  281|    0|
    |urem_12ns_5ns_4_16_1_U1108    |urem_12ns_5ns_4_16_1    |        0|   0|  399|  281|    0|
    |urem_12ns_5ns_4_16_1_U1110    |urem_12ns_5ns_4_16_1    |        0|   0|  399|  281|    0|
    |urem_12ns_5ns_4_16_1_U1112    |urem_12ns_5ns_4_16_1    |        0|   0|  399|  281|    0|
    |urem_12ns_5ns_4_16_1_U1114    |urem_12ns_5ns_4_16_1    |        0|   0|  399|  281|    0|
    |urem_12ns_5ns_4_16_1_U1116    |urem_12ns_5ns_4_16_1    |        0|   0|  399|  281|    0|
    +------------------------------+------------------------+---------+----+-----+-----+-----+
    |Total                         |                        |        0|  15| 5926|17537|    0|
    +------------------------------+------------------------+---------+----+-----+-----+-----+

    * DSP: 
    N/A

    * Memory: 
    N/A

    * FIFO: 
    N/A

    * Expression: 
    +-----------------------------+----------+----+---+----+------------+------------+
    |        Variable Name        | Operation| DSP| FF| LUT| Bitwidth P0| Bitwidth P1|
    +-----------------------------+----------+----+---+----+------------+------------+
    |add_ln234_10_fu_26229_p2     |         +|   0|  0|  18|          11|          11|
    |add_ln234_11_fu_26243_p2     |         +|   0|  0|  18|          11|          11|
    |add_ln234_12_fu_26257_p2     |         +|   0|  0|  18|          11|          11|
    |add_ln234_13_fu_26271_p2     |         +|   0|  0|  18|          11|          11|
    |add_ln234_14_fu_26285_p2     |         +|   0|  0|  18|          11|          11|
    |add_ln234_15_fu_26299_p2     |         +|   0|  0|  18|          11|          11|
    |add_ln234_16_fu_26328_p2     |         +|   0|  0|  19|          12|          12|
    |add_ln234_17_fu_26386_p2     |         +|   0|  0|  19|          12|          12|
    |add_ln234_18_fu_26444_p2     |         +|   0|  0|  19|          12|          12|
    |add_ln234_19_fu_26502_p2     |         +|   0|  0|  19|          12|          12|
    |add_ln234_1_fu_26032_p2      |         +|   0|  0|  17|          11|          11|
    |add_ln234_20_fu_26560_p2     |         +|   0|  0|  19|          12|          12|
    |add_ln234_21_fu_26618_p2     |         +|   0|  0|  19|          12|          12|
    |add_ln234_22_fu_26676_p2     |         +|   0|  0|  19|          12|          12|
    |add_ln234_23_fu_26734_p2     |         +|   0|  0|  19|          12|          12|
    |add_ln234_24_fu_26792_p2     |         +|   0|  0|  19|          12|          12|
    |add_ln234_25_fu_26850_p2     |         +|   0|  0|  19|          12|          12|
    |add_ln234_26_fu_26908_p2     |         +|   0|  0|  19|          12|          12|
    |add_ln234_27_fu_26966_p2     |         +|   0|  0|  19|          12|          12|
    |add_ln234_28_fu_27024_p2     |         +|   0|  0|  19|          12|          12|
    |add_ln234_29_fu_27082_p2     |         +|   0|  0|  19|          12|          12|
    |add_ln234_2_fu_26117_p2      |         +|   0|  0|  18|          11|          11|
    |add_ln234_3_fu_26131_p2      |         +|   0|  0|  18|          11|          11|
    |add_ln234_4_fu_26145_p2      |         +|   0|  0|  18|          11|          11|
    |add_ln234_5_fu_26159_p2      |         +|   0|  0|  18|          11|          11|
    |add_ln234_6_fu_26173_p2      |         +|   0|  0|  18|          11|          11|
    |add_ln234_7_fu_26187_p2      |         +|   0|  0|  18|          11|          11|
    |add_ln234_8_fu_26201_p2      |         +|   0|  0|  18|          11|          11|
    |add_ln234_9_fu_26215_p2      |         +|   0|  0|  18|          11|          11|
    |add_ln234_fu_26012_p2        |         +|   0|  0|  17|          11|          11|
    |add_ln235_10_fu_26882_p2     |         +|   0|  0|  17|          10|           1|
    |add_ln235_11_fu_26940_p2     |         +|   0|  0|  17|          10|           1|
    |add_ln235_12_fu_26998_p2     |         +|   0|  0|  17|          10|           1|
    |add_ln235_13_fu_27056_p2     |         +|   0|  0|  17|          10|           1|
    |add_ln235_14_fu_27114_p2     |         +|   0|  0|  17|          10|           1|
    |add_ln235_1_fu_26360_p2      |         +|   0|  0|  17|          10|           1|
    |add_ln235_2_fu_26418_p2      |         +|   0|  0|  17|          10|           1|
    |add_ln235_3_fu_26476_p2      |         +|   0|  0|  17|          10|           1|
    |add_ln235_4_fu_26534_p2      |         +|   0|  0|  17|          10|           1|
    |add_ln235_5_fu_26592_p2      |         +|   0|  0|  17|          10|           1|
    |add_ln235_6_fu_26650_p2      |         +|   0|  0|  17|          10|           1|
    |add_ln235_7_fu_26708_p2      |         +|   0|  0|  17|          10|           1|
    |add_ln235_8_fu_26766_p2      |         +|   0|  0|  17|          10|           1|
    |add_ln235_9_fu_26824_p2      |         +|   0|  0|  17|          10|           1|
    |add_ln235_fu_26064_p2        |         +|   0|  0|  17|          10|           1|
    |add_ln242_10_fu_27449_p2     |         +|   0|  0|  17|          10|           9|
    |add_ln242_11_fu_27470_p2     |         +|   0|  0|  17|          10|          10|
    |add_ln242_12_fu_27599_p2     |         +|   0|  0|  17|          10|          10|
    |add_ln242_1_fu_27238_p2      |         +|   0|  0|  14|           7|           7|
    |add_ln242_2_fu_27259_p2      |         +|   0|  0|  15|           8|           7|
    |add_ln242_3_fu_27280_p2      |         +|   0|  0|  15|           8|           8|
    |add_ln242_4_fu_27301_p2      |         +|   0|  0|  14|           7|           7|
    |add_ln242_5_fu_27322_p2      |         +|   0|  0|  16|           9|           8|
    |add_ln242_6_fu_27343_p2      |         +|   0|  0|  16|           9|           9|
    |add_ln242_7_fu_27386_p2      |         +|   0|  0|  16|           9|           9|
    |add_ln242_8_fu_27407_p2      |         +|   0|  0|  15|           8|           8|
    |add_ln242_9_fu_27428_p2      |         +|   0|  0|  15|           8|           8|
    |add_ln242_fu_27217_p2        |         +|   0|  0|  14|           7|           6|
    |t_fu_17675_p2                |         +|   0|  0|  13|           6|           1|
    |addr_cmp218_fu_25980_p2      |      icmp|   0|  0|  71|          64|          64|
    |addr_cmp224_fu_25966_p2      |      icmp|   0|  0|  71|          64|          64|
    |addr_cmp230_fu_25952_p2      |      icmp|   0|  0|  71|          64|          64|
    |addr_cmp236_fu_25938_p2      |      icmp|   0|  0|  71|          64|          64|
    |addr_cmp242_fu_25924_p2      |      icmp|   0|  0|  71|          64|          64|
    |addr_cmp248_fu_25910_p2      |      icmp|   0|  0|  71|          64|          64|
    |addr_cmp254_fu_25896_p2      |      icmp|   0|  0|  71|          64|          64|
    |addr_cmp260_fu_25882_p2      |      icmp|   0|  0|  71|          64|          64|
    |addr_cmp266_fu_25868_p2      |      icmp|   0|  0|  71|          64|          64|
    |addr_cmp272_fu_25854_p2      |      icmp|   0|  0|  71|          64|          64|
    |addr_cmp278_fu_25840_p2      |      icmp|   0|  0|  71|          64|          64|
    |addr_cmp284_fu_25826_p2      |      icmp|   0|  0|  71|          64|          64|
    |addr_cmp290_fu_25812_p2      |      icmp|   0|  0|  71|          64|          64|
    |addr_cmp296_fu_18346_p2      |      icmp|   0|  0|  71|          64|          64|
    |addr_cmp_fu_25994_p2         |      icmp|   0|  0|  71|          64|          64|
    |icmp_ln229_fu_17669_p2       |      icmp|   0|  0|  13|           6|           6|
    |reuse_select219_fu_27013_p3  |    select|   0|  0|  10|           1|          10|
    |reuse_select225_fu_26955_p3  |    select|   0|  0|  10|           1|          10|
    |reuse_select231_fu_26897_p3  |    select|   0|  0|  10|           1|          10|
    |reuse_select237_fu_26839_p3  |    select|   0|  0|  10|           1|          10|
    |reuse_select243_fu_26781_p3  |    select|   0|  0|  10|           1|          10|
    |reuse_select249_fu_26723_p3  |    select|   0|  0|  10|           1|          10|
    |reuse_select255_fu_26665_p3  |    select|   0|  0|  10|           1|          10|
    |reuse_select261_fu_26607_p3  |    select|   0|  0|  10|           1|          10|
    |reuse_select267_fu_26549_p3  |    select|   0|  0|  10|           1|          10|
    |reuse_select273_fu_26491_p3  |    select|   0|  0|  10|           1|          10|
    |reuse_select279_fu_26433_p3  |    select|   0|  0|  10|           1|          10|
    |reuse_select285_fu_26375_p3  |    select|   0|  0|  10|           1|          10|
    |reuse_select291_fu_26317_p3  |    select|   0|  0|  10|           1|          10|
    |reuse_select297_fu_26021_p3  |    select|   0|  0|  10|           1|          10|
    |reuse_select_fu_27071_p3     |    select|   0|  0|  10|           1|          10|
    |ap_enable_pp0                |       xor|   0|  0|   2|           1|           2|
    +-----------------------------+----------+----+---+----+------------+------------+
    |Total                        |          |   0|  0|2251|        1592|        1584|
    +-----------------------------+----------+----+---+----+------------+------------+

    * Multiplexer: 
    +---------------------------+----+-----------+-----+-----------+
    |            Name           | LUT| Input Size| Bits| Total Bits|
    +---------------------------+----+-----------+-----+-----------+
    |ap_done_int                |   9|          2|    1|          2|
    |ap_enable_reg_pp0_iter1    |   9|          2|    1|          2|
    |ap_sig_allocacmp_t_2       |   9|          2|    6|         12|
    |i_fu_2594                  |   9|          2|    6|         12|
    |reuse_addr_reg215_fu_2578  |   9|          2|   64|        128|
    |reuse_addr_reg221_fu_2570  |   9|          2|   64|        128|
    |reuse_addr_reg227_fu_2562  |   9|          2|   64|        128|
    |reuse_addr_reg233_fu_2554  |   9|          2|   64|        128|
    |reuse_addr_reg239_fu_2546  |   9|          2|   64|        128|
    |reuse_addr_reg245_fu_2538  |   9|          2|   64|        128|
    |reuse_addr_reg251_fu_2530  |   9|          2|   64|        128|
    |reuse_addr_reg257_fu_2522  |   9|          2|   64|        128|
    |reuse_addr_reg263_fu_2514  |   9|          2|   64|        128|
    |reuse_addr_reg269_fu_2506  |   9|          2|   64|        128|
    |reuse_addr_reg275_fu_2498  |   9|          2|   64|        128|
    |reuse_addr_reg281_fu_2490  |   9|          2|   64|        128|
    |reuse_addr_reg287_fu_2482  |   9|          2|   64|        128|
    |reuse_addr_reg293_fu_2474  |   9|          2|   64|        128|
    |reuse_addr_reg_fu_2586     |   9|          2|   64|        128|
    |reuse_reg214_fu_2582       |   9|          2|   10|         20|
    |reuse_reg220_fu_2574       |   9|          2|   10|         20|
    |reuse_reg226_fu_2566       |   9|          2|   10|         20|
    |reuse_reg232_fu_2558       |   9|          2|   10|         20|
    |reuse_reg238_fu_2550       |   9|          2|   10|         20|
    |reuse_reg244_fu_2542       |   9|          2|   10|         20|
    |reuse_reg250_fu_2534       |   9|          2|   10|         20|
    |reuse_reg256_fu_2526       |   9|          2|   10|         20|
    |reuse_reg262_fu_2518       |   9|          2|   10|         20|
    |reuse_reg268_fu_2510       |   9|          2|   10|         20|
    |reuse_reg274_fu_2502       |   9|          2|   10|         20|
    |reuse_reg280_fu_2494       |   9|          2|   10|         20|
    |reuse_reg286_fu_2486       |   9|          2|   10|         20|
    |reuse_reg292_fu_2478       |   9|          2|   10|         20|
    |reuse_reg_fu_2590          |   9|          2|   10|         20|
    +---------------------------+----+-----------+-----+-----------+
    |Total                      | 306|         68| 1124|       2248|
    +---------------------------+----+-----------+-----+-----------+

    * Register: 
    +-----------------------------------+-----+----+-----+-----------+
    |                Name               |  FF | LUT| Bits| Const Bits|
    +-----------------------------------+-----+----+-----+-----------+
    |addr_cmp218_reg_33155              |    1|   0|    1|          0|
    |addr_cmp224_reg_33150              |    1|   0|    1|          0|
    |addr_cmp230_reg_33145              |    1|   0|    1|          0|
    |addr_cmp236_reg_33140              |    1|   0|    1|          0|
    |addr_cmp242_reg_33135              |    1|   0|    1|          0|
    |addr_cmp248_reg_33130              |    1|   0|    1|          0|
    |addr_cmp254_reg_33125              |    1|   0|    1|          0|
    |addr_cmp260_reg_33120              |    1|   0|    1|          0|
    |addr_cmp266_reg_33115              |    1|   0|    1|          0|
    |addr_cmp272_reg_33110              |    1|   0|    1|          0|
    |addr_cmp278_reg_33105              |    1|   0|    1|          0|
    |addr_cmp284_reg_33100              |    1|   0|    1|          0|
    |addr_cmp290_reg_33095              |    1|   0|    1|          0|
    |addr_cmp296_reg_32476              |    1|   0|    1|          0|
    |addr_cmp_reg_33160                 |    1|   0|    1|          0|
    |ap_CS_fsm                          |    1|   0|    1|          0|
    |ap_done_reg                        |    1|   0|    1|          0|
    |ap_enable_reg_pp0_iter1            |    1|   0|    1|          0|
    |ap_enable_reg_pp0_iter10           |    1|   0|    1|          0|
    |ap_enable_reg_pp0_iter11           |    1|   0|    1|          0|
    |ap_enable_reg_pp0_iter12           |    1|   0|    1|          0|
    |ap_enable_reg_pp0_iter13           |    1|   0|    1|          0|
    |ap_enable_reg_pp0_iter14           |    1|   0|    1|          0|
    |ap_enable_reg_pp0_iter15           |    1|   0|    1|          0|
    |ap_enable_reg_pp0_iter16           |    1|   0|    1|          0|
    |ap_enable_reg_pp0_iter17           |    1|   0|    1|          0|
    |ap_enable_reg_pp0_iter2            |    1|   0|    1|          0|
    |ap_enable_reg_pp0_iter3            |    1|   0|    1|          0|
    |ap_enable_reg_pp0_iter4            |    1|   0|    1|          0|
    |ap_enable_reg_pp0_iter5            |    1|   0|    1|          0|
    |ap_enable_reg_pp0_iter6            |    1|   0|    1|          0|
    |ap_enable_reg_pp0_iter7            |    1|   0|    1|          0|
    |ap_enable_reg_pp0_iter8            |    1|   0|    1|          0|
    |ap_enable_reg_pp0_iter9            |    1|   0|    1|          0|
    |ap_loop_exit_ready_pp0_iter10_reg  |    1|   0|    1|          0|
    |ap_loop_exit_ready_pp0_iter11_reg  |    1|   0|    1|          0|
    |ap_loop_exit_ready_pp0_iter12_reg  |    1|   0|    1|          0|
    |ap_loop_exit_ready_pp0_iter13_reg  |    1|   0|    1|          0|
    |ap_loop_exit_ready_pp0_iter14_reg  |    1|   0|    1|          0|
    |ap_loop_exit_ready_pp0_iter15_reg  |    1|   0|    1|          0|
    |ap_loop_exit_ready_pp0_iter16_reg  |    1|   0|    1|          0|
    |ap_loop_exit_ready_pp0_iter1_reg   |    1|   0|    1|          0|
    |ap_loop_exit_ready_pp0_iter2_reg   |    1|   0|    1|          0|
    |ap_loop_exit_ready_pp0_iter3_reg   |    1|   0|    1|          0|
    |ap_loop_exit_ready_pp0_iter4_reg   |    1|   0|    1|          0|
    |ap_loop_exit_ready_pp0_iter5_reg   |    1|   0|    1|          0|
    |ap_loop_exit_ready_pp0_iter6_reg   |    1|   0|    1|          0|
    |ap_loop_exit_ready_pp0_iter7_reg   |    1|   0|    1|          0|
    |ap_loop_exit_ready_pp0_iter8_reg   |    1|   0|    1|          0|
    |ap_loop_exit_ready_pp0_iter9_reg   |    1|   0|    1|          0|
    |bits_119_reg_32705                 |   16|   0|   16|          0|
    |bits_120_reg_32710                 |   16|   0|   16|          0|
    |bits_121_reg_32715                 |   16|   0|   16|          0|
    |bits_122_reg_32720                 |   16|   0|   16|          0|
    |bits_123_reg_32725                 |   16|   0|   16|          0|
    |bits_124_reg_32730                 |   16|   0|   16|          0|
    |bits_125_reg_32735                 |   16|   0|   16|          0|
    |bits_126_reg_32740                 |   15|   0|   15|          0|
    |bits_207_reg_32935                 |   16|   0|   16|          0|
    |bits_208_reg_32940                 |   16|   0|   16|          0|
    |bits_209_reg_32945                 |   16|   0|   16|          0|
    |bits_210_reg_32950                 |   16|   0|   16|          0|
    |bits_211_reg_32955                 |   16|   0|   16|          0|
    |bits_212_reg_32960                 |   16|   0|   16|          0|
    |bits_213_reg_32965                 |   16|   0|   16|          0|
    |bits_214_reg_32970                 |   15|   0|   15|          0|
    |bits_215_reg_32975                 |   16|   0|   16|          0|
    |bits_216_reg_32980                 |   16|   0|   16|          0|
    |bits_217_reg_32985                 |   16|   0|   16|          0|
    |bits_218_reg_32990                 |   16|   0|   16|          0|
    |bits_219_reg_32995                 |   16|   0|   16|          0|
    |bits_220_reg_33000                 |   16|   0|   16|          0|
    |bits_221_reg_33005                 |   16|   0|   16|          0|
    |bits_222_reg_33010                 |   15|   0|   15|          0|
    |bits_223_reg_33015                 |   16|   0|   16|          0|
    |bits_224_reg_33020                 |   16|   0|   16|          0|
    |bits_225_reg_33025                 |   16|   0|   16|          0|
    |bits_226_reg_33030                 |   16|   0|   16|          0|
    |bits_227_reg_33035                 |   16|   0|   16|          0|
    |bits_228_reg_33040                 |   16|   0|   16|          0|
    |bits_229_reg_33045                 |   16|   0|   16|          0|
    |bits_230_reg_33050                 |   15|   0|   15|          0|
    |bits_231_reg_33055                 |   16|   0|   16|          0|
    |bits_232_reg_33060                 |   16|   0|   16|          0|
    |bits_233_reg_33065                 |   16|   0|   16|          0|
    |bits_234_reg_33070                 |   16|   0|   16|          0|
    |bits_235_reg_33075                 |   16|   0|   16|          0|
    |bits_236_reg_33080                 |   16|   0|   16|          0|
    |bits_237_reg_33085                 |   16|   0|   16|          0|
    |bits_reg_33090                     |   15|   0|   15|          0|
    |i_fu_2594                          |    6|   0|    6|          0|
    |lane_cur_10_addr_reg_32585         |    8|   0|    8|          0|
    |lane_cur_11_addr_reg_32596         |    8|   0|    8|          0|
    |lane_cur_12_addr_reg_32607         |    8|   0|    8|          0|
    |lane_cur_13_addr_reg_32618         |    8|   0|    8|          0|
    |lane_cur_14_addr_reg_32699         |    8|   0|    8|          0|
    |lane_cur_1_addr_reg_32486          |    8|   0|    8|          0|
    |lane_cur_2_addr_reg_32497          |    8|   0|    8|          0|
    |lane_cur_3_addr_reg_32508          |    8|   0|    8|          0|
    |lane_cur_4_addr_reg_32519          |    8|   0|    8|          0|
    |lane_cur_5_addr_reg_32530          |    8|   0|    8|          0|
    |lane_cur_6_addr_reg_32541          |    8|   0|    8|          0|
    |lane_cur_7_addr_reg_32552          |    8|   0|    8|          0|
    |lane_cur_8_addr_reg_32563          |    8|   0|    8|          0|
    |lane_cur_9_addr_reg_32574          |    8|   0|    8|          0|
    |lane_cur_addr_reg_32470            |    8|   0|    8|          0|
    |reuse_addr_reg215_fu_2578          |   64|   0|   64|          0|
    |reuse_addr_reg221_fu_2570          |   64|   0|   64|          0|
    |reuse_addr_reg227_fu_2562          |   64|   0|   64|          0|
    |reuse_addr_reg233_fu_2554          |   64|   0|   64|          0|
    |reuse_addr_reg239_fu_2546          |   64|   0|   64|          0|
    |reuse_addr_reg245_fu_2538          |   64|   0|   64|          0|
    |reuse_addr_reg251_fu_2530          |   64|   0|   64|          0|
    |reuse_addr_reg257_fu_2522          |   64|   0|   64|          0|
    |reuse_addr_reg263_fu_2514          |   64|   0|   64|          0|
    |reuse_addr_reg269_fu_2506          |   64|   0|   64|          0|
    |reuse_addr_reg275_fu_2498          |   64|   0|   64|          0|
    |reuse_addr_reg281_fu_2490          |   64|   0|   64|          0|
    |reuse_addr_reg287_fu_2482          |   64|   0|   64|          0|
    |reuse_addr_reg293_fu_2474          |   64|   0|   64|          0|
    |reuse_addr_reg_fu_2586             |   64|   0|   64|          0|
    |reuse_reg214_fu_2582               |   10|   0|   10|          0|
    |reuse_reg220_fu_2574               |   10|   0|   10|          0|
    |reuse_reg226_fu_2566               |   10|   0|   10|          0|
    |reuse_reg232_fu_2558               |   10|   0|   10|          0|
    |reuse_reg238_fu_2550               |   10|   0|   10|          0|
    |reuse_reg244_fu_2542               |   10|   0|   10|          0|
    |reuse_reg250_fu_2534               |   10|   0|   10|          0|
    |reuse_reg256_fu_2526               |   10|   0|   10|          0|
    |reuse_reg262_fu_2518               |   10|   0|   10|          0|
    |reuse_reg268_fu_2510               |   10|   0|   10|          0|
    |reuse_reg274_fu_2502               |   10|   0|   10|          0|
    |reuse_reg280_fu_2494               |   10|   0|   10|          0|
    |reuse_reg286_fu_2486               |   10|   0|   10|          0|
    |reuse_reg292_fu_2478               |   10|   0|   10|          0|
    |reuse_reg_fu_2590                  |   10|   0|   10|          0|
    |t_2_reg_31757                      |    6|   0|    6|          0|
    |tmp_10_reg_32669                   |   10|   0|   10|          0|
    |tmp_11_reg_32674                   |   10|   0|   10|          0|
    |tmp_12_reg_32679                   |   10|   0|   10|          0|
    |tmp_13_reg_32684                   |   10|   0|   10|          0|
    |tmp_14_reg_32689                   |   10|   0|   10|          0|
    |tmp_15_reg_33180                   |    9|   0|    9|          0|
    |tmp_16_reg_33190                   |    9|   0|    9|          0|
    |tmp_17_reg_33200                   |    9|   0|    9|          0|
    |tmp_18_reg_33210                   |    9|   0|    9|          0|
    |tmp_19_reg_33220                   |    9|   0|    9|          0|
    |tmp_1_reg_32624                    |   10|   0|   10|          0|
    |tmp_20_reg_33230                   |    9|   0|    9|          0|
    |tmp_21_reg_33240                   |    9|   0|    9|          0|
    |tmp_22_reg_33250                   |    9|   0|    9|          0|
    |tmp_23_reg_33260                   |    9|   0|    9|          0|
    |tmp_24_reg_33270                   |    9|   0|    9|          0|
    |tmp_25_reg_33280                   |    9|   0|    9|          0|
    |tmp_26_reg_33290                   |    9|   0|    9|          0|
    |tmp_27_reg_33300                   |    9|   0|    9|          0|
    |tmp_28_reg_33310                   |    9|   0|    9|          0|
    |tmp_2_reg_32629                    |   10|   0|   10|          0|
    |tmp_3_reg_32634                    |   10|   0|   10|          0|
    |tmp_4_reg_32639                    |   10|   0|   10|          0|
    |tmp_5_reg_32644                    |   10|   0|   10|          0|
    |tmp_6_reg_32649                    |   10|   0|   10|          0|
    |tmp_7_reg_32654                    |   10|   0|   10|          0|
    |tmp_8_reg_32659                    |   10|   0|   10|          0|
    |tmp_9_reg_32664                    |   10|   0|   10|          0|
    |tmp_reg_33170                      |    8|   0|    8|          0|
    |tmp_s_reg_32460                    |   10|   0|   10|          0|
    |w_15_reg_32916                     |  127|   0|  127|          0|
    |w_1_reg_32745                      |  127|   0|  127|          0|
    |w_2_reg_32764                      |  127|   0|  127|          0|
    |w_3_reg_32783                      |  127|   0|  127|          0|
    |w_4_reg_32802                      |  127|   0|  127|          0|
    |w_5_reg_32821                      |  127|   0|  127|          0|
    |w_6_reg_32840                      |  127|   0|  127|          0|
    |w_7_reg_32859                      |  127|   0|  127|          0|
    |w_8_reg_32878                      |  127|   0|  127|          0|
    |w_9_reg_32897                      |  127|   0|  127|          0|
    |bits_119_reg_32705                 |   64|  32|   16|          0|
    |bits_120_reg_32710                 |   64|  32|   16|          0|
    |bits_121_reg_32715                 |   64|  32|   16|          0|
    |bits_122_reg_32720                 |   64|  32|   16|          0|
    |bits_123_reg_32725                 |   64|  32|   16|          0|
    |bits_124_reg_32730                 |   64|  32|   16|          0|
    |bits_125_reg_32735                 |   64|  32|   16|          0|
    |bits_126_reg_32740                 |   64|  32|   15|          0|
    |bits_207_reg_32935                 |   64|  32|   16|          0|
    |bits_208_reg_32940                 |   64|  32|   16|          0|
    |bits_209_reg_32945                 |   64|  32|   16|          0|
    |bits_210_reg_32950                 |   64|  32|   16|          0|
    |bits_211_reg_32955                 |   64|  32|   16|          0|
    |bits_212_reg_32960                 |   64|  32|   16|          0|
    |bits_213_reg_32965                 |   64|  32|   16|          0|
    |bits_214_reg_32970                 |   64|  32|   15|          0|
    |bits_215_reg_32975                 |   64|  32|   16|          0|
    |bits_216_reg_32980                 |   64|  32|   16|          0|
    |bits_217_reg_32985                 |   64|  32|   16|          0|
    |bits_218_reg_32990                 |   64|  32|   16|          0|
    |bits_219_reg_32995                 |   64|  32|   16|          0|
    |bits_220_reg_33000                 |   64|  32|   16|          0|
    |bits_221_reg_33005                 |   64|  32|   16|          0|
    |bits_222_reg_33010                 |   64|  32|   15|          0|
    |bits_223_reg_33015                 |   64|  32|   16|          0|
    |bits_224_reg_33020                 |   64|  32|   16|          0|
    |bits_225_reg_33025                 |   64|  32|   16|          0|
    |bits_226_reg_33030                 |   64|  32|   16|          0|
    |bits_227_reg_33035                 |   64|  32|   16|          0|
    |bits_228_reg_33040                 |   64|  32|   16|          0|
    |bits_229_reg_33045                 |   64|  32|   16|          0|
    |bits_230_reg_33050                 |   64|  32|   15|          0|
    |bits_231_reg_33055                 |   64|  32|   16|          0|
    |bits_232_reg_33060                 |   64|  32|   16|          0|
    |bits_233_reg_33065                 |   64|  32|   16|          0|
    |bits_234_reg_33070                 |   64|  32|   16|          0|
    |bits_235_reg_33075                 |   64|  32|   16|          0|
    |bits_236_reg_33080                 |   64|  32|   16|          0|
    |bits_237_reg_33085                 |   64|  32|   16|          0|
    |bits_reg_33090                     |   64|  32|   15|          0|
    |t_2_reg_31757                      |   64|  32|    6|          0|
    |tmp_15_reg_33180                   |   64|  32|    9|          0|
    |tmp_16_reg_33190                   |   64|  32|    9|          0|
    |tmp_17_reg_33200                   |   64|  32|    9|          0|
    |tmp_18_reg_33210                   |   64|  32|    9|          0|
    |tmp_19_reg_33220                   |   64|  32|    9|          0|
    |tmp_20_reg_33230                   |   64|  32|    9|          0|
    |tmp_21_reg_33240                   |   64|  32|    9|          0|
    |tmp_22_reg_33250                   |   64|  32|    9|          0|
    |tmp_23_reg_33260                   |   64|  32|    9|          0|
    |tmp_24_reg_33270                   |   64|  32|    9|          0|
    |tmp_25_reg_33280                   |   64|  32|    9|          0|
    |tmp_26_reg_33290                   |   64|  32|    9|          0|
    |tmp_27_reg_33300                   |   64|  32|    9|          0|
    |tmp_28_reg_33310                   |   64|  32|    9|          0|
    |tmp_reg_33170                      |   64|  32|    8|          0|
    |w_15_reg_32916                     |   64|  32|  127|          0|
    |w_1_reg_32745                      |   64|  32|  127|          0|
    |w_2_reg_32764                      |   64|  32|  127|          0|
    |w_3_reg_32783                      |   64|  32|  127|          0|
    |w_4_reg_32802                      |   64|  32|  127|          0|
    |w_5_reg_32821                      |   64|  32|  127|          0|
    |w_6_reg_32840                      |   64|  32|  127|          0|
    |w_7_reg_32859                      |   64|  32|  127|          0|
    |w_8_reg_32878                      |   64|  32|  127|          0|
    |w_9_reg_32897                      |   64|  32|  127|          0|
    +-----------------------------------+-----+----+-----+-----------+
    |Total                              | 7705|2112| 5526|          0|
    +-----------------------------------+-----+----+-----+-----------+



================================================================
== Interface
================================================================
* Summary: 
+-----------------------+-----+-----+------------+-------------------------+--------------+
|       RTL Ports       | Dir | Bits|  Protocol  |      Source Object      |    C Type    |
+-----------------------+-----+-----+------------+-------------------------+--------------+
|ap_clk                 |   in|    1|  ap_ctrl_hs|  my_window_Pipeline_RANK|  return value|
|ap_rst                 |   in|    1|  ap_ctrl_hs|  my_window_Pipeline_RANK|  return value|
|ap_start               |   in|    1|  ap_ctrl_hs|  my_window_Pipeline_RANK|  return value|
|ap_done                |  out|    1|  ap_ctrl_hs|  my_window_Pipeline_RANK|  return value|
|ap_idle                |  out|    1|  ap_ctrl_hs|  my_window_Pipeline_RANK|  return value|
|ap_ready               |  out|    1|  ap_ctrl_hs|  my_window_Pipeline_RANK|  return value|
|srt_pres_224_address1  |  out|    6|   ap_memory|             srt_pres_224|         array|
|srt_pres_224_ce1       |  out|    1|   ap_memory|             srt_pres_224|         array|
|srt_pres_224_we1       |  out|    1|   ap_memory|             srt_pres_224|         array|
|srt_pres_224_d1        |  out|    1|   ap_memory|             srt_pres_224|         array|
|srt_pres_223_address1  |  out|    6|   ap_memory|             srt_pres_223|         array|
|srt_pres_223_ce1       |  out|    1|   ap_memory|             srt_pres_223|         array|
|srt_pres_223_we1       |  out|    1|   ap_memory|             srt_pres_223|         array|
|srt_pres_223_d1        |  out|    1|   ap_memory|             srt_pres_223|         array|
|srt_pres_222_address1  |  out|    6|   ap_memory|             srt_pres_222|         array|
|srt_pres_222_ce1       |  out|    1|   ap_memory|             srt_pres_222|         array|
|srt_pres_222_we1       |  out|    1|   ap_memory|             srt_pres_222|         array|
|srt_pres_222_d1        |  out|    1|   ap_memory|             srt_pres_222|         array|
|srt_pres_221_address1  |  out|    6|   ap_memory|             srt_pres_221|         array|
|srt_pres_221_ce1       |  out|    1|   ap_memory|             srt_pres_221|         array|
|srt_pres_221_we1       |  out|    1|   ap_memory|             srt_pres_221|         array|
|srt_pres_221_d1        |  out|    1|   ap_memory|             srt_pres_221|         array|
|srt_pres_220_address1  |  out|    6|   ap_memory|             srt_pres_220|         array|
|srt_pres_220_ce1       |  out|    1|   ap_memory|             srt_pres_220|         array|
|srt_pres_220_we1       |  out|    1|   ap_memory|             srt_pres_220|         array|
|srt_pres_220_d1        |  out|    1|   ap_memory|             srt_pres_220|         array|
|srt_pres_219_address1  |  out|    6|   ap_memory|             srt_pres_219|         array|
|srt_pres_219_ce1       |  out|    1|   ap_memory|             srt_pres_219|         array|
|srt_pres_219_we1       |  out|    1|   ap_memory|             srt_pres_219|         array|
|srt_pres_219_d1        |  out|    1|   ap_memory|             srt_pres_219|         array|
|srt_pres_218_address1  |  out|    6|   ap_memory|             srt_pres_218|         array|
|srt_pres_218_ce1       |  out|    1|   ap_memory|             srt_pres_218|         array|
|srt_pres_218_we1       |  out|    1|   ap_memory|             srt_pres_218|         array|
|srt_pres_218_d1        |  out|    1|   ap_memory|             srt_pres_218|         array|
|srt_pres_217_address1  |  out|    6|   ap_memory|             srt_pres_217|         array|
|srt_pres_217_ce1       |  out|    1|   ap_memory|             srt_pres_217|         array|
|srt_pres_217_we1       |  out|    1|   ap_memory|             srt_pres_217|         array|
|srt_pres_217_d1        |  out|    1|   ap_memory|             srt_pres_217|         array|
|srt_pres_216_address1  |  out|    6|   ap_memory|             srt_pres_216|         array|
|srt_pres_216_ce1       |  out|    1|   ap_memory|             srt_pres_216|         array|
|srt_pres_216_we1       |  out|    1|   ap_memory|             srt_pres_216|         array|
|srt_pres_216_d1        |  out|    1|   ap_memory|             srt_pres_216|         array|
|srt_pres_215_address1  |  out|    6|   ap_memory|             srt_pres_215|         array|
|srt_pres_215_ce1       |  out|    1|   ap_memory|             srt_pres_215|         array|
|srt_pres_215_we1       |  out|    1|   ap_memory|             srt_pres_215|         array|
|srt_pres_215_d1        |  out|    1|   ap_memory|             srt_pres_215|         array|
|srt_pres_214_address1  |  out|    6|   ap_memory|             srt_pres_214|         array|
|srt_pres_214_ce1       |  out|    1|   ap_memory|             srt_pres_214|         array|
|srt_pres_214_we1       |  out|    1|   ap_memory|             srt_pres_214|         array|
|srt_pres_214_d1        |  out|    1|   ap_memory|             srt_pres_214|         array|
|srt_pres_213_address1  |  out|    6|   ap_memory|             srt_pres_213|         array|
|srt_pres_213_ce1       |  out|    1|   ap_memory|             srt_pres_213|         array|
|srt_pres_213_we1       |  out|    1|   ap_memory|             srt_pres_213|         array|
|srt_pres_213_d1        |  out|    1|   ap_memory|             srt_pres_213|         array|
|srt_pres_212_address1  |  out|    6|   ap_memory|             srt_pres_212|         array|
|srt_pres_212_ce1       |  out|    1|   ap_memory|             srt_pres_212|         array|
|srt_pres_212_we1       |  out|    1|   ap_memory|             srt_pres_212|         array|
|srt_pres_212_d1        |  out|    1|   ap_memory|             srt_pres_212|         array|
|srt_pres_211_address1  |  out|    6|   ap_memory|             srt_pres_211|         array|
|srt_pres_211_ce1       |  out|    1|   ap_memory|             srt_pres_211|         array|
|srt_pres_211_we1       |  out|    1|   ap_memory|             srt_pres_211|         array|
|srt_pres_211_d1        |  out|    1|   ap_memory|             srt_pres_211|         array|
|srt_pres_210_address1  |  out|    6|   ap_memory|             srt_pres_210|         array|
|srt_pres_210_ce1       |  out|    1|   ap_memory|             srt_pres_210|         array|
|srt_pres_210_we1       |  out|    1|   ap_memory|             srt_pres_210|         array|
|srt_pres_210_d1        |  out|    1|   ap_memory|             srt_pres_210|         array|
|srt_pres_209_address1  |  out|    6|   ap_memory|             srt_pres_209|         array|
|srt_pres_209_ce1       |  out|    1|   ap_memory|             srt_pres_209|         array|
|srt_pres_209_we1       |  out|    1|   ap_memory|             srt_pres_209|         array|
|srt_pres_209_d1        |  out|    1|   ap_memory|             srt_pres_209|         array|
|srt_pres_208_address1  |  out|    6|   ap_memory|             srt_pres_208|         array|
|srt_pres_208_ce1       |  out|    1|   ap_memory|             srt_pres_208|         array|
|srt_pres_208_we1       |  out|    1|   ap_memory|             srt_pres_208|         array|
|srt_pres_208_d1        |  out|    1|   ap_memory|             srt_pres_208|         array|
|srt_pres_207_address1  |  out|    6|   ap_memory|             srt_pres_207|         array|
|srt_pres_207_ce1       |  out|    1|   ap_memory|             srt_pres_207|         array|
|srt_pres_207_we1       |  out|    1|   ap_memory|             srt_pres_207|         array|
|srt_pres_207_d1        |  out|    1|   ap_memory|             srt_pres_207|         array|
|srt_pres_206_address1  |  out|    6|   ap_memory|             srt_pres_206|         array|
|srt_pres_206_ce1       |  out|    1|   ap_memory|             srt_pres_206|         array|
|srt_pres_206_we1       |  out|    1|   ap_memory|             srt_pres_206|         array|
|srt_pres_206_d1        |  out|    1|   ap_memory|             srt_pres_206|         array|
|srt_pres_205_address1  |  out|    6|   ap_memory|             srt_pres_205|         array|
|srt_pres_205_ce1       |  out|    1|   ap_memory|             srt_pres_205|         array|
|srt_pres_205_we1       |  out|    1|   ap_memory|             srt_pres_205|         array|
|srt_pres_205_d1        |  out|    1|   ap_memory|             srt_pres_205|         array|
|srt_pres_204_address1  |  out|    6|   ap_memory|             srt_pres_204|         array|
|srt_pres_204_ce1       |  out|    1|   ap_memory|             srt_pres_204|         array|
|srt_pres_204_we1       |  out|    1|   ap_memory|             srt_pres_204|         array|
|srt_pres_204_d1        |  out|    1|   ap_memory|             srt_pres_204|         array|
|srt_pres_203_address1  |  out|    6|   ap_memory|             srt_pres_203|         array|
|srt_pres_203_ce1       |  out|    1|   ap_memory|             srt_pres_203|         array|
|srt_pres_203_we1       |  out|    1|   ap_memory|             srt_pres_203|         array|
|srt_pres_203_d1        |  out|    1|   ap_memory|             srt_pres_203|         array|
|srt_pres_202_address1  |  out|    6|   ap_memory|             srt_pres_202|         array|
|srt_pres_202_ce1       |  out|    1|   ap_memory|             srt_pres_202|         array|
|srt_pres_202_we1       |  out|    1|   ap_memory|             srt_pres_202|         array|
|srt_pres_202_d1        |  out|    1|   ap_memory|             srt_pres_202|         array|
|srt_pres_201_address1  |  out|    6|   ap_memory|             srt_pres_201|         array|
|srt_pres_201_ce1       |  out|    1|   ap_memory|             srt_pres_201|         array|
|srt_pres_201_we1       |  out|    1|   ap_memory|             srt_pres_201|         array|
|srt_pres_201_d1        |  out|    1|   ap_memory|             srt_pres_201|         array|
|srt_pres_200_address1  |  out|    6|   ap_memory|             srt_pres_200|         array|
|srt_pres_200_ce1       |  out|    1|   ap_memory|             srt_pres_200|         array|
|srt_pres_200_we1       |  out|    1|   ap_memory|             srt_pres_200|         array|
|srt_pres_200_d1        |  out|    1|   ap_memory|             srt_pres_200|         array|
|srt_pres_199_address1  |  out|    6|   ap_memory|             srt_pres_199|         array|
|srt_pres_199_ce1       |  out|    1|   ap_memory|             srt_pres_199|         array|
|srt_pres_199_we1       |  out|    1|   ap_memory|             srt_pres_199|         array|
|srt_pres_199_d1        |  out|    1|   ap_memory|             srt_pres_199|         array|
|srt_pres_198_address1  |  out|    6|   ap_memory|             srt_pres_198|         array|
|srt_pres_198_ce1       |  out|    1|   ap_memory|             srt_pres_198|         array|
|srt_pres_198_we1       |  out|    1|   ap_memory|             srt_pres_198|         array|
|srt_pres_198_d1        |  out|    1|   ap_memory|             srt_pres_198|         array|
|srt_pres_197_address1  |  out|    6|   ap_memory|             srt_pres_197|         array|
|srt_pres_197_ce1       |  out|    1|   ap_memory|             srt_pres_197|         array|
|srt_pres_197_we1       |  out|    1|   ap_memory|             srt_pres_197|         array|
|srt_pres_197_d1        |  out|    1|   ap_memory|             srt_pres_197|         array|
|srt_pres_196_address1  |  out|    6|   ap_memory|             srt_pres_196|         array|
|srt_pres_196_ce1       |  out|    1|   ap_memory|             srt_pres_196|         array|
|srt_pres_196_we1       |  out|    1|   ap_memory|             srt_pres_196|         array|
|srt_pres_196_d1        |  out|    1|   ap_memory|             srt_pres_196|         array|
|srt_pres_195_address1  |  out|    6|   ap_memory|             srt_pres_195|         array|
|srt_pres_195_ce1       |  out|    1|   ap_memory|             srt_pres_195|         array|
|srt_pres_195_we1       |  out|    1|   ap_memory|             srt_pres_195|         array|
|srt_pres_195_d1        |  out|    1|   ap_memory|             srt_pres_195|         array|
|srt_pres_194_address1  |  out|    6|   ap_memory|             srt_pres_194|         array|
|srt_pres_194_ce1       |  out|    1|   ap_memory|             srt_pres_194|         array|
|srt_pres_194_we1       |  out|    1|   ap_memory|             srt_pres_194|         array|
|srt_pres_194_d1        |  out|    1|   ap_memory|             srt_pres_194|         array|
|srt_pres_193_address1  |  out|    6|   ap_memory|             srt_pres_193|         array|
|srt_pres_193_ce1       |  out|    1|   ap_memory|             srt_pres_193|         array|
|srt_pres_193_we1       |  out|    1|   ap_memory|             srt_pres_193|         array|
|srt_pres_193_d1        |  out|    1|   ap_memory|             srt_pres_193|         array|
|srt_pres_192_address1  |  out|    6|   ap_memory|             srt_pres_192|         array|
|srt_pres_192_ce1       |  out|    1|   ap_memory|             srt_pres_192|         array|
|srt_pres_192_we1       |  out|    1|   ap_memory|             srt_pres_192|         array|
|srt_pres_192_d1        |  out|    1|   ap_memory|             srt_pres_192|         array|
|srt_pres_191_address1  |  out|    6|   ap_memory|             srt_pres_191|         array|
|srt_pres_191_ce1       |  out|    1|   ap_memory|             srt_pres_191|         array|
|srt_pres_191_we1       |  out|    1|   ap_memory|             srt_pres_191|         array|
|srt_pres_191_d1        |  out|    1|   ap_memory|             srt_pres_191|         array|
|srt_pres_190_address1  |  out|    6|   ap_memory|             srt_pres_190|         array|
|srt_pres_190_ce1       |  out|    1|   ap_memory|             srt_pres_190|         array|
|srt_pres_190_we1       |  out|    1|   ap_memory|             srt_pres_190|         array|
|srt_pres_190_d1        |  out|    1|   ap_memory|             srt_pres_190|         array|
|srt_pres_189_address1  |  out|    6|   ap_memory|             srt_pres_189|         array|
|srt_pres_189_ce1       |  out|    1|   ap_memory|             srt_pres_189|         array|
|srt_pres_189_we1       |  out|    1|   ap_memory|             srt_pres_189|         array|
|srt_pres_189_d1        |  out|    1|   ap_memory|             srt_pres_189|         array|
|srt_pres_188_address1  |  out|    6|   ap_memory|             srt_pres_188|         array|
|srt_pres_188_ce1       |  out|    1|   ap_memory|             srt_pres_188|         array|
|srt_pres_188_we1       |  out|    1|   ap_memory|             srt_pres_188|         array|
|srt_pres_188_d1        |  out|    1|   ap_memory|             srt_pres_188|         array|
|srt_pres_187_address1  |  out|    6|   ap_memory|             srt_pres_187|         array|
|srt_pres_187_ce1       |  out|    1|   ap_memory|             srt_pres_187|         array|
|srt_pres_187_we1       |  out|    1|   ap_memory|             srt_pres_187|         array|
|srt_pres_187_d1        |  out|    1|   ap_memory|             srt_pres_187|         array|
|srt_pres_186_address1  |  out|    6|   ap_memory|             srt_pres_186|         array|
|srt_pres_186_ce1       |  out|    1|   ap_memory|             srt_pres_186|         array|
|srt_pres_186_we1       |  out|    1|   ap_memory|             srt_pres_186|         array|
|srt_pres_186_d1        |  out|    1|   ap_memory|             srt_pres_186|         array|
|srt_pres_185_address1  |  out|    6|   ap_memory|             srt_pres_185|         array|
|srt_pres_185_ce1       |  out|    1|   ap_memory|             srt_pres_185|         array|
|srt_pres_185_we1       |  out|    1|   ap_memory|             srt_pres_185|         array|
|srt_pres_185_d1        |  out|    1|   ap_memory|             srt_pres_185|         array|
|srt_pres_184_address1  |  out|    6|   ap_memory|             srt_pres_184|         array|
|srt_pres_184_ce1       |  out|    1|   ap_memory|             srt_pres_184|         array|
|srt_pres_184_we1       |  out|    1|   ap_memory|             srt_pres_184|         array|
|srt_pres_184_d1        |  out|    1|   ap_memory|             srt_pres_184|         array|
|srt_pres_183_address1  |  out|    6|   ap_memory|             srt_pres_183|         array|
|srt_pres_183_ce1       |  out|    1|   ap_memory|             srt_pres_183|         array|
|srt_pres_183_we1       |  out|    1|   ap_memory|             srt_pres_183|         array|
|srt_pres_183_d1        |  out|    1|   ap_memory|             srt_pres_183|         array|
|srt_pres_182_address1  |  out|    6|   ap_memory|             srt_pres_182|         array|
|srt_pres_182_ce1       |  out|    1|   ap_memory|             srt_pres_182|         array|
|srt_pres_182_we1       |  out|    1|   ap_memory|             srt_pres_182|         array|
|srt_pres_182_d1        |  out|    1|   ap_memory|             srt_pres_182|         array|
|srt_pres_181_address1  |  out|    6|   ap_memory|             srt_pres_181|         array|
|srt_pres_181_ce1       |  out|    1|   ap_memory|             srt_pres_181|         array|
|srt_pres_181_we1       |  out|    1|   ap_memory|             srt_pres_181|         array|
|srt_pres_181_d1        |  out|    1|   ap_memory|             srt_pres_181|         array|
|srt_pres_180_address1  |  out|    6|   ap_memory|             srt_pres_180|         array|
|srt_pres_180_ce1       |  out|    1|   ap_memory|             srt_pres_180|         array|
|srt_pres_180_we1       |  out|    1|   ap_memory|             srt_pres_180|         array|
|srt_pres_180_d1        |  out|    1|   ap_memory|             srt_pres_180|         array|
|srt_pres_179_address1  |  out|    6|   ap_memory|             srt_pres_179|         array|
|srt_pres_179_ce1       |  out|    1|   ap_memory|             srt_pres_179|         array|
|srt_pres_179_we1       |  out|    1|   ap_memory|             srt_pres_179|         array|
|srt_pres_179_d1        |  out|    1|   ap_memory|             srt_pres_179|         array|
|srt_pres_178_address1  |  out|    6|   ap_memory|             srt_pres_178|         array|
|srt_pres_178_ce1       |  out|    1|   ap_memory|             srt_pres_178|         array|
|srt_pres_178_we1       |  out|    1|   ap_memory|             srt_pres_178|         array|
|srt_pres_178_d1        |  out|    1|   ap_memory|             srt_pres_178|         array|
|srt_pres_177_address1  |  out|    6|   ap_memory|             srt_pres_177|         array|
|srt_pres_177_ce1       |  out|    1|   ap_memory|             srt_pres_177|         array|
|srt_pres_177_we1       |  out|    1|   ap_memory|             srt_pres_177|         array|
|srt_pres_177_d1        |  out|    1|   ap_memory|             srt_pres_177|         array|
|srt_pres_176_address1  |  out|    6|   ap_memory|             srt_pres_176|         array|
|srt_pres_176_ce1       |  out|    1|   ap_memory|             srt_pres_176|         array|
|srt_pres_176_we1       |  out|    1|   ap_memory|             srt_pres_176|         array|
|srt_pres_176_d1        |  out|    1|   ap_memory|             srt_pres_176|         array|
|srt_pres_175_address1  |  out|    6|   ap_memory|             srt_pres_175|         array|
|srt_pres_175_ce1       |  out|    1|   ap_memory|             srt_pres_175|         array|
|srt_pres_175_we1       |  out|    1|   ap_memory|             srt_pres_175|         array|
|srt_pres_175_d1        |  out|    1|   ap_memory|             srt_pres_175|         array|
|srt_pres_174_address1  |  out|    6|   ap_memory|             srt_pres_174|         array|
|srt_pres_174_ce1       |  out|    1|   ap_memory|             srt_pres_174|         array|
|srt_pres_174_we1       |  out|    1|   ap_memory|             srt_pres_174|         array|
|srt_pres_174_d1        |  out|    1|   ap_memory|             srt_pres_174|         array|
|srt_pres_173_address1  |  out|    6|   ap_memory|             srt_pres_173|         array|
|srt_pres_173_ce1       |  out|    1|   ap_memory|             srt_pres_173|         array|
|srt_pres_173_we1       |  out|    1|   ap_memory|             srt_pres_173|         array|
|srt_pres_173_d1        |  out|    1|   ap_memory|             srt_pres_173|         array|
|srt_pres_172_address1  |  out|    6|   ap_memory|             srt_pres_172|         array|
|srt_pres_172_ce1       |  out|    1|   ap_memory|             srt_pres_172|         array|
|srt_pres_172_we1       |  out|    1|   ap_memory|             srt_pres_172|         array|
|srt_pres_172_d1        |  out|    1|   ap_memory|             srt_pres_172|         array|
|srt_pres_171_address1  |  out|    6|   ap_memory|             srt_pres_171|         array|
|srt_pres_171_ce1       |  out|    1|   ap_memory|             srt_pres_171|         array|
|srt_pres_171_we1       |  out|    1|   ap_memory|             srt_pres_171|         array|
|srt_pres_171_d1        |  out|    1|   ap_memory|             srt_pres_171|         array|
|srt_pres_170_address1  |  out|    6|   ap_memory|             srt_pres_170|         array|
|srt_pres_170_ce1       |  out|    1|   ap_memory|             srt_pres_170|         array|
|srt_pres_170_we1       |  out|    1|   ap_memory|             srt_pres_170|         array|
|srt_pres_170_d1        |  out|    1|   ap_memory|             srt_pres_170|         array|
|srt_pres_169_address1  |  out|    6|   ap_memory|             srt_pres_169|         array|
|srt_pres_169_ce1       |  out|    1|   ap_memory|             srt_pres_169|         array|
|srt_pres_169_we1       |  out|    1|   ap_memory|             srt_pres_169|         array|
|srt_pres_169_d1        |  out|    1|   ap_memory|             srt_pres_169|         array|
|srt_pres_168_address1  |  out|    6|   ap_memory|             srt_pres_168|         array|
|srt_pres_168_ce1       |  out|    1|   ap_memory|             srt_pres_168|         array|
|srt_pres_168_we1       |  out|    1|   ap_memory|             srt_pres_168|         array|
|srt_pres_168_d1        |  out|    1|   ap_memory|             srt_pres_168|         array|
|srt_pres_167_address1  |  out|    6|   ap_memory|             srt_pres_167|         array|
|srt_pres_167_ce1       |  out|    1|   ap_memory|             srt_pres_167|         array|
|srt_pres_167_we1       |  out|    1|   ap_memory|             srt_pres_167|         array|
|srt_pres_167_d1        |  out|    1|   ap_memory|             srt_pres_167|         array|
|srt_pres_166_address1  |  out|    6|   ap_memory|             srt_pres_166|         array|
|srt_pres_166_ce1       |  out|    1|   ap_memory|             srt_pres_166|         array|
|srt_pres_166_we1       |  out|    1|   ap_memory|             srt_pres_166|         array|
|srt_pres_166_d1        |  out|    1|   ap_memory|             srt_pres_166|         array|
|srt_pres_165_address1  |  out|    6|   ap_memory|             srt_pres_165|         array|
|srt_pres_165_ce1       |  out|    1|   ap_memory|             srt_pres_165|         array|
|srt_pres_165_we1       |  out|    1|   ap_memory|             srt_pres_165|         array|
|srt_pres_165_d1        |  out|    1|   ap_memory|             srt_pres_165|         array|
|srt_pres_164_address1  |  out|    6|   ap_memory|             srt_pres_164|         array|
|srt_pres_164_ce1       |  out|    1|   ap_memory|             srt_pres_164|         array|
|srt_pres_164_we1       |  out|    1|   ap_memory|             srt_pres_164|         array|
|srt_pres_164_d1        |  out|    1|   ap_memory|             srt_pres_164|         array|
|srt_pres_163_address1  |  out|    6|   ap_memory|             srt_pres_163|         array|
|srt_pres_163_ce1       |  out|    1|   ap_memory|             srt_pres_163|         array|
|srt_pres_163_we1       |  out|    1|   ap_memory|             srt_pres_163|         array|
|srt_pres_163_d1        |  out|    1|   ap_memory|             srt_pres_163|         array|
|srt_pres_162_address1  |  out|    6|   ap_memory|             srt_pres_162|         array|
|srt_pres_162_ce1       |  out|    1|   ap_memory|             srt_pres_162|         array|
|srt_pres_162_we1       |  out|    1|   ap_memory|             srt_pres_162|         array|
|srt_pres_162_d1        |  out|    1|   ap_memory|             srt_pres_162|         array|
|srt_pres_161_address1  |  out|    6|   ap_memory|             srt_pres_161|         array|
|srt_pres_161_ce1       |  out|    1|   ap_memory|             srt_pres_161|         array|
|srt_pres_161_we1       |  out|    1|   ap_memory|             srt_pres_161|         array|
|srt_pres_161_d1        |  out|    1|   ap_memory|             srt_pres_161|         array|
|srt_pres_160_address1  |  out|    6|   ap_memory|             srt_pres_160|         array|
|srt_pres_160_ce1       |  out|    1|   ap_memory|             srt_pres_160|         array|
|srt_pres_160_we1       |  out|    1|   ap_memory|             srt_pres_160|         array|
|srt_pres_160_d1        |  out|    1|   ap_memory|             srt_pres_160|         array|
|srt_pres_159_address1  |  out|    6|   ap_memory|             srt_pres_159|         array|
|srt_pres_159_ce1       |  out|    1|   ap_memory|             srt_pres_159|         array|
|srt_pres_159_we1       |  out|    1|   ap_memory|             srt_pres_159|         array|
|srt_pres_159_d1        |  out|    1|   ap_memory|             srt_pres_159|         array|
|srt_pres_158_address1  |  out|    6|   ap_memory|             srt_pres_158|         array|
|srt_pres_158_ce1       |  out|    1|   ap_memory|             srt_pres_158|         array|
|srt_pres_158_we1       |  out|    1|   ap_memory|             srt_pres_158|         array|
|srt_pres_158_d1        |  out|    1|   ap_memory|             srt_pres_158|         array|
|srt_pres_157_address1  |  out|    6|   ap_memory|             srt_pres_157|         array|
|srt_pres_157_ce1       |  out|    1|   ap_memory|             srt_pres_157|         array|
|srt_pres_157_we1       |  out|    1|   ap_memory|             srt_pres_157|         array|
|srt_pres_157_d1        |  out|    1|   ap_memory|             srt_pres_157|         array|
|srt_pres_156_address1  |  out|    6|   ap_memory|             srt_pres_156|         array|
|srt_pres_156_ce1       |  out|    1|   ap_memory|             srt_pres_156|         array|
|srt_pres_156_we1       |  out|    1|   ap_memory|             srt_pres_156|         array|
|srt_pres_156_d1        |  out|    1|   ap_memory|             srt_pres_156|         array|
|srt_pres_155_address1  |  out|    6|   ap_memory|             srt_pres_155|         array|
|srt_pres_155_ce1       |  out|    1|   ap_memory|             srt_pres_155|         array|
|srt_pres_155_we1       |  out|    1|   ap_memory|             srt_pres_155|         array|
|srt_pres_155_d1        |  out|    1|   ap_memory|             srt_pres_155|         array|
|srt_pres_154_address1  |  out|    6|   ap_memory|             srt_pres_154|         array|
|srt_pres_154_ce1       |  out|    1|   ap_memory|             srt_pres_154|         array|
|srt_pres_154_we1       |  out|    1|   ap_memory|             srt_pres_154|         array|
|srt_pres_154_d1        |  out|    1|   ap_memory|             srt_pres_154|         array|
|srt_pres_153_address1  |  out|    6|   ap_memory|             srt_pres_153|         array|
|srt_pres_153_ce1       |  out|    1|   ap_memory|             srt_pres_153|         array|
|srt_pres_153_we1       |  out|    1|   ap_memory|             srt_pres_153|         array|
|srt_pres_153_d1        |  out|    1|   ap_memory|             srt_pres_153|         array|
|srt_pres_152_address1  |  out|    6|   ap_memory|             srt_pres_152|         array|
|srt_pres_152_ce1       |  out|    1|   ap_memory|             srt_pres_152|         array|
|srt_pres_152_we1       |  out|    1|   ap_memory|             srt_pres_152|         array|
|srt_pres_152_d1        |  out|    1|   ap_memory|             srt_pres_152|         array|
|srt_pres_151_address1  |  out|    6|   ap_memory|             srt_pres_151|         array|
|srt_pres_151_ce1       |  out|    1|   ap_memory|             srt_pres_151|         array|
|srt_pres_151_we1       |  out|    1|   ap_memory|             srt_pres_151|         array|
|srt_pres_151_d1        |  out|    1|   ap_memory|             srt_pres_151|         array|
|srt_pres_150_address1  |  out|    6|   ap_memory|             srt_pres_150|         array|
|srt_pres_150_ce1       |  out|    1|   ap_memory|             srt_pres_150|         array|
|srt_pres_150_we1       |  out|    1|   ap_memory|             srt_pres_150|         array|
|srt_pres_150_d1        |  out|    1|   ap_memory|             srt_pres_150|         array|
|srt_pres_149_address1  |  out|    6|   ap_memory|             srt_pres_149|         array|
|srt_pres_149_ce1       |  out|    1|   ap_memory|             srt_pres_149|         array|
|srt_pres_149_we1       |  out|    1|   ap_memory|             srt_pres_149|         array|
|srt_pres_149_d1        |  out|    1|   ap_memory|             srt_pres_149|         array|
|srt_pres_148_address1  |  out|    6|   ap_memory|             srt_pres_148|         array|
|srt_pres_148_ce1       |  out|    1|   ap_memory|             srt_pres_148|         array|
|srt_pres_148_we1       |  out|    1|   ap_memory|             srt_pres_148|         array|
|srt_pres_148_d1        |  out|    1|   ap_memory|             srt_pres_148|         array|
|srt_pres_147_address1  |  out|    6|   ap_memory|             srt_pres_147|         array|
|srt_pres_147_ce1       |  out|    1|   ap_memory|             srt_pres_147|         array|
|srt_pres_147_we1       |  out|    1|   ap_memory|             srt_pres_147|         array|
|srt_pres_147_d1        |  out|    1|   ap_memory|             srt_pres_147|         array|
|srt_pres_146_address1  |  out|    6|   ap_memory|             srt_pres_146|         array|
|srt_pres_146_ce1       |  out|    1|   ap_memory|             srt_pres_146|         array|
|srt_pres_146_we1       |  out|    1|   ap_memory|             srt_pres_146|         array|
|srt_pres_146_d1        |  out|    1|   ap_memory|             srt_pres_146|         array|
|srt_pres_145_address1  |  out|    6|   ap_memory|             srt_pres_145|         array|
|srt_pres_145_ce1       |  out|    1|   ap_memory|             srt_pres_145|         array|
|srt_pres_145_we1       |  out|    1|   ap_memory|             srt_pres_145|         array|
|srt_pres_145_d1        |  out|    1|   ap_memory|             srt_pres_145|         array|
|srt_pres_144_address1  |  out|    6|   ap_memory|             srt_pres_144|         array|
|srt_pres_144_ce1       |  out|    1|   ap_memory|             srt_pres_144|         array|
|srt_pres_144_we1       |  out|    1|   ap_memory|             srt_pres_144|         array|
|srt_pres_144_d1        |  out|    1|   ap_memory|             srt_pres_144|         array|
|srt_pres_143_address1  |  out|    6|   ap_memory|             srt_pres_143|         array|
|srt_pres_143_ce1       |  out|    1|   ap_memory|             srt_pres_143|         array|
|srt_pres_143_we1       |  out|    1|   ap_memory|             srt_pres_143|         array|
|srt_pres_143_d1        |  out|    1|   ap_memory|             srt_pres_143|         array|
|srt_pres_142_address1  |  out|    6|   ap_memory|             srt_pres_142|         array|
|srt_pres_142_ce1       |  out|    1|   ap_memory|             srt_pres_142|         array|
|srt_pres_142_we1       |  out|    1|   ap_memory|             srt_pres_142|         array|
|srt_pres_142_d1        |  out|    1|   ap_memory|             srt_pres_142|         array|
|srt_pres_141_address1  |  out|    6|   ap_memory|             srt_pres_141|         array|
|srt_pres_141_ce1       |  out|    1|   ap_memory|             srt_pres_141|         array|
|srt_pres_141_we1       |  out|    1|   ap_memory|             srt_pres_141|         array|
|srt_pres_141_d1        |  out|    1|   ap_memory|             srt_pres_141|         array|
|srt_pres_140_address1  |  out|    6|   ap_memory|             srt_pres_140|         array|
|srt_pres_140_ce1       |  out|    1|   ap_memory|             srt_pres_140|         array|
|srt_pres_140_we1       |  out|    1|   ap_memory|             srt_pres_140|         array|
|srt_pres_140_d1        |  out|    1|   ap_memory|             srt_pres_140|         array|
|srt_pres_139_address1  |  out|    6|   ap_memory|             srt_pres_139|         array|
|srt_pres_139_ce1       |  out|    1|   ap_memory|             srt_pres_139|         array|
|srt_pres_139_we1       |  out|    1|   ap_memory|             srt_pres_139|         array|
|srt_pres_139_d1        |  out|    1|   ap_memory|             srt_pres_139|         array|
|srt_pres_138_address1  |  out|    6|   ap_memory|             srt_pres_138|         array|
|srt_pres_138_ce1       |  out|    1|   ap_memory|             srt_pres_138|         array|
|srt_pres_138_we1       |  out|    1|   ap_memory|             srt_pres_138|         array|
|srt_pres_138_d1        |  out|    1|   ap_memory|             srt_pres_138|         array|
|srt_pres_137_address1  |  out|    6|   ap_memory|             srt_pres_137|         array|
|srt_pres_137_ce1       |  out|    1|   ap_memory|             srt_pres_137|         array|
|srt_pres_137_we1       |  out|    1|   ap_memory|             srt_pres_137|         array|
|srt_pres_137_d1        |  out|    1|   ap_memory|             srt_pres_137|         array|
|srt_pres_136_address1  |  out|    6|   ap_memory|             srt_pres_136|         array|
|srt_pres_136_ce1       |  out|    1|   ap_memory|             srt_pres_136|         array|
|srt_pres_136_we1       |  out|    1|   ap_memory|             srt_pres_136|         array|
|srt_pres_136_d1        |  out|    1|   ap_memory|             srt_pres_136|         array|
|srt_pres_135_address1  |  out|    6|   ap_memory|             srt_pres_135|         array|
|srt_pres_135_ce1       |  out|    1|   ap_memory|             srt_pres_135|         array|
|srt_pres_135_we1       |  out|    1|   ap_memory|             srt_pres_135|         array|
|srt_pres_135_d1        |  out|    1|   ap_memory|             srt_pres_135|         array|
|srt_pres_134_address1  |  out|    6|   ap_memory|             srt_pres_134|         array|
|srt_pres_134_ce1       |  out|    1|   ap_memory|             srt_pres_134|         array|
|srt_pres_134_we1       |  out|    1|   ap_memory|             srt_pres_134|         array|
|srt_pres_134_d1        |  out|    1|   ap_memory|             srt_pres_134|         array|
|srt_pres_133_address1  |  out|    6|   ap_memory|             srt_pres_133|         array|
|srt_pres_133_ce1       |  out|    1|   ap_memory|             srt_pres_133|         array|
|srt_pres_133_we1       |  out|    1|   ap_memory|             srt_pres_133|         array|
|srt_pres_133_d1        |  out|    1|   ap_memory|             srt_pres_133|         array|
|srt_pres_132_address1  |  out|    6|   ap_memory|             srt_pres_132|         array|
|srt_pres_132_ce1       |  out|    1|   ap_memory|             srt_pres_132|         array|
|srt_pres_132_we1       |  out|    1|   ap_memory|             srt_pres_132|         array|
|srt_pres_132_d1        |  out|    1|   ap_memory|             srt_pres_132|         array|
|srt_pres_131_address1  |  out|    6|   ap_memory|             srt_pres_131|         array|
|srt_pres_131_ce1       |  out|    1|   ap_memory|             srt_pres_131|         array|
|srt_pres_131_we1       |  out|    1|   ap_memory|             srt_pres_131|         array|
|srt_pres_131_d1        |  out|    1|   ap_memory|             srt_pres_131|         array|
|srt_pres_130_address1  |  out|    6|   ap_memory|             srt_pres_130|         array|
|srt_pres_130_ce1       |  out|    1|   ap_memory|             srt_pres_130|         array|
|srt_pres_130_we1       |  out|    1|   ap_memory|             srt_pres_130|         array|
|srt_pres_130_d1        |  out|    1|   ap_memory|             srt_pres_130|         array|
|srt_pres_129_address1  |  out|    6|   ap_memory|             srt_pres_129|         array|
|srt_pres_129_ce1       |  out|    1|   ap_memory|             srt_pres_129|         array|
|srt_pres_129_we1       |  out|    1|   ap_memory|             srt_pres_129|         array|
|srt_pres_129_d1        |  out|    1|   ap_memory|             srt_pres_129|         array|
|srt_pres_128_address1  |  out|    6|   ap_memory|             srt_pres_128|         array|
|srt_pres_128_ce1       |  out|    1|   ap_memory|             srt_pres_128|         array|
|srt_pres_128_we1       |  out|    1|   ap_memory|             srt_pres_128|         array|
|srt_pres_128_d1        |  out|    1|   ap_memory|             srt_pres_128|         array|
|srt_pres_127_address1  |  out|    6|   ap_memory|             srt_pres_127|         array|
|srt_pres_127_ce1       |  out|    1|   ap_memory|             srt_pres_127|         array|
|srt_pres_127_we1       |  out|    1|   ap_memory|             srt_pres_127|         array|
|srt_pres_127_d1        |  out|    1|   ap_memory|             srt_pres_127|         array|
|srt_pres_126_address1  |  out|    6|   ap_memory|             srt_pres_126|         array|
|srt_pres_126_ce1       |  out|    1|   ap_memory|             srt_pres_126|         array|
|srt_pres_126_we1       |  out|    1|   ap_memory|             srt_pres_126|         array|
|srt_pres_126_d1        |  out|    1|   ap_memory|             srt_pres_126|         array|
|srt_pres_125_address1  |  out|    6|   ap_memory|             srt_pres_125|         array|
|srt_pres_125_ce1       |  out|    1|   ap_memory|             srt_pres_125|         array|
|srt_pres_125_we1       |  out|    1|   ap_memory|             srt_pres_125|         array|
|srt_pres_125_d1        |  out|    1|   ap_memory|             srt_pres_125|         array|
|srt_pres_124_address1  |  out|    6|   ap_memory|             srt_pres_124|         array|
|srt_pres_124_ce1       |  out|    1|   ap_memory|             srt_pres_124|         array|
|srt_pres_124_we1       |  out|    1|   ap_memory|             srt_pres_124|         array|
|srt_pres_124_d1        |  out|    1|   ap_memory|             srt_pres_124|         array|
|srt_pres_123_address1  |  out|    6|   ap_memory|             srt_pres_123|         array|
|srt_pres_123_ce1       |  out|    1|   ap_memory|             srt_pres_123|         array|
|srt_pres_123_we1       |  out|    1|   ap_memory|             srt_pres_123|         array|
|srt_pres_123_d1        |  out|    1|   ap_memory|             srt_pres_123|         array|
|srt_pres_122_address1  |  out|    6|   ap_memory|             srt_pres_122|         array|
|srt_pres_122_ce1       |  out|    1|   ap_memory|             srt_pres_122|         array|
|srt_pres_122_we1       |  out|    1|   ap_memory|             srt_pres_122|         array|
|srt_pres_122_d1        |  out|    1|   ap_memory|             srt_pres_122|         array|
|srt_pres_121_address1  |  out|    6|   ap_memory|             srt_pres_121|         array|
|srt_pres_121_ce1       |  out|    1|   ap_memory|             srt_pres_121|         array|
|srt_pres_121_we1       |  out|    1|   ap_memory|             srt_pres_121|         array|
|srt_pres_121_d1        |  out|    1|   ap_memory|             srt_pres_121|         array|
|srt_pres_120_address1  |  out|    6|   ap_memory|             srt_pres_120|         array|
|srt_pres_120_ce1       |  out|    1|   ap_memory|             srt_pres_120|         array|
|srt_pres_120_we1       |  out|    1|   ap_memory|             srt_pres_120|         array|
|srt_pres_120_d1        |  out|    1|   ap_memory|             srt_pres_120|         array|
|srt_pres_119_address1  |  out|    6|   ap_memory|             srt_pres_119|         array|
|srt_pres_119_ce1       |  out|    1|   ap_memory|             srt_pres_119|         array|
|srt_pres_119_we1       |  out|    1|   ap_memory|             srt_pres_119|         array|
|srt_pres_119_d1        |  out|    1|   ap_memory|             srt_pres_119|         array|
|srt_pres_118_address1  |  out|    6|   ap_memory|             srt_pres_118|         array|
|srt_pres_118_ce1       |  out|    1|   ap_memory|             srt_pres_118|         array|
|srt_pres_118_we1       |  out|    1|   ap_memory|             srt_pres_118|         array|
|srt_pres_118_d1        |  out|    1|   ap_memory|             srt_pres_118|         array|
|srt_pres_117_address1  |  out|    6|   ap_memory|             srt_pres_117|         array|
|srt_pres_117_ce1       |  out|    1|   ap_memory|             srt_pres_117|         array|
|srt_pres_117_we1       |  out|    1|   ap_memory|             srt_pres_117|         array|
|srt_pres_117_d1        |  out|    1|   ap_memory|             srt_pres_117|         array|
|srt_pres_116_address1  |  out|    6|   ap_memory|             srt_pres_116|         array|
|srt_pres_116_ce1       |  out|    1|   ap_memory|             srt_pres_116|         array|
|srt_pres_116_we1       |  out|    1|   ap_memory|             srt_pres_116|         array|
|srt_pres_116_d1        |  out|    1|   ap_memory|             srt_pres_116|         array|
|srt_pres_115_address1  |  out|    6|   ap_memory|             srt_pres_115|         array|
|srt_pres_115_ce1       |  out|    1|   ap_memory|             srt_pres_115|         array|
|srt_pres_115_we1       |  out|    1|   ap_memory|             srt_pres_115|         array|
|srt_pres_115_d1        |  out|    1|   ap_memory|             srt_pres_115|         array|
|srt_pres_114_address1  |  out|    6|   ap_memory|             srt_pres_114|         array|
|srt_pres_114_ce1       |  out|    1|   ap_memory|             srt_pres_114|         array|
|srt_pres_114_we1       |  out|    1|   ap_memory|             srt_pres_114|         array|
|srt_pres_114_d1        |  out|    1|   ap_memory|             srt_pres_114|         array|
|srt_pres_113_address1  |  out|    6|   ap_memory|             srt_pres_113|         array|
|srt_pres_113_ce1       |  out|    1|   ap_memory|             srt_pres_113|         array|
|srt_pres_113_we1       |  out|    1|   ap_memory|             srt_pres_113|         array|
|srt_pres_113_d1        |  out|    1|   ap_memory|             srt_pres_113|         array|
|srt_pres_112_address1  |  out|    6|   ap_memory|             srt_pres_112|         array|
|srt_pres_112_ce1       |  out|    1|   ap_memory|             srt_pres_112|         array|
|srt_pres_112_we1       |  out|    1|   ap_memory|             srt_pres_112|         array|
|srt_pres_112_d1        |  out|    1|   ap_memory|             srt_pres_112|         array|
|srt_pres_111_address1  |  out|    6|   ap_memory|             srt_pres_111|         array|
|srt_pres_111_ce1       |  out|    1|   ap_memory|             srt_pres_111|         array|
|srt_pres_111_we1       |  out|    1|   ap_memory|             srt_pres_111|         array|
|srt_pres_111_d1        |  out|    1|   ap_memory|             srt_pres_111|         array|
|srt_pres_110_address1  |  out|    6|   ap_memory|             srt_pres_110|         array|
|srt_pres_110_ce1       |  out|    1|   ap_memory|             srt_pres_110|         array|
|srt_pres_110_we1       |  out|    1|   ap_memory|             srt_pres_110|         array|
|srt_pres_110_d1        |  out|    1|   ap_memory|             srt_pres_110|         array|
|srt_pres_109_address1  |  out|    6|   ap_memory|             srt_pres_109|         array|
|srt_pres_109_ce1       |  out|    1|   ap_memory|             srt_pres_109|         array|
|srt_pres_109_we1       |  out|    1|   ap_memory|             srt_pres_109|         array|
|srt_pres_109_d1        |  out|    1|   ap_memory|             srt_pres_109|         array|
|srt_pres_108_address1  |  out|    6|   ap_memory|             srt_pres_108|         array|
|srt_pres_108_ce1       |  out|    1|   ap_memory|             srt_pres_108|         array|
|srt_pres_108_we1       |  out|    1|   ap_memory|             srt_pres_108|         array|
|srt_pres_108_d1        |  out|    1|   ap_memory|             srt_pres_108|         array|
|srt_pres_107_address1  |  out|    6|   ap_memory|             srt_pres_107|         array|
|srt_pres_107_ce1       |  out|    1|   ap_memory|             srt_pres_107|         array|
|srt_pres_107_we1       |  out|    1|   ap_memory|             srt_pres_107|         array|
|srt_pres_107_d1        |  out|    1|   ap_memory|             srt_pres_107|         array|
|srt_pres_106_address1  |  out|    6|   ap_memory|             srt_pres_106|         array|
|srt_pres_106_ce1       |  out|    1|   ap_memory|             srt_pres_106|         array|
|srt_pres_106_we1       |  out|    1|   ap_memory|             srt_pres_106|         array|
|srt_pres_106_d1        |  out|    1|   ap_memory|             srt_pres_106|         array|
|srt_pres_105_address1  |  out|    6|   ap_memory|             srt_pres_105|         array|
|srt_pres_105_ce1       |  out|    1|   ap_memory|             srt_pres_105|         array|
|srt_pres_105_we1       |  out|    1|   ap_memory|             srt_pres_105|         array|
|srt_pres_105_d1        |  out|    1|   ap_memory|             srt_pres_105|         array|
|srt_pres_104_address1  |  out|    6|   ap_memory|             srt_pres_104|         array|
|srt_pres_104_ce1       |  out|    1|   ap_memory|             srt_pres_104|         array|
|srt_pres_104_we1       |  out|    1|   ap_memory|             srt_pres_104|         array|
|srt_pres_104_d1        |  out|    1|   ap_memory|             srt_pres_104|         array|
|srt_pres_103_address1  |  out|    6|   ap_memory|             srt_pres_103|         array|
|srt_pres_103_ce1       |  out|    1|   ap_memory|             srt_pres_103|         array|
|srt_pres_103_we1       |  out|    1|   ap_memory|             srt_pres_103|         array|
|srt_pres_103_d1        |  out|    1|   ap_memory|             srt_pres_103|         array|
|srt_pres_102_address1  |  out|    6|   ap_memory|             srt_pres_102|         array|
|srt_pres_102_ce1       |  out|    1|   ap_memory|             srt_pres_102|         array|
|srt_pres_102_we1       |  out|    1|   ap_memory|             srt_pres_102|         array|
|srt_pres_102_d1        |  out|    1|   ap_memory|             srt_pres_102|         array|
|srt_pres_101_address1  |  out|    6|   ap_memory|             srt_pres_101|         array|
|srt_pres_101_ce1       |  out|    1|   ap_memory|             srt_pres_101|         array|
|srt_pres_101_we1       |  out|    1|   ap_memory|             srt_pres_101|         array|
|srt_pres_101_d1        |  out|    1|   ap_memory|             srt_pres_101|         array|
|srt_pres_100_address1  |  out|    6|   ap_memory|             srt_pres_100|         array|
|srt_pres_100_ce1       |  out|    1|   ap_memory|             srt_pres_100|         array|
|srt_pres_100_we1       |  out|    1|   ap_memory|             srt_pres_100|         array|
|srt_pres_100_d1        |  out|    1|   ap_memory|             srt_pres_100|         array|
|srt_pres_99_address1   |  out|    6|   ap_memory|              srt_pres_99|         array|
|srt_pres_99_ce1        |  out|    1|   ap_memory|              srt_pres_99|         array|
|srt_pres_99_we1        |  out|    1|   ap_memory|              srt_pres_99|         array|
|srt_pres_99_d1         |  out|    1|   ap_memory|              srt_pres_99|         array|
|srt_pres_98_address1   |  out|    6|   ap_memory|              srt_pres_98|         array|
|srt_pres_98_ce1        |  out|    1|   ap_memory|              srt_pres_98|         array|
|srt_pres_98_we1        |  out|    1|   ap_memory|              srt_pres_98|         array|
|srt_pres_98_d1         |  out|    1|   ap_memory|              srt_pres_98|         array|
|srt_pres_97_address1   |  out|    6|   ap_memory|              srt_pres_97|         array|
|srt_pres_97_ce1        |  out|    1|   ap_memory|              srt_pres_97|         array|
|srt_pres_97_we1        |  out|    1|   ap_memory|              srt_pres_97|         array|
|srt_pres_97_d1         |  out|    1|   ap_memory|              srt_pres_97|         array|
|srt_pres_96_address1   |  out|    6|   ap_memory|              srt_pres_96|         array|
|srt_pres_96_ce1        |  out|    1|   ap_memory|              srt_pres_96|         array|
|srt_pres_96_we1        |  out|    1|   ap_memory|              srt_pres_96|         array|
|srt_pres_96_d1         |  out|    1|   ap_memory|              srt_pres_96|         array|
|srt_pres_95_address1   |  out|    6|   ap_memory|              srt_pres_95|         array|
|srt_pres_95_ce1        |  out|    1|   ap_memory|              srt_pres_95|         array|
|srt_pres_95_we1        |  out|    1|   ap_memory|              srt_pres_95|         array|
|srt_pres_95_d1         |  out|    1|   ap_memory|              srt_pres_95|         array|
|srt_pres_94_address1   |  out|    6|   ap_memory|              srt_pres_94|         array|
|srt_pres_94_ce1        |  out|    1|   ap_memory|              srt_pres_94|         array|
|srt_pres_94_we1        |  out|    1|   ap_memory|              srt_pres_94|         array|
|srt_pres_94_d1         |  out|    1|   ap_memory|              srt_pres_94|         array|
|srt_pres_93_address1   |  out|    6|   ap_memory|              srt_pres_93|         array|
|srt_pres_93_ce1        |  out|    1|   ap_memory|              srt_pres_93|         array|
|srt_pres_93_we1        |  out|    1|   ap_memory|              srt_pres_93|         array|
|srt_pres_93_d1         |  out|    1|   ap_memory|              srt_pres_93|         array|
|srt_pres_92_address1   |  out|    6|   ap_memory|              srt_pres_92|         array|
|srt_pres_92_ce1        |  out|    1|   ap_memory|              srt_pres_92|         array|
|srt_pres_92_we1        |  out|    1|   ap_memory|              srt_pres_92|         array|
|srt_pres_92_d1         |  out|    1|   ap_memory|              srt_pres_92|         array|
|srt_pres_91_address1   |  out|    6|   ap_memory|              srt_pres_91|         array|
|srt_pres_91_ce1        |  out|    1|   ap_memory|              srt_pres_91|         array|
|srt_pres_91_we1        |  out|    1|   ap_memory|              srt_pres_91|         array|
|srt_pres_91_d1         |  out|    1|   ap_memory|              srt_pres_91|         array|
|srt_pres_90_address1   |  out|    6|   ap_memory|              srt_pres_90|         array|
|srt_pres_90_ce1        |  out|    1|   ap_memory|              srt_pres_90|         array|
|srt_pres_90_we1        |  out|    1|   ap_memory|              srt_pres_90|         array|
|srt_pres_90_d1         |  out|    1|   ap_memory|              srt_pres_90|         array|
|srt_pres_89_address1   |  out|    6|   ap_memory|              srt_pres_89|         array|
|srt_pres_89_ce1        |  out|    1|   ap_memory|              srt_pres_89|         array|
|srt_pres_89_we1        |  out|    1|   ap_memory|              srt_pres_89|         array|
|srt_pres_89_d1         |  out|    1|   ap_memory|              srt_pres_89|         array|
|srt_pres_88_address1   |  out|    6|   ap_memory|              srt_pres_88|         array|
|srt_pres_88_ce1        |  out|    1|   ap_memory|              srt_pres_88|         array|
|srt_pres_88_we1        |  out|    1|   ap_memory|              srt_pres_88|         array|
|srt_pres_88_d1         |  out|    1|   ap_memory|              srt_pres_88|         array|
|srt_pres_87_address1   |  out|    6|   ap_memory|              srt_pres_87|         array|
|srt_pres_87_ce1        |  out|    1|   ap_memory|              srt_pres_87|         array|
|srt_pres_87_we1        |  out|    1|   ap_memory|              srt_pres_87|         array|
|srt_pres_87_d1         |  out|    1|   ap_memory|              srt_pres_87|         array|
|srt_pres_86_address1   |  out|    6|   ap_memory|              srt_pres_86|         array|
|srt_pres_86_ce1        |  out|    1|   ap_memory|              srt_pres_86|         array|
|srt_pres_86_we1        |  out|    1|   ap_memory|              srt_pres_86|         array|
|srt_pres_86_d1         |  out|    1|   ap_memory|              srt_pres_86|         array|
|srt_pres_85_address1   |  out|    6|   ap_memory|              srt_pres_85|         array|
|srt_pres_85_ce1        |  out|    1|   ap_memory|              srt_pres_85|         array|
|srt_pres_85_we1        |  out|    1|   ap_memory|              srt_pres_85|         array|
|srt_pres_85_d1         |  out|    1|   ap_memory|              srt_pres_85|         array|
|srt_pres_84_address1   |  out|    6|   ap_memory|              srt_pres_84|         array|
|srt_pres_84_ce1        |  out|    1|   ap_memory|              srt_pres_84|         array|
|srt_pres_84_we1        |  out|    1|   ap_memory|              srt_pres_84|         array|
|srt_pres_84_d1         |  out|    1|   ap_memory|              srt_pres_84|         array|
|srt_pres_83_address1   |  out|    6|   ap_memory|              srt_pres_83|         array|
|srt_pres_83_ce1        |  out|    1|   ap_memory|              srt_pres_83|         array|
|srt_pres_83_we1        |  out|    1|   ap_memory|              srt_pres_83|         array|
|srt_pres_83_d1         |  out|    1|   ap_memory|              srt_pres_83|         array|
|srt_pres_82_address1   |  out|    6|   ap_memory|              srt_pres_82|         array|
|srt_pres_82_ce1        |  out|    1|   ap_memory|              srt_pres_82|         array|
|srt_pres_82_we1        |  out|    1|   ap_memory|              srt_pres_82|         array|
|srt_pres_82_d1         |  out|    1|   ap_memory|              srt_pres_82|         array|
|srt_pres_81_address1   |  out|    6|   ap_memory|              srt_pres_81|         array|
|srt_pres_81_ce1        |  out|    1|   ap_memory|              srt_pres_81|         array|
|srt_pres_81_we1        |  out|    1|   ap_memory|              srt_pres_81|         array|
|srt_pres_81_d1         |  out|    1|   ap_memory|              srt_pres_81|         array|
|srt_pres_80_address1   |  out|    6|   ap_memory|              srt_pres_80|         array|
|srt_pres_80_ce1        |  out|    1|   ap_memory|              srt_pres_80|         array|
|srt_pres_80_we1        |  out|    1|   ap_memory|              srt_pres_80|         array|
|srt_pres_80_d1         |  out|    1|   ap_memory|              srt_pres_80|         array|
|srt_pres_79_address1   |  out|    6|   ap_memory|              srt_pres_79|         array|
|srt_pres_79_ce1        |  out|    1|   ap_memory|              srt_pres_79|         array|
|srt_pres_79_we1        |  out|    1|   ap_memory|              srt_pres_79|         array|
|srt_pres_79_d1         |  out|    1|   ap_memory|              srt_pres_79|         array|
|srt_pres_78_address1   |  out|    6|   ap_memory|              srt_pres_78|         array|
|srt_pres_78_ce1        |  out|    1|   ap_memory|              srt_pres_78|         array|
|srt_pres_78_we1        |  out|    1|   ap_memory|              srt_pres_78|         array|
|srt_pres_78_d1         |  out|    1|   ap_memory|              srt_pres_78|         array|
|srt_pres_77_address1   |  out|    6|   ap_memory|              srt_pres_77|         array|
|srt_pres_77_ce1        |  out|    1|   ap_memory|              srt_pres_77|         array|
|srt_pres_77_we1        |  out|    1|   ap_memory|              srt_pres_77|         array|
|srt_pres_77_d1         |  out|    1|   ap_memory|              srt_pres_77|         array|
|srt_pres_76_address1   |  out|    6|   ap_memory|              srt_pres_76|         array|
|srt_pres_76_ce1        |  out|    1|   ap_memory|              srt_pres_76|         array|
|srt_pres_76_we1        |  out|    1|   ap_memory|              srt_pres_76|         array|
|srt_pres_76_d1         |  out|    1|   ap_memory|              srt_pres_76|         array|
|srt_pres_75_address1   |  out|    6|   ap_memory|              srt_pres_75|         array|
|srt_pres_75_ce1        |  out|    1|   ap_memory|              srt_pres_75|         array|
|srt_pres_75_we1        |  out|    1|   ap_memory|              srt_pres_75|         array|
|srt_pres_75_d1         |  out|    1|   ap_memory|              srt_pres_75|         array|
|srt_pres_74_address1   |  out|    6|   ap_memory|              srt_pres_74|         array|
|srt_pres_74_ce1        |  out|    1|   ap_memory|              srt_pres_74|         array|
|srt_pres_74_we1        |  out|    1|   ap_memory|              srt_pres_74|         array|
|srt_pres_74_d1         |  out|    1|   ap_memory|              srt_pres_74|         array|
|srt_pres_73_address1   |  out|    6|   ap_memory|              srt_pres_73|         array|
|srt_pres_73_ce1        |  out|    1|   ap_memory|              srt_pres_73|         array|
|srt_pres_73_we1        |  out|    1|   ap_memory|              srt_pres_73|         array|
|srt_pres_73_d1         |  out|    1|   ap_memory|              srt_pres_73|         array|
|srt_pres_72_address1   |  out|    6|   ap_memory|              srt_pres_72|         array|
|srt_pres_72_ce1        |  out|    1|   ap_memory|              srt_pres_72|         array|
|srt_pres_72_we1        |  out|    1|   ap_memory|              srt_pres_72|         array|
|srt_pres_72_d1         |  out|    1|   ap_memory|              srt_pres_72|         array|
|srt_pres_71_address1   |  out|    6|   ap_memory|              srt_pres_71|         array|
|srt_pres_71_ce1        |  out|    1|   ap_memory|              srt_pres_71|         array|
|srt_pres_71_we1        |  out|    1|   ap_memory|              srt_pres_71|         array|
|srt_pres_71_d1         |  out|    1|   ap_memory|              srt_pres_71|         array|
|srt_pres_70_address1   |  out|    6|   ap_memory|              srt_pres_70|         array|
|srt_pres_70_ce1        |  out|    1|   ap_memory|              srt_pres_70|         array|
|srt_pres_70_we1        |  out|    1|   ap_memory|              srt_pres_70|         array|
|srt_pres_70_d1         |  out|    1|   ap_memory|              srt_pres_70|         array|
|srt_pres_69_address1   |  out|    6|   ap_memory|              srt_pres_69|         array|
|srt_pres_69_ce1        |  out|    1|   ap_memory|              srt_pres_69|         array|
|srt_pres_69_we1        |  out|    1|   ap_memory|              srt_pres_69|         array|
|srt_pres_69_d1         |  out|    1|   ap_memory|              srt_pres_69|         array|
|srt_pres_68_address1   |  out|    6|   ap_memory|              srt_pres_68|         array|
|srt_pres_68_ce1        |  out|    1|   ap_memory|              srt_pres_68|         array|
|srt_pres_68_we1        |  out|    1|   ap_memory|              srt_pres_68|         array|
|srt_pres_68_d1         |  out|    1|   ap_memory|              srt_pres_68|         array|
|srt_pres_67_address1   |  out|    6|   ap_memory|              srt_pres_67|         array|
|srt_pres_67_ce1        |  out|    1|   ap_memory|              srt_pres_67|         array|
|srt_pres_67_we1        |  out|    1|   ap_memory|              srt_pres_67|         array|
|srt_pres_67_d1         |  out|    1|   ap_memory|              srt_pres_67|         array|
|srt_pres_66_address1   |  out|    6|   ap_memory|              srt_pres_66|         array|
|srt_pres_66_ce1        |  out|    1|   ap_memory|              srt_pres_66|         array|
|srt_pres_66_we1        |  out|    1|   ap_memory|              srt_pres_66|         array|
|srt_pres_66_d1         |  out|    1|   ap_memory|              srt_pres_66|         array|
|srt_pres_65_address1   |  out|    6|   ap_memory|              srt_pres_65|         array|
|srt_pres_65_ce1        |  out|    1|   ap_memory|              srt_pres_65|         array|
|srt_pres_65_we1        |  out|    1|   ap_memory|              srt_pres_65|         array|
|srt_pres_65_d1         |  out|    1|   ap_memory|              srt_pres_65|         array|
|srt_pres_64_address1   |  out|    6|   ap_memory|              srt_pres_64|         array|
|srt_pres_64_ce1        |  out|    1|   ap_memory|              srt_pres_64|         array|
|srt_pres_64_we1        |  out|    1|   ap_memory|              srt_pres_64|         array|
|srt_pres_64_d1         |  out|    1|   ap_memory|              srt_pres_64|         array|
|srt_pres_63_address1   |  out|    6|   ap_memory|              srt_pres_63|         array|
|srt_pres_63_ce1        |  out|    1|   ap_memory|              srt_pres_63|         array|
|srt_pres_63_we1        |  out|    1|   ap_memory|              srt_pres_63|         array|
|srt_pres_63_d1         |  out|    1|   ap_memory|              srt_pres_63|         array|
|srt_pres_62_address1   |  out|    6|   ap_memory|              srt_pres_62|         array|
|srt_pres_62_ce1        |  out|    1|   ap_memory|              srt_pres_62|         array|
|srt_pres_62_we1        |  out|    1|   ap_memory|              srt_pres_62|         array|
|srt_pres_62_d1         |  out|    1|   ap_memory|              srt_pres_62|         array|
|srt_pres_61_address1   |  out|    6|   ap_memory|              srt_pres_61|         array|
|srt_pres_61_ce1        |  out|    1|   ap_memory|              srt_pres_61|         array|
|srt_pres_61_we1        |  out|    1|   ap_memory|              srt_pres_61|         array|
|srt_pres_61_d1         |  out|    1|   ap_memory|              srt_pres_61|         array|
|srt_pres_60_address1   |  out|    6|   ap_memory|              srt_pres_60|         array|
|srt_pres_60_ce1        |  out|    1|   ap_memory|              srt_pres_60|         array|
|srt_pres_60_we1        |  out|    1|   ap_memory|              srt_pres_60|         array|
|srt_pres_60_d1         |  out|    1|   ap_memory|              srt_pres_60|         array|
|srt_pres_59_address1   |  out|    6|   ap_memory|              srt_pres_59|         array|
|srt_pres_59_ce1        |  out|    1|   ap_memory|              srt_pres_59|         array|
|srt_pres_59_we1        |  out|    1|   ap_memory|              srt_pres_59|         array|
|srt_pres_59_d1         |  out|    1|   ap_memory|              srt_pres_59|         array|
|srt_pres_58_address1   |  out|    6|   ap_memory|              srt_pres_58|         array|
|srt_pres_58_ce1        |  out|    1|   ap_memory|              srt_pres_58|         array|
|srt_pres_58_we1        |  out|    1|   ap_memory|              srt_pres_58|         array|
|srt_pres_58_d1         |  out|    1|   ap_memory|              srt_pres_58|         array|
|srt_pres_57_address1   |  out|    6|   ap_memory|              srt_pres_57|         array|
|srt_pres_57_ce1        |  out|    1|   ap_memory|              srt_pres_57|         array|
|srt_pres_57_we1        |  out|    1|   ap_memory|              srt_pres_57|         array|
|srt_pres_57_d1         |  out|    1|   ap_memory|              srt_pres_57|         array|
|srt_pres_56_address1   |  out|    6|   ap_memory|              srt_pres_56|         array|
|srt_pres_56_ce1        |  out|    1|   ap_memory|              srt_pres_56|         array|
|srt_pres_56_we1        |  out|    1|   ap_memory|              srt_pres_56|         array|
|srt_pres_56_d1         |  out|    1|   ap_memory|              srt_pres_56|         array|
|srt_pres_55_address1   |  out|    6|   ap_memory|              srt_pres_55|         array|
|srt_pres_55_ce1        |  out|    1|   ap_memory|              srt_pres_55|         array|
|srt_pres_55_we1        |  out|    1|   ap_memory|              srt_pres_55|         array|
|srt_pres_55_d1         |  out|    1|   ap_memory|              srt_pres_55|         array|
|srt_pres_54_address1   |  out|    6|   ap_memory|              srt_pres_54|         array|
|srt_pres_54_ce1        |  out|    1|   ap_memory|              srt_pres_54|         array|
|srt_pres_54_we1        |  out|    1|   ap_memory|              srt_pres_54|         array|
|srt_pres_54_d1         |  out|    1|   ap_memory|              srt_pres_54|         array|
|srt_pres_53_address1   |  out|    6|   ap_memory|              srt_pres_53|         array|
|srt_pres_53_ce1        |  out|    1|   ap_memory|              srt_pres_53|         array|
|srt_pres_53_we1        |  out|    1|   ap_memory|              srt_pres_53|         array|
|srt_pres_53_d1         |  out|    1|   ap_memory|              srt_pres_53|         array|
|srt_pres_52_address1   |  out|    6|   ap_memory|              srt_pres_52|         array|
|srt_pres_52_ce1        |  out|    1|   ap_memory|              srt_pres_52|         array|
|srt_pres_52_we1        |  out|    1|   ap_memory|              srt_pres_52|         array|
|srt_pres_52_d1         |  out|    1|   ap_memory|              srt_pres_52|         array|
|srt_pres_51_address1   |  out|    6|   ap_memory|              srt_pres_51|         array|
|srt_pres_51_ce1        |  out|    1|   ap_memory|              srt_pres_51|         array|
|srt_pres_51_we1        |  out|    1|   ap_memory|              srt_pres_51|         array|
|srt_pres_51_d1         |  out|    1|   ap_memory|              srt_pres_51|         array|
|srt_pres_50_address1   |  out|    6|   ap_memory|              srt_pres_50|         array|
|srt_pres_50_ce1        |  out|    1|   ap_memory|              srt_pres_50|         array|
|srt_pres_50_we1        |  out|    1|   ap_memory|              srt_pres_50|         array|
|srt_pres_50_d1         |  out|    1|   ap_memory|              srt_pres_50|         array|
|srt_pres_49_address1   |  out|    6|   ap_memory|              srt_pres_49|         array|
|srt_pres_49_ce1        |  out|    1|   ap_memory|              srt_pres_49|         array|
|srt_pres_49_we1        |  out|    1|   ap_memory|              srt_pres_49|         array|
|srt_pres_49_d1         |  out|    1|   ap_memory|              srt_pres_49|         array|
|srt_pres_48_address1   |  out|    6|   ap_memory|              srt_pres_48|         array|
|srt_pres_48_ce1        |  out|    1|   ap_memory|              srt_pres_48|         array|
|srt_pres_48_we1        |  out|    1|   ap_memory|              srt_pres_48|         array|
|srt_pres_48_d1         |  out|    1|   ap_memory|              srt_pres_48|         array|
|srt_pres_47_address1   |  out|    6|   ap_memory|              srt_pres_47|         array|
|srt_pres_47_ce1        |  out|    1|   ap_memory|              srt_pres_47|         array|
|srt_pres_47_we1        |  out|    1|   ap_memory|              srt_pres_47|         array|
|srt_pres_47_d1         |  out|    1|   ap_memory|              srt_pres_47|         array|
|srt_pres_46_address1   |  out|    6|   ap_memory|              srt_pres_46|         array|
|srt_pres_46_ce1        |  out|    1|   ap_memory|              srt_pres_46|         array|
|srt_pres_46_we1        |  out|    1|   ap_memory|              srt_pres_46|         array|
|srt_pres_46_d1         |  out|    1|   ap_memory|              srt_pres_46|         array|
|srt_pres_45_address1   |  out|    6|   ap_memory|              srt_pres_45|         array|
|srt_pres_45_ce1        |  out|    1|   ap_memory|              srt_pres_45|         array|
|srt_pres_45_we1        |  out|    1|   ap_memory|              srt_pres_45|         array|
|srt_pres_45_d1         |  out|    1|   ap_memory|              srt_pres_45|         array|
|srt_pres_44_address1   |  out|    6|   ap_memory|              srt_pres_44|         array|
|srt_pres_44_ce1        |  out|    1|   ap_memory|              srt_pres_44|         array|
|srt_pres_44_we1        |  out|    1|   ap_memory|              srt_pres_44|         array|
|srt_pres_44_d1         |  out|    1|   ap_memory|              srt_pres_44|         array|
|srt_pres_43_address1   |  out|    6|   ap_memory|              srt_pres_43|         array|
|srt_pres_43_ce1        |  out|    1|   ap_memory|              srt_pres_43|         array|
|srt_pres_43_we1        |  out|    1|   ap_memory|              srt_pres_43|         array|
|srt_pres_43_d1         |  out|    1|   ap_memory|              srt_pres_43|         array|
|srt_pres_42_address1   |  out|    6|   ap_memory|              srt_pres_42|         array|
|srt_pres_42_ce1        |  out|    1|   ap_memory|              srt_pres_42|         array|
|srt_pres_42_we1        |  out|    1|   ap_memory|              srt_pres_42|         array|
|srt_pres_42_d1         |  out|    1|   ap_memory|              srt_pres_42|         array|
|srt_pres_41_address1   |  out|    6|   ap_memory|              srt_pres_41|         array|
|srt_pres_41_ce1        |  out|    1|   ap_memory|              srt_pres_41|         array|
|srt_pres_41_we1        |  out|    1|   ap_memory|              srt_pres_41|         array|
|srt_pres_41_d1         |  out|    1|   ap_memory|              srt_pres_41|         array|
|srt_pres_40_address1   |  out|    6|   ap_memory|              srt_pres_40|         array|
|srt_pres_40_ce1        |  out|    1|   ap_memory|              srt_pres_40|         array|
|srt_pres_40_we1        |  out|    1|   ap_memory|              srt_pres_40|         array|
|srt_pres_40_d1         |  out|    1|   ap_memory|              srt_pres_40|         array|
|srt_pres_39_address1   |  out|    6|   ap_memory|              srt_pres_39|         array|
|srt_pres_39_ce1        |  out|    1|   ap_memory|              srt_pres_39|         array|
|srt_pres_39_we1        |  out|    1|   ap_memory|              srt_pres_39|         array|
|srt_pres_39_d1         |  out|    1|   ap_memory|              srt_pres_39|         array|
|srt_pres_38_address1   |  out|    6|   ap_memory|              srt_pres_38|         array|
|srt_pres_38_ce1        |  out|    1|   ap_memory|              srt_pres_38|         array|
|srt_pres_38_we1        |  out|    1|   ap_memory|              srt_pres_38|         array|
|srt_pres_38_d1         |  out|    1|   ap_memory|              srt_pres_38|         array|
|srt_pres_37_address1   |  out|    6|   ap_memory|              srt_pres_37|         array|
|srt_pres_37_ce1        |  out|    1|   ap_memory|              srt_pres_37|         array|
|srt_pres_37_we1        |  out|    1|   ap_memory|              srt_pres_37|         array|
|srt_pres_37_d1         |  out|    1|   ap_memory|              srt_pres_37|         array|
|srt_pres_36_address1   |  out|    6|   ap_memory|              srt_pres_36|         array|
|srt_pres_36_ce1        |  out|    1|   ap_memory|              srt_pres_36|         array|
|srt_pres_36_we1        |  out|    1|   ap_memory|              srt_pres_36|         array|
|srt_pres_36_d1         |  out|    1|   ap_memory|              srt_pres_36|         array|
|srt_pres_35_address1   |  out|    6|   ap_memory|              srt_pres_35|         array|
|srt_pres_35_ce1        |  out|    1|   ap_memory|              srt_pres_35|         array|
|srt_pres_35_we1        |  out|    1|   ap_memory|              srt_pres_35|         array|
|srt_pres_35_d1         |  out|    1|   ap_memory|              srt_pres_35|         array|
|srt_pres_34_address1   |  out|    6|   ap_memory|              srt_pres_34|         array|
|srt_pres_34_ce1        |  out|    1|   ap_memory|              srt_pres_34|         array|
|srt_pres_34_we1        |  out|    1|   ap_memory|              srt_pres_34|         array|
|srt_pres_34_d1         |  out|    1|   ap_memory|              srt_pres_34|         array|
|srt_pres_33_address1   |  out|    6|   ap_memory|              srt_pres_33|         array|
|srt_pres_33_ce1        |  out|    1|   ap_memory|              srt_pres_33|         array|
|srt_pres_33_we1        |  out|    1|   ap_memory|              srt_pres_33|         array|
|srt_pres_33_d1         |  out|    1|   ap_memory|              srt_pres_33|         array|
|srt_pres_32_address1   |  out|    6|   ap_memory|              srt_pres_32|         array|
|srt_pres_32_ce1        |  out|    1|   ap_memory|              srt_pres_32|         array|
|srt_pres_32_we1        |  out|    1|   ap_memory|              srt_pres_32|         array|
|srt_pres_32_d1         |  out|    1|   ap_memory|              srt_pres_32|         array|
|srt_pres_31_address1   |  out|    6|   ap_memory|              srt_pres_31|         array|
|srt_pres_31_ce1        |  out|    1|   ap_memory|              srt_pres_31|         array|
|srt_pres_31_we1        |  out|    1|   ap_memory|              srt_pres_31|         array|
|srt_pres_31_d1         |  out|    1|   ap_memory|              srt_pres_31|         array|
|srt_pres_30_address1   |  out|    6|   ap_memory|              srt_pres_30|         array|
|srt_pres_30_ce1        |  out|    1|   ap_memory|              srt_pres_30|         array|
|srt_pres_30_we1        |  out|    1|   ap_memory|              srt_pres_30|         array|
|srt_pres_30_d1         |  out|    1|   ap_memory|              srt_pres_30|         array|
|srt_pres_29_address1   |  out|    6|   ap_memory|              srt_pres_29|         array|
|srt_pres_29_ce1        |  out|    1|   ap_memory|              srt_pres_29|         array|
|srt_pres_29_we1        |  out|    1|   ap_memory|              srt_pres_29|         array|
|srt_pres_29_d1         |  out|    1|   ap_memory|              srt_pres_29|         array|
|srt_pres_28_address1   |  out|    6|   ap_memory|              srt_pres_28|         array|
|srt_pres_28_ce1        |  out|    1|   ap_memory|              srt_pres_28|         array|
|srt_pres_28_we1        |  out|    1|   ap_memory|              srt_pres_28|         array|
|srt_pres_28_d1         |  out|    1|   ap_memory|              srt_pres_28|         array|
|srt_pres_27_address1   |  out|    6|   ap_memory|              srt_pres_27|         array|
|srt_pres_27_ce1        |  out|    1|   ap_memory|              srt_pres_27|         array|
|srt_pres_27_we1        |  out|    1|   ap_memory|              srt_pres_27|         array|
|srt_pres_27_d1         |  out|    1|   ap_memory|              srt_pres_27|         array|
|srt_pres_26_address1   |  out|    6|   ap_memory|              srt_pres_26|         array|
|srt_pres_26_ce1        |  out|    1|   ap_memory|              srt_pres_26|         array|
|srt_pres_26_we1        |  out|    1|   ap_memory|              srt_pres_26|         array|
|srt_pres_26_d1         |  out|    1|   ap_memory|              srt_pres_26|         array|
|srt_pres_25_address1   |  out|    6|   ap_memory|              srt_pres_25|         array|
|srt_pres_25_ce1        |  out|    1|   ap_memory|              srt_pres_25|         array|
|srt_pres_25_we1        |  out|    1|   ap_memory|              srt_pres_25|         array|
|srt_pres_25_d1         |  out|    1|   ap_memory|              srt_pres_25|         array|
|srt_pres_24_address1   |  out|    6|   ap_memory|              srt_pres_24|         array|
|srt_pres_24_ce1        |  out|    1|   ap_memory|              srt_pres_24|         array|
|srt_pres_24_we1        |  out|    1|   ap_memory|              srt_pres_24|         array|
|srt_pres_24_d1         |  out|    1|   ap_memory|              srt_pres_24|         array|
|srt_pres_23_address1   |  out|    6|   ap_memory|              srt_pres_23|         array|
|srt_pres_23_ce1        |  out|    1|   ap_memory|              srt_pres_23|         array|
|srt_pres_23_we1        |  out|    1|   ap_memory|              srt_pres_23|         array|
|srt_pres_23_d1         |  out|    1|   ap_memory|              srt_pres_23|         array|
|srt_pres_22_address1   |  out|    6|   ap_memory|              srt_pres_22|         array|
|srt_pres_22_ce1        |  out|    1|   ap_memory|              srt_pres_22|         array|
|srt_pres_22_we1        |  out|    1|   ap_memory|              srt_pres_22|         array|
|srt_pres_22_d1         |  out|    1|   ap_memory|              srt_pres_22|         array|
|srt_pres_21_address1   |  out|    6|   ap_memory|              srt_pres_21|         array|
|srt_pres_21_ce1        |  out|    1|   ap_memory|              srt_pres_21|         array|
|srt_pres_21_we1        |  out|    1|   ap_memory|              srt_pres_21|         array|
|srt_pres_21_d1         |  out|    1|   ap_memory|              srt_pres_21|         array|
|srt_pres_20_address1   |  out|    6|   ap_memory|              srt_pres_20|         array|
|srt_pres_20_ce1        |  out|    1|   ap_memory|              srt_pres_20|         array|
|srt_pres_20_we1        |  out|    1|   ap_memory|              srt_pres_20|         array|
|srt_pres_20_d1         |  out|    1|   ap_memory|              srt_pres_20|         array|
|srt_pres_19_address1   |  out|    6|   ap_memory|              srt_pres_19|         array|
|srt_pres_19_ce1        |  out|    1|   ap_memory|              srt_pres_19|         array|
|srt_pres_19_we1        |  out|    1|   ap_memory|              srt_pres_19|         array|
|srt_pres_19_d1         |  out|    1|   ap_memory|              srt_pres_19|         array|
|srt_pres_18_address1   |  out|    6|   ap_memory|              srt_pres_18|         array|
|srt_pres_18_ce1        |  out|    1|   ap_memory|              srt_pres_18|         array|
|srt_pres_18_we1        |  out|    1|   ap_memory|              srt_pres_18|         array|
|srt_pres_18_d1         |  out|    1|   ap_memory|              srt_pres_18|         array|
|srt_pres_17_address1   |  out|    6|   ap_memory|              srt_pres_17|         array|
|srt_pres_17_ce1        |  out|    1|   ap_memory|              srt_pres_17|         array|
|srt_pres_17_we1        |  out|    1|   ap_memory|              srt_pres_17|         array|
|srt_pres_17_d1         |  out|    1|   ap_memory|              srt_pres_17|         array|
|srt_pres_16_address1   |  out|    6|   ap_memory|              srt_pres_16|         array|
|srt_pres_16_ce1        |  out|    1|   ap_memory|              srt_pres_16|         array|
|srt_pres_16_we1        |  out|    1|   ap_memory|              srt_pres_16|         array|
|srt_pres_16_d1         |  out|    1|   ap_memory|              srt_pres_16|         array|
|srt_pres_15_address1   |  out|    6|   ap_memory|              srt_pres_15|         array|
|srt_pres_15_ce1        |  out|    1|   ap_memory|              srt_pres_15|         array|
|srt_pres_15_we1        |  out|    1|   ap_memory|              srt_pres_15|         array|
|srt_pres_15_d1         |  out|    1|   ap_memory|              srt_pres_15|         array|
|srt_pres_14_address1   |  out|    6|   ap_memory|              srt_pres_14|         array|
|srt_pres_14_ce1        |  out|    1|   ap_memory|              srt_pres_14|         array|
|srt_pres_14_we1        |  out|    1|   ap_memory|              srt_pres_14|         array|
|srt_pres_14_d1         |  out|    1|   ap_memory|              srt_pres_14|         array|
|srt_pres_13_address1   |  out|    6|   ap_memory|              srt_pres_13|         array|
|srt_pres_13_ce1        |  out|    1|   ap_memory|              srt_pres_13|         array|
|srt_pres_13_we1        |  out|    1|   ap_memory|              srt_pres_13|         array|
|srt_pres_13_d1         |  out|    1|   ap_memory|              srt_pres_13|         array|
|srt_pres_12_address1   |  out|    6|   ap_memory|              srt_pres_12|         array|
|srt_pres_12_ce1        |  out|    1|   ap_memory|              srt_pres_12|         array|
|srt_pres_12_we1        |  out|    1|   ap_memory|              srt_pres_12|         array|
|srt_pres_12_d1         |  out|    1|   ap_memory|              srt_pres_12|         array|
|srt_pres_11_address1   |  out|    6|   ap_memory|              srt_pres_11|         array|
|srt_pres_11_ce1        |  out|    1|   ap_memory|              srt_pres_11|         array|
|srt_pres_11_we1        |  out|    1|   ap_memory|              srt_pres_11|         array|
|srt_pres_11_d1         |  out|    1|   ap_memory|              srt_pres_11|         array|
|srt_pres_10_address1   |  out|    6|   ap_memory|              srt_pres_10|         array|
|srt_pres_10_ce1        |  out|    1|   ap_memory|              srt_pres_10|         array|
|srt_pres_10_we1        |  out|    1|   ap_memory|              srt_pres_10|         array|
|srt_pres_10_d1         |  out|    1|   ap_memory|              srt_pres_10|         array|
|srt_pres_9_address1    |  out|    6|   ap_memory|               srt_pres_9|         array|
|srt_pres_9_ce1         |  out|    1|   ap_memory|               srt_pres_9|         array|
|srt_pres_9_we1         |  out|    1|   ap_memory|               srt_pres_9|         array|
|srt_pres_9_d1          |  out|    1|   ap_memory|               srt_pres_9|         array|
|srt_pres_8_address1    |  out|    6|   ap_memory|               srt_pres_8|         array|
|srt_pres_8_ce1         |  out|    1|   ap_memory|               srt_pres_8|         array|
|srt_pres_8_we1         |  out|    1|   ap_memory|               srt_pres_8|         array|
|srt_pres_8_d1          |  out|    1|   ap_memory|               srt_pres_8|         array|
|srt_pres_7_address1    |  out|    6|   ap_memory|               srt_pres_7|         array|
|srt_pres_7_ce1         |  out|    1|   ap_memory|               srt_pres_7|         array|
|srt_pres_7_we1         |  out|    1|   ap_memory|               srt_pres_7|         array|
|srt_pres_7_d1          |  out|    1|   ap_memory|               srt_pres_7|         array|
|srt_pres_6_address1    |  out|    6|   ap_memory|               srt_pres_6|         array|
|srt_pres_6_ce1         |  out|    1|   ap_memory|               srt_pres_6|         array|
|srt_pres_6_we1         |  out|    1|   ap_memory|               srt_pres_6|         array|
|srt_pres_6_d1          |  out|    1|   ap_memory|               srt_pres_6|         array|
|srt_pres_5_address1    |  out|    6|   ap_memory|               srt_pres_5|         array|
|srt_pres_5_ce1         |  out|    1|   ap_memory|               srt_pres_5|         array|
|srt_pres_5_we1         |  out|    1|   ap_memory|               srt_pres_5|         array|
|srt_pres_5_d1          |  out|    1|   ap_memory|               srt_pres_5|         array|
|srt_pres_4_address1    |  out|    6|   ap_memory|               srt_pres_4|         array|
|srt_pres_4_ce1         |  out|    1|   ap_memory|               srt_pres_4|         array|
|srt_pres_4_we1         |  out|    1|   ap_memory|               srt_pres_4|         array|
|srt_pres_4_d1          |  out|    1|   ap_memory|               srt_pres_4|         array|
|srt_pres_3_address1    |  out|    6|   ap_memory|               srt_pres_3|         array|
|srt_pres_3_ce1         |  out|    1|   ap_memory|               srt_pres_3|         array|
|srt_pres_3_we1         |  out|    1|   ap_memory|               srt_pres_3|         array|
|srt_pres_3_d1          |  out|    1|   ap_memory|               srt_pres_3|         array|
|srt_pres_2_address1    |  out|    6|   ap_memory|               srt_pres_2|         array|
|srt_pres_2_ce1         |  out|    1|   ap_memory|               srt_pres_2|         array|
|srt_pres_2_we1         |  out|    1|   ap_memory|               srt_pres_2|         array|
|srt_pres_2_d1          |  out|    1|   ap_memory|               srt_pres_2|         array|
|srt_pres_1_address1    |  out|    6|   ap_memory|               srt_pres_1|         array|
|srt_pres_1_ce1         |  out|    1|   ap_memory|               srt_pres_1|         array|
|srt_pres_1_we1         |  out|    1|   ap_memory|               srt_pres_1|         array|
|srt_pres_1_d1          |  out|    1|   ap_memory|               srt_pres_1|         array|
|srt_pres_address1      |  out|    6|   ap_memory|                 srt_pres|         array|
|srt_pres_ce1           |  out|    1|   ap_memory|                 srt_pres|         array|
|srt_pres_we1           |  out|    1|   ap_memory|                 srt_pres|         array|
|srt_pres_d1            |  out|    1|   ap_memory|                 srt_pres|         array|
|srt_ord_224_address1   |  out|    6|   ap_memory|              srt_ord_224|         array|
|srt_ord_224_ce1        |  out|    1|   ap_memory|              srt_ord_224|         array|
|srt_ord_224_we1        |  out|    1|   ap_memory|              srt_ord_224|         array|
|srt_ord_224_d1         |  out|   10|   ap_memory|              srt_ord_224|         array|
|srt_ord_223_address1   |  out|    6|   ap_memory|              srt_ord_223|         array|
|srt_ord_223_ce1        |  out|    1|   ap_memory|              srt_ord_223|         array|
|srt_ord_223_we1        |  out|    1|   ap_memory|              srt_ord_223|         array|
|srt_ord_223_d1         |  out|   10|   ap_memory|              srt_ord_223|         array|
|srt_ord_222_address1   |  out|    6|   ap_memory|              srt_ord_222|         array|
|srt_ord_222_ce1        |  out|    1|   ap_memory|              srt_ord_222|         array|
|srt_ord_222_we1        |  out|    1|   ap_memory|              srt_ord_222|         array|
|srt_ord_222_d1         |  out|   10|   ap_memory|              srt_ord_222|         array|
|srt_ord_221_address1   |  out|    6|   ap_memory|              srt_ord_221|         array|
|srt_ord_221_ce1        |  out|    1|   ap_memory|              srt_ord_221|         array|
|srt_ord_221_we1        |  out|    1|   ap_memory|              srt_ord_221|         array|
|srt_ord_221_d1         |  out|   10|   ap_memory|              srt_ord_221|         array|
|srt_ord_220_address1   |  out|    6|   ap_memory|              srt_ord_220|         array|
|srt_ord_220_ce1        |  out|    1|   ap_memory|              srt_ord_220|         array|
|srt_ord_220_we1        |  out|    1|   ap_memory|              srt_ord_220|         array|
|srt_ord_220_d1         |  out|   10|   ap_memory|              srt_ord_220|         array|
|srt_ord_219_address1   |  out|    6|   ap_memory|              srt_ord_219|         array|
|srt_ord_219_ce1        |  out|    1|   ap_memory|              srt_ord_219|         array|
|srt_ord_219_we1        |  out|    1|   ap_memory|              srt_ord_219|         array|
|srt_ord_219_d1         |  out|   10|   ap_memory|              srt_ord_219|         array|
|srt_ord_218_address1   |  out|    6|   ap_memory|              srt_ord_218|         array|
|srt_ord_218_ce1        |  out|    1|   ap_memory|              srt_ord_218|         array|
|srt_ord_218_we1        |  out|    1|   ap_memory|              srt_ord_218|         array|
|srt_ord_218_d1         |  out|   10|   ap_memory|              srt_ord_218|         array|
|srt_ord_217_address1   |  out|    6|   ap_memory|              srt_ord_217|         array|
|srt_ord_217_ce1        |  out|    1|   ap_memory|              srt_ord_217|         array|
|srt_ord_217_we1        |  out|    1|   ap_memory|              srt_ord_217|         array|
|srt_ord_217_d1         |  out|   10|   ap_memory|              srt_ord_217|         array|
|srt_ord_216_address1   |  out|    6|   ap_memory|              srt_ord_216|         array|
|srt_ord_216_ce1        |  out|    1|   ap_memory|              srt_ord_216|         array|
|srt_ord_216_we1        |  out|    1|   ap_memory|              srt_ord_216|         array|
|srt_ord_216_d1         |  out|   10|   ap_memory|              srt_ord_216|         array|
|srt_ord_215_address1   |  out|    6|   ap_memory|              srt_ord_215|         array|
|srt_ord_215_ce1        |  out|    1|   ap_memory|              srt_ord_215|         array|
|srt_ord_215_we1        |  out|    1|   ap_memory|              srt_ord_215|         array|
|srt_ord_215_d1         |  out|   10|   ap_memory|              srt_ord_215|         array|
|srt_ord_214_address1   |  out|    6|   ap_memory|              srt_ord_214|         array|
|srt_ord_214_ce1        |  out|    1|   ap_memory|              srt_ord_214|         array|
|srt_ord_214_we1        |  out|    1|   ap_memory|              srt_ord_214|         array|
|srt_ord_214_d1         |  out|   10|   ap_memory|              srt_ord_214|         array|
|srt_ord_213_address1   |  out|    6|   ap_memory|              srt_ord_213|         array|
|srt_ord_213_ce1        |  out|    1|   ap_memory|              srt_ord_213|         array|
|srt_ord_213_we1        |  out|    1|   ap_memory|              srt_ord_213|         array|
|srt_ord_213_d1         |  out|   10|   ap_memory|              srt_ord_213|         array|
|srt_ord_212_address1   |  out|    6|   ap_memory|              srt_ord_212|         array|
|srt_ord_212_ce1        |  out|    1|   ap_memory|              srt_ord_212|         array|
|srt_ord_212_we1        |  out|    1|   ap_memory|              srt_ord_212|         array|
|srt_ord_212_d1         |  out|   10|   ap_memory|              srt_ord_212|         array|
|srt_ord_211_address1   |  out|    6|   ap_memory|              srt_ord_211|         array|
|srt_ord_211_ce1        |  out|    1|   ap_memory|              srt_ord_211|         array|
|srt_ord_211_we1        |  out|    1|   ap_memory|              srt_ord_211|         array|
|srt_ord_211_d1         |  out|   10|   ap_memory|              srt_ord_211|         array|
|srt_ord_210_address1   |  out|    6|   ap_memory|              srt_ord_210|         array|
|srt_ord_210_ce1        |  out|    1|   ap_memory|              srt_ord_210|         array|
|srt_ord_210_we1        |  out|    1|   ap_memory|              srt_ord_210|         array|
|srt_ord_210_d1         |  out|   10|   ap_memory|              srt_ord_210|         array|
|srt_ord_209_address1   |  out|    6|   ap_memory|              srt_ord_209|         array|
|srt_ord_209_ce1        |  out|    1|   ap_memory|              srt_ord_209|         array|
|srt_ord_209_we1        |  out|    1|   ap_memory|              srt_ord_209|         array|
|srt_ord_209_d1         |  out|   10|   ap_memory|              srt_ord_209|         array|
|srt_ord_208_address1   |  out|    6|   ap_memory|              srt_ord_208|         array|
|srt_ord_208_ce1        |  out|    1|   ap_memory|              srt_ord_208|         array|
|srt_ord_208_we1        |  out|    1|   ap_memory|              srt_ord_208|         array|
|srt_ord_208_d1         |  out|   10|   ap_memory|              srt_ord_208|         array|
|srt_ord_207_address1   |  out|    6|   ap_memory|              srt_ord_207|         array|
|srt_ord_207_ce1        |  out|    1|   ap_memory|              srt_ord_207|         array|
|srt_ord_207_we1        |  out|    1|   ap_memory|              srt_ord_207|         array|
|srt_ord_207_d1         |  out|   10|   ap_memory|              srt_ord_207|         array|
|srt_ord_206_address1   |  out|    6|   ap_memory|              srt_ord_206|         array|
|srt_ord_206_ce1        |  out|    1|   ap_memory|              srt_ord_206|         array|
|srt_ord_206_we1        |  out|    1|   ap_memory|              srt_ord_206|         array|
|srt_ord_206_d1         |  out|   10|   ap_memory|              srt_ord_206|         array|
|srt_ord_205_address1   |  out|    6|   ap_memory|              srt_ord_205|         array|
|srt_ord_205_ce1        |  out|    1|   ap_memory|              srt_ord_205|         array|
|srt_ord_205_we1        |  out|    1|   ap_memory|              srt_ord_205|         array|
|srt_ord_205_d1         |  out|   10|   ap_memory|              srt_ord_205|         array|
|srt_ord_204_address1   |  out|    6|   ap_memory|              srt_ord_204|         array|
|srt_ord_204_ce1        |  out|    1|   ap_memory|              srt_ord_204|         array|
|srt_ord_204_we1        |  out|    1|   ap_memory|              srt_ord_204|         array|
|srt_ord_204_d1         |  out|   10|   ap_memory|              srt_ord_204|         array|
|srt_ord_203_address1   |  out|    6|   ap_memory|              srt_ord_203|         array|
|srt_ord_203_ce1        |  out|    1|   ap_memory|              srt_ord_203|         array|
|srt_ord_203_we1        |  out|    1|   ap_memory|              srt_ord_203|         array|
|srt_ord_203_d1         |  out|   10|   ap_memory|              srt_ord_203|         array|
|srt_ord_202_address1   |  out|    6|   ap_memory|              srt_ord_202|         array|
|srt_ord_202_ce1        |  out|    1|   ap_memory|              srt_ord_202|         array|
|srt_ord_202_we1        |  out|    1|   ap_memory|              srt_ord_202|         array|
|srt_ord_202_d1         |  out|   10|   ap_memory|              srt_ord_202|         array|
|srt_ord_201_address1   |  out|    6|   ap_memory|              srt_ord_201|         array|
|srt_ord_201_ce1        |  out|    1|   ap_memory|              srt_ord_201|         array|
|srt_ord_201_we1        |  out|    1|   ap_memory|              srt_ord_201|         array|
|srt_ord_201_d1         |  out|   10|   ap_memory|              srt_ord_201|         array|
|srt_ord_200_address1   |  out|    6|   ap_memory|              srt_ord_200|         array|
|srt_ord_200_ce1        |  out|    1|   ap_memory|              srt_ord_200|         array|
|srt_ord_200_we1        |  out|    1|   ap_memory|              srt_ord_200|         array|
|srt_ord_200_d1         |  out|   10|   ap_memory|              srt_ord_200|         array|
|srt_ord_199_address1   |  out|    6|   ap_memory|              srt_ord_199|         array|
|srt_ord_199_ce1        |  out|    1|   ap_memory|              srt_ord_199|         array|
|srt_ord_199_we1        |  out|    1|   ap_memory|              srt_ord_199|         array|
|srt_ord_199_d1         |  out|   10|   ap_memory|              srt_ord_199|         array|
|srt_ord_198_address1   |  out|    6|   ap_memory|              srt_ord_198|         array|
|srt_ord_198_ce1        |  out|    1|   ap_memory|              srt_ord_198|         array|
|srt_ord_198_we1        |  out|    1|   ap_memory|              srt_ord_198|         array|
|srt_ord_198_d1         |  out|   10|   ap_memory|              srt_ord_198|         array|
|srt_ord_197_address1   |  out|    6|   ap_memory|              srt_ord_197|         array|
|srt_ord_197_ce1        |  out|    1|   ap_memory|              srt_ord_197|         array|
|srt_ord_197_we1        |  out|    1|   ap_memory|              srt_ord_197|         array|
|srt_ord_197_d1         |  out|   10|   ap_memory|              srt_ord_197|         array|
|srt_ord_196_address1   |  out|    6|   ap_memory|              srt_ord_196|         array|
|srt_ord_196_ce1        |  out|    1|   ap_memory|              srt_ord_196|         array|
|srt_ord_196_we1        |  out|    1|   ap_memory|              srt_ord_196|         array|
|srt_ord_196_d1         |  out|   10|   ap_memory|              srt_ord_196|         array|
|srt_ord_195_address1   |  out|    6|   ap_memory|              srt_ord_195|         array|
|srt_ord_195_ce1        |  out|    1|   ap_memory|              srt_ord_195|         array|
|srt_ord_195_we1        |  out|    1|   ap_memory|              srt_ord_195|         array|
|srt_ord_195_d1         |  out|   10|   ap_memory|              srt_ord_195|         array|
|srt_ord_194_address1   |  out|    6|   ap_memory|              srt_ord_194|         array|
|srt_ord_194_ce1        |  out|    1|   ap_memory|              srt_ord_194|         array|
|srt_ord_194_we1        |  out|    1|   ap_memory|              srt_ord_194|         array|
|srt_ord_194_d1         |  out|   10|   ap_memory|              srt_ord_194|         array|
|srt_ord_193_address1   |  out|    6|   ap_memory|              srt_ord_193|         array|
|srt_ord_193_ce1        |  out|    1|   ap_memory|              srt_ord_193|         array|
|srt_ord_193_we1        |  out|    1|   ap_memory|              srt_ord_193|         array|
|srt_ord_193_d1         |  out|   10|   ap_memory|              srt_ord_193|         array|
|srt_ord_192_address1   |  out|    6|   ap_memory|              srt_ord_192|         array|
|srt_ord_192_ce1        |  out|    1|   ap_memory|              srt_ord_192|         array|
|srt_ord_192_we1        |  out|    1|   ap_memory|              srt_ord_192|         array|
|srt_ord_192_d1         |  out|   10|   ap_memory|              srt_ord_192|         array|
|srt_ord_191_address1   |  out|    6|   ap_memory|              srt_ord_191|         array|
|srt_ord_191_ce1        |  out|    1|   ap_memory|              srt_ord_191|         array|
|srt_ord_191_we1        |  out|    1|   ap_memory|              srt_ord_191|         array|
|srt_ord_191_d1         |  out|   10|   ap_memory|              srt_ord_191|         array|
|srt_ord_190_address1   |  out|    6|   ap_memory|              srt_ord_190|         array|
|srt_ord_190_ce1        |  out|    1|   ap_memory|              srt_ord_190|         array|
|srt_ord_190_we1        |  out|    1|   ap_memory|              srt_ord_190|         array|
|srt_ord_190_d1         |  out|   10|   ap_memory|              srt_ord_190|         array|
|srt_ord_189_address1   |  out|    6|   ap_memory|              srt_ord_189|         array|
|srt_ord_189_ce1        |  out|    1|   ap_memory|              srt_ord_189|         array|
|srt_ord_189_we1        |  out|    1|   ap_memory|              srt_ord_189|         array|
|srt_ord_189_d1         |  out|   10|   ap_memory|              srt_ord_189|         array|
|srt_ord_188_address1   |  out|    6|   ap_memory|              srt_ord_188|         array|
|srt_ord_188_ce1        |  out|    1|   ap_memory|              srt_ord_188|         array|
|srt_ord_188_we1        |  out|    1|   ap_memory|              srt_ord_188|         array|
|srt_ord_188_d1         |  out|   10|   ap_memory|              srt_ord_188|         array|
|srt_ord_187_address1   |  out|    6|   ap_memory|              srt_ord_187|         array|
|srt_ord_187_ce1        |  out|    1|   ap_memory|              srt_ord_187|         array|
|srt_ord_187_we1        |  out|    1|   ap_memory|              srt_ord_187|         array|
|srt_ord_187_d1         |  out|   10|   ap_memory|              srt_ord_187|         array|
|srt_ord_186_address1   |  out|    6|   ap_memory|              srt_ord_186|         array|
|srt_ord_186_ce1        |  out|    1|   ap_memory|              srt_ord_186|         array|
|srt_ord_186_we1        |  out|    1|   ap_memory|              srt_ord_186|         array|
|srt_ord_186_d1         |  out|   10|   ap_memory|              srt_ord_186|         array|
|srt_ord_185_address1   |  out|    6|   ap_memory|              srt_ord_185|         array|
|srt_ord_185_ce1        |  out|    1|   ap_memory|              srt_ord_185|         array|
|srt_ord_185_we1        |  out|    1|   ap_memory|              srt_ord_185|         array|
|srt_ord_185_d1         |  out|   10|   ap_memory|              srt_ord_185|         array|
|srt_ord_184_address1   |  out|    6|   ap_memory|              srt_ord_184|         array|
|srt_ord_184_ce1        |  out|    1|   ap_memory|              srt_ord_184|         array|
|srt_ord_184_we1        |  out|    1|   ap_memory|              srt_ord_184|         array|
|srt_ord_184_d1         |  out|   10|   ap_memory|              srt_ord_184|         array|
|srt_ord_183_address1   |  out|    6|   ap_memory|              srt_ord_183|         array|
|srt_ord_183_ce1        |  out|    1|   ap_memory|              srt_ord_183|         array|
|srt_ord_183_we1        |  out|    1|   ap_memory|              srt_ord_183|         array|
|srt_ord_183_d1         |  out|   10|   ap_memory|              srt_ord_183|         array|
|srt_ord_182_address1   |  out|    6|   ap_memory|              srt_ord_182|         array|
|srt_ord_182_ce1        |  out|    1|   ap_memory|              srt_ord_182|         array|
|srt_ord_182_we1        |  out|    1|   ap_memory|              srt_ord_182|         array|
|srt_ord_182_d1         |  out|   10|   ap_memory|              srt_ord_182|         array|
|srt_ord_181_address1   |  out|    6|   ap_memory|              srt_ord_181|         array|
|srt_ord_181_ce1        |  out|    1|   ap_memory|              srt_ord_181|         array|
|srt_ord_181_we1        |  out|    1|   ap_memory|              srt_ord_181|         array|
|srt_ord_181_d1         |  out|   10|   ap_memory|              srt_ord_181|         array|
|srt_ord_180_address1   |  out|    6|   ap_memory|              srt_ord_180|         array|
|srt_ord_180_ce1        |  out|    1|   ap_memory|              srt_ord_180|         array|
|srt_ord_180_we1        |  out|    1|   ap_memory|              srt_ord_180|         array|
|srt_ord_180_d1         |  out|   10|   ap_memory|              srt_ord_180|         array|
|srt_ord_179_address1   |  out|    6|   ap_memory|              srt_ord_179|         array|
|srt_ord_179_ce1        |  out|    1|   ap_memory|              srt_ord_179|         array|
|srt_ord_179_we1        |  out|    1|   ap_memory|              srt_ord_179|         array|
|srt_ord_179_d1         |  out|    8|   ap_memory|              srt_ord_179|         array|
|srt_ord_178_address1   |  out|    6|   ap_memory|              srt_ord_178|         array|
|srt_ord_178_ce1        |  out|    1|   ap_memory|              srt_ord_178|         array|
|srt_ord_178_we1        |  out|    1|   ap_memory|              srt_ord_178|         array|
|srt_ord_178_d1         |  out|    8|   ap_memory|              srt_ord_178|         array|
|srt_ord_177_address1   |  out|    6|   ap_memory|              srt_ord_177|         array|
|srt_ord_177_ce1        |  out|    1|   ap_memory|              srt_ord_177|         array|
|srt_ord_177_we1        |  out|    1|   ap_memory|              srt_ord_177|         array|
|srt_ord_177_d1         |  out|    8|   ap_memory|              srt_ord_177|         array|
|srt_ord_176_address1   |  out|    6|   ap_memory|              srt_ord_176|         array|
|srt_ord_176_ce1        |  out|    1|   ap_memory|              srt_ord_176|         array|
|srt_ord_176_we1        |  out|    1|   ap_memory|              srt_ord_176|         array|
|srt_ord_176_d1         |  out|    8|   ap_memory|              srt_ord_176|         array|
|srt_ord_175_address1   |  out|    6|   ap_memory|              srt_ord_175|         array|
|srt_ord_175_ce1        |  out|    1|   ap_memory|              srt_ord_175|         array|
|srt_ord_175_we1        |  out|    1|   ap_memory|              srt_ord_175|         array|
|srt_ord_175_d1         |  out|    8|   ap_memory|              srt_ord_175|         array|
|srt_ord_174_address1   |  out|    6|   ap_memory|              srt_ord_174|         array|
|srt_ord_174_ce1        |  out|    1|   ap_memory|              srt_ord_174|         array|
|srt_ord_174_we1        |  out|    1|   ap_memory|              srt_ord_174|         array|
|srt_ord_174_d1         |  out|    8|   ap_memory|              srt_ord_174|         array|
|srt_ord_173_address1   |  out|    6|   ap_memory|              srt_ord_173|         array|
|srt_ord_173_ce1        |  out|    1|   ap_memory|              srt_ord_173|         array|
|srt_ord_173_we1        |  out|    1|   ap_memory|              srt_ord_173|         array|
|srt_ord_173_d1         |  out|    8|   ap_memory|              srt_ord_173|         array|
|srt_ord_172_address1   |  out|    6|   ap_memory|              srt_ord_172|         array|
|srt_ord_172_ce1        |  out|    1|   ap_memory|              srt_ord_172|         array|
|srt_ord_172_we1        |  out|    1|   ap_memory|              srt_ord_172|         array|
|srt_ord_172_d1         |  out|    8|   ap_memory|              srt_ord_172|         array|
|srt_ord_171_address1   |  out|    6|   ap_memory|              srt_ord_171|         array|
|srt_ord_171_ce1        |  out|    1|   ap_memory|              srt_ord_171|         array|
|srt_ord_171_we1        |  out|    1|   ap_memory|              srt_ord_171|         array|
|srt_ord_171_d1         |  out|    8|   ap_memory|              srt_ord_171|         array|
|srt_ord_170_address1   |  out|    6|   ap_memory|              srt_ord_170|         array|
|srt_ord_170_ce1        |  out|    1|   ap_memory|              srt_ord_170|         array|
|srt_ord_170_we1        |  out|    1|   ap_memory|              srt_ord_170|         array|
|srt_ord_170_d1         |  out|    8|   ap_memory|              srt_ord_170|         array|
|srt_ord_169_address1   |  out|    6|   ap_memory|              srt_ord_169|         array|
|srt_ord_169_ce1        |  out|    1|   ap_memory|              srt_ord_169|         array|
|srt_ord_169_we1        |  out|    1|   ap_memory|              srt_ord_169|         array|
|srt_ord_169_d1         |  out|    8|   ap_memory|              srt_ord_169|         array|
|srt_ord_168_address1   |  out|    6|   ap_memory|              srt_ord_168|         array|
|srt_ord_168_ce1        |  out|    1|   ap_memory|              srt_ord_168|         array|
|srt_ord_168_we1        |  out|    1|   ap_memory|              srt_ord_168|         array|
|srt_ord_168_d1         |  out|    8|   ap_memory|              srt_ord_168|         array|
|srt_ord_167_address1   |  out|    6|   ap_memory|              srt_ord_167|         array|
|srt_ord_167_ce1        |  out|    1|   ap_memory|              srt_ord_167|         array|
|srt_ord_167_we1        |  out|    1|   ap_memory|              srt_ord_167|         array|
|srt_ord_167_d1         |  out|    8|   ap_memory|              srt_ord_167|         array|
|srt_ord_166_address1   |  out|    6|   ap_memory|              srt_ord_166|         array|
|srt_ord_166_ce1        |  out|    1|   ap_memory|              srt_ord_166|         array|
|srt_ord_166_we1        |  out|    1|   ap_memory|              srt_ord_166|         array|
|srt_ord_166_d1         |  out|    8|   ap_memory|              srt_ord_166|         array|
|srt_ord_165_address1   |  out|    6|   ap_memory|              srt_ord_165|         array|
|srt_ord_165_ce1        |  out|    1|   ap_memory|              srt_ord_165|         array|
|srt_ord_165_we1        |  out|    1|   ap_memory|              srt_ord_165|         array|
|srt_ord_165_d1         |  out|    8|   ap_memory|              srt_ord_165|         array|
|srt_ord_164_address1   |  out|    6|   ap_memory|              srt_ord_164|         array|
|srt_ord_164_ce1        |  out|    1|   ap_memory|              srt_ord_164|         array|
|srt_ord_164_we1        |  out|    1|   ap_memory|              srt_ord_164|         array|
|srt_ord_164_d1         |  out|    8|   ap_memory|              srt_ord_164|         array|
|srt_ord_163_address1   |  out|    6|   ap_memory|              srt_ord_163|         array|
|srt_ord_163_ce1        |  out|    1|   ap_memory|              srt_ord_163|         array|
|srt_ord_163_we1        |  out|    1|   ap_memory|              srt_ord_163|         array|
|srt_ord_163_d1         |  out|    8|   ap_memory|              srt_ord_163|         array|
|srt_ord_162_address1   |  out|    6|   ap_memory|              srt_ord_162|         array|
|srt_ord_162_ce1        |  out|    1|   ap_memory|              srt_ord_162|         array|
|srt_ord_162_we1        |  out|    1|   ap_memory|              srt_ord_162|         array|
|srt_ord_162_d1         |  out|    8|   ap_memory|              srt_ord_162|         array|
|srt_ord_161_address1   |  out|    6|   ap_memory|              srt_ord_161|         array|
|srt_ord_161_ce1        |  out|    1|   ap_memory|              srt_ord_161|         array|
|srt_ord_161_we1        |  out|    1|   ap_memory|              srt_ord_161|         array|
|srt_ord_161_d1         |  out|    8|   ap_memory|              srt_ord_161|         array|
|srt_ord_160_address1   |  out|    6|   ap_memory|              srt_ord_160|         array|
|srt_ord_160_ce1        |  out|    1|   ap_memory|              srt_ord_160|         array|
|srt_ord_160_we1        |  out|    1|   ap_memory|              srt_ord_160|         array|
|srt_ord_160_d1         |  out|    8|   ap_memory|              srt_ord_160|         array|
|srt_ord_159_address1   |  out|    6|   ap_memory|              srt_ord_159|         array|
|srt_ord_159_ce1        |  out|    1|   ap_memory|              srt_ord_159|         array|
|srt_ord_159_we1        |  out|    1|   ap_memory|              srt_ord_159|         array|
|srt_ord_159_d1         |  out|    8|   ap_memory|              srt_ord_159|         array|
|srt_ord_158_address1   |  out|    6|   ap_memory|              srt_ord_158|         array|
|srt_ord_158_ce1        |  out|    1|   ap_memory|              srt_ord_158|         array|
|srt_ord_158_we1        |  out|    1|   ap_memory|              srt_ord_158|         array|
|srt_ord_158_d1         |  out|    8|   ap_memory|              srt_ord_158|         array|
|srt_ord_157_address1   |  out|    6|   ap_memory|              srt_ord_157|         array|
|srt_ord_157_ce1        |  out|    1|   ap_memory|              srt_ord_157|         array|
|srt_ord_157_we1        |  out|    1|   ap_memory|              srt_ord_157|         array|
|srt_ord_157_d1         |  out|    8|   ap_memory|              srt_ord_157|         array|
|srt_ord_156_address1   |  out|    6|   ap_memory|              srt_ord_156|         array|
|srt_ord_156_ce1        |  out|    1|   ap_memory|              srt_ord_156|         array|
|srt_ord_156_we1        |  out|    1|   ap_memory|              srt_ord_156|         array|
|srt_ord_156_d1         |  out|    8|   ap_memory|              srt_ord_156|         array|
|srt_ord_155_address1   |  out|    6|   ap_memory|              srt_ord_155|         array|
|srt_ord_155_ce1        |  out|    1|   ap_memory|              srt_ord_155|         array|
|srt_ord_155_we1        |  out|    1|   ap_memory|              srt_ord_155|         array|
|srt_ord_155_d1         |  out|    8|   ap_memory|              srt_ord_155|         array|
|srt_ord_154_address1   |  out|    6|   ap_memory|              srt_ord_154|         array|
|srt_ord_154_ce1        |  out|    1|   ap_memory|              srt_ord_154|         array|
|srt_ord_154_we1        |  out|    1|   ap_memory|              srt_ord_154|         array|
|srt_ord_154_d1         |  out|    8|   ap_memory|              srt_ord_154|         array|
|srt_ord_153_address1   |  out|    6|   ap_memory|              srt_ord_153|         array|
|srt_ord_153_ce1        |  out|    1|   ap_memory|              srt_ord_153|         array|
|srt_ord_153_we1        |  out|    1|   ap_memory|              srt_ord_153|         array|
|srt_ord_153_d1         |  out|    8|   ap_memory|              srt_ord_153|         array|
|srt_ord_152_address1   |  out|    6|   ap_memory|              srt_ord_152|         array|
|srt_ord_152_ce1        |  out|    1|   ap_memory|              srt_ord_152|         array|
|srt_ord_152_we1        |  out|    1|   ap_memory|              srt_ord_152|         array|
|srt_ord_152_d1         |  out|    8|   ap_memory|              srt_ord_152|         array|
|srt_ord_151_address1   |  out|    6|   ap_memory|              srt_ord_151|         array|
|srt_ord_151_ce1        |  out|    1|   ap_memory|              srt_ord_151|         array|
|srt_ord_151_we1        |  out|    1|   ap_memory|              srt_ord_151|         array|
|srt_ord_151_d1         |  out|    8|   ap_memory|              srt_ord_151|         array|
|srt_ord_150_address1   |  out|    6|   ap_memory|              srt_ord_150|         array|
|srt_ord_150_ce1        |  out|    1|   ap_memory|              srt_ord_150|         array|
|srt_ord_150_we1        |  out|    1|   ap_memory|              srt_ord_150|         array|
|srt_ord_150_d1         |  out|    8|   ap_memory|              srt_ord_150|         array|
|srt_ord_149_address1   |  out|    6|   ap_memory|              srt_ord_149|         array|
|srt_ord_149_ce1        |  out|    1|   ap_memory|              srt_ord_149|         array|
|srt_ord_149_we1        |  out|    1|   ap_memory|              srt_ord_149|         array|
|srt_ord_149_d1         |  out|    9|   ap_memory|              srt_ord_149|         array|
|srt_ord_148_address1   |  out|    6|   ap_memory|              srt_ord_148|         array|
|srt_ord_148_ce1        |  out|    1|   ap_memory|              srt_ord_148|         array|
|srt_ord_148_we1        |  out|    1|   ap_memory|              srt_ord_148|         array|
|srt_ord_148_d1         |  out|    9|   ap_memory|              srt_ord_148|         array|
|srt_ord_147_address1   |  out|    6|   ap_memory|              srt_ord_147|         array|
|srt_ord_147_ce1        |  out|    1|   ap_memory|              srt_ord_147|         array|
|srt_ord_147_we1        |  out|    1|   ap_memory|              srt_ord_147|         array|
|srt_ord_147_d1         |  out|    9|   ap_memory|              srt_ord_147|         array|
|srt_ord_146_address1   |  out|    6|   ap_memory|              srt_ord_146|         array|
|srt_ord_146_ce1        |  out|    1|   ap_memory|              srt_ord_146|         array|
|srt_ord_146_we1        |  out|    1|   ap_memory|              srt_ord_146|         array|
|srt_ord_146_d1         |  out|    9|   ap_memory|              srt_ord_146|         array|
|srt_ord_145_address1   |  out|    6|   ap_memory|              srt_ord_145|         array|
|srt_ord_145_ce1        |  out|    1|   ap_memory|              srt_ord_145|         array|
|srt_ord_145_we1        |  out|    1|   ap_memory|              srt_ord_145|         array|
|srt_ord_145_d1         |  out|    9|   ap_memory|              srt_ord_145|         array|
|srt_ord_144_address1   |  out|    6|   ap_memory|              srt_ord_144|         array|
|srt_ord_144_ce1        |  out|    1|   ap_memory|              srt_ord_144|         array|
|srt_ord_144_we1        |  out|    1|   ap_memory|              srt_ord_144|         array|
|srt_ord_144_d1         |  out|    9|   ap_memory|              srt_ord_144|         array|
|srt_ord_143_address1   |  out|    6|   ap_memory|              srt_ord_143|         array|
|srt_ord_143_ce1        |  out|    1|   ap_memory|              srt_ord_143|         array|
|srt_ord_143_we1        |  out|    1|   ap_memory|              srt_ord_143|         array|
|srt_ord_143_d1         |  out|    9|   ap_memory|              srt_ord_143|         array|
|srt_ord_142_address1   |  out|    6|   ap_memory|              srt_ord_142|         array|
|srt_ord_142_ce1        |  out|    1|   ap_memory|              srt_ord_142|         array|
|srt_ord_142_we1        |  out|    1|   ap_memory|              srt_ord_142|         array|
|srt_ord_142_d1         |  out|    9|   ap_memory|              srt_ord_142|         array|
|srt_ord_141_address1   |  out|    6|   ap_memory|              srt_ord_141|         array|
|srt_ord_141_ce1        |  out|    1|   ap_memory|              srt_ord_141|         array|
|srt_ord_141_we1        |  out|    1|   ap_memory|              srt_ord_141|         array|
|srt_ord_141_d1         |  out|    9|   ap_memory|              srt_ord_141|         array|
|srt_ord_140_address1   |  out|    6|   ap_memory|              srt_ord_140|         array|
|srt_ord_140_ce1        |  out|    1|   ap_memory|              srt_ord_140|         array|
|srt_ord_140_we1        |  out|    1|   ap_memory|              srt_ord_140|         array|
|srt_ord_140_d1         |  out|    9|   ap_memory|              srt_ord_140|         array|
|srt_ord_139_address1   |  out|    6|   ap_memory|              srt_ord_139|         array|
|srt_ord_139_ce1        |  out|    1|   ap_memory|              srt_ord_139|         array|
|srt_ord_139_we1        |  out|    1|   ap_memory|              srt_ord_139|         array|
|srt_ord_139_d1         |  out|    9|   ap_memory|              srt_ord_139|         array|
|srt_ord_138_address1   |  out|    6|   ap_memory|              srt_ord_138|         array|
|srt_ord_138_ce1        |  out|    1|   ap_memory|              srt_ord_138|         array|
|srt_ord_138_we1        |  out|    1|   ap_memory|              srt_ord_138|         array|
|srt_ord_138_d1         |  out|    9|   ap_memory|              srt_ord_138|         array|
|srt_ord_137_address1   |  out|    6|   ap_memory|              srt_ord_137|         array|
|srt_ord_137_ce1        |  out|    1|   ap_memory|              srt_ord_137|         array|
|srt_ord_137_we1        |  out|    1|   ap_memory|              srt_ord_137|         array|
|srt_ord_137_d1         |  out|    9|   ap_memory|              srt_ord_137|         array|
|srt_ord_136_address1   |  out|    6|   ap_memory|              srt_ord_136|         array|
|srt_ord_136_ce1        |  out|    1|   ap_memory|              srt_ord_136|         array|
|srt_ord_136_we1        |  out|    1|   ap_memory|              srt_ord_136|         array|
|srt_ord_136_d1         |  out|    9|   ap_memory|              srt_ord_136|         array|
|srt_ord_135_address1   |  out|    6|   ap_memory|              srt_ord_135|         array|
|srt_ord_135_ce1        |  out|    1|   ap_memory|              srt_ord_135|         array|
|srt_ord_135_we1        |  out|    1|   ap_memory|              srt_ord_135|         array|
|srt_ord_135_d1         |  out|    9|   ap_memory|              srt_ord_135|         array|
|srt_ord_134_address1   |  out|    6|   ap_memory|              srt_ord_134|         array|
|srt_ord_134_ce1        |  out|    1|   ap_memory|              srt_ord_134|         array|
|srt_ord_134_we1        |  out|    1|   ap_memory|              srt_ord_134|         array|
|srt_ord_134_d1         |  out|    9|   ap_memory|              srt_ord_134|         array|
|srt_ord_133_address1   |  out|    6|   ap_memory|              srt_ord_133|         array|
|srt_ord_133_ce1        |  out|    1|   ap_memory|              srt_ord_133|         array|
|srt_ord_133_we1        |  out|    1|   ap_memory|              srt_ord_133|         array|
|srt_ord_133_d1         |  out|    9|   ap_memory|              srt_ord_133|         array|
|srt_ord_132_address1   |  out|    6|   ap_memory|              srt_ord_132|         array|
|srt_ord_132_ce1        |  out|    1|   ap_memory|              srt_ord_132|         array|
|srt_ord_132_we1        |  out|    1|   ap_memory|              srt_ord_132|         array|
|srt_ord_132_d1         |  out|    9|   ap_memory|              srt_ord_132|         array|
|srt_ord_131_address1   |  out|    6|   ap_memory|              srt_ord_131|         array|
|srt_ord_131_ce1        |  out|    1|   ap_memory|              srt_ord_131|         array|
|srt_ord_131_we1        |  out|    1|   ap_memory|              srt_ord_131|         array|
|srt_ord_131_d1         |  out|    9|   ap_memory|              srt_ord_131|         array|
|srt_ord_130_address1   |  out|    6|   ap_memory|              srt_ord_130|         array|
|srt_ord_130_ce1        |  out|    1|   ap_memory|              srt_ord_130|         array|
|srt_ord_130_we1        |  out|    1|   ap_memory|              srt_ord_130|         array|
|srt_ord_130_d1         |  out|    9|   ap_memory|              srt_ord_130|         array|
|srt_ord_129_address1   |  out|    6|   ap_memory|              srt_ord_129|         array|
|srt_ord_129_ce1        |  out|    1|   ap_memory|              srt_ord_129|         array|
|srt_ord_129_we1        |  out|    1|   ap_memory|              srt_ord_129|         array|
|srt_ord_129_d1         |  out|    9|   ap_memory|              srt_ord_129|         array|
|srt_ord_128_address1   |  out|    6|   ap_memory|              srt_ord_128|         array|
|srt_ord_128_ce1        |  out|    1|   ap_memory|              srt_ord_128|         array|
|srt_ord_128_we1        |  out|    1|   ap_memory|              srt_ord_128|         array|
|srt_ord_128_d1         |  out|    9|   ap_memory|              srt_ord_128|         array|
|srt_ord_127_address1   |  out|    6|   ap_memory|              srt_ord_127|         array|
|srt_ord_127_ce1        |  out|    1|   ap_memory|              srt_ord_127|         array|
|srt_ord_127_we1        |  out|    1|   ap_memory|              srt_ord_127|         array|
|srt_ord_127_d1         |  out|    9|   ap_memory|              srt_ord_127|         array|
|srt_ord_126_address1   |  out|    6|   ap_memory|              srt_ord_126|         array|
|srt_ord_126_ce1        |  out|    1|   ap_memory|              srt_ord_126|         array|
|srt_ord_126_we1        |  out|    1|   ap_memory|              srt_ord_126|         array|
|srt_ord_126_d1         |  out|    9|   ap_memory|              srt_ord_126|         array|
|srt_ord_125_address1   |  out|    6|   ap_memory|              srt_ord_125|         array|
|srt_ord_125_ce1        |  out|    1|   ap_memory|              srt_ord_125|         array|
|srt_ord_125_we1        |  out|    1|   ap_memory|              srt_ord_125|         array|
|srt_ord_125_d1         |  out|    9|   ap_memory|              srt_ord_125|         array|
|srt_ord_124_address1   |  out|    6|   ap_memory|              srt_ord_124|         array|
|srt_ord_124_ce1        |  out|    1|   ap_memory|              srt_ord_124|         array|
|srt_ord_124_we1        |  out|    1|   ap_memory|              srt_ord_124|         array|
|srt_ord_124_d1         |  out|    9|   ap_memory|              srt_ord_124|         array|
|srt_ord_123_address1   |  out|    6|   ap_memory|              srt_ord_123|         array|
|srt_ord_123_ce1        |  out|    1|   ap_memory|              srt_ord_123|         array|
|srt_ord_123_we1        |  out|    1|   ap_memory|              srt_ord_123|         array|
|srt_ord_123_d1         |  out|    9|   ap_memory|              srt_ord_123|         array|
|srt_ord_122_address1   |  out|    6|   ap_memory|              srt_ord_122|         array|
|srt_ord_122_ce1        |  out|    1|   ap_memory|              srt_ord_122|         array|
|srt_ord_122_we1        |  out|    1|   ap_memory|              srt_ord_122|         array|
|srt_ord_122_d1         |  out|    9|   ap_memory|              srt_ord_122|         array|
|srt_ord_121_address1   |  out|    6|   ap_memory|              srt_ord_121|         array|
|srt_ord_121_ce1        |  out|    1|   ap_memory|              srt_ord_121|         array|
|srt_ord_121_we1        |  out|    1|   ap_memory|              srt_ord_121|         array|
|srt_ord_121_d1         |  out|    9|   ap_memory|              srt_ord_121|         array|
|srt_ord_120_address1   |  out|    6|   ap_memory|              srt_ord_120|         array|
|srt_ord_120_ce1        |  out|    1|   ap_memory|              srt_ord_120|         array|
|srt_ord_120_we1        |  out|    1|   ap_memory|              srt_ord_120|         array|
|srt_ord_120_d1         |  out|    9|   ap_memory|              srt_ord_120|         array|
|srt_ord_119_address1   |  out|    6|   ap_memory|              srt_ord_119|         array|
|srt_ord_119_ce1        |  out|    1|   ap_memory|              srt_ord_119|         array|
|srt_ord_119_we1        |  out|    1|   ap_memory|              srt_ord_119|         array|
|srt_ord_119_d1         |  out|    9|   ap_memory|              srt_ord_119|         array|
|srt_ord_118_address1   |  out|    6|   ap_memory|              srt_ord_118|         array|
|srt_ord_118_ce1        |  out|    1|   ap_memory|              srt_ord_118|         array|
|srt_ord_118_we1        |  out|    1|   ap_memory|              srt_ord_118|         array|
|srt_ord_118_d1         |  out|    9|   ap_memory|              srt_ord_118|         array|
|srt_ord_117_address1   |  out|    6|   ap_memory|              srt_ord_117|         array|
|srt_ord_117_ce1        |  out|    1|   ap_memory|              srt_ord_117|         array|
|srt_ord_117_we1        |  out|    1|   ap_memory|              srt_ord_117|         array|
|srt_ord_117_d1         |  out|    9|   ap_memory|              srt_ord_117|         array|
|srt_ord_116_address1   |  out|    6|   ap_memory|              srt_ord_116|         array|
|srt_ord_116_ce1        |  out|    1|   ap_memory|              srt_ord_116|         array|
|srt_ord_116_we1        |  out|    1|   ap_memory|              srt_ord_116|         array|
|srt_ord_116_d1         |  out|    9|   ap_memory|              srt_ord_116|         array|
|srt_ord_115_address1   |  out|    6|   ap_memory|              srt_ord_115|         array|
|srt_ord_115_ce1        |  out|    1|   ap_memory|              srt_ord_115|         array|
|srt_ord_115_we1        |  out|    1|   ap_memory|              srt_ord_115|         array|
|srt_ord_115_d1         |  out|    9|   ap_memory|              srt_ord_115|         array|
|srt_ord_114_address1   |  out|    6|   ap_memory|              srt_ord_114|         array|
|srt_ord_114_ce1        |  out|    1|   ap_memory|              srt_ord_114|         array|
|srt_ord_114_we1        |  out|    1|   ap_memory|              srt_ord_114|         array|
|srt_ord_114_d1         |  out|    9|   ap_memory|              srt_ord_114|         array|
|srt_ord_113_address1   |  out|    6|   ap_memory|              srt_ord_113|         array|
|srt_ord_113_ce1        |  out|    1|   ap_memory|              srt_ord_113|         array|
|srt_ord_113_we1        |  out|    1|   ap_memory|              srt_ord_113|         array|
|srt_ord_113_d1         |  out|    9|   ap_memory|              srt_ord_113|         array|
|srt_ord_112_address1   |  out|    6|   ap_memory|              srt_ord_112|         array|
|srt_ord_112_ce1        |  out|    1|   ap_memory|              srt_ord_112|         array|
|srt_ord_112_we1        |  out|    1|   ap_memory|              srt_ord_112|         array|
|srt_ord_112_d1         |  out|    9|   ap_memory|              srt_ord_112|         array|
|srt_ord_111_address1   |  out|    6|   ap_memory|              srt_ord_111|         array|
|srt_ord_111_ce1        |  out|    1|   ap_memory|              srt_ord_111|         array|
|srt_ord_111_we1        |  out|    1|   ap_memory|              srt_ord_111|         array|
|srt_ord_111_d1         |  out|    9|   ap_memory|              srt_ord_111|         array|
|srt_ord_110_address1   |  out|    6|   ap_memory|              srt_ord_110|         array|
|srt_ord_110_ce1        |  out|    1|   ap_memory|              srt_ord_110|         array|
|srt_ord_110_we1        |  out|    1|   ap_memory|              srt_ord_110|         array|
|srt_ord_110_d1         |  out|    9|   ap_memory|              srt_ord_110|         array|
|srt_ord_109_address1   |  out|    6|   ap_memory|              srt_ord_109|         array|
|srt_ord_109_ce1        |  out|    1|   ap_memory|              srt_ord_109|         array|
|srt_ord_109_we1        |  out|    1|   ap_memory|              srt_ord_109|         array|
|srt_ord_109_d1         |  out|    9|   ap_memory|              srt_ord_109|         array|
|srt_ord_108_address1   |  out|    6|   ap_memory|              srt_ord_108|         array|
|srt_ord_108_ce1        |  out|    1|   ap_memory|              srt_ord_108|         array|
|srt_ord_108_we1        |  out|    1|   ap_memory|              srt_ord_108|         array|
|srt_ord_108_d1         |  out|    9|   ap_memory|              srt_ord_108|         array|
|srt_ord_107_address1   |  out|    6|   ap_memory|              srt_ord_107|         array|
|srt_ord_107_ce1        |  out|    1|   ap_memory|              srt_ord_107|         array|
|srt_ord_107_we1        |  out|    1|   ap_memory|              srt_ord_107|         array|
|srt_ord_107_d1         |  out|    9|   ap_memory|              srt_ord_107|         array|
|srt_ord_106_address1   |  out|    6|   ap_memory|              srt_ord_106|         array|
|srt_ord_106_ce1        |  out|    1|   ap_memory|              srt_ord_106|         array|
|srt_ord_106_we1        |  out|    1|   ap_memory|              srt_ord_106|         array|
|srt_ord_106_d1         |  out|    9|   ap_memory|              srt_ord_106|         array|
|srt_ord_105_address1   |  out|    6|   ap_memory|              srt_ord_105|         array|
|srt_ord_105_ce1        |  out|    1|   ap_memory|              srt_ord_105|         array|
|srt_ord_105_we1        |  out|    1|   ap_memory|              srt_ord_105|         array|
|srt_ord_105_d1         |  out|    9|   ap_memory|              srt_ord_105|         array|
|srt_ord_104_address1   |  out|    6|   ap_memory|              srt_ord_104|         array|
|srt_ord_104_ce1        |  out|    1|   ap_memory|              srt_ord_104|         array|
|srt_ord_104_we1        |  out|    1|   ap_memory|              srt_ord_104|         array|
|srt_ord_104_d1         |  out|    9|   ap_memory|              srt_ord_104|         array|
|srt_ord_103_address1   |  out|    6|   ap_memory|              srt_ord_103|         array|
|srt_ord_103_ce1        |  out|    1|   ap_memory|              srt_ord_103|         array|
|srt_ord_103_we1        |  out|    1|   ap_memory|              srt_ord_103|         array|
|srt_ord_103_d1         |  out|    9|   ap_memory|              srt_ord_103|         array|
|srt_ord_102_address1   |  out|    6|   ap_memory|              srt_ord_102|         array|
|srt_ord_102_ce1        |  out|    1|   ap_memory|              srt_ord_102|         array|
|srt_ord_102_we1        |  out|    1|   ap_memory|              srt_ord_102|         array|
|srt_ord_102_d1         |  out|    9|   ap_memory|              srt_ord_102|         array|
|srt_ord_101_address1   |  out|    6|   ap_memory|              srt_ord_101|         array|
|srt_ord_101_ce1        |  out|    1|   ap_memory|              srt_ord_101|         array|
|srt_ord_101_we1        |  out|    1|   ap_memory|              srt_ord_101|         array|
|srt_ord_101_d1         |  out|    9|   ap_memory|              srt_ord_101|         array|
|srt_ord_100_address1   |  out|    6|   ap_memory|              srt_ord_100|         array|
|srt_ord_100_ce1        |  out|    1|   ap_memory|              srt_ord_100|         array|
|srt_ord_100_we1        |  out|    1|   ap_memory|              srt_ord_100|         array|
|srt_ord_100_d1         |  out|    9|   ap_memory|              srt_ord_100|         array|
|srt_ord_99_address1    |  out|    6|   ap_memory|               srt_ord_99|         array|
|srt_ord_99_ce1         |  out|    1|   ap_memory|               srt_ord_99|         array|
|srt_ord_99_we1         |  out|    1|   ap_memory|               srt_ord_99|         array|
|srt_ord_99_d1          |  out|    9|   ap_memory|               srt_ord_99|         array|
|srt_ord_98_address1    |  out|    6|   ap_memory|               srt_ord_98|         array|
|srt_ord_98_ce1         |  out|    1|   ap_memory|               srt_ord_98|         array|
|srt_ord_98_we1         |  out|    1|   ap_memory|               srt_ord_98|         array|
|srt_ord_98_d1          |  out|    9|   ap_memory|               srt_ord_98|         array|
|srt_ord_97_address1    |  out|    6|   ap_memory|               srt_ord_97|         array|
|srt_ord_97_ce1         |  out|    1|   ap_memory|               srt_ord_97|         array|
|srt_ord_97_we1         |  out|    1|   ap_memory|               srt_ord_97|         array|
|srt_ord_97_d1          |  out|    9|   ap_memory|               srt_ord_97|         array|
|srt_ord_96_address1    |  out|    6|   ap_memory|               srt_ord_96|         array|
|srt_ord_96_ce1         |  out|    1|   ap_memory|               srt_ord_96|         array|
|srt_ord_96_we1         |  out|    1|   ap_memory|               srt_ord_96|         array|
|srt_ord_96_d1          |  out|    9|   ap_memory|               srt_ord_96|         array|
|srt_ord_95_address1    |  out|    6|   ap_memory|               srt_ord_95|         array|
|srt_ord_95_ce1         |  out|    1|   ap_memory|               srt_ord_95|         array|
|srt_ord_95_we1         |  out|    1|   ap_memory|               srt_ord_95|         array|
|srt_ord_95_d1          |  out|    9|   ap_memory|               srt_ord_95|         array|
|srt_ord_94_address1    |  out|    6|   ap_memory|               srt_ord_94|         array|
|srt_ord_94_ce1         |  out|    1|   ap_memory|               srt_ord_94|         array|
|srt_ord_94_we1         |  out|    1|   ap_memory|               srt_ord_94|         array|
|srt_ord_94_d1          |  out|    9|   ap_memory|               srt_ord_94|         array|
|srt_ord_93_address1    |  out|    6|   ap_memory|               srt_ord_93|         array|
|srt_ord_93_ce1         |  out|    1|   ap_memory|               srt_ord_93|         array|
|srt_ord_93_we1         |  out|    1|   ap_memory|               srt_ord_93|         array|
|srt_ord_93_d1          |  out|    9|   ap_memory|               srt_ord_93|         array|
|srt_ord_92_address1    |  out|    6|   ap_memory|               srt_ord_92|         array|
|srt_ord_92_ce1         |  out|    1|   ap_memory|               srt_ord_92|         array|
|srt_ord_92_we1         |  out|    1|   ap_memory|               srt_ord_92|         array|
|srt_ord_92_d1          |  out|    9|   ap_memory|               srt_ord_92|         array|
|srt_ord_91_address1    |  out|    6|   ap_memory|               srt_ord_91|         array|
|srt_ord_91_ce1         |  out|    1|   ap_memory|               srt_ord_91|         array|
|srt_ord_91_we1         |  out|    1|   ap_memory|               srt_ord_91|         array|
|srt_ord_91_d1          |  out|    9|   ap_memory|               srt_ord_91|         array|
|srt_ord_90_address1    |  out|    6|   ap_memory|               srt_ord_90|         array|
|srt_ord_90_ce1         |  out|    1|   ap_memory|               srt_ord_90|         array|
|srt_ord_90_we1         |  out|    1|   ap_memory|               srt_ord_90|         array|
|srt_ord_90_d1          |  out|    9|   ap_memory|               srt_ord_90|         array|
|srt_ord_89_address1    |  out|    6|   ap_memory|               srt_ord_89|         array|
|srt_ord_89_ce1         |  out|    1|   ap_memory|               srt_ord_89|         array|
|srt_ord_89_we1         |  out|    1|   ap_memory|               srt_ord_89|         array|
|srt_ord_89_d1          |  out|    7|   ap_memory|               srt_ord_89|         array|
|srt_ord_88_address1    |  out|    6|   ap_memory|               srt_ord_88|         array|
|srt_ord_88_ce1         |  out|    1|   ap_memory|               srt_ord_88|         array|
|srt_ord_88_we1         |  out|    1|   ap_memory|               srt_ord_88|         array|
|srt_ord_88_d1          |  out|    7|   ap_memory|               srt_ord_88|         array|
|srt_ord_87_address1    |  out|    6|   ap_memory|               srt_ord_87|         array|
|srt_ord_87_ce1         |  out|    1|   ap_memory|               srt_ord_87|         array|
|srt_ord_87_we1         |  out|    1|   ap_memory|               srt_ord_87|         array|
|srt_ord_87_d1          |  out|    7|   ap_memory|               srt_ord_87|         array|
|srt_ord_86_address1    |  out|    6|   ap_memory|               srt_ord_86|         array|
|srt_ord_86_ce1         |  out|    1|   ap_memory|               srt_ord_86|         array|
|srt_ord_86_we1         |  out|    1|   ap_memory|               srt_ord_86|         array|
|srt_ord_86_d1          |  out|    7|   ap_memory|               srt_ord_86|         array|
|srt_ord_85_address1    |  out|    6|   ap_memory|               srt_ord_85|         array|
|srt_ord_85_ce1         |  out|    1|   ap_memory|               srt_ord_85|         array|
|srt_ord_85_we1         |  out|    1|   ap_memory|               srt_ord_85|         array|
|srt_ord_85_d1          |  out|    7|   ap_memory|               srt_ord_85|         array|
|srt_ord_84_address1    |  out|    6|   ap_memory|               srt_ord_84|         array|
|srt_ord_84_ce1         |  out|    1|   ap_memory|               srt_ord_84|         array|
|srt_ord_84_we1         |  out|    1|   ap_memory|               srt_ord_84|         array|
|srt_ord_84_d1          |  out|    7|   ap_memory|               srt_ord_84|         array|
|srt_ord_83_address1    |  out|    6|   ap_memory|               srt_ord_83|         array|
|srt_ord_83_ce1         |  out|    1|   ap_memory|               srt_ord_83|         array|
|srt_ord_83_we1         |  out|    1|   ap_memory|               srt_ord_83|         array|
|srt_ord_83_d1          |  out|    7|   ap_memory|               srt_ord_83|         array|
|srt_ord_82_address1    |  out|    6|   ap_memory|               srt_ord_82|         array|
|srt_ord_82_ce1         |  out|    1|   ap_memory|               srt_ord_82|         array|
|srt_ord_82_we1         |  out|    1|   ap_memory|               srt_ord_82|         array|
|srt_ord_82_d1          |  out|    7|   ap_memory|               srt_ord_82|         array|
|srt_ord_81_address1    |  out|    6|   ap_memory|               srt_ord_81|         array|
|srt_ord_81_ce1         |  out|    1|   ap_memory|               srt_ord_81|         array|
|srt_ord_81_we1         |  out|    1|   ap_memory|               srt_ord_81|         array|
|srt_ord_81_d1          |  out|    7|   ap_memory|               srt_ord_81|         array|
|srt_ord_80_address1    |  out|    6|   ap_memory|               srt_ord_80|         array|
|srt_ord_80_ce1         |  out|    1|   ap_memory|               srt_ord_80|         array|
|srt_ord_80_we1         |  out|    1|   ap_memory|               srt_ord_80|         array|
|srt_ord_80_d1          |  out|    7|   ap_memory|               srt_ord_80|         array|
|srt_ord_79_address1    |  out|    6|   ap_memory|               srt_ord_79|         array|
|srt_ord_79_ce1         |  out|    1|   ap_memory|               srt_ord_79|         array|
|srt_ord_79_we1         |  out|    1|   ap_memory|               srt_ord_79|         array|
|srt_ord_79_d1          |  out|    7|   ap_memory|               srt_ord_79|         array|
|srt_ord_78_address1    |  out|    6|   ap_memory|               srt_ord_78|         array|
|srt_ord_78_ce1         |  out|    1|   ap_memory|               srt_ord_78|         array|
|srt_ord_78_we1         |  out|    1|   ap_memory|               srt_ord_78|         array|
|srt_ord_78_d1          |  out|    7|   ap_memory|               srt_ord_78|         array|
|srt_ord_77_address1    |  out|    6|   ap_memory|               srt_ord_77|         array|
|srt_ord_77_ce1         |  out|    1|   ap_memory|               srt_ord_77|         array|
|srt_ord_77_we1         |  out|    1|   ap_memory|               srt_ord_77|         array|
|srt_ord_77_d1          |  out|    7|   ap_memory|               srt_ord_77|         array|
|srt_ord_76_address1    |  out|    6|   ap_memory|               srt_ord_76|         array|
|srt_ord_76_ce1         |  out|    1|   ap_memory|               srt_ord_76|         array|
|srt_ord_76_we1         |  out|    1|   ap_memory|               srt_ord_76|         array|
|srt_ord_76_d1          |  out|    7|   ap_memory|               srt_ord_76|         array|
|srt_ord_75_address1    |  out|    6|   ap_memory|               srt_ord_75|         array|
|srt_ord_75_ce1         |  out|    1|   ap_memory|               srt_ord_75|         array|
|srt_ord_75_we1         |  out|    1|   ap_memory|               srt_ord_75|         array|
|srt_ord_75_d1          |  out|    7|   ap_memory|               srt_ord_75|         array|
|srt_ord_74_address1    |  out|    6|   ap_memory|               srt_ord_74|         array|
|srt_ord_74_ce1         |  out|    1|   ap_memory|               srt_ord_74|         array|
|srt_ord_74_we1         |  out|    1|   ap_memory|               srt_ord_74|         array|
|srt_ord_74_d1          |  out|    8|   ap_memory|               srt_ord_74|         array|
|srt_ord_73_address1    |  out|    6|   ap_memory|               srt_ord_73|         array|
|srt_ord_73_ce1         |  out|    1|   ap_memory|               srt_ord_73|         array|
|srt_ord_73_we1         |  out|    1|   ap_memory|               srt_ord_73|         array|
|srt_ord_73_d1          |  out|    8|   ap_memory|               srt_ord_73|         array|
|srt_ord_72_address1    |  out|    6|   ap_memory|               srt_ord_72|         array|
|srt_ord_72_ce1         |  out|    1|   ap_memory|               srt_ord_72|         array|
|srt_ord_72_we1         |  out|    1|   ap_memory|               srt_ord_72|         array|
|srt_ord_72_d1          |  out|    8|   ap_memory|               srt_ord_72|         array|
|srt_ord_71_address1    |  out|    6|   ap_memory|               srt_ord_71|         array|
|srt_ord_71_ce1         |  out|    1|   ap_memory|               srt_ord_71|         array|
|srt_ord_71_we1         |  out|    1|   ap_memory|               srt_ord_71|         array|
|srt_ord_71_d1          |  out|    8|   ap_memory|               srt_ord_71|         array|
|srt_ord_70_address1    |  out|    6|   ap_memory|               srt_ord_70|         array|
|srt_ord_70_ce1         |  out|    1|   ap_memory|               srt_ord_70|         array|
|srt_ord_70_we1         |  out|    1|   ap_memory|               srt_ord_70|         array|
|srt_ord_70_d1          |  out|    8|   ap_memory|               srt_ord_70|         array|
|srt_ord_69_address1    |  out|    6|   ap_memory|               srt_ord_69|         array|
|srt_ord_69_ce1         |  out|    1|   ap_memory|               srt_ord_69|         array|
|srt_ord_69_we1         |  out|    1|   ap_memory|               srt_ord_69|         array|
|srt_ord_69_d1          |  out|    8|   ap_memory|               srt_ord_69|         array|
|srt_ord_68_address1    |  out|    6|   ap_memory|               srt_ord_68|         array|
|srt_ord_68_ce1         |  out|    1|   ap_memory|               srt_ord_68|         array|
|srt_ord_68_we1         |  out|    1|   ap_memory|               srt_ord_68|         array|
|srt_ord_68_d1          |  out|    8|   ap_memory|               srt_ord_68|         array|
|srt_ord_67_address1    |  out|    6|   ap_memory|               srt_ord_67|         array|
|srt_ord_67_ce1         |  out|    1|   ap_memory|               srt_ord_67|         array|
|srt_ord_67_we1         |  out|    1|   ap_memory|               srt_ord_67|         array|
|srt_ord_67_d1          |  out|    8|   ap_memory|               srt_ord_67|         array|
|srt_ord_66_address1    |  out|    6|   ap_memory|               srt_ord_66|         array|
|srt_ord_66_ce1         |  out|    1|   ap_memory|               srt_ord_66|         array|
|srt_ord_66_we1         |  out|    1|   ap_memory|               srt_ord_66|         array|
|srt_ord_66_d1          |  out|    8|   ap_memory|               srt_ord_66|         array|
|srt_ord_65_address1    |  out|    6|   ap_memory|               srt_ord_65|         array|
|srt_ord_65_ce1         |  out|    1|   ap_memory|               srt_ord_65|         array|
|srt_ord_65_we1         |  out|    1|   ap_memory|               srt_ord_65|         array|
|srt_ord_65_d1          |  out|    8|   ap_memory|               srt_ord_65|         array|
|srt_ord_64_address1    |  out|    6|   ap_memory|               srt_ord_64|         array|
|srt_ord_64_ce1         |  out|    1|   ap_memory|               srt_ord_64|         array|
|srt_ord_64_we1         |  out|    1|   ap_memory|               srt_ord_64|         array|
|srt_ord_64_d1          |  out|    8|   ap_memory|               srt_ord_64|         array|
|srt_ord_63_address1    |  out|    6|   ap_memory|               srt_ord_63|         array|
|srt_ord_63_ce1         |  out|    1|   ap_memory|               srt_ord_63|         array|
|srt_ord_63_we1         |  out|    1|   ap_memory|               srt_ord_63|         array|
|srt_ord_63_d1          |  out|    8|   ap_memory|               srt_ord_63|         array|
|srt_ord_62_address1    |  out|    6|   ap_memory|               srt_ord_62|         array|
|srt_ord_62_ce1         |  out|    1|   ap_memory|               srt_ord_62|         array|
|srt_ord_62_we1         |  out|    1|   ap_memory|               srt_ord_62|         array|
|srt_ord_62_d1          |  out|    8|   ap_memory|               srt_ord_62|         array|
|srt_ord_61_address1    |  out|    6|   ap_memory|               srt_ord_61|         array|
|srt_ord_61_ce1         |  out|    1|   ap_memory|               srt_ord_61|         array|
|srt_ord_61_we1         |  out|    1|   ap_memory|               srt_ord_61|         array|
|srt_ord_61_d1          |  out|    8|   ap_memory|               srt_ord_61|         array|
|srt_ord_60_address1    |  out|    6|   ap_memory|               srt_ord_60|         array|
|srt_ord_60_ce1         |  out|    1|   ap_memory|               srt_ord_60|         array|
|srt_ord_60_we1         |  out|    1|   ap_memory|               srt_ord_60|         array|
|srt_ord_60_d1          |  out|    8|   ap_memory|               srt_ord_60|         array|
|srt_ord_59_address1    |  out|    6|   ap_memory|               srt_ord_59|         array|
|srt_ord_59_ce1         |  out|    1|   ap_memory|               srt_ord_59|         array|
|srt_ord_59_we1         |  out|    1|   ap_memory|               srt_ord_59|         array|
|srt_ord_59_d1          |  out|    8|   ap_memory|               srt_ord_59|         array|
|srt_ord_58_address1    |  out|    6|   ap_memory|               srt_ord_58|         array|
|srt_ord_58_ce1         |  out|    1|   ap_memory|               srt_ord_58|         array|
|srt_ord_58_we1         |  out|    1|   ap_memory|               srt_ord_58|         array|
|srt_ord_58_d1          |  out|    8|   ap_memory|               srt_ord_58|         array|
|srt_ord_57_address1    |  out|    6|   ap_memory|               srt_ord_57|         array|
|srt_ord_57_ce1         |  out|    1|   ap_memory|               srt_ord_57|         array|
|srt_ord_57_we1         |  out|    1|   ap_memory|               srt_ord_57|         array|
|srt_ord_57_d1          |  out|    8|   ap_memory|               srt_ord_57|         array|
|srt_ord_56_address1    |  out|    6|   ap_memory|               srt_ord_56|         array|
|srt_ord_56_ce1         |  out|    1|   ap_memory|               srt_ord_56|         array|
|srt_ord_56_we1         |  out|    1|   ap_memory|               srt_ord_56|         array|
|srt_ord_56_d1          |  out|    8|   ap_memory|               srt_ord_56|         array|
|srt_ord_55_address1    |  out|    6|   ap_memory|               srt_ord_55|         array|
|srt_ord_55_ce1         |  out|    1|   ap_memory|               srt_ord_55|         array|
|srt_ord_55_we1         |  out|    1|   ap_memory|               srt_ord_55|         array|
|srt_ord_55_d1          |  out|    8|   ap_memory|               srt_ord_55|         array|
|srt_ord_54_address1    |  out|    6|   ap_memory|               srt_ord_54|         array|
|srt_ord_54_ce1         |  out|    1|   ap_memory|               srt_ord_54|         array|
|srt_ord_54_we1         |  out|    1|   ap_memory|               srt_ord_54|         array|
|srt_ord_54_d1          |  out|    8|   ap_memory|               srt_ord_54|         array|
|srt_ord_53_address1    |  out|    6|   ap_memory|               srt_ord_53|         array|
|srt_ord_53_ce1         |  out|    1|   ap_memory|               srt_ord_53|         array|
|srt_ord_53_we1         |  out|    1|   ap_memory|               srt_ord_53|         array|
|srt_ord_53_d1          |  out|    8|   ap_memory|               srt_ord_53|         array|
|srt_ord_52_address1    |  out|    6|   ap_memory|               srt_ord_52|         array|
|srt_ord_52_ce1         |  out|    1|   ap_memory|               srt_ord_52|         array|
|srt_ord_52_we1         |  out|    1|   ap_memory|               srt_ord_52|         array|
|srt_ord_52_d1          |  out|    8|   ap_memory|               srt_ord_52|         array|
|srt_ord_51_address1    |  out|    6|   ap_memory|               srt_ord_51|         array|
|srt_ord_51_ce1         |  out|    1|   ap_memory|               srt_ord_51|         array|
|srt_ord_51_we1         |  out|    1|   ap_memory|               srt_ord_51|         array|
|srt_ord_51_d1          |  out|    8|   ap_memory|               srt_ord_51|         array|
|srt_ord_50_address1    |  out|    6|   ap_memory|               srt_ord_50|         array|
|srt_ord_50_ce1         |  out|    1|   ap_memory|               srt_ord_50|         array|
|srt_ord_50_we1         |  out|    1|   ap_memory|               srt_ord_50|         array|
|srt_ord_50_d1          |  out|    8|   ap_memory|               srt_ord_50|         array|
|srt_ord_49_address1    |  out|    6|   ap_memory|               srt_ord_49|         array|
|srt_ord_49_ce1         |  out|    1|   ap_memory|               srt_ord_49|         array|
|srt_ord_49_we1         |  out|    1|   ap_memory|               srt_ord_49|         array|
|srt_ord_49_d1          |  out|    8|   ap_memory|               srt_ord_49|         array|
|srt_ord_48_address1    |  out|    6|   ap_memory|               srt_ord_48|         array|
|srt_ord_48_ce1         |  out|    1|   ap_memory|               srt_ord_48|         array|
|srt_ord_48_we1         |  out|    1|   ap_memory|               srt_ord_48|         array|
|srt_ord_48_d1          |  out|    8|   ap_memory|               srt_ord_48|         array|
|srt_ord_47_address1    |  out|    6|   ap_memory|               srt_ord_47|         array|
|srt_ord_47_ce1         |  out|    1|   ap_memory|               srt_ord_47|         array|
|srt_ord_47_we1         |  out|    1|   ap_memory|               srt_ord_47|         array|
|srt_ord_47_d1          |  out|    8|   ap_memory|               srt_ord_47|         array|
|srt_ord_46_address1    |  out|    6|   ap_memory|               srt_ord_46|         array|
|srt_ord_46_ce1         |  out|    1|   ap_memory|               srt_ord_46|         array|
|srt_ord_46_we1         |  out|    1|   ap_memory|               srt_ord_46|         array|
|srt_ord_46_d1          |  out|    8|   ap_memory|               srt_ord_46|         array|
|srt_ord_45_address1    |  out|    6|   ap_memory|               srt_ord_45|         array|
|srt_ord_45_ce1         |  out|    1|   ap_memory|               srt_ord_45|         array|
|srt_ord_45_we1         |  out|    1|   ap_memory|               srt_ord_45|         array|
|srt_ord_45_d1          |  out|    8|   ap_memory|               srt_ord_45|         array|
|srt_ord_44_address1    |  out|    6|   ap_memory|               srt_ord_44|         array|
|srt_ord_44_ce1         |  out|    1|   ap_memory|               srt_ord_44|         array|
|srt_ord_44_we1         |  out|    1|   ap_memory|               srt_ord_44|         array|
|srt_ord_44_d1          |  out|    7|   ap_memory|               srt_ord_44|         array|
|srt_ord_43_address1    |  out|    6|   ap_memory|               srt_ord_43|         array|
|srt_ord_43_ce1         |  out|    1|   ap_memory|               srt_ord_43|         array|
|srt_ord_43_we1         |  out|    1|   ap_memory|               srt_ord_43|         array|
|srt_ord_43_d1          |  out|    7|   ap_memory|               srt_ord_43|         array|
|srt_ord_42_address1    |  out|    6|   ap_memory|               srt_ord_42|         array|
|srt_ord_42_ce1         |  out|    1|   ap_memory|               srt_ord_42|         array|
|srt_ord_42_we1         |  out|    1|   ap_memory|               srt_ord_42|         array|
|srt_ord_42_d1          |  out|    7|   ap_memory|               srt_ord_42|         array|
|srt_ord_41_address1    |  out|    6|   ap_memory|               srt_ord_41|         array|
|srt_ord_41_ce1         |  out|    1|   ap_memory|               srt_ord_41|         array|
|srt_ord_41_we1         |  out|    1|   ap_memory|               srt_ord_41|         array|
|srt_ord_41_d1          |  out|    7|   ap_memory|               srt_ord_41|         array|
|srt_ord_40_address1    |  out|    6|   ap_memory|               srt_ord_40|         array|
|srt_ord_40_ce1         |  out|    1|   ap_memory|               srt_ord_40|         array|
|srt_ord_40_we1         |  out|    1|   ap_memory|               srt_ord_40|         array|
|srt_ord_40_d1          |  out|    7|   ap_memory|               srt_ord_40|         array|
|srt_ord_39_address1    |  out|    6|   ap_memory|               srt_ord_39|         array|
|srt_ord_39_ce1         |  out|    1|   ap_memory|               srt_ord_39|         array|
|srt_ord_39_we1         |  out|    1|   ap_memory|               srt_ord_39|         array|
|srt_ord_39_d1          |  out|    7|   ap_memory|               srt_ord_39|         array|
|srt_ord_38_address1    |  out|    6|   ap_memory|               srt_ord_38|         array|
|srt_ord_38_ce1         |  out|    1|   ap_memory|               srt_ord_38|         array|
|srt_ord_38_we1         |  out|    1|   ap_memory|               srt_ord_38|         array|
|srt_ord_38_d1          |  out|    7|   ap_memory|               srt_ord_38|         array|
|srt_ord_37_address1    |  out|    6|   ap_memory|               srt_ord_37|         array|
|srt_ord_37_ce1         |  out|    1|   ap_memory|               srt_ord_37|         array|
|srt_ord_37_we1         |  out|    1|   ap_memory|               srt_ord_37|         array|
|srt_ord_37_d1          |  out|    7|   ap_memory|               srt_ord_37|         array|
|srt_ord_36_address1    |  out|    6|   ap_memory|               srt_ord_36|         array|
|srt_ord_36_ce1         |  out|    1|   ap_memory|               srt_ord_36|         array|
|srt_ord_36_we1         |  out|    1|   ap_memory|               srt_ord_36|         array|
|srt_ord_36_d1          |  out|    7|   ap_memory|               srt_ord_36|         array|
|srt_ord_35_address1    |  out|    6|   ap_memory|               srt_ord_35|         array|
|srt_ord_35_ce1         |  out|    1|   ap_memory|               srt_ord_35|         array|
|srt_ord_35_we1         |  out|    1|   ap_memory|               srt_ord_35|         array|
|srt_ord_35_d1          |  out|    7|   ap_memory|               srt_ord_35|         array|
|srt_ord_34_address1    |  out|    6|   ap_memory|               srt_ord_34|         array|
|srt_ord_34_ce1         |  out|    1|   ap_memory|               srt_ord_34|         array|
|srt_ord_34_we1         |  out|    1|   ap_memory|               srt_ord_34|         array|
|srt_ord_34_d1          |  out|    7|   ap_memory|               srt_ord_34|         array|
|srt_ord_33_address1    |  out|    6|   ap_memory|               srt_ord_33|         array|
|srt_ord_33_ce1         |  out|    1|   ap_memory|               srt_ord_33|         array|
|srt_ord_33_we1         |  out|    1|   ap_memory|               srt_ord_33|         array|
|srt_ord_33_d1          |  out|    7|   ap_memory|               srt_ord_33|         array|
|srt_ord_32_address1    |  out|    6|   ap_memory|               srt_ord_32|         array|
|srt_ord_32_ce1         |  out|    1|   ap_memory|               srt_ord_32|         array|
|srt_ord_32_we1         |  out|    1|   ap_memory|               srt_ord_32|         array|
|srt_ord_32_d1          |  out|    7|   ap_memory|               srt_ord_32|         array|
|srt_ord_31_address1    |  out|    6|   ap_memory|               srt_ord_31|         array|
|srt_ord_31_ce1         |  out|    1|   ap_memory|               srt_ord_31|         array|
|srt_ord_31_we1         |  out|    1|   ap_memory|               srt_ord_31|         array|
|srt_ord_31_d1          |  out|    7|   ap_memory|               srt_ord_31|         array|
|srt_ord_30_address1    |  out|    6|   ap_memory|               srt_ord_30|         array|
|srt_ord_30_ce1         |  out|    1|   ap_memory|               srt_ord_30|         array|
|srt_ord_30_we1         |  out|    1|   ap_memory|               srt_ord_30|         array|
|srt_ord_30_d1          |  out|    7|   ap_memory|               srt_ord_30|         array|
|srt_ord_29_address1    |  out|    6|   ap_memory|               srt_ord_29|         array|
|srt_ord_29_ce1         |  out|    1|   ap_memory|               srt_ord_29|         array|
|srt_ord_29_we1         |  out|    1|   ap_memory|               srt_ord_29|         array|
|srt_ord_29_d1          |  out|    7|   ap_memory|               srt_ord_29|         array|
|srt_ord_28_address1    |  out|    6|   ap_memory|               srt_ord_28|         array|
|srt_ord_28_ce1         |  out|    1|   ap_memory|               srt_ord_28|         array|
|srt_ord_28_we1         |  out|    1|   ap_memory|               srt_ord_28|         array|
|srt_ord_28_d1          |  out|    7|   ap_memory|               srt_ord_28|         array|
|srt_ord_27_address1    |  out|    6|   ap_memory|               srt_ord_27|         array|
|srt_ord_27_ce1         |  out|    1|   ap_memory|               srt_ord_27|         array|
|srt_ord_27_we1         |  out|    1|   ap_memory|               srt_ord_27|         array|
|srt_ord_27_d1          |  out|    7|   ap_memory|               srt_ord_27|         array|
|srt_ord_26_address1    |  out|    6|   ap_memory|               srt_ord_26|         array|
|srt_ord_26_ce1         |  out|    1|   ap_memory|               srt_ord_26|         array|
|srt_ord_26_we1         |  out|    1|   ap_memory|               srt_ord_26|         array|
|srt_ord_26_d1          |  out|    7|   ap_memory|               srt_ord_26|         array|
|srt_ord_25_address1    |  out|    6|   ap_memory|               srt_ord_25|         array|
|srt_ord_25_ce1         |  out|    1|   ap_memory|               srt_ord_25|         array|
|srt_ord_25_we1         |  out|    1|   ap_memory|               srt_ord_25|         array|
|srt_ord_25_d1          |  out|    7|   ap_memory|               srt_ord_25|         array|
|srt_ord_24_address1    |  out|    6|   ap_memory|               srt_ord_24|         array|
|srt_ord_24_ce1         |  out|    1|   ap_memory|               srt_ord_24|         array|
|srt_ord_24_we1         |  out|    1|   ap_memory|               srt_ord_24|         array|
|srt_ord_24_d1          |  out|    7|   ap_memory|               srt_ord_24|         array|
|srt_ord_23_address1    |  out|    6|   ap_memory|               srt_ord_23|         array|
|srt_ord_23_ce1         |  out|    1|   ap_memory|               srt_ord_23|         array|
|srt_ord_23_we1         |  out|    1|   ap_memory|               srt_ord_23|         array|
|srt_ord_23_d1          |  out|    7|   ap_memory|               srt_ord_23|         array|
|srt_ord_22_address1    |  out|    6|   ap_memory|               srt_ord_22|         array|
|srt_ord_22_ce1         |  out|    1|   ap_memory|               srt_ord_22|         array|
|srt_ord_22_we1         |  out|    1|   ap_memory|               srt_ord_22|         array|
|srt_ord_22_d1          |  out|    7|   ap_memory|               srt_ord_22|         array|
|srt_ord_21_address1    |  out|    6|   ap_memory|               srt_ord_21|         array|
|srt_ord_21_ce1         |  out|    1|   ap_memory|               srt_ord_21|         array|
|srt_ord_21_we1         |  out|    1|   ap_memory|               srt_ord_21|         array|
|srt_ord_21_d1          |  out|    7|   ap_memory|               srt_ord_21|         array|
|srt_ord_20_address1    |  out|    6|   ap_memory|               srt_ord_20|         array|
|srt_ord_20_ce1         |  out|    1|   ap_memory|               srt_ord_20|         array|
|srt_ord_20_we1         |  out|    1|   ap_memory|               srt_ord_20|         array|
|srt_ord_20_d1          |  out|    7|   ap_memory|               srt_ord_20|         array|
|srt_ord_19_address1    |  out|    6|   ap_memory|               srt_ord_19|         array|
|srt_ord_19_ce1         |  out|    1|   ap_memory|               srt_ord_19|         array|
|srt_ord_19_we1         |  out|    1|   ap_memory|               srt_ord_19|         array|
|srt_ord_19_d1          |  out|    7|   ap_memory|               srt_ord_19|         array|
|srt_ord_18_address1    |  out|    6|   ap_memory|               srt_ord_18|         array|
|srt_ord_18_ce1         |  out|    1|   ap_memory|               srt_ord_18|         array|
|srt_ord_18_we1         |  out|    1|   ap_memory|               srt_ord_18|         array|
|srt_ord_18_d1          |  out|    7|   ap_memory|               srt_ord_18|         array|
|srt_ord_17_address1    |  out|    6|   ap_memory|               srt_ord_17|         array|
|srt_ord_17_ce1         |  out|    1|   ap_memory|               srt_ord_17|         array|
|srt_ord_17_we1         |  out|    1|   ap_memory|               srt_ord_17|         array|
|srt_ord_17_d1          |  out|    7|   ap_memory|               srt_ord_17|         array|
|srt_ord_16_address1    |  out|    6|   ap_memory|               srt_ord_16|         array|
|srt_ord_16_ce1         |  out|    1|   ap_memory|               srt_ord_16|         array|
|srt_ord_16_we1         |  out|    1|   ap_memory|               srt_ord_16|         array|
|srt_ord_16_d1          |  out|    7|   ap_memory|               srt_ord_16|         array|
|srt_ord_15_address1    |  out|    6|   ap_memory|               srt_ord_15|         array|
|srt_ord_15_ce1         |  out|    1|   ap_memory|               srt_ord_15|         array|
|srt_ord_15_we1         |  out|    1|   ap_memory|               srt_ord_15|         array|
|srt_ord_15_d1          |  out|    7|   ap_memory|               srt_ord_15|         array|
|srt_ord_14_address1    |  out|    6|   ap_memory|               srt_ord_14|         array|
|srt_ord_14_ce1         |  out|    1|   ap_memory|               srt_ord_14|         array|
|srt_ord_14_we1         |  out|    1|   ap_memory|               srt_ord_14|         array|
|srt_ord_14_d1          |  out|    6|   ap_memory|               srt_ord_14|         array|
|srt_ord_13_address1    |  out|    6|   ap_memory|               srt_ord_13|         array|
|srt_ord_13_ce1         |  out|    1|   ap_memory|               srt_ord_13|         array|
|srt_ord_13_we1         |  out|    1|   ap_memory|               srt_ord_13|         array|
|srt_ord_13_d1          |  out|    6|   ap_memory|               srt_ord_13|         array|
|srt_ord_12_address1    |  out|    6|   ap_memory|               srt_ord_12|         array|
|srt_ord_12_ce1         |  out|    1|   ap_memory|               srt_ord_12|         array|
|srt_ord_12_we1         |  out|    1|   ap_memory|               srt_ord_12|         array|
|srt_ord_12_d1          |  out|    6|   ap_memory|               srt_ord_12|         array|
|srt_ord_11_address1    |  out|    6|   ap_memory|               srt_ord_11|         array|
|srt_ord_11_ce1         |  out|    1|   ap_memory|               srt_ord_11|         array|
|srt_ord_11_we1         |  out|    1|   ap_memory|               srt_ord_11|         array|
|srt_ord_11_d1          |  out|    6|   ap_memory|               srt_ord_11|         array|
|srt_ord_10_address1    |  out|    6|   ap_memory|               srt_ord_10|         array|
|srt_ord_10_ce1         |  out|    1|   ap_memory|               srt_ord_10|         array|
|srt_ord_10_we1         |  out|    1|   ap_memory|               srt_ord_10|         array|
|srt_ord_10_d1          |  out|    6|   ap_memory|               srt_ord_10|         array|
|srt_ord_9_address1     |  out|    6|   ap_memory|                srt_ord_9|         array|
|srt_ord_9_ce1          |  out|    1|   ap_memory|                srt_ord_9|         array|
|srt_ord_9_we1          |  out|    1|   ap_memory|                srt_ord_9|         array|
|srt_ord_9_d1           |  out|    6|   ap_memory|                srt_ord_9|         array|
|srt_ord_8_address1     |  out|    6|   ap_memory|                srt_ord_8|         array|
|srt_ord_8_ce1          |  out|    1|   ap_memory|                srt_ord_8|         array|
|srt_ord_8_we1          |  out|    1|   ap_memory|                srt_ord_8|         array|
|srt_ord_8_d1           |  out|    6|   ap_memory|                srt_ord_8|         array|
|srt_ord_7_address1     |  out|    6|   ap_memory|                srt_ord_7|         array|
|srt_ord_7_ce1          |  out|    1|   ap_memory|                srt_ord_7|         array|
|srt_ord_7_we1          |  out|    1|   ap_memory|                srt_ord_7|         array|
|srt_ord_7_d1           |  out|    6|   ap_memory|                srt_ord_7|         array|
|srt_ord_6_address1     |  out|    6|   ap_memory|                srt_ord_6|         array|
|srt_ord_6_ce1          |  out|    1|   ap_memory|                srt_ord_6|         array|
|srt_ord_6_we1          |  out|    1|   ap_memory|                srt_ord_6|         array|
|srt_ord_6_d1           |  out|    6|   ap_memory|                srt_ord_6|         array|
|srt_ord_5_address1     |  out|    6|   ap_memory|                srt_ord_5|         array|
|srt_ord_5_ce1          |  out|    1|   ap_memory|                srt_ord_5|         array|
|srt_ord_5_we1          |  out|    1|   ap_memory|                srt_ord_5|         array|
|srt_ord_5_d1           |  out|    6|   ap_memory|                srt_ord_5|         array|
|srt_ord_4_address1     |  out|    6|   ap_memory|                srt_ord_4|         array|
|srt_ord_4_ce1          |  out|    1|   ap_memory|                srt_ord_4|         array|
|srt_ord_4_we1          |  out|    1|   ap_memory|                srt_ord_4|         array|
|srt_ord_4_d1           |  out|    6|   ap_memory|                srt_ord_4|         array|
|srt_ord_3_address1     |  out|    6|   ap_memory|                srt_ord_3|         array|
|srt_ord_3_ce1          |  out|    1|   ap_memory|                srt_ord_3|         array|
|srt_ord_3_we1          |  out|    1|   ap_memory|                srt_ord_3|         array|
|srt_ord_3_d1           |  out|    6|   ap_memory|                srt_ord_3|         array|
|srt_ord_2_address1     |  out|    6|   ap_memory|                srt_ord_2|         array|
|srt_ord_2_ce1          |  out|    1|   ap_memory|                srt_ord_2|         array|
|srt_ord_2_we1          |  out|    1|   ap_memory|                srt_ord_2|         array|
|srt_ord_2_d1           |  out|    6|   ap_memory|                srt_ord_2|         array|
|srt_ord_1_address1     |  out|    6|   ap_memory|                srt_ord_1|         array|
|srt_ord_1_ce1          |  out|    1|   ap_memory|                srt_ord_1|         array|
|srt_ord_1_we1          |  out|    1|   ap_memory|                srt_ord_1|         array|
|srt_ord_1_d1           |  out|    6|   ap_memory|                srt_ord_1|         array|
|srt_ord_address1       |  out|    6|   ap_memory|                  srt_ord|         array|
|srt_ord_ce1            |  out|    1|   ap_memory|                  srt_ord|         array|
|srt_ord_we1            |  out|    1|   ap_memory|                  srt_ord|         array|
|srt_ord_d1             |  out|    6|   ap_memory|                  srt_ord|         array|
|srt_val_224_address1   |  out|    6|   ap_memory|              srt_val_224|         array|
|srt_val_224_ce1        |  out|    1|   ap_memory|              srt_val_224|         array|
|srt_val_224_we1        |  out|    1|   ap_memory|              srt_val_224|         array|
|srt_val_224_d1         |  out|  127|   ap_memory|              srt_val_224|         array|
|srt_val_223_address1   |  out|    6|   ap_memory|              srt_val_223|         array|
|srt_val_223_ce1        |  out|    1|   ap_memory|              srt_val_223|         array|
|srt_val_223_we1        |  out|    1|   ap_memory|              srt_val_223|         array|
|srt_val_223_d1         |  out|  127|   ap_memory|              srt_val_223|         array|
|srt_val_222_address1   |  out|    6|   ap_memory|              srt_val_222|         array|
|srt_val_222_ce1        |  out|    1|   ap_memory|              srt_val_222|         array|
|srt_val_222_we1        |  out|    1|   ap_memory|              srt_val_222|         array|
|srt_val_222_d1         |  out|  127|   ap_memory|              srt_val_222|         array|
|srt_val_221_address1   |  out|    6|   ap_memory|              srt_val_221|         array|
|srt_val_221_ce1        |  out|    1|   ap_memory|              srt_val_221|         array|
|srt_val_221_we1        |  out|    1|   ap_memory|              srt_val_221|         array|
|srt_val_221_d1         |  out|  127|   ap_memory|              srt_val_221|         array|
|srt_val_220_address1   |  out|    6|   ap_memory|              srt_val_220|         array|
|srt_val_220_ce1        |  out|    1|   ap_memory|              srt_val_220|         array|
|srt_val_220_we1        |  out|    1|   ap_memory|              srt_val_220|         array|
|srt_val_220_d1         |  out|  127|   ap_memory|              srt_val_220|         array|
|srt_val_219_address1   |  out|    6|   ap_memory|              srt_val_219|         array|
|srt_val_219_ce1        |  out|    1|   ap_memory|              srt_val_219|         array|
|srt_val_219_we1        |  out|    1|   ap_memory|              srt_val_219|         array|
|srt_val_219_d1         |  out|  127|   ap_memory|              srt_val_219|         array|
|srt_val_218_address1   |  out|    6|   ap_memory|              srt_val_218|         array|
|srt_val_218_ce1        |  out|    1|   ap_memory|              srt_val_218|         array|
|srt_val_218_we1        |  out|    1|   ap_memory|              srt_val_218|         array|
|srt_val_218_d1         |  out|  127|   ap_memory|              srt_val_218|         array|
|srt_val_217_address1   |  out|    6|   ap_memory|              srt_val_217|         array|
|srt_val_217_ce1        |  out|    1|   ap_memory|              srt_val_217|         array|
|srt_val_217_we1        |  out|    1|   ap_memory|              srt_val_217|         array|
|srt_val_217_d1         |  out|  127|   ap_memory|              srt_val_217|         array|
|srt_val_216_address1   |  out|    6|   ap_memory|              srt_val_216|         array|
|srt_val_216_ce1        |  out|    1|   ap_memory|              srt_val_216|         array|
|srt_val_216_we1        |  out|    1|   ap_memory|              srt_val_216|         array|
|srt_val_216_d1         |  out|  127|   ap_memory|              srt_val_216|         array|
|srt_val_215_address1   |  out|    6|   ap_memory|              srt_val_215|         array|
|srt_val_215_ce1        |  out|    1|   ap_memory|              srt_val_215|         array|
|srt_val_215_we1        |  out|    1|   ap_memory|              srt_val_215|         array|
|srt_val_215_d1         |  out|  127|   ap_memory|              srt_val_215|         array|
|srt_val_214_address1   |  out|    6|   ap_memory|              srt_val_214|         array|
|srt_val_214_ce1        |  out|    1|   ap_memory|              srt_val_214|         array|
|srt_val_214_we1        |  out|    1|   ap_memory|              srt_val_214|         array|
|srt_val_214_d1         |  out|  127|   ap_memory|              srt_val_214|         array|
|srt_val_213_address1   |  out|    6|   ap_memory|              srt_val_213|         array|
|srt_val_213_ce1        |  out|    1|   ap_memory|              srt_val_213|         array|
|srt_val_213_we1        |  out|    1|   ap_memory|              srt_val_213|         array|
|srt_val_213_d1         |  out|  127|   ap_memory|              srt_val_213|         array|
|srt_val_212_address1   |  out|    6|   ap_memory|              srt_val_212|         array|
|srt_val_212_ce1        |  out|    1|   ap_memory|              srt_val_212|         array|
|srt_val_212_we1        |  out|    1|   ap_memory|              srt_val_212|         array|
|srt_val_212_d1         |  out|  127|   ap_memory|              srt_val_212|         array|
|srt_val_211_address1   |  out|    6|   ap_memory|              srt_val_211|         array|
|srt_val_211_ce1        |  out|    1|   ap_memory|              srt_val_211|         array|
|srt_val_211_we1        |  out|    1|   ap_memory|              srt_val_211|         array|
|srt_val_211_d1         |  out|  127|   ap_memory|              srt_val_211|         array|
|srt_val_210_address1   |  out|    6|   ap_memory|              srt_val_210|         array|
|srt_val_210_ce1        |  out|    1|   ap_memory|              srt_val_210|         array|
|srt_val_210_we1        |  out|    1|   ap_memory|              srt_val_210|         array|
|srt_val_210_d1         |  out|  127|   ap_memory|              srt_val_210|         array|
|srt_val_209_address1   |  out|    6|   ap_memory|              srt_val_209|         array|
|srt_val_209_ce1        |  out|    1|   ap_memory|              srt_val_209|         array|
|srt_val_209_we1        |  out|    1|   ap_memory|              srt_val_209|         array|
|srt_val_209_d1         |  out|  127|   ap_memory|              srt_val_209|         array|
|srt_val_208_address1   |  out|    6|   ap_memory|              srt_val_208|         array|
|srt_val_208_ce1        |  out|    1|   ap_memory|              srt_val_208|         array|
|srt_val_208_we1        |  out|    1|   ap_memory|              srt_val_208|         array|
|srt_val_208_d1         |  out|  127|   ap_memory|              srt_val_208|         array|
|srt_val_207_address1   |  out|    6|   ap_memory|              srt_val_207|         array|
|srt_val_207_ce1        |  out|    1|   ap_memory|              srt_val_207|         array|
|srt_val_207_we1        |  out|    1|   ap_memory|              srt_val_207|         array|
|srt_val_207_d1         |  out|  127|   ap_memory|              srt_val_207|         array|
|srt_val_206_address1   |  out|    6|   ap_memory|              srt_val_206|         array|
|srt_val_206_ce1        |  out|    1|   ap_memory|              srt_val_206|         array|
|srt_val_206_we1        |  out|    1|   ap_memory|              srt_val_206|         array|
|srt_val_206_d1         |  out|  127|   ap_memory|              srt_val_206|         array|
|srt_val_205_address1   |  out|    6|   ap_memory|              srt_val_205|         array|
|srt_val_205_ce1        |  out|    1|   ap_memory|              srt_val_205|         array|
|srt_val_205_we1        |  out|    1|   ap_memory|              srt_val_205|         array|
|srt_val_205_d1         |  out|  127|   ap_memory|              srt_val_205|         array|
|srt_val_204_address1   |  out|    6|   ap_memory|              srt_val_204|         array|
|srt_val_204_ce1        |  out|    1|   ap_memory|              srt_val_204|         array|
|srt_val_204_we1        |  out|    1|   ap_memory|              srt_val_204|         array|
|srt_val_204_d1         |  out|  127|   ap_memory|              srt_val_204|         array|
|srt_val_203_address1   |  out|    6|   ap_memory|              srt_val_203|         array|
|srt_val_203_ce1        |  out|    1|   ap_memory|              srt_val_203|         array|
|srt_val_203_we1        |  out|    1|   ap_memory|              srt_val_203|         array|
|srt_val_203_d1         |  out|  127|   ap_memory|              srt_val_203|         array|
|srt_val_202_address1   |  out|    6|   ap_memory|              srt_val_202|         array|
|srt_val_202_ce1        |  out|    1|   ap_memory|              srt_val_202|         array|
|srt_val_202_we1        |  out|    1|   ap_memory|              srt_val_202|         array|
|srt_val_202_d1         |  out|  127|   ap_memory|              srt_val_202|         array|
|srt_val_201_address1   |  out|    6|   ap_memory|              srt_val_201|         array|
|srt_val_201_ce1        |  out|    1|   ap_memory|              srt_val_201|         array|
|srt_val_201_we1        |  out|    1|   ap_memory|              srt_val_201|         array|
|srt_val_201_d1         |  out|  127|   ap_memory|              srt_val_201|         array|
|srt_val_200_address1   |  out|    6|   ap_memory|              srt_val_200|         array|
|srt_val_200_ce1        |  out|    1|   ap_memory|              srt_val_200|         array|
|srt_val_200_we1        |  out|    1|   ap_memory|              srt_val_200|         array|
|srt_val_200_d1         |  out|  127|   ap_memory|              srt_val_200|         array|
|srt_val_199_address1   |  out|    6|   ap_memory|              srt_val_199|         array|
|srt_val_199_ce1        |  out|    1|   ap_memory|              srt_val_199|         array|
|srt_val_199_we1        |  out|    1|   ap_memory|              srt_val_199|         array|
|srt_val_199_d1         |  out|  127|   ap_memory|              srt_val_199|         array|
|srt_val_198_address1   |  out|    6|   ap_memory|              srt_val_198|         array|
|srt_val_198_ce1        |  out|    1|   ap_memory|              srt_val_198|         array|
|srt_val_198_we1        |  out|    1|   ap_memory|              srt_val_198|         array|
|srt_val_198_d1         |  out|  127|   ap_memory|              srt_val_198|         array|
|srt_val_197_address1   |  out|    6|   ap_memory|              srt_val_197|         array|
|srt_val_197_ce1        |  out|    1|   ap_memory|              srt_val_197|         array|
|srt_val_197_we1        |  out|    1|   ap_memory|              srt_val_197|         array|
|srt_val_197_d1         |  out|  127|   ap_memory|              srt_val_197|         array|
|srt_val_196_address1   |  out|    6|   ap_memory|              srt_val_196|         array|
|srt_val_196_ce1        |  out|    1|   ap_memory|              srt_val_196|         array|
|srt_val_196_we1        |  out|    1|   ap_memory|              srt_val_196|         array|
|srt_val_196_d1         |  out|  127|   ap_memory|              srt_val_196|         array|
|srt_val_195_address1   |  out|    6|   ap_memory|              srt_val_195|         array|
|srt_val_195_ce1        |  out|    1|   ap_memory|              srt_val_195|         array|
|srt_val_195_we1        |  out|    1|   ap_memory|              srt_val_195|         array|
|srt_val_195_d1         |  out|  127|   ap_memory|              srt_val_195|         array|
|srt_val_194_address1   |  out|    6|   ap_memory|              srt_val_194|         array|
|srt_val_194_ce1        |  out|    1|   ap_memory|              srt_val_194|         array|
|srt_val_194_we1        |  out|    1|   ap_memory|              srt_val_194|         array|
|srt_val_194_d1         |  out|  127|   ap_memory|              srt_val_194|         array|
|srt_val_193_address1   |  out|    6|   ap_memory|              srt_val_193|         array|
|srt_val_193_ce1        |  out|    1|   ap_memory|              srt_val_193|         array|
|srt_val_193_we1        |  out|    1|   ap_memory|              srt_val_193|         array|
|srt_val_193_d1         |  out|  127|   ap_memory|              srt_val_193|         array|
|srt_val_192_address1   |  out|    6|   ap_memory|              srt_val_192|         array|
|srt_val_192_ce1        |  out|    1|   ap_memory|              srt_val_192|         array|
|srt_val_192_we1        |  out|    1|   ap_memory|              srt_val_192|         array|
|srt_val_192_d1         |  out|  127|   ap_memory|              srt_val_192|         array|
|srt_val_191_address1   |  out|    6|   ap_memory|              srt_val_191|         array|
|srt_val_191_ce1        |  out|    1|   ap_memory|              srt_val_191|         array|
|srt_val_191_we1        |  out|    1|   ap_memory|              srt_val_191|         array|
|srt_val_191_d1         |  out|  127|   ap_memory|              srt_val_191|         array|
|srt_val_190_address1   |  out|    6|   ap_memory|              srt_val_190|         array|
|srt_val_190_ce1        |  out|    1|   ap_memory|              srt_val_190|         array|
|srt_val_190_we1        |  out|    1|   ap_memory|              srt_val_190|         array|
|srt_val_190_d1         |  out|  127|   ap_memory|              srt_val_190|         array|
|srt_val_189_address1   |  out|    6|   ap_memory|              srt_val_189|         array|
|srt_val_189_ce1        |  out|    1|   ap_memory|              srt_val_189|         array|
|srt_val_189_we1        |  out|    1|   ap_memory|              srt_val_189|         array|
|srt_val_189_d1         |  out|  127|   ap_memory|              srt_val_189|         array|
|srt_val_188_address1   |  out|    6|   ap_memory|              srt_val_188|         array|
|srt_val_188_ce1        |  out|    1|   ap_memory|              srt_val_188|         array|
|srt_val_188_we1        |  out|    1|   ap_memory|              srt_val_188|         array|
|srt_val_188_d1         |  out|  127|   ap_memory|              srt_val_188|         array|
|srt_val_187_address1   |  out|    6|   ap_memory|              srt_val_187|         array|
|srt_val_187_ce1        |  out|    1|   ap_memory|              srt_val_187|         array|
|srt_val_187_we1        |  out|    1|   ap_memory|              srt_val_187|         array|
|srt_val_187_d1         |  out|  127|   ap_memory|              srt_val_187|         array|
|srt_val_186_address1   |  out|    6|   ap_memory|              srt_val_186|         array|
|srt_val_186_ce1        |  out|    1|   ap_memory|              srt_val_186|         array|
|srt_val_186_we1        |  out|    1|   ap_memory|              srt_val_186|         array|
|srt_val_186_d1         |  out|  127|   ap_memory|              srt_val_186|         array|
|srt_val_185_address1   |  out|    6|   ap_memory|              srt_val_185|         array|
|srt_val_185_ce1        |  out|    1|   ap_memory|              srt_val_185|         array|
|srt_val_185_we1        |  out|    1|   ap_memory|              srt_val_185|         array|
|srt_val_185_d1         |  out|  127|   ap_memory|              srt_val_185|         array|
|srt_val_184_address1   |  out|    6|   ap_memory|              srt_val_184|         array|
|srt_val_184_ce1        |  out|    1|   ap_memory|              srt_val_184|         array|
|srt_val_184_we1        |  out|    1|   ap_memory|              srt_val_184|         array|
|srt_val_184_d1         |  out|  127|   ap_memory|              srt_val_184|         array|
|srt_val_183_address1   |  out|    6|   ap_memory|              srt_val_183|         array|
|srt_val_183_ce1        |  out|    1|   ap_memory|              srt_val_183|         array|
|srt_val_183_we1        |  out|    1|   ap_memory|              srt_val_183|         array|
|srt_val_183_d1         |  out|  127|   ap_memory|              srt_val_183|         array|
|srt_val_182_address1   |  out|    6|   ap_memory|              srt_val_182|         array|
|srt_val_182_ce1        |  out|    1|   ap_memory|              srt_val_182|         array|
|srt_val_182_we1        |  out|    1|   ap_memory|              srt_val_182|         array|
|srt_val_182_d1         |  out|  127|   ap_memory|              srt_val_182|         array|
|srt_val_181_address1   |  out|    6|   ap_memory|              srt_val_181|         array|
|srt_val_181_ce1        |  out|    1|   ap_memory|              srt_val_181|         array|
|srt_val_181_we1        |  out|    1|   ap_memory|              srt_val_181|         array|
|srt_val_181_d1         |  out|  127|   ap_memory|              srt_val_181|         array|
|srt_val_180_address1   |  out|    6|   ap_memory|              srt_val_180|         array|
|srt_val_180_ce1        |  out|    1|   ap_memory|              srt_val_180|         array|
|srt_val_180_we1        |  out|    1|   ap_memory|              srt_val_180|         array|
|srt_val_180_d1         |  out|  127|   ap_memory|              srt_val_180|         array|
|srt_val_179_address1   |  out|    6|   ap_memory|              srt_val_179|         array|
|srt_val_179_ce1        |  out|    1|   ap_memory|              srt_val_179|         array|
|srt_val_179_we1        |  out|    1|   ap_memory|              srt_val_179|         array|
|srt_val_179_d1         |  out|  127|   ap_memory|              srt_val_179|         array|
|srt_val_178_address1   |  out|    6|   ap_memory|              srt_val_178|         array|
|srt_val_178_ce1        |  out|    1|   ap_memory|              srt_val_178|         array|
|srt_val_178_we1        |  out|    1|   ap_memory|              srt_val_178|         array|
|srt_val_178_d1         |  out|  127|   ap_memory|              srt_val_178|         array|
|srt_val_177_address1   |  out|    6|   ap_memory|              srt_val_177|         array|
|srt_val_177_ce1        |  out|    1|   ap_memory|              srt_val_177|         array|
|srt_val_177_we1        |  out|    1|   ap_memory|              srt_val_177|         array|
|srt_val_177_d1         |  out|  127|   ap_memory|              srt_val_177|         array|
|srt_val_176_address1   |  out|    6|   ap_memory|              srt_val_176|         array|
|srt_val_176_ce1        |  out|    1|   ap_memory|              srt_val_176|         array|
|srt_val_176_we1        |  out|    1|   ap_memory|              srt_val_176|         array|
|srt_val_176_d1         |  out|  127|   ap_memory|              srt_val_176|         array|
|srt_val_175_address1   |  out|    6|   ap_memory|              srt_val_175|         array|
|srt_val_175_ce1        |  out|    1|   ap_memory|              srt_val_175|         array|
|srt_val_175_we1        |  out|    1|   ap_memory|              srt_val_175|         array|
|srt_val_175_d1         |  out|  127|   ap_memory|              srt_val_175|         array|
|srt_val_174_address1   |  out|    6|   ap_memory|              srt_val_174|         array|
|srt_val_174_ce1        |  out|    1|   ap_memory|              srt_val_174|         array|
|srt_val_174_we1        |  out|    1|   ap_memory|              srt_val_174|         array|
|srt_val_174_d1         |  out|  127|   ap_memory|              srt_val_174|         array|
|srt_val_173_address1   |  out|    6|   ap_memory|              srt_val_173|         array|
|srt_val_173_ce1        |  out|    1|   ap_memory|              srt_val_173|         array|
|srt_val_173_we1        |  out|    1|   ap_memory|              srt_val_173|         array|
|srt_val_173_d1         |  out|  127|   ap_memory|              srt_val_173|         array|
|srt_val_172_address1   |  out|    6|   ap_memory|              srt_val_172|         array|
|srt_val_172_ce1        |  out|    1|   ap_memory|              srt_val_172|         array|
|srt_val_172_we1        |  out|    1|   ap_memory|              srt_val_172|         array|
|srt_val_172_d1         |  out|  127|   ap_memory|              srt_val_172|         array|
|srt_val_171_address1   |  out|    6|   ap_memory|              srt_val_171|         array|
|srt_val_171_ce1        |  out|    1|   ap_memory|              srt_val_171|         array|
|srt_val_171_we1        |  out|    1|   ap_memory|              srt_val_171|         array|
|srt_val_171_d1         |  out|  127|   ap_memory|              srt_val_171|         array|
|srt_val_170_address1   |  out|    6|   ap_memory|              srt_val_170|         array|
|srt_val_170_ce1        |  out|    1|   ap_memory|              srt_val_170|         array|
|srt_val_170_we1        |  out|    1|   ap_memory|              srt_val_170|         array|
|srt_val_170_d1         |  out|  127|   ap_memory|              srt_val_170|         array|
|srt_val_169_address1   |  out|    6|   ap_memory|              srt_val_169|         array|
|srt_val_169_ce1        |  out|    1|   ap_memory|              srt_val_169|         array|
|srt_val_169_we1        |  out|    1|   ap_memory|              srt_val_169|         array|
|srt_val_169_d1         |  out|  127|   ap_memory|              srt_val_169|         array|
|srt_val_168_address1   |  out|    6|   ap_memory|              srt_val_168|         array|
|srt_val_168_ce1        |  out|    1|   ap_memory|              srt_val_168|         array|
|srt_val_168_we1        |  out|    1|   ap_memory|              srt_val_168|         array|
|srt_val_168_d1         |  out|  127|   ap_memory|              srt_val_168|         array|
|srt_val_167_address1   |  out|    6|   ap_memory|              srt_val_167|         array|
|srt_val_167_ce1        |  out|    1|   ap_memory|              srt_val_167|         array|
|srt_val_167_we1        |  out|    1|   ap_memory|              srt_val_167|         array|
|srt_val_167_d1         |  out|  127|   ap_memory|              srt_val_167|         array|
|srt_val_166_address1   |  out|    6|   ap_memory|              srt_val_166|         array|
|srt_val_166_ce1        |  out|    1|   ap_memory|              srt_val_166|         array|
|srt_val_166_we1        |  out|    1|   ap_memory|              srt_val_166|         array|
|srt_val_166_d1         |  out|  127|   ap_memory|              srt_val_166|         array|
|srt_val_165_address1   |  out|    6|   ap_memory|              srt_val_165|         array|
|srt_val_165_ce1        |  out|    1|   ap_memory|              srt_val_165|         array|
|srt_val_165_we1        |  out|    1|   ap_memory|              srt_val_165|         array|
|srt_val_165_d1         |  out|  127|   ap_memory|              srt_val_165|         array|
|srt_val_164_address1   |  out|    6|   ap_memory|              srt_val_164|         array|
|srt_val_164_ce1        |  out|    1|   ap_memory|              srt_val_164|         array|
|srt_val_164_we1        |  out|    1|   ap_memory|              srt_val_164|         array|
|srt_val_164_d1         |  out|  127|   ap_memory|              srt_val_164|         array|
|srt_val_163_address1   |  out|    6|   ap_memory|              srt_val_163|         array|
|srt_val_163_ce1        |  out|    1|   ap_memory|              srt_val_163|         array|
|srt_val_163_we1        |  out|    1|   ap_memory|              srt_val_163|         array|
|srt_val_163_d1         |  out|  127|   ap_memory|              srt_val_163|         array|
|srt_val_162_address1   |  out|    6|   ap_memory|              srt_val_162|         array|
|srt_val_162_ce1        |  out|    1|   ap_memory|              srt_val_162|         array|
|srt_val_162_we1        |  out|    1|   ap_memory|              srt_val_162|         array|
|srt_val_162_d1         |  out|  127|   ap_memory|              srt_val_162|         array|
|srt_val_161_address1   |  out|    6|   ap_memory|              srt_val_161|         array|
|srt_val_161_ce1        |  out|    1|   ap_memory|              srt_val_161|         array|
|srt_val_161_we1        |  out|    1|   ap_memory|              srt_val_161|         array|
|srt_val_161_d1         |  out|  127|   ap_memory|              srt_val_161|         array|
|srt_val_160_address1   |  out|    6|   ap_memory|              srt_val_160|         array|
|srt_val_160_ce1        |  out|    1|   ap_memory|              srt_val_160|         array|
|srt_val_160_we1        |  out|    1|   ap_memory|              srt_val_160|         array|
|srt_val_160_d1         |  out|  127|   ap_memory|              srt_val_160|         array|
|srt_val_159_address1   |  out|    6|   ap_memory|              srt_val_159|         array|
|srt_val_159_ce1        |  out|    1|   ap_memory|              srt_val_159|         array|
|srt_val_159_we1        |  out|    1|   ap_memory|              srt_val_159|         array|
|srt_val_159_d1         |  out|  127|   ap_memory|              srt_val_159|         array|
|srt_val_158_address1   |  out|    6|   ap_memory|              srt_val_158|         array|
|srt_val_158_ce1        |  out|    1|   ap_memory|              srt_val_158|         array|
|srt_val_158_we1        |  out|    1|   ap_memory|              srt_val_158|         array|
|srt_val_158_d1         |  out|  127|   ap_memory|              srt_val_158|         array|
|srt_val_157_address1   |  out|    6|   ap_memory|              srt_val_157|         array|
|srt_val_157_ce1        |  out|    1|   ap_memory|              srt_val_157|         array|
|srt_val_157_we1        |  out|    1|   ap_memory|              srt_val_157|         array|
|srt_val_157_d1         |  out|  127|   ap_memory|              srt_val_157|         array|
|srt_val_156_address1   |  out|    6|   ap_memory|              srt_val_156|         array|
|srt_val_156_ce1        |  out|    1|   ap_memory|              srt_val_156|         array|
|srt_val_156_we1        |  out|    1|   ap_memory|              srt_val_156|         array|
|srt_val_156_d1         |  out|  127|   ap_memory|              srt_val_156|         array|
|srt_val_155_address1   |  out|    6|   ap_memory|              srt_val_155|         array|
|srt_val_155_ce1        |  out|    1|   ap_memory|              srt_val_155|         array|
|srt_val_155_we1        |  out|    1|   ap_memory|              srt_val_155|         array|
|srt_val_155_d1         |  out|  127|   ap_memory|              srt_val_155|         array|
|srt_val_154_address1   |  out|    6|   ap_memory|              srt_val_154|         array|
|srt_val_154_ce1        |  out|    1|   ap_memory|              srt_val_154|         array|
|srt_val_154_we1        |  out|    1|   ap_memory|              srt_val_154|         array|
|srt_val_154_d1         |  out|  127|   ap_memory|              srt_val_154|         array|
|srt_val_153_address1   |  out|    6|   ap_memory|              srt_val_153|         array|
|srt_val_153_ce1        |  out|    1|   ap_memory|              srt_val_153|         array|
|srt_val_153_we1        |  out|    1|   ap_memory|              srt_val_153|         array|
|srt_val_153_d1         |  out|  127|   ap_memory|              srt_val_153|         array|
|srt_val_152_address1   |  out|    6|   ap_memory|              srt_val_152|         array|
|srt_val_152_ce1        |  out|    1|   ap_memory|              srt_val_152|         array|
|srt_val_152_we1        |  out|    1|   ap_memory|              srt_val_152|         array|
|srt_val_152_d1         |  out|  127|   ap_memory|              srt_val_152|         array|
|srt_val_151_address1   |  out|    6|   ap_memory|              srt_val_151|         array|
|srt_val_151_ce1        |  out|    1|   ap_memory|              srt_val_151|         array|
|srt_val_151_we1        |  out|    1|   ap_memory|              srt_val_151|         array|
|srt_val_151_d1         |  out|  127|   ap_memory|              srt_val_151|         array|
|srt_val_150_address1   |  out|    6|   ap_memory|              srt_val_150|         array|
|srt_val_150_ce1        |  out|    1|   ap_memory|              srt_val_150|         array|
|srt_val_150_we1        |  out|    1|   ap_memory|              srt_val_150|         array|
|srt_val_150_d1         |  out|  127|   ap_memory|              srt_val_150|         array|
|srt_val_149_address1   |  out|    6|   ap_memory|              srt_val_149|         array|
|srt_val_149_ce1        |  out|    1|   ap_memory|              srt_val_149|         array|
|srt_val_149_we1        |  out|    1|   ap_memory|              srt_val_149|         array|
|srt_val_149_d1         |  out|  127|   ap_memory|              srt_val_149|         array|
|srt_val_148_address1   |  out|    6|   ap_memory|              srt_val_148|         array|
|srt_val_148_ce1        |  out|    1|   ap_memory|              srt_val_148|         array|
|srt_val_148_we1        |  out|    1|   ap_memory|              srt_val_148|         array|
|srt_val_148_d1         |  out|  127|   ap_memory|              srt_val_148|         array|
|srt_val_147_address1   |  out|    6|   ap_memory|              srt_val_147|         array|
|srt_val_147_ce1        |  out|    1|   ap_memory|              srt_val_147|         array|
|srt_val_147_we1        |  out|    1|   ap_memory|              srt_val_147|         array|
|srt_val_147_d1         |  out|  127|   ap_memory|              srt_val_147|         array|
|srt_val_146_address1   |  out|    6|   ap_memory|              srt_val_146|         array|
|srt_val_146_ce1        |  out|    1|   ap_memory|              srt_val_146|         array|
|srt_val_146_we1        |  out|    1|   ap_memory|              srt_val_146|         array|
|srt_val_146_d1         |  out|  127|   ap_memory|              srt_val_146|         array|
|srt_val_145_address1   |  out|    6|   ap_memory|              srt_val_145|         array|
|srt_val_145_ce1        |  out|    1|   ap_memory|              srt_val_145|         array|
|srt_val_145_we1        |  out|    1|   ap_memory|              srt_val_145|         array|
|srt_val_145_d1         |  out|  127|   ap_memory|              srt_val_145|         array|
|srt_val_144_address1   |  out|    6|   ap_memory|              srt_val_144|         array|
|srt_val_144_ce1        |  out|    1|   ap_memory|              srt_val_144|         array|
|srt_val_144_we1        |  out|    1|   ap_memory|              srt_val_144|         array|
|srt_val_144_d1         |  out|  127|   ap_memory|              srt_val_144|         array|
|srt_val_143_address1   |  out|    6|   ap_memory|              srt_val_143|         array|
|srt_val_143_ce1        |  out|    1|   ap_memory|              srt_val_143|         array|
|srt_val_143_we1        |  out|    1|   ap_memory|              srt_val_143|         array|
|srt_val_143_d1         |  out|  127|   ap_memory|              srt_val_143|         array|
|srt_val_142_address1   |  out|    6|   ap_memory|              srt_val_142|         array|
|srt_val_142_ce1        |  out|    1|   ap_memory|              srt_val_142|         array|
|srt_val_142_we1        |  out|    1|   ap_memory|              srt_val_142|         array|
|srt_val_142_d1         |  out|  127|   ap_memory|              srt_val_142|         array|
|srt_val_141_address1   |  out|    6|   ap_memory|              srt_val_141|         array|
|srt_val_141_ce1        |  out|    1|   ap_memory|              srt_val_141|         array|
|srt_val_141_we1        |  out|    1|   ap_memory|              srt_val_141|         array|
|srt_val_141_d1         |  out|  127|   ap_memory|              srt_val_141|         array|
|srt_val_140_address1   |  out|    6|   ap_memory|              srt_val_140|         array|
|srt_val_140_ce1        |  out|    1|   ap_memory|              srt_val_140|         array|
|srt_val_140_we1        |  out|    1|   ap_memory|              srt_val_140|         array|
|srt_val_140_d1         |  out|  127|   ap_memory|              srt_val_140|         array|
|srt_val_139_address1   |  out|    6|   ap_memory|              srt_val_139|         array|
|srt_val_139_ce1        |  out|    1|   ap_memory|              srt_val_139|         array|
|srt_val_139_we1        |  out|    1|   ap_memory|              srt_val_139|         array|
|srt_val_139_d1         |  out|  127|   ap_memory|              srt_val_139|         array|
|srt_val_138_address1   |  out|    6|   ap_memory|              srt_val_138|         array|
|srt_val_138_ce1        |  out|    1|   ap_memory|              srt_val_138|         array|
|srt_val_138_we1        |  out|    1|   ap_memory|              srt_val_138|         array|
|srt_val_138_d1         |  out|  127|   ap_memory|              srt_val_138|         array|
|srt_val_137_address1   |  out|    6|   ap_memory|              srt_val_137|         array|
|srt_val_137_ce1        |  out|    1|   ap_memory|              srt_val_137|         array|
|srt_val_137_we1        |  out|    1|   ap_memory|              srt_val_137|         array|
|srt_val_137_d1         |  out|  127|   ap_memory|              srt_val_137|         array|
|srt_val_136_address1   |  out|    6|   ap_memory|              srt_val_136|         array|
|srt_val_136_ce1        |  out|    1|   ap_memory|              srt_val_136|         array|
|srt_val_136_we1        |  out|    1|   ap_memory|              srt_val_136|         array|
|srt_val_136_d1         |  out|  127|   ap_memory|              srt_val_136|         array|
|srt_val_135_address1   |  out|    6|   ap_memory|              srt_val_135|         array|
|srt_val_135_ce1        |  out|    1|   ap_memory|              srt_val_135|         array|
|srt_val_135_we1        |  out|    1|   ap_memory|              srt_val_135|         array|
|srt_val_135_d1         |  out|  127|   ap_memory|              srt_val_135|         array|
|srt_val_134_address1   |  out|    6|   ap_memory|              srt_val_134|         array|
|srt_val_134_ce1        |  out|    1|   ap_memory|              srt_val_134|         array|
|srt_val_134_we1        |  out|    1|   ap_memory|              srt_val_134|         array|
|srt_val_134_d1         |  out|  127|   ap_memory|              srt_val_134|         array|
|srt_val_133_address1   |  out|    6|   ap_memory|              srt_val_133|         array|
|srt_val_133_ce1        |  out|    1|   ap_memory|              srt_val_133|         array|
|srt_val_133_we1        |  out|    1|   ap_memory|              srt_val_133|         array|
|srt_val_133_d1         |  out|  127|   ap_memory|              srt_val_133|         array|
|srt_val_132_address1   |  out|    6|   ap_memory|              srt_val_132|         array|
|srt_val_132_ce1        |  out|    1|   ap_memory|              srt_val_132|         array|
|srt_val_132_we1        |  out|    1|   ap_memory|              srt_val_132|         array|
|srt_val_132_d1         |  out|  127|   ap_memory|              srt_val_132|         array|
|srt_val_131_address1   |  out|    6|   ap_memory|              srt_val_131|         array|
|srt_val_131_ce1        |  out|    1|   ap_memory|              srt_val_131|         array|
|srt_val_131_we1        |  out|    1|   ap_memory|              srt_val_131|         array|
|srt_val_131_d1         |  out|  127|   ap_memory|              srt_val_131|         array|
|srt_val_130_address1   |  out|    6|   ap_memory|              srt_val_130|         array|
|srt_val_130_ce1        |  out|    1|   ap_memory|              srt_val_130|         array|
|srt_val_130_we1        |  out|    1|   ap_memory|              srt_val_130|         array|
|srt_val_130_d1         |  out|  127|   ap_memory|              srt_val_130|         array|
|srt_val_129_address1   |  out|    6|   ap_memory|              srt_val_129|         array|
|srt_val_129_ce1        |  out|    1|   ap_memory|              srt_val_129|         array|
|srt_val_129_we1        |  out|    1|   ap_memory|              srt_val_129|         array|
|srt_val_129_d1         |  out|  127|   ap_memory|              srt_val_129|         array|
|srt_val_128_address1   |  out|    6|   ap_memory|              srt_val_128|         array|
|srt_val_128_ce1        |  out|    1|   ap_memory|              srt_val_128|         array|
|srt_val_128_we1        |  out|    1|   ap_memory|              srt_val_128|         array|
|srt_val_128_d1         |  out|  127|   ap_memory|              srt_val_128|         array|
|srt_val_127_address1   |  out|    6|   ap_memory|              srt_val_127|         array|
|srt_val_127_ce1        |  out|    1|   ap_memory|              srt_val_127|         array|
|srt_val_127_we1        |  out|    1|   ap_memory|              srt_val_127|         array|
|srt_val_127_d1         |  out|  127|   ap_memory|              srt_val_127|         array|
|srt_val_126_address1   |  out|    6|   ap_memory|              srt_val_126|         array|
|srt_val_126_ce1        |  out|    1|   ap_memory|              srt_val_126|         array|
|srt_val_126_we1        |  out|    1|   ap_memory|              srt_val_126|         array|
|srt_val_126_d1         |  out|  127|   ap_memory|              srt_val_126|         array|
|srt_val_125_address1   |  out|    6|   ap_memory|              srt_val_125|         array|
|srt_val_125_ce1        |  out|    1|   ap_memory|              srt_val_125|         array|
|srt_val_125_we1        |  out|    1|   ap_memory|              srt_val_125|         array|
|srt_val_125_d1         |  out|  127|   ap_memory|              srt_val_125|         array|
|srt_val_124_address1   |  out|    6|   ap_memory|              srt_val_124|         array|
|srt_val_124_ce1        |  out|    1|   ap_memory|              srt_val_124|         array|
|srt_val_124_we1        |  out|    1|   ap_memory|              srt_val_124|         array|
|srt_val_124_d1         |  out|  127|   ap_memory|              srt_val_124|         array|
|srt_val_123_address1   |  out|    6|   ap_memory|              srt_val_123|         array|
|srt_val_123_ce1        |  out|    1|   ap_memory|              srt_val_123|         array|
|srt_val_123_we1        |  out|    1|   ap_memory|              srt_val_123|         array|
|srt_val_123_d1         |  out|  127|   ap_memory|              srt_val_123|         array|
|srt_val_122_address1   |  out|    6|   ap_memory|              srt_val_122|         array|
|srt_val_122_ce1        |  out|    1|   ap_memory|              srt_val_122|         array|
|srt_val_122_we1        |  out|    1|   ap_memory|              srt_val_122|         array|
|srt_val_122_d1         |  out|  127|   ap_memory|              srt_val_122|         array|
|srt_val_121_address1   |  out|    6|   ap_memory|              srt_val_121|         array|
|srt_val_121_ce1        |  out|    1|   ap_memory|              srt_val_121|         array|
|srt_val_121_we1        |  out|    1|   ap_memory|              srt_val_121|         array|
|srt_val_121_d1         |  out|  127|   ap_memory|              srt_val_121|         array|
|srt_val_120_address1   |  out|    6|   ap_memory|              srt_val_120|         array|
|srt_val_120_ce1        |  out|    1|   ap_memory|              srt_val_120|         array|
|srt_val_120_we1        |  out|    1|   ap_memory|              srt_val_120|         array|
|srt_val_120_d1         |  out|  127|   ap_memory|              srt_val_120|         array|
|srt_val_119_address1   |  out|    6|   ap_memory|              srt_val_119|         array|
|srt_val_119_ce1        |  out|    1|   ap_memory|              srt_val_119|         array|
|srt_val_119_we1        |  out|    1|   ap_memory|              srt_val_119|         array|
|srt_val_119_d1         |  out|  127|   ap_memory|              srt_val_119|         array|
|srt_val_118_address1   |  out|    6|   ap_memory|              srt_val_118|         array|
|srt_val_118_ce1        |  out|    1|   ap_memory|              srt_val_118|         array|
|srt_val_118_we1        |  out|    1|   ap_memory|              srt_val_118|         array|
|srt_val_118_d1         |  out|  127|   ap_memory|              srt_val_118|         array|
|srt_val_117_address1   |  out|    6|   ap_memory|              srt_val_117|         array|
|srt_val_117_ce1        |  out|    1|   ap_memory|              srt_val_117|         array|
|srt_val_117_we1        |  out|    1|   ap_memory|              srt_val_117|         array|
|srt_val_117_d1         |  out|  127|   ap_memory|              srt_val_117|         array|
|srt_val_116_address1   |  out|    6|   ap_memory|              srt_val_116|         array|
|srt_val_116_ce1        |  out|    1|   ap_memory|              srt_val_116|         array|
|srt_val_116_we1        |  out|    1|   ap_memory|              srt_val_116|         array|
|srt_val_116_d1         |  out|  127|   ap_memory|              srt_val_116|         array|
|srt_val_115_address1   |  out|    6|   ap_memory|              srt_val_115|         array|
|srt_val_115_ce1        |  out|    1|   ap_memory|              srt_val_115|         array|
|srt_val_115_we1        |  out|    1|   ap_memory|              srt_val_115|         array|
|srt_val_115_d1         |  out|  127|   ap_memory|              srt_val_115|         array|
|srt_val_114_address1   |  out|    6|   ap_memory|              srt_val_114|         array|
|srt_val_114_ce1        |  out|    1|   ap_memory|              srt_val_114|         array|
|srt_val_114_we1        |  out|    1|   ap_memory|              srt_val_114|         array|
|srt_val_114_d1         |  out|  127|   ap_memory|              srt_val_114|         array|
|srt_val_113_address1   |  out|    6|   ap_memory|              srt_val_113|         array|
|srt_val_113_ce1        |  out|    1|   ap_memory|              srt_val_113|         array|
|srt_val_113_we1        |  out|    1|   ap_memory|              srt_val_113|         array|
|srt_val_113_d1         |  out|  127|   ap_memory|              srt_val_113|         array|
|srt_val_112_address1   |  out|    6|   ap_memory|              srt_val_112|         array|
|srt_val_112_ce1        |  out|    1|   ap_memory|              srt_val_112|         array|
|srt_val_112_we1        |  out|    1|   ap_memory|              srt_val_112|         array|
|srt_val_112_d1         |  out|  127|   ap_memory|              srt_val_112|         array|
|srt_val_111_address1   |  out|    6|   ap_memory|              srt_val_111|         array|
|srt_val_111_ce1        |  out|    1|   ap_memory|              srt_val_111|         array|
|srt_val_111_we1        |  out|    1|   ap_memory|              srt_val_111|         array|
|srt_val_111_d1         |  out|  127|   ap_memory|              srt_val_111|         array|
|srt_val_110_address1   |  out|    6|   ap_memory|              srt_val_110|         array|
|srt_val_110_ce1        |  out|    1|   ap_memory|              srt_val_110|         array|
|srt_val_110_we1        |  out|    1|   ap_memory|              srt_val_110|         array|
|srt_val_110_d1         |  out|  127|   ap_memory|              srt_val_110|         array|
|srt_val_109_address1   |  out|    6|   ap_memory|              srt_val_109|         array|
|srt_val_109_ce1        |  out|    1|   ap_memory|              srt_val_109|         array|
|srt_val_109_we1        |  out|    1|   ap_memory|              srt_val_109|         array|
|srt_val_109_d1         |  out|  127|   ap_memory|              srt_val_109|         array|
|srt_val_108_address1   |  out|    6|   ap_memory|              srt_val_108|         array|
|srt_val_108_ce1        |  out|    1|   ap_memory|              srt_val_108|         array|
|srt_val_108_we1        |  out|    1|   ap_memory|              srt_val_108|         array|
|srt_val_108_d1         |  out|  127|   ap_memory|              srt_val_108|         array|
|srt_val_107_address1   |  out|    6|   ap_memory|              srt_val_107|         array|
|srt_val_107_ce1        |  out|    1|   ap_memory|              srt_val_107|         array|
|srt_val_107_we1        |  out|    1|   ap_memory|              srt_val_107|         array|
|srt_val_107_d1         |  out|  127|   ap_memory|              srt_val_107|         array|
|srt_val_106_address1   |  out|    6|   ap_memory|              srt_val_106|         array|
|srt_val_106_ce1        |  out|    1|   ap_memory|              srt_val_106|         array|
|srt_val_106_we1        |  out|    1|   ap_memory|              srt_val_106|         array|
|srt_val_106_d1         |  out|  127|   ap_memory|              srt_val_106|         array|
|srt_val_105_address1   |  out|    6|   ap_memory|              srt_val_105|         array|
|srt_val_105_ce1        |  out|    1|   ap_memory|              srt_val_105|         array|
|srt_val_105_we1        |  out|    1|   ap_memory|              srt_val_105|         array|
|srt_val_105_d1         |  out|  127|   ap_memory|              srt_val_105|         array|
|srt_val_104_address1   |  out|    6|   ap_memory|              srt_val_104|         array|
|srt_val_104_ce1        |  out|    1|   ap_memory|              srt_val_104|         array|
|srt_val_104_we1        |  out|    1|   ap_memory|              srt_val_104|         array|
|srt_val_104_d1         |  out|  127|   ap_memory|              srt_val_104|         array|
|srt_val_103_address1   |  out|    6|   ap_memory|              srt_val_103|         array|
|srt_val_103_ce1        |  out|    1|   ap_memory|              srt_val_103|         array|
|srt_val_103_we1        |  out|    1|   ap_memory|              srt_val_103|         array|
|srt_val_103_d1         |  out|  127|   ap_memory|              srt_val_103|         array|
|srt_val_102_address1   |  out|    6|   ap_memory|              srt_val_102|         array|
|srt_val_102_ce1        |  out|    1|   ap_memory|              srt_val_102|         array|
|srt_val_102_we1        |  out|    1|   ap_memory|              srt_val_102|         array|
|srt_val_102_d1         |  out|  127|   ap_memory|              srt_val_102|         array|
|srt_val_101_address1   |  out|    6|   ap_memory|              srt_val_101|         array|
|srt_val_101_ce1        |  out|    1|   ap_memory|              srt_val_101|         array|
|srt_val_101_we1        |  out|    1|   ap_memory|              srt_val_101|         array|
|srt_val_101_d1         |  out|  127|   ap_memory|              srt_val_101|         array|
|srt_val_100_address1   |  out|    6|   ap_memory|              srt_val_100|         array|
|srt_val_100_ce1        |  out|    1|   ap_memory|              srt_val_100|         array|
|srt_val_100_we1        |  out|    1|   ap_memory|              srt_val_100|         array|
|srt_val_100_d1         |  out|  127|   ap_memory|              srt_val_100|         array|
|srt_val_99_address1    |  out|    6|   ap_memory|               srt_val_99|         array|
|srt_val_99_ce1         |  out|    1|   ap_memory|               srt_val_99|         array|
|srt_val_99_we1         |  out|    1|   ap_memory|               srt_val_99|         array|
|srt_val_99_d1          |  out|  127|   ap_memory|               srt_val_99|         array|
|srt_val_98_address1    |  out|    6|   ap_memory|               srt_val_98|         array|
|srt_val_98_ce1         |  out|    1|   ap_memory|               srt_val_98|         array|
|srt_val_98_we1         |  out|    1|   ap_memory|               srt_val_98|         array|
|srt_val_98_d1          |  out|  127|   ap_memory|               srt_val_98|         array|
|srt_val_97_address1    |  out|    6|   ap_memory|               srt_val_97|         array|
|srt_val_97_ce1         |  out|    1|   ap_memory|               srt_val_97|         array|
|srt_val_97_we1         |  out|    1|   ap_memory|               srt_val_97|         array|
|srt_val_97_d1          |  out|  127|   ap_memory|               srt_val_97|         array|
|srt_val_96_address1    |  out|    6|   ap_memory|               srt_val_96|         array|
|srt_val_96_ce1         |  out|    1|   ap_memory|               srt_val_96|         array|
|srt_val_96_we1         |  out|    1|   ap_memory|               srt_val_96|         array|
|srt_val_96_d1          |  out|  127|   ap_memory|               srt_val_96|         array|
|srt_val_95_address1    |  out|    6|   ap_memory|               srt_val_95|         array|
|srt_val_95_ce1         |  out|    1|   ap_memory|               srt_val_95|         array|
|srt_val_95_we1         |  out|    1|   ap_memory|               srt_val_95|         array|
|srt_val_95_d1          |  out|  127|   ap_memory|               srt_val_95|         array|
|srt_val_94_address1    |  out|    6|   ap_memory|               srt_val_94|         array|
|srt_val_94_ce1         |  out|    1|   ap_memory|               srt_val_94|         array|
|srt_val_94_we1         |  out|    1|   ap_memory|               srt_val_94|         array|
|srt_val_94_d1          |  out|  127|   ap_memory|               srt_val_94|         array|
|srt_val_93_address1    |  out|    6|   ap_memory|               srt_val_93|         array|
|srt_val_93_ce1         |  out|    1|   ap_memory|               srt_val_93|         array|
|srt_val_93_we1         |  out|    1|   ap_memory|               srt_val_93|         array|
|srt_val_93_d1          |  out|  127|   ap_memory|               srt_val_93|         array|
|srt_val_92_address1    |  out|    6|   ap_memory|               srt_val_92|         array|
|srt_val_92_ce1         |  out|    1|   ap_memory|               srt_val_92|         array|
|srt_val_92_we1         |  out|    1|   ap_memory|               srt_val_92|         array|
|srt_val_92_d1          |  out|  127|   ap_memory|               srt_val_92|         array|
|srt_val_91_address1    |  out|    6|   ap_memory|               srt_val_91|         array|
|srt_val_91_ce1         |  out|    1|   ap_memory|               srt_val_91|         array|
|srt_val_91_we1         |  out|    1|   ap_memory|               srt_val_91|         array|
|srt_val_91_d1          |  out|  127|   ap_memory|               srt_val_91|         array|
|srt_val_90_address1    |  out|    6|   ap_memory|               srt_val_90|         array|
|srt_val_90_ce1         |  out|    1|   ap_memory|               srt_val_90|         array|
|srt_val_90_we1         |  out|    1|   ap_memory|               srt_val_90|         array|
|srt_val_90_d1          |  out|  127|   ap_memory|               srt_val_90|         array|
|srt_val_89_address1    |  out|    6|   ap_memory|               srt_val_89|         array|
|srt_val_89_ce1         |  out|    1|   ap_memory|               srt_val_89|         array|
|srt_val_89_we1         |  out|    1|   ap_memory|               srt_val_89|         array|
|srt_val_89_d1          |  out|  127|   ap_memory|               srt_val_89|         array|
|srt_val_88_address1    |  out|    6|   ap_memory|               srt_val_88|         array|
|srt_val_88_ce1         |  out|    1|   ap_memory|               srt_val_88|         array|
|srt_val_88_we1         |  out|    1|   ap_memory|               srt_val_88|         array|
|srt_val_88_d1          |  out|  127|   ap_memory|               srt_val_88|         array|
|srt_val_87_address1    |  out|    6|   ap_memory|               srt_val_87|         array|
|srt_val_87_ce1         |  out|    1|   ap_memory|               srt_val_87|         array|
|srt_val_87_we1         |  out|    1|   ap_memory|               srt_val_87|         array|
|srt_val_87_d1          |  out|  127|   ap_memory|               srt_val_87|         array|
|srt_val_86_address1    |  out|    6|   ap_memory|               srt_val_86|         array|
|srt_val_86_ce1         |  out|    1|   ap_memory|               srt_val_86|         array|
|srt_val_86_we1         |  out|    1|   ap_memory|               srt_val_86|         array|
|srt_val_86_d1          |  out|  127|   ap_memory|               srt_val_86|         array|
|srt_val_85_address1    |  out|    6|   ap_memory|               srt_val_85|         array|
|srt_val_85_ce1         |  out|    1|   ap_memory|               srt_val_85|         array|
|srt_val_85_we1         |  out|    1|   ap_memory|               srt_val_85|         array|
|srt_val_85_d1          |  out|  127|   ap_memory|               srt_val_85|         array|
|srt_val_84_address1    |  out|    6|   ap_memory|               srt_val_84|         array|
|srt_val_84_ce1         |  out|    1|   ap_memory|               srt_val_84|         array|
|srt_val_84_we1         |  out|    1|   ap_memory|               srt_val_84|         array|
|srt_val_84_d1          |  out|  127|   ap_memory|               srt_val_84|         array|
|srt_val_83_address1    |  out|    6|   ap_memory|               srt_val_83|         array|
|srt_val_83_ce1         |  out|    1|   ap_memory|               srt_val_83|         array|
|srt_val_83_we1         |  out|    1|   ap_memory|               srt_val_83|         array|
|srt_val_83_d1          |  out|  127|   ap_memory|               srt_val_83|         array|
|srt_val_82_address1    |  out|    6|   ap_memory|               srt_val_82|         array|
|srt_val_82_ce1         |  out|    1|   ap_memory|               srt_val_82|         array|
|srt_val_82_we1         |  out|    1|   ap_memory|               srt_val_82|         array|
|srt_val_82_d1          |  out|  127|   ap_memory|               srt_val_82|         array|
|srt_val_81_address1    |  out|    6|   ap_memory|               srt_val_81|         array|
|srt_val_81_ce1         |  out|    1|   ap_memory|               srt_val_81|         array|
|srt_val_81_we1         |  out|    1|   ap_memory|               srt_val_81|         array|
|srt_val_81_d1          |  out|  127|   ap_memory|               srt_val_81|         array|
|srt_val_80_address1    |  out|    6|   ap_memory|               srt_val_80|         array|
|srt_val_80_ce1         |  out|    1|   ap_memory|               srt_val_80|         array|
|srt_val_80_we1         |  out|    1|   ap_memory|               srt_val_80|         array|
|srt_val_80_d1          |  out|  127|   ap_memory|               srt_val_80|         array|
|srt_val_79_address1    |  out|    6|   ap_memory|               srt_val_79|         array|
|srt_val_79_ce1         |  out|    1|   ap_memory|               srt_val_79|         array|
|srt_val_79_we1         |  out|    1|   ap_memory|               srt_val_79|         array|
|srt_val_79_d1          |  out|  127|   ap_memory|               srt_val_79|         array|
|srt_val_78_address1    |  out|    6|   ap_memory|               srt_val_78|         array|
|srt_val_78_ce1         |  out|    1|   ap_memory|               srt_val_78|         array|
|srt_val_78_we1         |  out|    1|   ap_memory|               srt_val_78|         array|
|srt_val_78_d1          |  out|  127|   ap_memory|               srt_val_78|         array|
|srt_val_77_address1    |  out|    6|   ap_memory|               srt_val_77|         array|
|srt_val_77_ce1         |  out|    1|   ap_memory|               srt_val_77|         array|
|srt_val_77_we1         |  out|    1|   ap_memory|               srt_val_77|         array|
|srt_val_77_d1          |  out|  127|   ap_memory|               srt_val_77|         array|
|srt_val_76_address1    |  out|    6|   ap_memory|               srt_val_76|         array|
|srt_val_76_ce1         |  out|    1|   ap_memory|               srt_val_76|         array|
|srt_val_76_we1         |  out|    1|   ap_memory|               srt_val_76|         array|
|srt_val_76_d1          |  out|  127|   ap_memory|               srt_val_76|         array|
|srt_val_75_address1    |  out|    6|   ap_memory|               srt_val_75|         array|
|srt_val_75_ce1         |  out|    1|   ap_memory|               srt_val_75|         array|
|srt_val_75_we1         |  out|    1|   ap_memory|               srt_val_75|         array|
|srt_val_75_d1          |  out|  127|   ap_memory|               srt_val_75|         array|
|srt_val_74_address1    |  out|    6|   ap_memory|               srt_val_74|         array|
|srt_val_74_ce1         |  out|    1|   ap_memory|               srt_val_74|         array|
|srt_val_74_we1         |  out|    1|   ap_memory|               srt_val_74|         array|
|srt_val_74_d1          |  out|  127|   ap_memory|               srt_val_74|         array|
|srt_val_73_address1    |  out|    6|   ap_memory|               srt_val_73|         array|
|srt_val_73_ce1         |  out|    1|   ap_memory|               srt_val_73|         array|
|srt_val_73_we1         |  out|    1|   ap_memory|               srt_val_73|         array|
|srt_val_73_d1          |  out|  127|   ap_memory|               srt_val_73|         array|
|srt_val_72_address1    |  out|    6|   ap_memory|               srt_val_72|         array|
|srt_val_72_ce1         |  out|    1|   ap_memory|               srt_val_72|         array|
|srt_val_72_we1         |  out|    1|   ap_memory|               srt_val_72|         array|
|srt_val_72_d1          |  out|  127|   ap_memory|               srt_val_72|         array|
|srt_val_71_address1    |  out|    6|   ap_memory|               srt_val_71|         array|
|srt_val_71_ce1         |  out|    1|   ap_memory|               srt_val_71|         array|
|srt_val_71_we1         |  out|    1|   ap_memory|               srt_val_71|         array|
|srt_val_71_d1          |  out|  127|   ap_memory|               srt_val_71|         array|
|srt_val_70_address1    |  out|    6|   ap_memory|               srt_val_70|         array|
|srt_val_70_ce1         |  out|    1|   ap_memory|               srt_val_70|         array|
|srt_val_70_we1         |  out|    1|   ap_memory|               srt_val_70|         array|
|srt_val_70_d1          |  out|  127|   ap_memory|               srt_val_70|         array|
|srt_val_69_address1    |  out|    6|   ap_memory|               srt_val_69|         array|
|srt_val_69_ce1         |  out|    1|   ap_memory|               srt_val_69|         array|
|srt_val_69_we1         |  out|    1|   ap_memory|               srt_val_69|         array|
|srt_val_69_d1          |  out|  127|   ap_memory|               srt_val_69|         array|
|srt_val_68_address1    |  out|    6|   ap_memory|               srt_val_68|         array|
|srt_val_68_ce1         |  out|    1|   ap_memory|               srt_val_68|         array|
|srt_val_68_we1         |  out|    1|   ap_memory|               srt_val_68|         array|
|srt_val_68_d1          |  out|  127|   ap_memory|               srt_val_68|         array|
|srt_val_67_address1    |  out|    6|   ap_memory|               srt_val_67|         array|
|srt_val_67_ce1         |  out|    1|   ap_memory|               srt_val_67|         array|
|srt_val_67_we1         |  out|    1|   ap_memory|               srt_val_67|         array|
|srt_val_67_d1          |  out|  127|   ap_memory|               srt_val_67|         array|
|srt_val_66_address1    |  out|    6|   ap_memory|               srt_val_66|         array|
|srt_val_66_ce1         |  out|    1|   ap_memory|               srt_val_66|         array|
|srt_val_66_we1         |  out|    1|   ap_memory|               srt_val_66|         array|
|srt_val_66_d1          |  out|  127|   ap_memory|               srt_val_66|         array|
|srt_val_65_address1    |  out|    6|   ap_memory|               srt_val_65|         array|
|srt_val_65_ce1         |  out|    1|   ap_memory|               srt_val_65|         array|
|srt_val_65_we1         |  out|    1|   ap_memory|               srt_val_65|         array|
|srt_val_65_d1          |  out|  127|   ap_memory|               srt_val_65|         array|
|srt_val_64_address1    |  out|    6|   ap_memory|               srt_val_64|         array|
|srt_val_64_ce1         |  out|    1|   ap_memory|               srt_val_64|         array|
|srt_val_64_we1         |  out|    1|   ap_memory|               srt_val_64|         array|
|srt_val_64_d1          |  out|  127|   ap_memory|               srt_val_64|         array|
|srt_val_63_address1    |  out|    6|   ap_memory|               srt_val_63|         array|
|srt_val_63_ce1         |  out|    1|   ap_memory|               srt_val_63|         array|
|srt_val_63_we1         |  out|    1|   ap_memory|               srt_val_63|         array|
|srt_val_63_d1          |  out|  127|   ap_memory|               srt_val_63|         array|
|srt_val_62_address1    |  out|    6|   ap_memory|               srt_val_62|         array|
|srt_val_62_ce1         |  out|    1|   ap_memory|               srt_val_62|         array|
|srt_val_62_we1         |  out|    1|   ap_memory|               srt_val_62|         array|
|srt_val_62_d1          |  out|  127|   ap_memory|               srt_val_62|         array|
|srt_val_61_address1    |  out|    6|   ap_memory|               srt_val_61|         array|
|srt_val_61_ce1         |  out|    1|   ap_memory|               srt_val_61|         array|
|srt_val_61_we1         |  out|    1|   ap_memory|               srt_val_61|         array|
|srt_val_61_d1          |  out|  127|   ap_memory|               srt_val_61|         array|
|srt_val_60_address1    |  out|    6|   ap_memory|               srt_val_60|         array|
|srt_val_60_ce1         |  out|    1|   ap_memory|               srt_val_60|         array|
|srt_val_60_we1         |  out|    1|   ap_memory|               srt_val_60|         array|
|srt_val_60_d1          |  out|  127|   ap_memory|               srt_val_60|         array|
|srt_val_59_address1    |  out|    6|   ap_memory|               srt_val_59|         array|
|srt_val_59_ce1         |  out|    1|   ap_memory|               srt_val_59|         array|
|srt_val_59_we1         |  out|    1|   ap_memory|               srt_val_59|         array|
|srt_val_59_d1          |  out|  127|   ap_memory|               srt_val_59|         array|
|srt_val_58_address1    |  out|    6|   ap_memory|               srt_val_58|         array|
|srt_val_58_ce1         |  out|    1|   ap_memory|               srt_val_58|         array|
|srt_val_58_we1         |  out|    1|   ap_memory|               srt_val_58|         array|
|srt_val_58_d1          |  out|  127|   ap_memory|               srt_val_58|         array|
|srt_val_57_address1    |  out|    6|   ap_memory|               srt_val_57|         array|
|srt_val_57_ce1         |  out|    1|   ap_memory|               srt_val_57|         array|
|srt_val_57_we1         |  out|    1|   ap_memory|               srt_val_57|         array|
|srt_val_57_d1          |  out|  127|   ap_memory|               srt_val_57|         array|
|srt_val_56_address1    |  out|    6|   ap_memory|               srt_val_56|         array|
|srt_val_56_ce1         |  out|    1|   ap_memory|               srt_val_56|         array|
|srt_val_56_we1         |  out|    1|   ap_memory|               srt_val_56|         array|
|srt_val_56_d1          |  out|  127|   ap_memory|               srt_val_56|         array|
|srt_val_55_address1    |  out|    6|   ap_memory|               srt_val_55|         array|
|srt_val_55_ce1         |  out|    1|   ap_memory|               srt_val_55|         array|
|srt_val_55_we1         |  out|    1|   ap_memory|               srt_val_55|         array|
|srt_val_55_d1          |  out|  127|   ap_memory|               srt_val_55|         array|
|srt_val_54_address1    |  out|    6|   ap_memory|               srt_val_54|         array|
|srt_val_54_ce1         |  out|    1|   ap_memory|               srt_val_54|         array|
|srt_val_54_we1         |  out|    1|   ap_memory|               srt_val_54|         array|
|srt_val_54_d1          |  out|  127|   ap_memory|               srt_val_54|         array|
|srt_val_53_address1    |  out|    6|   ap_memory|               srt_val_53|         array|
|srt_val_53_ce1         |  out|    1|   ap_memory|               srt_val_53|         array|
|srt_val_53_we1         |  out|    1|   ap_memory|               srt_val_53|         array|
|srt_val_53_d1          |  out|  127|   ap_memory|               srt_val_53|         array|
|srt_val_52_address1    |  out|    6|   ap_memory|               srt_val_52|         array|
|srt_val_52_ce1         |  out|    1|   ap_memory|               srt_val_52|         array|
|srt_val_52_we1         |  out|    1|   ap_memory|               srt_val_52|         array|
|srt_val_52_d1          |  out|  127|   ap_memory|               srt_val_52|         array|
|srt_val_51_address1    |  out|    6|   ap_memory|               srt_val_51|         array|
|srt_val_51_ce1         |  out|    1|   ap_memory|               srt_val_51|         array|
|srt_val_51_we1         |  out|    1|   ap_memory|               srt_val_51|         array|
|srt_val_51_d1          |  out|  127|   ap_memory|               srt_val_51|         array|
|srt_val_50_address1    |  out|    6|   ap_memory|               srt_val_50|         array|
|srt_val_50_ce1         |  out|    1|   ap_memory|               srt_val_50|         array|
|srt_val_50_we1         |  out|    1|   ap_memory|               srt_val_50|         array|
|srt_val_50_d1          |  out|  127|   ap_memory|               srt_val_50|         array|
|srt_val_49_address1    |  out|    6|   ap_memory|               srt_val_49|         array|
|srt_val_49_ce1         |  out|    1|   ap_memory|               srt_val_49|         array|
|srt_val_49_we1         |  out|    1|   ap_memory|               srt_val_49|         array|
|srt_val_49_d1          |  out|  127|   ap_memory|               srt_val_49|         array|
|srt_val_48_address1    |  out|    6|   ap_memory|               srt_val_48|         array|
|srt_val_48_ce1         |  out|    1|   ap_memory|               srt_val_48|         array|
|srt_val_48_we1         |  out|    1|   ap_memory|               srt_val_48|         array|
|srt_val_48_d1          |  out|  127|   ap_memory|               srt_val_48|         array|
|srt_val_47_address1    |  out|    6|   ap_memory|               srt_val_47|         array|
|srt_val_47_ce1         |  out|    1|   ap_memory|               srt_val_47|         array|
|srt_val_47_we1         |  out|    1|   ap_memory|               srt_val_47|         array|
|srt_val_47_d1          |  out|  127|   ap_memory|               srt_val_47|         array|
|srt_val_46_address1    |  out|    6|   ap_memory|               srt_val_46|         array|
|srt_val_46_ce1         |  out|    1|   ap_memory|               srt_val_46|         array|
|srt_val_46_we1         |  out|    1|   ap_memory|               srt_val_46|         array|
|srt_val_46_d1          |  out|  127|   ap_memory|               srt_val_46|         array|
|srt_val_45_address1    |  out|    6|   ap_memory|               srt_val_45|         array|
|srt_val_45_ce1         |  out|    1|   ap_memory|               srt_val_45|         array|
|srt_val_45_we1         |  out|    1|   ap_memory|               srt_val_45|         array|
|srt_val_45_d1          |  out|  127|   ap_memory|               srt_val_45|         array|
|srt_val_44_address1    |  out|    6|   ap_memory|               srt_val_44|         array|
|srt_val_44_ce1         |  out|    1|   ap_memory|               srt_val_44|         array|
|srt_val_44_we1         |  out|    1|   ap_memory|               srt_val_44|         array|
|srt_val_44_d1          |  out|  127|   ap_memory|               srt_val_44|         array|
|srt_val_43_address1    |  out|    6|   ap_memory|               srt_val_43|         array|
|srt_val_43_ce1         |  out|    1|   ap_memory|               srt_val_43|         array|
|srt_val_43_we1         |  out|    1|   ap_memory|               srt_val_43|         array|
|srt_val_43_d1          |  out|  127|   ap_memory|               srt_val_43|         array|
|srt_val_42_address1    |  out|    6|   ap_memory|               srt_val_42|         array|
|srt_val_42_ce1         |  out|    1|   ap_memory|               srt_val_42|         array|
|srt_val_42_we1         |  out|    1|   ap_memory|               srt_val_42|         array|
|srt_val_42_d1          |  out|  127|   ap_memory|               srt_val_42|         array|
|srt_val_41_address1    |  out|    6|   ap_memory|               srt_val_41|         array|
|srt_val_41_ce1         |  out|    1|   ap_memory|               srt_val_41|         array|
|srt_val_41_we1         |  out|    1|   ap_memory|               srt_val_41|         array|
|srt_val_41_d1          |  out|  127|   ap_memory|               srt_val_41|         array|
|srt_val_40_address1    |  out|    6|   ap_memory|               srt_val_40|         array|
|srt_val_40_ce1         |  out|    1|   ap_memory|               srt_val_40|         array|
|srt_val_40_we1         |  out|    1|   ap_memory|               srt_val_40|         array|
|srt_val_40_d1          |  out|  127|   ap_memory|               srt_val_40|         array|
|srt_val_39_address1    |  out|    6|   ap_memory|               srt_val_39|         array|
|srt_val_39_ce1         |  out|    1|   ap_memory|               srt_val_39|         array|
|srt_val_39_we1         |  out|    1|   ap_memory|               srt_val_39|         array|
|srt_val_39_d1          |  out|  127|   ap_memory|               srt_val_39|         array|
|srt_val_38_address1    |  out|    6|   ap_memory|               srt_val_38|         array|
|srt_val_38_ce1         |  out|    1|   ap_memory|               srt_val_38|         array|
|srt_val_38_we1         |  out|    1|   ap_memory|               srt_val_38|         array|
|srt_val_38_d1          |  out|  127|   ap_memory|               srt_val_38|         array|
|srt_val_37_address1    |  out|    6|   ap_memory|               srt_val_37|         array|
|srt_val_37_ce1         |  out|    1|   ap_memory|               srt_val_37|         array|
|srt_val_37_we1         |  out|    1|   ap_memory|               srt_val_37|         array|
|srt_val_37_d1          |  out|  127|   ap_memory|               srt_val_37|         array|
|srt_val_36_address1    |  out|    6|   ap_memory|               srt_val_36|         array|
|srt_val_36_ce1         |  out|    1|   ap_memory|               srt_val_36|         array|
|srt_val_36_we1         |  out|    1|   ap_memory|               srt_val_36|         array|
|srt_val_36_d1          |  out|  127|   ap_memory|               srt_val_36|         array|
|srt_val_35_address1    |  out|    6|   ap_memory|               srt_val_35|         array|
|srt_val_35_ce1         |  out|    1|   ap_memory|               srt_val_35|         array|
|srt_val_35_we1         |  out|    1|   ap_memory|               srt_val_35|         array|
|srt_val_35_d1          |  out|  127|   ap_memory|               srt_val_35|         array|
|srt_val_34_address1    |  out|    6|   ap_memory|               srt_val_34|         array|
|srt_val_34_ce1         |  out|    1|   ap_memory|               srt_val_34|         array|
|srt_val_34_we1         |  out|    1|   ap_memory|               srt_val_34|         array|
|srt_val_34_d1          |  out|  127|   ap_memory|               srt_val_34|         array|
|srt_val_33_address1    |  out|    6|   ap_memory|               srt_val_33|         array|
|srt_val_33_ce1         |  out|    1|   ap_memory|               srt_val_33|         array|
|srt_val_33_we1         |  out|    1|   ap_memory|               srt_val_33|         array|
|srt_val_33_d1          |  out|  127|   ap_memory|               srt_val_33|         array|
|srt_val_32_address1    |  out|    6|   ap_memory|               srt_val_32|         array|
|srt_val_32_ce1         |  out|    1|   ap_memory|               srt_val_32|         array|
|srt_val_32_we1         |  out|    1|   ap_memory|               srt_val_32|         array|
|srt_val_32_d1          |  out|  127|   ap_memory|               srt_val_32|         array|
|srt_val_31_address1    |  out|    6|   ap_memory|               srt_val_31|         array|
|srt_val_31_ce1         |  out|    1|   ap_memory|               srt_val_31|         array|
|srt_val_31_we1         |  out|    1|   ap_memory|               srt_val_31|         array|
|srt_val_31_d1          |  out|  127|   ap_memory|               srt_val_31|         array|
|srt_val_30_address1    |  out|    6|   ap_memory|               srt_val_30|         array|
|srt_val_30_ce1         |  out|    1|   ap_memory|               srt_val_30|         array|
|srt_val_30_we1         |  out|    1|   ap_memory|               srt_val_30|         array|
|srt_val_30_d1          |  out|  127|   ap_memory|               srt_val_30|         array|
|srt_val_29_address1    |  out|    6|   ap_memory|               srt_val_29|         array|
|srt_val_29_ce1         |  out|    1|   ap_memory|               srt_val_29|         array|
|srt_val_29_we1         |  out|    1|   ap_memory|               srt_val_29|         array|
|srt_val_29_d1          |  out|  127|   ap_memory|               srt_val_29|         array|
|srt_val_28_address1    |  out|    6|   ap_memory|               srt_val_28|         array|
|srt_val_28_ce1         |  out|    1|   ap_memory|               srt_val_28|         array|
|srt_val_28_we1         |  out|    1|   ap_memory|               srt_val_28|         array|
|srt_val_28_d1          |  out|  127|   ap_memory|               srt_val_28|         array|
|srt_val_27_address1    |  out|    6|   ap_memory|               srt_val_27|         array|
|srt_val_27_ce1         |  out|    1|   ap_memory|               srt_val_27|         array|
|srt_val_27_we1         |  out|    1|   ap_memory|               srt_val_27|         array|
|srt_val_27_d1          |  out|  127|   ap_memory|               srt_val_27|         array|
|srt_val_26_address1    |  out|    6|   ap_memory|               srt_val_26|         array|
|srt_val_26_ce1         |  out|    1|   ap_memory|               srt_val_26|         array|
|srt_val_26_we1         |  out|    1|   ap_memory|               srt_val_26|         array|
|srt_val_26_d1          |  out|  127|   ap_memory|               srt_val_26|         array|
|srt_val_25_address1    |  out|    6|   ap_memory|               srt_val_25|         array|
|srt_val_25_ce1         |  out|    1|   ap_memory|               srt_val_25|         array|
|srt_val_25_we1         |  out|    1|   ap_memory|               srt_val_25|         array|
|srt_val_25_d1          |  out|  127|   ap_memory|               srt_val_25|         array|
|srt_val_24_address1    |  out|    6|   ap_memory|               srt_val_24|         array|
|srt_val_24_ce1         |  out|    1|   ap_memory|               srt_val_24|         array|
|srt_val_24_we1         |  out|    1|   ap_memory|               srt_val_24|         array|
|srt_val_24_d1          |  out|  127|   ap_memory|               srt_val_24|         array|
|srt_val_23_address1    |  out|    6|   ap_memory|               srt_val_23|         array|
|srt_val_23_ce1         |  out|    1|   ap_memory|               srt_val_23|         array|
|srt_val_23_we1         |  out|    1|   ap_memory|               srt_val_23|         array|
|srt_val_23_d1          |  out|  127|   ap_memory|               srt_val_23|         array|
|srt_val_22_address1    |  out|    6|   ap_memory|               srt_val_22|         array|
|srt_val_22_ce1         |  out|    1|   ap_memory|               srt_val_22|         array|
|srt_val_22_we1         |  out|    1|   ap_memory|               srt_val_22|         array|
|srt_val_22_d1          |  out|  127|   ap_memory|               srt_val_22|         array|
|srt_val_21_address1    |  out|    6|   ap_memory|               srt_val_21|         array|
|srt_val_21_ce1         |  out|    1|   ap_memory|               srt_val_21|         array|
|srt_val_21_we1         |  out|    1|   ap_memory|               srt_val_21|         array|
|srt_val_21_d1          |  out|  127|   ap_memory|               srt_val_21|         array|
|srt_val_20_address1    |  out|    6|   ap_memory|               srt_val_20|         array|
|srt_val_20_ce1         |  out|    1|   ap_memory|               srt_val_20|         array|
|srt_val_20_we1         |  out|    1|   ap_memory|               srt_val_20|         array|
|srt_val_20_d1          |  out|  127|   ap_memory|               srt_val_20|         array|
|srt_val_19_address1    |  out|    6|   ap_memory|               srt_val_19|         array|
|srt_val_19_ce1         |  out|    1|   ap_memory|               srt_val_19|         array|
|srt_val_19_we1         |  out|    1|   ap_memory|               srt_val_19|         array|
|srt_val_19_d1          |  out|  127|   ap_memory|               srt_val_19|         array|
|srt_val_18_address1    |  out|    6|   ap_memory|               srt_val_18|         array|
|srt_val_18_ce1         |  out|    1|   ap_memory|               srt_val_18|         array|
|srt_val_18_we1         |  out|    1|   ap_memory|               srt_val_18|         array|
|srt_val_18_d1          |  out|  127|   ap_memory|               srt_val_18|         array|
|srt_val_17_address1    |  out|    6|   ap_memory|               srt_val_17|         array|
|srt_val_17_ce1         |  out|    1|   ap_memory|               srt_val_17|         array|
|srt_val_17_we1         |  out|    1|   ap_memory|               srt_val_17|         array|
|srt_val_17_d1          |  out|  127|   ap_memory|               srt_val_17|         array|
|srt_val_16_address1    |  out|    6|   ap_memory|               srt_val_16|         array|
|srt_val_16_ce1         |  out|    1|   ap_memory|               srt_val_16|         array|
|srt_val_16_we1         |  out|    1|   ap_memory|               srt_val_16|         array|
|srt_val_16_d1          |  out|  127|   ap_memory|               srt_val_16|         array|
|srt_val_15_address1    |  out|    6|   ap_memory|               srt_val_15|         array|
|srt_val_15_ce1         |  out|    1|   ap_memory|               srt_val_15|         array|
|srt_val_15_we1         |  out|    1|   ap_memory|               srt_val_15|         array|
|srt_val_15_d1          |  out|  127|   ap_memory|               srt_val_15|         array|
|srt_val_14_address1    |  out|    6|   ap_memory|               srt_val_14|         array|
|srt_val_14_ce1         |  out|    1|   ap_memory|               srt_val_14|         array|
|srt_val_14_we1         |  out|    1|   ap_memory|               srt_val_14|         array|
|srt_val_14_d1          |  out|  127|   ap_memory|               srt_val_14|         array|
|srt_val_13_address1    |  out|    6|   ap_memory|               srt_val_13|         array|
|srt_val_13_ce1         |  out|    1|   ap_memory|               srt_val_13|         array|
|srt_val_13_we1         |  out|    1|   ap_memory|               srt_val_13|         array|
|srt_val_13_d1          |  out|  127|   ap_memory|               srt_val_13|         array|
|srt_val_12_address1    |  out|    6|   ap_memory|               srt_val_12|         array|
|srt_val_12_ce1         |  out|    1|   ap_memory|               srt_val_12|         array|
|srt_val_12_we1         |  out|    1|   ap_memory|               srt_val_12|         array|
|srt_val_12_d1          |  out|  127|   ap_memory|               srt_val_12|         array|
|srt_val_11_address1    |  out|    6|   ap_memory|               srt_val_11|         array|
|srt_val_11_ce1         |  out|    1|   ap_memory|               srt_val_11|         array|
|srt_val_11_we1         |  out|    1|   ap_memory|               srt_val_11|         array|
|srt_val_11_d1          |  out|  127|   ap_memory|               srt_val_11|         array|
|srt_val_10_address1    |  out|    6|   ap_memory|               srt_val_10|         array|
|srt_val_10_ce1         |  out|    1|   ap_memory|               srt_val_10|         array|
|srt_val_10_we1         |  out|    1|   ap_memory|               srt_val_10|         array|
|srt_val_10_d1          |  out|  127|   ap_memory|               srt_val_10|         array|
|srt_val_9_address1     |  out|    6|   ap_memory|                srt_val_9|         array|
|srt_val_9_ce1          |  out|    1|   ap_memory|                srt_val_9|         array|
|srt_val_9_we1          |  out|    1|   ap_memory|                srt_val_9|         array|
|srt_val_9_d1           |  out|  127|   ap_memory|                srt_val_9|         array|
|srt_val_8_address1     |  out|    6|   ap_memory|                srt_val_8|         array|
|srt_val_8_ce1          |  out|    1|   ap_memory|                srt_val_8|         array|
|srt_val_8_we1          |  out|    1|   ap_memory|                srt_val_8|         array|
|srt_val_8_d1           |  out|  127|   ap_memory|                srt_val_8|         array|
|srt_val_7_address1     |  out|    6|   ap_memory|                srt_val_7|         array|
|srt_val_7_ce1          |  out|    1|   ap_memory|                srt_val_7|         array|
|srt_val_7_we1          |  out|    1|   ap_memory|                srt_val_7|         array|
|srt_val_7_d1           |  out|  127|   ap_memory|                srt_val_7|         array|
|srt_val_6_address1     |  out|    6|   ap_memory|                srt_val_6|         array|
|srt_val_6_ce1          |  out|    1|   ap_memory|                srt_val_6|         array|
|srt_val_6_we1          |  out|    1|   ap_memory|                srt_val_6|         array|
|srt_val_6_d1           |  out|  127|   ap_memory|                srt_val_6|         array|
|srt_val_5_address1     |  out|    6|   ap_memory|                srt_val_5|         array|
|srt_val_5_ce1          |  out|    1|   ap_memory|                srt_val_5|         array|
|srt_val_5_we1          |  out|    1|   ap_memory|                srt_val_5|         array|
|srt_val_5_d1           |  out|  127|   ap_memory|                srt_val_5|         array|
|srt_val_4_address1     |  out|    6|   ap_memory|                srt_val_4|         array|
|srt_val_4_ce1          |  out|    1|   ap_memory|                srt_val_4|         array|
|srt_val_4_we1          |  out|    1|   ap_memory|                srt_val_4|         array|
|srt_val_4_d1           |  out|  127|   ap_memory|                srt_val_4|         array|
|srt_val_3_address1     |  out|    6|   ap_memory|                srt_val_3|         array|
|srt_val_3_ce1          |  out|    1|   ap_memory|                srt_val_3|         array|
|srt_val_3_we1          |  out|    1|   ap_memory|                srt_val_3|         array|
|srt_val_3_d1           |  out|  127|   ap_memory|                srt_val_3|         array|
|srt_val_2_address1     |  out|    6|   ap_memory|                srt_val_2|         array|
|srt_val_2_ce1          |  out|    1|   ap_memory|                srt_val_2|         array|
|srt_val_2_we1          |  out|    1|   ap_memory|                srt_val_2|         array|
|srt_val_2_d1           |  out|  127|   ap_memory|                srt_val_2|         array|
|srt_val_1_address1     |  out|    6|   ap_memory|                srt_val_1|         array|
|srt_val_1_ce1          |  out|    1|   ap_memory|                srt_val_1|         array|
|srt_val_1_we1          |  out|    1|   ap_memory|                srt_val_1|         array|
|srt_val_1_d1           |  out|  127|   ap_memory|                srt_val_1|         array|
|srt_val_address1       |  out|    6|   ap_memory|                  srt_val|         array|
|srt_val_ce1            |  out|    1|   ap_memory|                  srt_val|         array|
|srt_val_we1            |  out|    1|   ap_memory|                  srt_val|         array|
|srt_val_d1             |  out|  127|   ap_memory|                  srt_val|         array|
|buck_address0          |  out|    6|   ap_memory|                     buck|         array|
|buck_ce0               |  out|    1|   ap_memory|                     buck|         array|
|buck_q0                |   in|    8|   ap_memory|                     buck|         array|
|base_reload            |   in|   10|     ap_none|              base_reload|        scalar|
|base_1_reload          |   in|   10|     ap_none|            base_1_reload|        scalar|
|base_2_reload          |   in|   10|     ap_none|            base_2_reload|        scalar|
|base_3_reload          |   in|   10|     ap_none|            base_3_reload|        scalar|
|base_4_reload          |   in|   10|     ap_none|            base_4_reload|        scalar|
|base_5_reload          |   in|   10|     ap_none|            base_5_reload|        scalar|
|base_6_reload          |   in|   10|     ap_none|            base_6_reload|        scalar|
|base_7_reload          |   in|   10|     ap_none|            base_7_reload|        scalar|
|base_8_reload          |   in|   10|     ap_none|            base_8_reload|        scalar|
|base_9_reload          |   in|   10|     ap_none|            base_9_reload|        scalar|
|base_10_reload         |   in|   10|     ap_none|           base_10_reload|        scalar|
|base_11_reload         |   in|   10|     ap_none|           base_11_reload|        scalar|
|base_12_reload         |   in|   10|     ap_none|           base_12_reload|        scalar|
|base_13_reload         |   in|   10|     ap_none|           base_13_reload|        scalar|
|base_14_reload         |   in|   10|     ap_none|           base_14_reload|        scalar|
|base_15_reload         |   in|   10|     ap_none|           base_15_reload|        scalar|
|base_16_reload         |   in|   10|     ap_none|           base_16_reload|        scalar|
|base_17_reload         |   in|   10|     ap_none|           base_17_reload|        scalar|
|base_18_reload         |   in|   10|     ap_none|           base_18_reload|        scalar|
|base_19_reload         |   in|   10|     ap_none|           base_19_reload|        scalar|
|base_20_reload         |   in|   10|     ap_none|           base_20_reload|        scalar|
|base_21_reload         |   in|   10|     ap_none|           base_21_reload|        scalar|
|base_22_reload         |   in|   10|     ap_none|           base_22_reload|        scalar|
|base_23_reload         |   in|   10|     ap_none|           base_23_reload|        scalar|
|base_24_reload         |   in|   10|     ap_none|           base_24_reload|        scalar|
|base_25_reload         |   in|   10|     ap_none|           base_25_reload|        scalar|
|base_26_reload         |   in|   10|     ap_none|           base_26_reload|        scalar|
|base_27_reload         |   in|   10|     ap_none|           base_27_reload|        scalar|
|base_28_reload         |   in|   10|     ap_none|           base_28_reload|        scalar|
|base_29_reload         |   in|   10|     ap_none|           base_29_reload|        scalar|
|base_30_reload         |   in|   10|     ap_none|           base_30_reload|        scalar|
|base_31_reload         |   in|   10|     ap_none|           base_31_reload|        scalar|
|base_32_reload         |   in|   10|     ap_none|           base_32_reload|        scalar|
|base_33_reload         |   in|   10|     ap_none|           base_33_reload|        scalar|
|base_34_reload         |   in|   10|     ap_none|           base_34_reload|        scalar|
|base_35_reload         |   in|   10|     ap_none|           base_35_reload|        scalar|
|base_36_reload         |   in|   10|     ap_none|           base_36_reload|        scalar|
|base_37_reload         |   in|   10|     ap_none|           base_37_reload|        scalar|
|base_38_reload         |   in|   10|     ap_none|           base_38_reload|        scalar|
|base_39_reload         |   in|   10|     ap_none|           base_39_reload|        scalar|
|base_40_reload         |   in|   10|     ap_none|           base_40_reload|        scalar|
|base_41_reload         |   in|   10|     ap_none|           base_41_reload|        scalar|
|base_42_reload         |   in|   10|     ap_none|           base_42_reload|        scalar|
|base_43_reload         |   in|   10|     ap_none|           base_43_reload|        scalar|
|base_44_reload         |   in|   10|     ap_none|           base_44_reload|        scalar|
|base_45_reload         |   in|   10|     ap_none|           base_45_reload|        scalar|
|base_46_reload         |   in|   10|     ap_none|           base_46_reload|        scalar|
|base_47_reload         |   in|   10|     ap_none|           base_47_reload|        scalar|
|base_48_reload         |   in|   10|     ap_none|           base_48_reload|        scalar|
|base_49_reload         |   in|   10|     ap_none|           base_49_reload|        scalar|
|base_50_reload         |   in|   10|     ap_none|           base_50_reload|        scalar|
|base_51_reload         |   in|   10|     ap_none|           base_51_reload|        scalar|
|base_52_reload         |   in|   10|     ap_none|           base_52_reload|        scalar|
|base_53_reload         |   in|   10|     ap_none|           base_53_reload|        scalar|
|base_54_reload         |   in|   10|     ap_none|           base_54_reload|        scalar|
|base_55_reload         |   in|   10|     ap_none|           base_55_reload|        scalar|
|base_56_reload         |   in|   10|     ap_none|           base_56_reload|        scalar|
|base_57_reload         |   in|   10|     ap_none|           base_57_reload|        scalar|
|base_58_reload         |   in|   10|     ap_none|           base_58_reload|        scalar|
|base_59_reload         |   in|   10|     ap_none|           base_59_reload|        scalar|
|base_60_reload         |   in|   10|     ap_none|           base_60_reload|        scalar|
|base_61_reload         |   in|   10|     ap_none|           base_61_reload|        scalar|
|base_62_reload         |   in|   10|     ap_none|           base_62_reload|        scalar|
|base_63_reload         |   in|   10|     ap_none|           base_63_reload|        scalar|
|base_64_reload         |   in|   10|     ap_none|           base_64_reload|        scalar|
|base_65_reload         |   in|   10|     ap_none|           base_65_reload|        scalar|
|base_66_reload         |   in|   10|     ap_none|           base_66_reload|        scalar|
|base_67_reload         |   in|   10|     ap_none|           base_67_reload|        scalar|
|base_68_reload         |   in|   10|     ap_none|           base_68_reload|        scalar|
|base_69_reload         |   in|   10|     ap_none|           base_69_reload|        scalar|
|base_70_reload         |   in|   10|     ap_none|           base_70_reload|        scalar|
|base_71_reload         |   in|   10|     ap_none|           base_71_reload|        scalar|
|base_72_reload         |   in|   10|     ap_none|           base_72_reload|        scalar|
|base_73_reload         |   in|   10|     ap_none|           base_73_reload|        scalar|
|base_74_reload         |   in|   10|     ap_none|           base_74_reload|        scalar|
|base_75_reload         |   in|   10|     ap_none|           base_75_reload|        scalar|
|base_76_reload         |   in|   10|     ap_none|           base_76_reload|        scalar|
|base_77_reload         |   in|   10|     ap_none|           base_77_reload|        scalar|
|base_78_reload         |   in|   10|     ap_none|           base_78_reload|        scalar|
|base_79_reload         |   in|   10|     ap_none|           base_79_reload|        scalar|
|base_80_reload         |   in|   10|     ap_none|           base_80_reload|        scalar|
|base_81_reload         |   in|   10|     ap_none|           base_81_reload|        scalar|
|base_82_reload         |   in|   10|     ap_none|           base_82_reload|        scalar|
|base_83_reload         |   in|   10|     ap_none|           base_83_reload|        scalar|
|base_84_reload         |   in|   10|     ap_none|           base_84_reload|        scalar|
|base_85_reload         |   in|   10|     ap_none|           base_85_reload|        scalar|
|base_86_reload         |   in|   10|     ap_none|           base_86_reload|        scalar|
|base_87_reload         |   in|   10|     ap_none|           base_87_reload|        scalar|
|base_88_reload         |   in|   10|     ap_none|           base_88_reload|        scalar|
|base_89_reload         |   in|   10|     ap_none|           base_89_reload|        scalar|
|base_90_reload         |   in|   10|     ap_none|           base_90_reload|        scalar|
|base_91_reload         |   in|   10|     ap_none|           base_91_reload|        scalar|
|base_92_reload         |   in|   10|     ap_none|           base_92_reload|        scalar|
|base_93_reload         |   in|   10|     ap_none|           base_93_reload|        scalar|
|base_94_reload         |   in|   10|     ap_none|           base_94_reload|        scalar|
|base_95_reload         |   in|   10|     ap_none|           base_95_reload|        scalar|
|base_96_reload         |   in|   10|     ap_none|           base_96_reload|        scalar|
|base_97_reload         |   in|   10|     ap_none|           base_97_reload|        scalar|
|base_98_reload         |   in|   10|     ap_none|           base_98_reload|        scalar|
|base_99_reload         |   in|   10|     ap_none|           base_99_reload|        scalar|
|base_100_reload        |   in|   10|     ap_none|          base_100_reload|        scalar|
|base_101_reload        |   in|   10|     ap_none|          base_101_reload|        scalar|
|base_102_reload        |   in|   10|     ap_none|          base_102_reload|        scalar|
|base_103_reload        |   in|   10|     ap_none|          base_103_reload|        scalar|
|base_104_reload        |   in|   10|     ap_none|          base_104_reload|        scalar|
|base_105_reload        |   in|   10|     ap_none|          base_105_reload|        scalar|
|base_106_reload        |   in|   10|     ap_none|          base_106_reload|        scalar|
|base_107_reload        |   in|   10|     ap_none|          base_107_reload|        scalar|
|base_108_reload        |   in|   10|     ap_none|          base_108_reload|        scalar|
|base_109_reload        |   in|   10|     ap_none|          base_109_reload|        scalar|
|base_110_reload        |   in|   10|     ap_none|          base_110_reload|        scalar|
|base_111_reload        |   in|   10|     ap_none|          base_111_reload|        scalar|
|base_112_reload        |   in|   10|     ap_none|          base_112_reload|        scalar|
|base_113_reload        |   in|   10|     ap_none|          base_113_reload|        scalar|
|base_114_reload        |   in|   10|     ap_none|          base_114_reload|        scalar|
|base_115_reload        |   in|   10|     ap_none|          base_115_reload|        scalar|
|base_116_reload        |   in|   10|     ap_none|          base_116_reload|        scalar|
|base_117_reload        |   in|   10|     ap_none|          base_117_reload|        scalar|
|base_118_reload        |   in|   10|     ap_none|          base_118_reload|        scalar|
|base_119_reload        |   in|   10|     ap_none|          base_119_reload|        scalar|
|base_120_reload        |   in|   10|     ap_none|          base_120_reload|        scalar|
|base_121_reload        |   in|   10|     ap_none|          base_121_reload|        scalar|
|base_122_reload        |   in|   10|     ap_none|          base_122_reload|        scalar|
|base_123_reload        |   in|   10|     ap_none|          base_123_reload|        scalar|
|base_124_reload        |   in|   10|     ap_none|          base_124_reload|        scalar|
|base_125_reload        |   in|   10|     ap_none|          base_125_reload|        scalar|
|base_126_reload        |   in|   10|     ap_none|          base_126_reload|        scalar|
|base_127_reload        |   in|   10|     ap_none|          base_127_reload|        scalar|
|base_128_reload        |   in|   10|     ap_none|          base_128_reload|        scalar|
|base_129_reload        |   in|   10|     ap_none|          base_129_reload|        scalar|
|base_130_reload        |   in|   10|     ap_none|          base_130_reload|        scalar|
|base_131_reload        |   in|   10|     ap_none|          base_131_reload|        scalar|
|base_132_reload        |   in|   10|     ap_none|          base_132_reload|        scalar|
|base_133_reload        |   in|   10|     ap_none|          base_133_reload|        scalar|
|base_134_reload        |   in|   10|     ap_none|          base_134_reload|        scalar|
|base_135_reload        |   in|   10|     ap_none|          base_135_reload|        scalar|
|base_136_reload        |   in|   10|     ap_none|          base_136_reload|        scalar|
|base_137_reload        |   in|   10|     ap_none|          base_137_reload|        scalar|
|base_138_reload        |   in|   10|     ap_none|          base_138_reload|        scalar|
|base_139_reload        |   in|   10|     ap_none|          base_139_reload|        scalar|
|base_140_reload        |   in|   10|     ap_none|          base_140_reload|        scalar|
|base_141_reload        |   in|   10|     ap_none|          base_141_reload|        scalar|
|base_142_reload        |   in|   10|     ap_none|          base_142_reload|        scalar|
|base_143_reload        |   in|   10|     ap_none|          base_143_reload|        scalar|
|base_144_reload        |   in|   10|     ap_none|          base_144_reload|        scalar|
|base_145_reload        |   in|   10|     ap_none|          base_145_reload|        scalar|
|base_146_reload        |   in|   10|     ap_none|          base_146_reload|        scalar|
|base_147_reload        |   in|   10|     ap_none|          base_147_reload|        scalar|
|base_148_reload        |   in|   10|     ap_none|          base_148_reload|        scalar|
|base_149_reload        |   in|   10|     ap_none|          base_149_reload|        scalar|
|base_150_reload        |   in|   10|     ap_none|          base_150_reload|        scalar|
|base_151_reload        |   in|   10|     ap_none|          base_151_reload|        scalar|
|base_152_reload        |   in|   10|     ap_none|          base_152_reload|        scalar|
|base_153_reload        |   in|   10|     ap_none|          base_153_reload|        scalar|
|base_154_reload        |   in|   10|     ap_none|          base_154_reload|        scalar|
|base_155_reload        |   in|   10|     ap_none|          base_155_reload|        scalar|
|base_156_reload        |   in|   10|     ap_none|          base_156_reload|        scalar|
|base_157_reload        |   in|   10|     ap_none|          base_157_reload|        scalar|
|base_158_reload        |   in|   10|     ap_none|          base_158_reload|        scalar|
|base_159_reload        |   in|   10|     ap_none|          base_159_reload|        scalar|
|base_160_reload        |   in|   10|     ap_none|          base_160_reload|        scalar|
|base_161_reload        |   in|   10|     ap_none|          base_161_reload|        scalar|
|base_162_reload        |   in|   10|     ap_none|          base_162_reload|        scalar|
|base_163_reload        |   in|   10|     ap_none|          base_163_reload|        scalar|
|base_164_reload        |   in|   10|     ap_none|          base_164_reload|        scalar|
|base_165_reload        |   in|   10|     ap_none|          base_165_reload|        scalar|
|base_166_reload        |   in|   10|     ap_none|          base_166_reload|        scalar|
|base_167_reload        |   in|   10|     ap_none|          base_167_reload|        scalar|
|lane_off_address0      |  out|    8|   ap_memory|                 lane_off|         array|
|lane_off_ce0           |  out|    1|   ap_memory|                 lane_off|         array|
|lane_off_q0            |   in|    1|   ap_memory|                 lane_off|         array|
|lane_cur_address0      |  out|    8|   ap_memory|                 lane_cur|         array|
|lane_cur_ce0           |  out|    1|   ap_memory|                 lane_cur|         array|
|lane_cur_we0           |  out|    1|   ap_memory|                 lane_cur|         array|
|lane_cur_d0            |  out|   10|   ap_memory|                 lane_cur|         array|
|lane_cur_address1      |  out|    8|   ap_memory|                 lane_cur|         array|
|lane_cur_ce1           |  out|    1|   ap_memory|                 lane_cur|         array|
|lane_cur_q1            |   in|   10|   ap_memory|                 lane_cur|         array|
|pca8_address0          |  out|    6|   ap_memory|                     pca8|         array|
|pca8_ce0               |  out|    1|   ap_memory|                     pca8|         array|
|pca8_q0                |   in|   16|   ap_memory|                     pca8|         array|
|pca8_1_address0        |  out|    6|   ap_memory|                   pca8_1|         array|
|pca8_1_ce0             |  out|    1|   ap_memory|                   pca8_1|         array|
|pca8_1_q0              |   in|   16|   ap_memory|                   pca8_1|         array|
|pca8_2_address0        |  out|    6|   ap_memory|                   pca8_2|         array|
|pca8_2_ce0             |  out|    1|   ap_memory|                   pca8_2|         array|
|pca8_2_q0              |   in|   16|   ap_memory|                   pca8_2|         array|
|pca8_3_address0        |  out|    6|   ap_memory|                   pca8_3|         array|
|pca8_3_ce0             |  out|    1|   ap_memory|                   pca8_3|         array|
|pca8_3_q0              |   in|   16|   ap_memory|                   pca8_3|         array|
|pca8_4_address0        |  out|    6|   ap_memory|                   pca8_4|         array|
|pca8_4_ce0             |  out|    1|   ap_memory|                   pca8_4|         array|
|pca8_4_q0              |   in|   16|   ap_memory|                   pca8_4|         array|
|pca8_5_address0        |  out|    6|   ap_memory|                   pca8_5|         array|
|pca8_5_ce0             |  out|    1|   ap_memory|                   pca8_5|         array|
|pca8_5_q0              |   in|   16|   ap_memory|                   pca8_5|         array|
|pca8_6_address0        |  out|    6|   ap_memory|                   pca8_6|         array|
|pca8_6_ce0             |  out|    1|   ap_memory|                   pca8_6|         array|
|pca8_6_q0              |   in|   16|   ap_memory|                   pca8_6|         array|
|pca8_7_address0        |  out|    6|   ap_memory|                   pca8_7|         array|
|pca8_7_ce0             |  out|    1|   ap_memory|                   pca8_7|         array|
|pca8_7_q0              |   in|   15|   ap_memory|                   pca8_7|         array|
|buck_1_address0        |  out|    6|   ap_memory|                   buck_1|         array|
|buck_1_ce0             |  out|    1|   ap_memory|                   buck_1|         array|
|buck_1_q0              |   in|    8|   ap_memory|                   buck_1|         array|
|pca8_8_address0        |  out|    6|   ap_memory|                   pca8_8|         array|
|pca8_8_ce0             |  out|    1|   ap_memory|                   pca8_8|         array|
|pca8_8_q0              |   in|   16|   ap_memory|                   pca8_8|         array|
|pca8_9_address0        |  out|    6|   ap_memory|                   pca8_9|         array|
|pca8_9_ce0             |  out|    1|   ap_memory|                   pca8_9|         array|
|pca8_9_q0              |   in|   16|   ap_memory|                   pca8_9|         array|
|pca8_10_address0       |  out|    6|   ap_memory|                  pca8_10|         array|
|pca8_10_ce0            |  out|    1|   ap_memory|                  pca8_10|         array|
|pca8_10_q0             |   in|   16|   ap_memory|                  pca8_10|         array|
|pca8_11_address0       |  out|    6|   ap_memory|                  pca8_11|         array|
|pca8_11_ce0            |  out|    1|   ap_memory|                  pca8_11|         array|
|pca8_11_q0             |   in|   16|   ap_memory|                  pca8_11|         array|
|pca8_12_address0       |  out|    6|   ap_memory|                  pca8_12|         array|
|pca8_12_ce0            |  out|    1|   ap_memory|                  pca8_12|         array|
|pca8_12_q0             |   in|   16|   ap_memory|                  pca8_12|         array|
|pca8_13_address0       |  out|    6|   ap_memory|                  pca8_13|         array|
|pca8_13_ce0            |  out|    1|   ap_memory|                  pca8_13|         array|
|pca8_13_q0             |   in|   16|   ap_memory|                  pca8_13|         array|
|pca8_14_address0       |  out|    6|   ap_memory|                  pca8_14|         array|
|pca8_14_ce0            |  out|    1|   ap_memory|                  pca8_14|         array|
|pca8_14_q0             |   in|   16|   ap_memory|                  pca8_14|         array|
|pca8_15_address0       |  out|    6|   ap_memory|                  pca8_15|         array|
|pca8_15_ce0            |  out|    1|   ap_memory|                  pca8_15|         array|
|pca8_15_q0             |   in|   15|   ap_memory|                  pca8_15|         array|
|buck_2_address0        |  out|    6|   ap_memory|                   buck_2|         array|
|buck_2_ce0             |  out|    1|   ap_memory|                   buck_2|         array|
|buck_2_q0              |   in|    8|   ap_memory|                   buck_2|         array|
|pca8_16_address0       |  out|    6|   ap_memory|                  pca8_16|         array|
|pca8_16_ce0            |  out|    1|   ap_memory|                  pca8_16|         array|
|pca8_16_q0             |   in|   16|   ap_memory|                  pca8_16|         array|
|pca8_17_address0       |  out|    6|   ap_memory|                  pca8_17|         array|
|pca8_17_ce0            |  out|    1|   ap_memory|                  pca8_17|         array|
|pca8_17_q0             |   in|   16|   ap_memory|                  pca8_17|         array|
|pca8_18_address0       |  out|    6|   ap_memory|                  pca8_18|         array|
|pca8_18_ce0            |  out|    1|   ap_memory|                  pca8_18|         array|
|pca8_18_q0             |   in|   16|   ap_memory|                  pca8_18|         array|
|pca8_19_address0       |  out|    6|   ap_memory|                  pca8_19|         array|
|pca8_19_ce0            |  out|    1|   ap_memory|                  pca8_19|         array|
|pca8_19_q0             |   in|   16|   ap_memory|                  pca8_19|         array|
|pca8_20_address0       |  out|    6|   ap_memory|                  pca8_20|         array|
|pca8_20_ce0            |  out|    1|   ap_memory|                  pca8_20|         array|
|pca8_20_q0             |   in|   16|   ap_memory|                  pca8_20|         array|
|pca8_21_address0       |  out|    6|   ap_memory|                  pca8_21|         array|
|pca8_21_ce0            |  out|    1|   ap_memory|                  pca8_21|         array|
|pca8_21_q0             |   in|   16|   ap_memory|                  pca8_21|         array|
|pca8_22_address0       |  out|    6|   ap_memory|                  pca8_22|         array|
|pca8_22_ce0            |  out|    1|   ap_memory|                  pca8_22|         array|
|pca8_22_q0             |   in|   16|   ap_memory|                  pca8_22|         array|
|pca8_23_address0       |  out|    6|   ap_memory|                  pca8_23|         array|
|pca8_23_ce0            |  out|    1|   ap_memory|                  pca8_23|         array|
|pca8_23_q0             |   in|   15|   ap_memory|                  pca8_23|         array|
|buck_3_address0        |  out|    6|   ap_memory|                   buck_3|         array|
|buck_3_ce0             |  out|    1|   ap_memory|                   buck_3|         array|
|buck_3_q0              |   in|    8|   ap_memory|                   buck_3|         array|
|pca8_24_address0       |  out|    6|   ap_memory|                  pca8_24|         array|
|pca8_24_ce0            |  out|    1|   ap_memory|                  pca8_24|         array|
|pca8_24_q0             |   in|   16|   ap_memory|                  pca8_24|         array|
|pca8_25_address0       |  out|    6|   ap_memory|                  pca8_25|         array|
|pca8_25_ce0            |  out|    1|   ap_memory|                  pca8_25|         array|
|pca8_25_q0             |   in|   16|   ap_memory|                  pca8_25|         array|
|pca8_26_address0       |  out|    6|   ap_memory|                  pca8_26|         array|
|pca8_26_ce0            |  out|    1|   ap_memory|                  pca8_26|         array|
|pca8_26_q0             |   in|   16|   ap_memory|                  pca8_26|         array|
|pca8_27_address0       |  out|    6|   ap_memory|                  pca8_27|         array|
|pca8_27_ce0            |  out|    1|   ap_memory|                  pca8_27|         array|
|pca8_27_q0             |   in|   16|   ap_memory|                  pca8_27|         array|
|pca8_28_address0       |  out|    6|   ap_memory|                  pca8_28|         array|
|pca8_28_ce0            |  out|    1|   ap_memory|                  pca8_28|         array|
|pca8_28_q0             |   in|   16|   ap_memory|                  pca8_28|         array|
|pca8_29_address0       |  out|    6|   ap_memory|                  pca8_29|         array|
|pca8_29_ce0            |  out|    1|   ap_memory|                  pca8_29|         array|
|pca8_29_q0             |   in|   16|   ap_memory|                  pca8_29|         array|
|pca8_30_address0       |  out|    6|   ap_memory|                  pca8_30|         array|
|pca8_30_ce0            |  out|    1|   ap_memory|                  pca8_30|         array|
|pca8_30_q0             |   in|   16|   ap_memory|                  pca8_30|         array|
|pca8_31_address0       |  out|    6|   ap_memory|                  pca8_31|         array|
|pca8_31_ce0            |  out|    1|   ap_memory|                  pca8_31|         array|
|pca8_31_q0             |   in|   15|   ap_memory|                  pca8_31|         array|
|buck_4_address0        |  out|    6|   ap_memory|                   buck_4|         array|
|buck_4_ce0             |  out|    1|   ap_memory|                   buck_4|         array|
|buck_4_q0              |   in|    8|   ap_memory|                   buck_4|         array|
|pca8_32_address0       |  out|    6|   ap_memory|                  pca8_32|         array|
|pca8_32_ce0            |  out|    1|   ap_memory|                  pca8_32|         array|
|pca8_32_q0             |   in|   16|   ap_memory|                  pca8_32|         array|
|pca8_33_address0       |  out|    6|   ap_memory|                  pca8_33|         array|
|pca8_33_ce0            |  out|    1|   ap_memory|                  pca8_33|         array|
|pca8_33_q0             |   in|   16|   ap_memory|                  pca8_33|         array|
|pca8_34_address0       |  out|    6|   ap_memory|                  pca8_34|         array|
|pca8_34_ce0            |  out|    1|   ap_memory|                  pca8_34|         array|
|pca8_34_q0             |   in|   16|   ap_memory|                  pca8_34|         array|
|pca8_35_address0       |  out|    6|   ap_memory|                  pca8_35|         array|
|pca8_35_ce0            |  out|    1|   ap_memory|                  pca8_35|         array|
|pca8_35_q0             |   in|   16|   ap_memory|                  pca8_35|         array|
|pca8_36_address0       |  out|    6|   ap_memory|                  pca8_36|         array|
|pca8_36_ce0            |  out|    1|   ap_memory|                  pca8_36|         array|
|pca8_36_q0             |   in|   16|   ap_memory|                  pca8_36|         array|
|pca8_37_address0       |  out|    6|   ap_memory|                  pca8_37|         array|
|pca8_37_ce0            |  out|    1|   ap_memory|                  pca8_37|         array|
|pca8_37_q0             |   in|   16|   ap_memory|                  pca8_37|         array|
|pca8_38_address0       |  out|    6|   ap_memory|                  pca8_38|         array|
|pca8_38_ce0            |  out|    1|   ap_memory|                  pca8_38|         array|
|pca8_38_q0             |   in|   16|   ap_memory|                  pca8_38|         array|
|pca8_39_address0       |  out|    6|   ap_memory|                  pca8_39|         array|
|pca8_39_ce0            |  out|    1|   ap_memory|                  pca8_39|         array|
|pca8_39_q0             |   in|   15|   ap_memory|                  pca8_39|         array|
|buck_5_address0        |  out|    6|   ap_memory|                   buck_5|         array|
|buck_5_ce0             |  out|    1|   ap_memory|                   buck_5|         array|
|buck_5_q0              |   in|    8|   ap_memory|                   buck_5|         array|
|pca8_40_address0       |  out|    6|   ap_memory|                  pca8_40|         array|
|pca8_40_ce0            |  out|    1|   ap_memory|                  pca8_40|         array|
|pca8_40_q0             |   in|   16|   ap_memory|                  pca8_40|         array|
|pca8_41_address0       |  out|    6|   ap_memory|                  pca8_41|         array|
|pca8_41_ce0            |  out|    1|   ap_memory|                  pca8_41|         array|
|pca8_41_q0             |   in|   16|   ap_memory|                  pca8_41|         array|
|pca8_42_address0       |  out|    6|   ap_memory|                  pca8_42|         array|
|pca8_42_ce0            |  out|    1|   ap_memory|                  pca8_42|         array|
|pca8_42_q0             |   in|   16|   ap_memory|                  pca8_42|         array|
|pca8_43_address0       |  out|    6|   ap_memory|                  pca8_43|         array|
|pca8_43_ce0            |  out|    1|   ap_memory|                  pca8_43|         array|
|pca8_43_q0             |   in|   16|   ap_memory|                  pca8_43|         array|
|pca8_44_address0       |  out|    6|   ap_memory|                  pca8_44|         array|
|pca8_44_ce0            |  out|    1|   ap_memory|                  pca8_44|         array|
|pca8_44_q0             |   in|   16|   ap_memory|                  pca8_44|         array|
|pca8_45_address0       |  out|    6|   ap_memory|                  pca8_45|         array|
|pca8_45_ce0            |  out|    1|   ap_memory|                  pca8_45|         array|
|pca8_45_q0             |   in|   16|   ap_memory|                  pca8_45|         array|
|pca8_46_address0       |  out|    6|   ap_memory|                  pca8_46|         array|
|pca8_46_ce0            |  out|    1|   ap_memory|                  pca8_46|         array|
|pca8_46_q0             |   in|   16|   ap_memory|                  pca8_46|         array|
|pca8_47_address0       |  out|    6|   ap_memory|                  pca8_47|         array|
|pca8_47_ce0            |  out|    1|   ap_memory|                  pca8_47|         array|
|pca8_47_q0             |   in|   15|   ap_memory|                  pca8_47|         array|
|buck_6_address0        |  out|    6|   ap_memory|                   buck_6|         array|
|buck_6_ce0             |  out|    1|   ap_memory|                   buck_6|         array|
|buck_6_q0              |   in|    8|   ap_memory|                   buck_6|         array|
|pca8_48_address0       |  out|    6|   ap_memory|                  pca8_48|         array|
|pca8_48_ce0            |  out|    1|   ap_memory|                  pca8_48|         array|
|pca8_48_q0             |   in|   16|   ap_memory|                  pca8_48|         array|
|pca8_49_address0       |  out|    6|   ap_memory|                  pca8_49|         array|
|pca8_49_ce0            |  out|    1|   ap_memory|                  pca8_49|         array|
|pca8_49_q0             |   in|   16|   ap_memory|                  pca8_49|         array|
|pca8_50_address0       |  out|    6|   ap_memory|                  pca8_50|         array|
|pca8_50_ce0            |  out|    1|   ap_memory|                  pca8_50|         array|
|pca8_50_q0             |   in|   16|   ap_memory|                  pca8_50|         array|
|pca8_51_address0       |  out|    6|   ap_memory|                  pca8_51|         array|
|pca8_51_ce0            |  out|    1|   ap_memory|                  pca8_51|         array|
|pca8_51_q0             |   in|   16|   ap_memory|                  pca8_51|         array|
|pca8_52_address0       |  out|    6|   ap_memory|                  pca8_52|         array|
|pca8_52_ce0            |  out|    1|   ap_memory|                  pca8_52|         array|
|pca8_52_q0             |   in|   16|   ap_memory|                  pca8_52|         array|
|pca8_53_address0       |  out|    6|   ap_memory|                  pca8_53|         array|
|pca8_53_ce0            |  out|    1|   ap_memory|                  pca8_53|         array|
|pca8_53_q0             |   in|   16|   ap_memory|                  pca8_53|         array|
|pca8_54_address0       |  out|    6|   ap_memory|                  pca8_54|         array|
|pca8_54_ce0            |  out|    1|   ap_memory|                  pca8_54|         array|
|pca8_54_q0             |   in|   16|   ap_memory|                  pca8_54|         array|
|pca8_55_address0       |  out|    6|   ap_memory|                  pca8_55|         array|
|pca8_55_ce0            |  out|    1|   ap_memory|                  pca8_55|         array|
|pca8_55_q0             |   in|   15|   ap_memory|                  pca8_55|         array|
|buck_7_address0        |  out|    6|   ap_memory|                   buck_7|         array|
|buck_7_ce0             |  out|    1|   ap_memory|                   buck_7|         array|
|buck_7_q0              |   in|    8|   ap_memory|                   buck_7|         array|
|pca8_56_address0       |  out|    6|   ap_memory|                  pca8_56|         array|
|pca8_56_ce0            |  out|    1|   ap_memory|                  pca8_56|         array|
|pca8_56_q0             |   in|   16|   ap_memory|                  pca8_56|         array|
|pca8_57_address0       |  out|    6|   ap_memory|                  pca8_57|         array|
|pca8_57_ce0            |  out|    1|   ap_memory|                  pca8_57|         array|
|pca8_57_q0             |   in|   16|   ap_memory|                  pca8_57|         array|
|pca8_58_address0       |  out|    6|   ap_memory|                  pca8_58|         array|
|pca8_58_ce0            |  out|    1|   ap_memory|                  pca8_58|         array|
|pca8_58_q0             |   in|   16|   ap_memory|                  pca8_58|         array|
|pca8_59_address0       |  out|    6|   ap_memory|                  pca8_59|         array|
|pca8_59_ce0            |  out|    1|   ap_memory|                  pca8_59|         array|
|pca8_59_q0             |   in|   16|   ap_memory|                  pca8_59|         array|
|pca8_60_address0       |  out|    6|   ap_memory|                  pca8_60|         array|
|pca8_60_ce0            |  out|    1|   ap_memory|                  pca8_60|         array|
|pca8_60_q0             |   in|   16|   ap_memory|                  pca8_60|         array|
|pca8_61_address0       |  out|    6|   ap_memory|                  pca8_61|         array|
|pca8_61_ce0            |  out|    1|   ap_memory|                  pca8_61|         array|
|pca8_61_q0             |   in|   16|   ap_memory|                  pca8_61|         array|
|pca8_62_address0       |  out|    6|   ap_memory|                  pca8_62|         array|
|pca8_62_ce0            |  out|    1|   ap_memory|                  pca8_62|         array|
|pca8_62_q0             |   in|   16|   ap_memory|                  pca8_62|         array|
|pca8_63_address0       |  out|    6|   ap_memory|                  pca8_63|         array|
|pca8_63_ce0            |  out|    1|   ap_memory|                  pca8_63|         array|
|pca8_63_q0             |   in|   15|   ap_memory|                  pca8_63|         array|
|buck_8_address0        |  out|    6|   ap_memory|                   buck_8|         array|
|buck_8_ce0             |  out|    1|   ap_memory|                   buck_8|         array|
|buck_8_q0              |   in|    8|   ap_memory|                   buck_8|         array|
|pca8_64_address0       |  out|    6|   ap_memory|                  pca8_64|         array|
|pca8_64_ce0            |  out|    1|   ap_memory|                  pca8_64|         array|
|pca8_64_q0             |   in|   16|   ap_memory|                  pca8_64|         array|
|pca8_65_address0       |  out|    6|   ap_memory|                  pca8_65|         array|
|pca8_65_ce0            |  out|    1|   ap_memory|                  pca8_65|         array|
|pca8_65_q0             |   in|   16|   ap_memory|                  pca8_65|         array|
|pca8_66_address0       |  out|    6|   ap_memory|                  pca8_66|         array|
|pca8_66_ce0            |  out|    1|   ap_memory|                  pca8_66|         array|
|pca8_66_q0             |   in|   16|   ap_memory|                  pca8_66|         array|
|pca8_67_address0       |  out|    6|   ap_memory|                  pca8_67|         array|
|pca8_67_ce0            |  out|    1|   ap_memory|                  pca8_67|         array|
|pca8_67_q0             |   in|   16|   ap_memory|                  pca8_67|         array|
|pca8_68_address0       |  out|    6|   ap_memory|                  pca8_68|         array|
|pca8_68_ce0            |  out|    1|   ap_memory|                  pca8_68|         array|
|pca8_68_q0             |   in|   16|   ap_memory|                  pca8_68|         array|
|pca8_69_address0       |  out|    6|   ap_memory|                  pca8_69|         array|
|pca8_69_ce0            |  out|    1|   ap_memory|                  pca8_69|         array|
|pca8_69_q0             |   in|   16|   ap_memory|                  pca8_69|         array|
|pca8_70_address0       |  out|    6|   ap_memory|                  pca8_70|         array|
|pca8_70_ce0            |  out|    1|   ap_memory|                  pca8_70|         array|
|pca8_70_q0             |   in|   16|   ap_memory|                  pca8_70|         array|
|pca8_71_address0       |  out|    6|   ap_memory|                  pca8_71|         array|
|pca8_71_ce0            |  out|    1|   ap_memory|                  pca8_71|         array|
|pca8_71_q0             |   in|   15|   ap_memory|                  pca8_71|         array|
|buck_9_address0        |  out|    6|   ap_memory|                   buck_9|         array|
|buck_9_ce0             |  out|    1|   ap_memory|                   buck_9|         array|
|buck_9_q0              |   in|    8|   ap_memory|                   buck_9|         array|
|pca8_72_address0       |  out|    6|   ap_memory|                  pca8_72|         array|
|pca8_72_ce0            |  out|    1|   ap_memory|                  pca8_72|         array|
|pca8_72_q0             |   in|   16|   ap_memory|                  pca8_72|         array|
|pca8_73_address0       |  out|    6|   ap_memory|                  pca8_73|         array|
|pca8_73_ce0            |  out|    1|   ap_memory|                  pca8_73|         array|
|pca8_73_q0             |   in|   16|   ap_memory|                  pca8_73|         array|
|pca8_74_address0       |  out|    6|   ap_memory|                  pca8_74|         array|
|pca8_74_ce0            |  out|    1|   ap_memory|                  pca8_74|         array|
|pca8_74_q0             |   in|   16|   ap_memory|                  pca8_74|         array|
|pca8_75_address0       |  out|    6|   ap_memory|                  pca8_75|         array|
|pca8_75_ce0            |  out|    1|   ap_memory|                  pca8_75|         array|
|pca8_75_q0             |   in|   16|   ap_memory|                  pca8_75|         array|
|pca8_76_address0       |  out|    6|   ap_memory|                  pca8_76|         array|
|pca8_76_ce0            |  out|    1|   ap_memory|                  pca8_76|         array|
|pca8_76_q0             |   in|   16|   ap_memory|                  pca8_76|         array|
|pca8_77_address0       |  out|    6|   ap_memory|                  pca8_77|         array|
|pca8_77_ce0            |  out|    1|   ap_memory|                  pca8_77|         array|
|pca8_77_q0             |   in|   16|   ap_memory|                  pca8_77|         array|
|pca8_78_address0       |  out|    6|   ap_memory|                  pca8_78|         array|
|pca8_78_ce0            |  out|    1|   ap_memory|                  pca8_78|         array|
|pca8_78_q0             |   in|   16|   ap_memory|                  pca8_78|         array|
|pca8_79_address0       |  out|    6|   ap_memory|                  pca8_79|         array|
|pca8_79_ce0            |  out|    1|   ap_memory|                  pca8_79|         array|
|pca8_79_q0             |   in|   15|   ap_memory|                  pca8_79|         array|
|buck_10_address0       |  out|    6|   ap_memory|                  buck_10|         array|
|buck_10_ce0            |  out|    1|   ap_memory|                  buck_10|         array|
|buck_10_q0             |   in|    8|   ap_memory|                  buck_10|         array|
|pca8_80_address0       |  out|    6|   ap_memory|                  pca8_80|         array|
|pca8_80_ce0            |  out|    1|   ap_memory|                  pca8_80|         array|
|pca8_80_q0             |   in|   16|   ap_memory|                  pca8_80|         array|
|pca8_81_address0       |  out|    6|   ap_memory|                  pca8_81|         array|
|pca8_81_ce0            |  out|    1|   ap_memory|                  pca8_81|         array|
|pca8_81_q0             |   in|   16|   ap_memory|                  pca8_81|         array|
|pca8_82_address0       |  out|    6|   ap_memory|                  pca8_82|         array|
|pca8_82_ce0            |  out|    1|   ap_memory|                  pca8_82|         array|
|pca8_82_q0             |   in|   16|   ap_memory|                  pca8_82|         array|
|pca8_83_address0       |  out|    6|   ap_memory|                  pca8_83|         array|
|pca8_83_ce0            |  out|    1|   ap_memory|                  pca8_83|         array|
|pca8_83_q0             |   in|   16|   ap_memory|                  pca8_83|         array|
|pca8_84_address0       |  out|    6|   ap_memory|                  pca8_84|         array|
|pca8_84_ce0            |  out|    1|   ap_memory|                  pca8_84|         array|
|pca8_84_q0             |   in|   16|   ap_memory|                  pca8_84|         array|
|pca8_85_address0       |  out|    6|   ap_memory|                  pca8_85|         array|
|pca8_85_ce0            |  out|    1|   ap_memory|                  pca8_85|         array|
|pca8_85_q0             |   in|   16|   ap_memory|                  pca8_85|         array|
|pca8_86_address0       |  out|    6|   ap_memory|                  pca8_86|         array|
|pca8_86_ce0            |  out|    1|   ap_memory|                  pca8_86|         array|
|pca8_86_q0             |   in|   16|   ap_memory|                  pca8_86|         array|
|pca8_87_address0       |  out|    6|   ap_memory|                  pca8_87|         array|
|pca8_87_ce0            |  out|    1|   ap_memory|                  pca8_87|         array|
|pca8_87_q0             |   in|   15|   ap_memory|                  pca8_87|         array|
|buck_11_address0       |  out|    6|   ap_memory|                  buck_11|         array|
|buck_11_ce0            |  out|    1|   ap_memory|                  buck_11|         array|
|buck_11_q0             |   in|    8|   ap_memory|                  buck_11|         array|
|pca8_88_address0       |  out|    6|   ap_memory|                  pca8_88|         array|
|pca8_88_ce0            |  out|    1|   ap_memory|                  pca8_88|         array|
|pca8_88_q0             |   in|   16|   ap_memory|                  pca8_88|         array|
|pca8_89_address0       |  out|    6|   ap_memory|                  pca8_89|         array|
|pca8_89_ce0            |  out|    1|   ap_memory|                  pca8_89|         array|
|pca8_89_q0             |   in|   16|   ap_memory|                  pca8_89|         array|
|pca8_90_address0       |  out|    6|   ap_memory|                  pca8_90|         array|
|pca8_90_ce0            |  out|    1|   ap_memory|                  pca8_90|         array|
|pca8_90_q0             |   in|   16|   ap_memory|                  pca8_90|         array|
|pca8_91_address0       |  out|    6|   ap_memory|                  pca8_91|         array|
|pca8_91_ce0            |  out|    1|   ap_memory|                  pca8_91|         array|
|pca8_91_q0             |   in|   16|   ap_memory|                  pca8_91|         array|
|pca8_92_address0       |  out|    6|   ap_memory|                  pca8_92|         array|
|pca8_92_ce0            |  out|    1|   ap_memory|                  pca8_92|         array|
|pca8_92_q0             |   in|   16|   ap_memory|                  pca8_92|         array|
|pca8_93_address0       |  out|    6|   ap_memory|                  pca8_93|         array|
|pca8_93_ce0            |  out|    1|   ap_memory|                  pca8_93|         array|
|pca8_93_q0             |   in|   16|   ap_memory|                  pca8_93|         array|
|pca8_94_address0       |  out|    6|   ap_memory|                  pca8_94|         array|
|pca8_94_ce0            |  out|    1|   ap_memory|                  pca8_94|         array|
|pca8_94_q0             |   in|   16|   ap_memory|                  pca8_94|         array|
|pca8_95_address0       |  out|    6|   ap_memory|                  pca8_95|         array|
|pca8_95_ce0            |  out|    1|   ap_memory|                  pca8_95|         array|
|pca8_95_q0             |   in|   15|   ap_memory|                  pca8_95|         array|
|buck_12_address0       |  out|    6|   ap_memory|                  buck_12|         array|
|buck_12_ce0            |  out|    1|   ap_memory|                  buck_12|         array|
|buck_12_q0             |   in|    8|   ap_memory|                  buck_12|         array|
|pca8_96_address0       |  out|    6|   ap_memory|                  pca8_96|         array|
|pca8_96_ce0            |  out|    1|   ap_memory|                  pca8_96|         array|
|pca8_96_q0             |   in|   16|   ap_memory|                  pca8_96|         array|
|pca8_97_address0       |  out|    6|   ap_memory|                  pca8_97|         array|
|pca8_97_ce0            |  out|    1|   ap_memory|                  pca8_97|         array|
|pca8_97_q0             |   in|   16|   ap_memory|                  pca8_97|         array|
|pca8_98_address0       |  out|    6|   ap_memory|                  pca8_98|         array|
|pca8_98_ce0            |  out|    1|   ap_memory|                  pca8_98|         array|
|pca8_98_q0             |   in|   16|   ap_memory|                  pca8_98|         array|
|pca8_99_address0       |  out|    6|   ap_memory|                  pca8_99|         array|
|pca8_99_ce0            |  out|    1|   ap_memory|                  pca8_99|         array|
|pca8_99_q0             |   in|   16|   ap_memory|                  pca8_99|         array|
|pca8_100_address0      |  out|    6|   ap_memory|                 pca8_100|         array|
|pca8_100_ce0           |  out|    1|   ap_memory|                 pca8_100|         array|
|pca8_100_q0            |   in|   16|   ap_memory|                 pca8_100|         array|
|pca8_101_address0      |  out|    6|   ap_memory|                 pca8_101|         array|
|pca8_101_ce0           |  out|    1|   ap_memory|                 pca8_101|         array|
|pca8_101_q0            |   in|   16|   ap_memory|                 pca8_101|         array|
|pca8_102_address0      |  out|    6|   ap_memory|                 pca8_102|         array|
|pca8_102_ce0           |  out|    1|   ap_memory|                 pca8_102|         array|
|pca8_102_q0            |   in|   16|   ap_memory|                 pca8_102|         array|
|pca8_103_address0      |  out|    6|   ap_memory|                 pca8_103|         array|
|pca8_103_ce0           |  out|    1|   ap_memory|                 pca8_103|         array|
|pca8_103_q0            |   in|   15|   ap_memory|                 pca8_103|         array|
|buck_13_address0       |  out|    6|   ap_memory|                  buck_13|         array|
|buck_13_ce0            |  out|    1|   ap_memory|                  buck_13|         array|
|buck_13_q0             |   in|    8|   ap_memory|                  buck_13|         array|
|pca8_104_address0      |  out|    6|   ap_memory|                 pca8_104|         array|
|pca8_104_ce0           |  out|    1|   ap_memory|                 pca8_104|         array|
|pca8_104_q0            |   in|   16|   ap_memory|                 pca8_104|         array|
|pca8_105_address0      |  out|    6|   ap_memory|                 pca8_105|         array|
|pca8_105_ce0           |  out|    1|   ap_memory|                 pca8_105|         array|
|pca8_105_q0            |   in|   16|   ap_memory|                 pca8_105|         array|
|pca8_106_address0      |  out|    6|   ap_memory|                 pca8_106|         array|
|pca8_106_ce0           |  out|    1|   ap_memory|                 pca8_106|         array|
|pca8_106_q0            |   in|   16|   ap_memory|                 pca8_106|         array|
|pca8_107_address0      |  out|    6|   ap_memory|                 pca8_107|         array|
|pca8_107_ce0           |  out|    1|   ap_memory|                 pca8_107|         array|
|pca8_107_q0            |   in|   16|   ap_memory|                 pca8_107|         array|
|pca8_108_address0      |  out|    6|   ap_memory|                 pca8_108|         array|
|pca8_108_ce0           |  out|    1|   ap_memory|                 pca8_108|         array|
|pca8_108_q0            |   in|   16|   ap_memory|                 pca8_108|         array|
|pca8_109_address0      |  out|    6|   ap_memory|                 pca8_109|         array|
|pca8_109_ce0           |  out|    1|   ap_memory|                 pca8_109|         array|
|pca8_109_q0            |   in|   16|   ap_memory|                 pca8_109|         array|
|pca8_110_address0      |  out|    6|   ap_memory|                 pca8_110|         array|
|pca8_110_ce0           |  out|    1|   ap_memory|                 pca8_110|         array|
|pca8_110_q0            |   in|   16|   ap_memory|                 pca8_110|         array|
|pca8_111_address0      |  out|    6|   ap_memory|                 pca8_111|         array|
|pca8_111_ce0           |  out|    1|   ap_memory|                 pca8_111|         array|
|pca8_111_q0            |   in|   15|   ap_memory|                 pca8_111|         array|
|buck_14_address0       |  out|    6|   ap_memory|                  buck_14|         array|
|buck_14_ce0            |  out|    1|   ap_memory|                  buck_14|         array|
|buck_14_q0             |   in|    8|   ap_memory|                  buck_14|         array|
|lane_off_1_address0    |  out|    8|   ap_memory|               lane_off_1|         array|
|lane_off_1_ce0         |  out|    1|   ap_memory|               lane_off_1|         array|
|lane_off_1_q0          |   in|   10|   ap_memory|               lane_off_1|         array|
|lane_cur_1_address0    |  out|    8|   ap_memory|               lane_cur_1|         array|
|lane_cur_1_ce0         |  out|    1|   ap_memory|               lane_cur_1|         array|
|lane_cur_1_we0         |  out|    1|   ap_memory|               lane_cur_1|         array|
|lane_cur_1_d0          |  out|   10|   ap_memory|               lane_cur_1|         array|
|lane_cur_1_address1    |  out|    8|   ap_memory|               lane_cur_1|         array|
|lane_cur_1_ce1         |  out|    1|   ap_memory|               lane_cur_1|         array|
|lane_cur_1_q1          |   in|   10|   ap_memory|               lane_cur_1|         array|
|lane_off_2_address0    |  out|    8|   ap_memory|               lane_off_2|         array|
|lane_off_2_ce0         |  out|    1|   ap_memory|               lane_off_2|         array|
|lane_off_2_q0          |   in|   10|   ap_memory|               lane_off_2|         array|
|lane_cur_2_address0    |  out|    8|   ap_memory|               lane_cur_2|         array|
|lane_cur_2_ce0         |  out|    1|   ap_memory|               lane_cur_2|         array|
|lane_cur_2_we0         |  out|    1|   ap_memory|               lane_cur_2|         array|
|lane_cur_2_d0          |  out|   10|   ap_memory|               lane_cur_2|         array|
|lane_cur_2_address1    |  out|    8|   ap_memory|               lane_cur_2|         array|
|lane_cur_2_ce1         |  out|    1|   ap_memory|               lane_cur_2|         array|
|lane_cur_2_q1          |   in|   10|   ap_memory|               lane_cur_2|         array|
|lane_off_3_address0    |  out|    8|   ap_memory|               lane_off_3|         array|
|lane_off_3_ce0         |  out|    1|   ap_memory|               lane_off_3|         array|
|lane_off_3_q0          |   in|   10|   ap_memory|               lane_off_3|         array|
|lane_cur_3_address0    |  out|    8|   ap_memory|               lane_cur_3|         array|
|lane_cur_3_ce0         |  out|    1|   ap_memory|               lane_cur_3|         array|
|lane_cur_3_we0         |  out|    1|   ap_memory|               lane_cur_3|         array|
|lane_cur_3_d0          |  out|   10|   ap_memory|               lane_cur_3|         array|
|lane_cur_3_address1    |  out|    8|   ap_memory|               lane_cur_3|         array|
|lane_cur_3_ce1         |  out|    1|   ap_memory|               lane_cur_3|         array|
|lane_cur_3_q1          |   in|   10|   ap_memory|               lane_cur_3|         array|
|lane_off_4_address0    |  out|    8|   ap_memory|               lane_off_4|         array|
|lane_off_4_ce0         |  out|    1|   ap_memory|               lane_off_4|         array|
|lane_off_4_q0          |   in|   10|   ap_memory|               lane_off_4|         array|
|lane_cur_4_address0    |  out|    8|   ap_memory|               lane_cur_4|         array|
|lane_cur_4_ce0         |  out|    1|   ap_memory|               lane_cur_4|         array|
|lane_cur_4_we0         |  out|    1|   ap_memory|               lane_cur_4|         array|
|lane_cur_4_d0          |  out|   10|   ap_memory|               lane_cur_4|         array|
|lane_cur_4_address1    |  out|    8|   ap_memory|               lane_cur_4|         array|
|lane_cur_4_ce1         |  out|    1|   ap_memory|               lane_cur_4|         array|
|lane_cur_4_q1          |   in|   10|   ap_memory|               lane_cur_4|         array|
|lane_off_5_address0    |  out|    8|   ap_memory|               lane_off_5|         array|
|lane_off_5_ce0         |  out|    1|   ap_memory|               lane_off_5|         array|
|lane_off_5_q0          |   in|   10|   ap_memory|               lane_off_5|         array|
|lane_cur_5_address0    |  out|    8|   ap_memory|               lane_cur_5|         array|
|lane_cur_5_ce0         |  out|    1|   ap_memory|               lane_cur_5|         array|
|lane_cur_5_we0         |  out|    1|   ap_memory|               lane_cur_5|         array|
|lane_cur_5_d0          |  out|   10|   ap_memory|               lane_cur_5|         array|
|lane_cur_5_address1    |  out|    8|   ap_memory|               lane_cur_5|         array|
|lane_cur_5_ce1         |  out|    1|   ap_memory|               lane_cur_5|         array|
|lane_cur_5_q1          |   in|   10|   ap_memory|               lane_cur_5|         array|
|lane_off_6_address0    |  out|    8|   ap_memory|               lane_off_6|         array|
|lane_off_6_ce0         |  out|    1|   ap_memory|               lane_off_6|         array|
|lane_off_6_q0          |   in|   10|   ap_memory|               lane_off_6|         array|
|lane_cur_6_address0    |  out|    8|   ap_memory|               lane_cur_6|         array|
|lane_cur_6_ce0         |  out|    1|   ap_memory|               lane_cur_6|         array|
|lane_cur_6_we0         |  out|    1|   ap_memory|               lane_cur_6|         array|
|lane_cur_6_d0          |  out|   10|   ap_memory|               lane_cur_6|         array|
|lane_cur_6_address1    |  out|    8|   ap_memory|               lane_cur_6|         array|
|lane_cur_6_ce1         |  out|    1|   ap_memory|               lane_cur_6|         array|
|lane_cur_6_q1          |   in|   10|   ap_memory|               lane_cur_6|         array|
|lane_off_7_address0    |  out|    8|   ap_memory|               lane_off_7|         array|
|lane_off_7_ce0         |  out|    1|   ap_memory|               lane_off_7|         array|
|lane_off_7_q0          |   in|   10|   ap_memory|               lane_off_7|         array|
|lane_cur_7_address0    |  out|    8|   ap_memory|               lane_cur_7|         array|
|lane_cur_7_ce0         |  out|    1|   ap_memory|               lane_cur_7|         array|
|lane_cur_7_we0         |  out|    1|   ap_memory|               lane_cur_7|         array|
|lane_cur_7_d0          |  out|   10|   ap_memory|               lane_cur_7|         array|
|lane_cur_7_address1    |  out|    8|   ap_memory|               lane_cur_7|         array|
|lane_cur_7_ce1         |  out|    1|   ap_memory|               lane_cur_7|         array|
|lane_cur_7_q1          |   in|   10|   ap_memory|               lane_cur_7|         array|
|lane_off_8_address0    |  out|    8|   ap_memory|               lane_off_8|         array|
|lane_off_8_ce0         |  out|    1|   ap_memory|               lane_off_8|         array|
|lane_off_8_q0          |   in|   10|   ap_memory|               lane_off_8|         array|
|lane_cur_8_address0    |  out|    8|   ap_memory|               lane_cur_8|         array|
|lane_cur_8_ce0         |  out|    1|   ap_memory|               lane_cur_8|         array|
|lane_cur_8_we0         |  out|    1|   ap_memory|               lane_cur_8|         array|
|lane_cur_8_d0          |  out|   10|   ap_memory|               lane_cur_8|         array|
|lane_cur_8_address1    |  out|    8|   ap_memory|               lane_cur_8|         array|
|lane_cur_8_ce1         |  out|    1|   ap_memory|               lane_cur_8|         array|
|lane_cur_8_q1          |   in|   10|   ap_memory|               lane_cur_8|         array|
|lane_off_9_address0    |  out|    8|   ap_memory|               lane_off_9|         array|
|lane_off_9_ce0         |  out|    1|   ap_memory|               lane_off_9|         array|
|lane_off_9_q0          |   in|   10|   ap_memory|               lane_off_9|         array|
|lane_cur_9_address0    |  out|    8|   ap_memory|               lane_cur_9|         array|
|lane_cur_9_ce0         |  out|    1|   ap_memory|               lane_cur_9|         array|
|lane_cur_9_we0         |  out|    1|   ap_memory|               lane_cur_9|         array|
|lane_cur_9_d0          |  out|   10|   ap_memory|               lane_cur_9|         array|
|lane_cur_9_address1    |  out|    8|   ap_memory|               lane_cur_9|         array|
|lane_cur_9_ce1         |  out|    1|   ap_memory|               lane_cur_9|         array|
|lane_cur_9_q1          |   in|   10|   ap_memory|               lane_cur_9|         array|
|lane_off_10_address0   |  out|    8|   ap_memory|              lane_off_10|         array|
|lane_off_10_ce0        |  out|    1|   ap_memory|              lane_off_10|         array|
|lane_off_10_q0         |   in|   10|   ap_memory|              lane_off_10|         array|
|lane_cur_10_address0   |  out|    8|   ap_memory|              lane_cur_10|         array|
|lane_cur_10_ce0        |  out|    1|   ap_memory|              lane_cur_10|         array|
|lane_cur_10_we0        |  out|    1|   ap_memory|              lane_cur_10|         array|
|lane_cur_10_d0         |  out|   10|   ap_memory|              lane_cur_10|         array|
|lane_cur_10_address1   |  out|    8|   ap_memory|              lane_cur_10|         array|
|lane_cur_10_ce1        |  out|    1|   ap_memory|              lane_cur_10|         array|
|lane_cur_10_q1         |   in|   10|   ap_memory|              lane_cur_10|         array|
|lane_off_11_address0   |  out|    8|   ap_memory|              lane_off_11|         array|
|lane_off_11_ce0        |  out|    1|   ap_memory|              lane_off_11|         array|
|lane_off_11_q0         |   in|   10|   ap_memory|              lane_off_11|         array|
|lane_cur_11_address0   |  out|    8|   ap_memory|              lane_cur_11|         array|
|lane_cur_11_ce0        |  out|    1|   ap_memory|              lane_cur_11|         array|
|lane_cur_11_we0        |  out|    1|   ap_memory|              lane_cur_11|         array|
|lane_cur_11_d0         |  out|   10|   ap_memory|              lane_cur_11|         array|
|lane_cur_11_address1   |  out|    8|   ap_memory|              lane_cur_11|         array|
|lane_cur_11_ce1        |  out|    1|   ap_memory|              lane_cur_11|         array|
|lane_cur_11_q1         |   in|   10|   ap_memory|              lane_cur_11|         array|
|lane_off_12_address0   |  out|    8|   ap_memory|              lane_off_12|         array|
|lane_off_12_ce0        |  out|    1|   ap_memory|              lane_off_12|         array|
|lane_off_12_q0         |   in|   10|   ap_memory|              lane_off_12|         array|
|lane_cur_12_address0   |  out|    8|   ap_memory|              lane_cur_12|         array|
|lane_cur_12_ce0        |  out|    1|   ap_memory|              lane_cur_12|         array|
|lane_cur_12_we0        |  out|    1|   ap_memory|              lane_cur_12|         array|
|lane_cur_12_d0         |  out|   10|   ap_memory|              lane_cur_12|         array|
|lane_cur_12_address1   |  out|    8|   ap_memory|              lane_cur_12|         array|
|lane_cur_12_ce1        |  out|    1|   ap_memory|              lane_cur_12|         array|
|lane_cur_12_q1         |   in|   10|   ap_memory|              lane_cur_12|         array|
|lane_off_13_address0   |  out|    8|   ap_memory|              lane_off_13|         array|
|lane_off_13_ce0        |  out|    1|   ap_memory|              lane_off_13|         array|
|lane_off_13_q0         |   in|   10|   ap_memory|              lane_off_13|         array|
|lane_cur_13_address0   |  out|    8|   ap_memory|              lane_cur_13|         array|
|lane_cur_13_ce0        |  out|    1|   ap_memory|              lane_cur_13|         array|
|lane_cur_13_we0        |  out|    1|   ap_memory|              lane_cur_13|         array|
|lane_cur_13_d0         |  out|   10|   ap_memory|              lane_cur_13|         array|
|lane_cur_13_address1   |  out|    8|   ap_memory|              lane_cur_13|         array|
|lane_cur_13_ce1        |  out|    1|   ap_memory|              lane_cur_13|         array|
|lane_cur_13_q1         |   in|   10|   ap_memory|              lane_cur_13|         array|
|lane_off_14_address0   |  out|    8|   ap_memory|              lane_off_14|         array|
|lane_off_14_ce0        |  out|    1|   ap_memory|              lane_off_14|         array|
|lane_off_14_q0         |   in|   10|   ap_memory|              lane_off_14|         array|
|lane_cur_14_address0   |  out|    8|   ap_memory|              lane_cur_14|         array|
|lane_cur_14_ce0        |  out|    1|   ap_memory|              lane_cur_14|         array|
|lane_cur_14_we0        |  out|    1|   ap_memory|              lane_cur_14|         array|
|lane_cur_14_d0         |  out|   10|   ap_memory|              lane_cur_14|         array|
|lane_cur_14_address1   |  out|    8|   ap_memory|              lane_cur_14|         array|
|lane_cur_14_ce1        |  out|    1|   ap_memory|              lane_cur_14|         array|
|lane_cur_14_q1         |   in|   10|   ap_memory|              lane_cur_14|         array|
|pca8_112_address0      |  out|    6|   ap_memory|                 pca8_112|         array|
|pca8_112_ce0           |  out|    1|   ap_memory|                 pca8_112|         array|
|pca8_112_q0            |   in|   16|   ap_memory|                 pca8_112|         array|
|pca8_113_address0      |  out|    6|   ap_memory|                 pca8_113|         array|
|pca8_113_ce0           |  out|    1|   ap_memory|                 pca8_113|         array|
|pca8_113_q0            |   in|   16|   ap_memory|                 pca8_113|         array|
|pca8_114_address0      |  out|    6|   ap_memory|                 pca8_114|         array|
|pca8_114_ce0           |  out|    1|   ap_memory|                 pca8_114|         array|
|pca8_114_q0            |   in|   16|   ap_memory|                 pca8_114|         array|
|pca8_115_address0      |  out|    6|   ap_memory|                 pca8_115|         array|
|pca8_115_ce0           |  out|    1|   ap_memory|                 pca8_115|         array|
|pca8_115_q0            |   in|   16|   ap_memory|                 pca8_115|         array|
|pca8_116_address0      |  out|    6|   ap_memory|                 pca8_116|         array|
|pca8_116_ce0           |  out|    1|   ap_memory|                 pca8_116|         array|
|pca8_116_q0            |   in|   16|   ap_memory|                 pca8_116|         array|
|pca8_117_address0      |  out|    6|   ap_memory|                 pca8_117|         array|
|pca8_117_ce0           |  out|    1|   ap_memory|                 pca8_117|         array|
|pca8_117_q0            |   in|   16|   ap_memory|                 pca8_117|         array|
|pca8_118_address0      |  out|    6|   ap_memory|                 pca8_118|         array|
|pca8_118_ce0           |  out|    1|   ap_memory|                 pca8_118|         array|
|pca8_118_q0            |   in|   16|   ap_memory|                 pca8_118|         array|
|pca8_119_address0      |  out|    6|   ap_memory|                 pca8_119|         array|
|pca8_119_ce0           |  out|    1|   ap_memory|                 pca8_119|         array|
|pca8_119_q0            |   in|   15|   ap_memory|                 pca8_119|         array|
+-----------------------+-----+-----+------------+-------------------------+--------------+

