

================================================================
== Vitis HLS Report for 'my_window_Pipeline_HINIT'
================================================================
* Date:           Thu Jul  2 09:24:39 2026

* Version:        2023.2 (Build 4023990 on Oct 11 2023)
* Project:        my_window_proj
* Solution:       solution1 (Vivado IP Flow Target)
* Product family: virtexuplus
* Target device:  xcu250-figd2104-2L-e


================================================================
== Performance Estimates
================================================================
+ Timing: 
    * Summary: 
    +--------+----------+----------+------------+
    |  Clock |  Target  | Estimated| Uncertainty|
    +--------+----------+----------+------------+
    |ap_clk  |  10.00 ns|  2.270 ns|     2.70 ns|
    +--------+----------+----------+------------+

+ Latency: 
    * Summary: 
    +---------+---------+----------+----------+-----+-----+---------+
    |  Latency (cycles) |  Latency (absolute) |  Interval | Pipeline|
    |   min   |   max   |    min   |    max   | min | max |   Type  |
    +---------+---------+----------+----------+-----+-----+---------+
    |       86|       86|  0.860 us|  0.860 us|   86|   86|       no|
    +---------+---------+----------+----------+-----+-----+---------+

    + Detail: 
        * Instance: 
        N/A

        * Loop: 
        +----------+---------+---------+----------+-----------+-----------+------+----------+
        |          |  Latency (cycles) | Iteration|  Initiation Interval  | Trip |          |
        | Loop Name|   min   |   max   |  Latency |  achieved |   target  | Count| Pipelined|
        +----------+---------+---------+----------+-----------+-----------+------+----------+
        |- HINIT   |       84|       84|         1|          1|          1|    84|       yes|
        +----------+---------+---------+----------+-----------+-----------+------+----------+



================================================================
== Utilization Estimates
================================================================
* Summary: 
+---------------------+---------+-------+---------+---------+------+
|         Name        | BRAM_18K|  DSP  |    FF   |   LUT   | URAM |
+---------------------+---------+-------+---------+---------+------+
|DSP                  |        -|      -|        -|        -|     -|
|Expression           |        -|      -|        0|       50|     -|
|FIFO                 |        -|      -|        -|        -|     -|
|Instance             |        -|      -|        -|        -|     -|
|Memory               |        -|      -|        -|        -|     -|
|Multiplexer          |        -|      -|        -|       27|     -|
|Register             |        -|      -|        9|        -|     -|
+---------------------+---------+-------+---------+---------+------+
|Total                |        0|      0|        9|       77|     0|
+---------------------+---------+-------+---------+---------+------+
|Available SLR        |     1344|   3072|   864000|   432000|   320|
+---------------------+---------+-------+---------+---------+------+
|Utilization SLR (%)  |        0|      0|       ~0|       ~0|     0|
+---------------------+---------+-------+---------+---------+------+
|Available            |     5376|  12288|  3456000|  1728000|  1280|
+---------------------+---------+-------+---------+---------+------+
|Utilization (%)      |        0|      0|       ~0|       ~0|     0|
+---------------------+---------+-------+---------+---------+------+

+ Detail: 
    * Instance: 
    N/A

    * DSP: 
    N/A

    * Memory: 
    N/A

    * FIFO: 
    N/A

    * Expression: 
    +------------------------+----------+----+---+----+------------+------------+
    |      Variable Name     | Operation| DSP| FF| LUT| Bitwidth P0| Bitwidth P1|
    +------------------------+----------+----+---+----+------------+------------+
    |add_ln125_fu_9497_p2    |         +|   0|  0|  14|           7|           1|
    |icmp_ln125_fu_9491_p2   |      icmp|   0|  0|  14|           7|           7|
    |icmp_ln128_fu_10009_p2  |      icmp|   0|  0|  14|           7|           6|
    |empty_fu_9984_p2        |        or|   0|  0|   8|           8|           1|
    +------------------------+----------+----+---+----+------------+------------+
    |Total                   |          |   0|  0|  50|          29|          15|
    +------------------------+----------+----+---+----+------------+------------+

    * Multiplexer: 
    +-----------------------+----+-----------+-----+-----------+
    |          Name         | LUT| Input Size| Bits| Total Bits|
    +-----------------------+----+-----------+-----+-----------+
    |ap_done_int            |   9|          2|    1|          2|
    |ap_sig_allocacmp_it_1  |   9|          2|    7|         14|
    |it_fu_974              |   9|          2|    7|         14|
    +-----------------------+----+-----------+-----+-----------+
    |Total                  |  27|          6|   15|         30|
    +-----------------------+----+-----------+-----+-----------+

    * Register: 
    +-------------+---+----+-----+-----------+
    |     Name    | FF| LUT| Bits| Const Bits|
    +-------------+---+----+-----+-----------+
    |ap_CS_fsm    |  1|   0|    1|          0|
    |ap_done_reg  |  1|   0|    1|          0|
    |it_fu_974    |  7|   0|    7|          0|
    +-------------+---+----+-----+-----------+
    |Total        |  9|   0|    9|          0|
    +-------------+---+----+-----+-----------+



================================================================
== Interface
================================================================
* Summary: 
+-----------------------+-----+-----+------------+--------------------------+--------------+
|       RTL Ports       | Dir | Bits|  Protocol  |       Source Object      |    C Type    |
+-----------------------+-----+-----+------------+--------------------------+--------------+
|ap_clk                 |   in|    1|  ap_ctrl_hs|  my_window_Pipeline_HINIT|  return value|
|ap_rst                 |   in|    1|  ap_ctrl_hs|  my_window_Pipeline_HINIT|  return value|
|ap_start               |   in|    1|  ap_ctrl_hs|  my_window_Pipeline_HINIT|  return value|
|ap_done                |  out|    1|  ap_ctrl_hs|  my_window_Pipeline_HINIT|  return value|
|ap_idle                |  out|    1|  ap_ctrl_hs|  my_window_Pipeline_HINIT|  return value|
|ap_ready               |  out|    1|  ap_ctrl_hs|  my_window_Pipeline_HINIT|  return value|
|co_pres_224_address1   |  out|    6|   ap_memory|               co_pres_224|         array|
|co_pres_224_ce1        |  out|    1|   ap_memory|               co_pres_224|         array|
|co_pres_224_we1        |  out|    1|   ap_memory|               co_pres_224|         array|
|co_pres_224_d1         |  out|    1|   ap_memory|               co_pres_224|         array|
|co_pres_223_address1   |  out|    6|   ap_memory|               co_pres_223|         array|
|co_pres_223_ce1        |  out|    1|   ap_memory|               co_pres_223|         array|
|co_pres_223_we1        |  out|    1|   ap_memory|               co_pres_223|         array|
|co_pres_223_d1         |  out|    1|   ap_memory|               co_pres_223|         array|
|co_pres_222_address1   |  out|    6|   ap_memory|               co_pres_222|         array|
|co_pres_222_ce1        |  out|    1|   ap_memory|               co_pres_222|         array|
|co_pres_222_we1        |  out|    1|   ap_memory|               co_pres_222|         array|
|co_pres_222_d1         |  out|    1|   ap_memory|               co_pres_222|         array|
|co_pres_221_address1   |  out|    6|   ap_memory|               co_pres_221|         array|
|co_pres_221_ce1        |  out|    1|   ap_memory|               co_pres_221|         array|
|co_pres_221_we1        |  out|    1|   ap_memory|               co_pres_221|         array|
|co_pres_221_d1         |  out|    1|   ap_memory|               co_pres_221|         array|
|co_pres_220_address1   |  out|    6|   ap_memory|               co_pres_220|         array|
|co_pres_220_ce1        |  out|    1|   ap_memory|               co_pres_220|         array|
|co_pres_220_we1        |  out|    1|   ap_memory|               co_pres_220|         array|
|co_pres_220_d1         |  out|    1|   ap_memory|               co_pres_220|         array|
|co_pres_219_address1   |  out|    6|   ap_memory|               co_pres_219|         array|
|co_pres_219_ce1        |  out|    1|   ap_memory|               co_pres_219|         array|
|co_pres_219_we1        |  out|    1|   ap_memory|               co_pres_219|         array|
|co_pres_219_d1         |  out|    1|   ap_memory|               co_pres_219|         array|
|co_pres_218_address1   |  out|    6|   ap_memory|               co_pres_218|         array|
|co_pres_218_ce1        |  out|    1|   ap_memory|               co_pres_218|         array|
|co_pres_218_we1        |  out|    1|   ap_memory|               co_pres_218|         array|
|co_pres_218_d1         |  out|    1|   ap_memory|               co_pres_218|         array|
|co_pres_217_address1   |  out|    6|   ap_memory|               co_pres_217|         array|
|co_pres_217_ce1        |  out|    1|   ap_memory|               co_pres_217|         array|
|co_pres_217_we1        |  out|    1|   ap_memory|               co_pres_217|         array|
|co_pres_217_d1         |  out|    1|   ap_memory|               co_pres_217|         array|
|co_pres_216_address1   |  out|    6|   ap_memory|               co_pres_216|         array|
|co_pres_216_ce1        |  out|    1|   ap_memory|               co_pres_216|         array|
|co_pres_216_we1        |  out|    1|   ap_memory|               co_pres_216|         array|
|co_pres_216_d1         |  out|    1|   ap_memory|               co_pres_216|         array|
|co_pres_215_address1   |  out|    6|   ap_memory|               co_pres_215|         array|
|co_pres_215_ce1        |  out|    1|   ap_memory|               co_pres_215|         array|
|co_pres_215_we1        |  out|    1|   ap_memory|               co_pres_215|         array|
|co_pres_215_d1         |  out|    1|   ap_memory|               co_pres_215|         array|
|co_pres_214_address1   |  out|    6|   ap_memory|               co_pres_214|         array|
|co_pres_214_ce1        |  out|    1|   ap_memory|               co_pres_214|         array|
|co_pres_214_we1        |  out|    1|   ap_memory|               co_pres_214|         array|
|co_pres_214_d1         |  out|    1|   ap_memory|               co_pres_214|         array|
|co_pres_213_address1   |  out|    6|   ap_memory|               co_pres_213|         array|
|co_pres_213_ce1        |  out|    1|   ap_memory|               co_pres_213|         array|
|co_pres_213_we1        |  out|    1|   ap_memory|               co_pres_213|         array|
|co_pres_213_d1         |  out|    1|   ap_memory|               co_pres_213|         array|
|co_pres_212_address1   |  out|    6|   ap_memory|               co_pres_212|         array|
|co_pres_212_ce1        |  out|    1|   ap_memory|               co_pres_212|         array|
|co_pres_212_we1        |  out|    1|   ap_memory|               co_pres_212|         array|
|co_pres_212_d1         |  out|    1|   ap_memory|               co_pres_212|         array|
|co_pres_211_address1   |  out|    6|   ap_memory|               co_pres_211|         array|
|co_pres_211_ce1        |  out|    1|   ap_memory|               co_pres_211|         array|
|co_pres_211_we1        |  out|    1|   ap_memory|               co_pres_211|         array|
|co_pres_211_d1         |  out|    1|   ap_memory|               co_pres_211|         array|
|co_pres_210_address1   |  out|    6|   ap_memory|               co_pres_210|         array|
|co_pres_210_ce1        |  out|    1|   ap_memory|               co_pres_210|         array|
|co_pres_210_we1        |  out|    1|   ap_memory|               co_pres_210|         array|
|co_pres_210_d1         |  out|    1|   ap_memory|               co_pres_210|         array|
|co_pres_209_address1   |  out|    6|   ap_memory|               co_pres_209|         array|
|co_pres_209_ce1        |  out|    1|   ap_memory|               co_pres_209|         array|
|co_pres_209_we1        |  out|    1|   ap_memory|               co_pres_209|         array|
|co_pres_209_d1         |  out|    1|   ap_memory|               co_pres_209|         array|
|co_pres_208_address1   |  out|    6|   ap_memory|               co_pres_208|         array|
|co_pres_208_ce1        |  out|    1|   ap_memory|               co_pres_208|         array|
|co_pres_208_we1        |  out|    1|   ap_memory|               co_pres_208|         array|
|co_pres_208_d1         |  out|    1|   ap_memory|               co_pres_208|         array|
|co_pres_207_address1   |  out|    6|   ap_memory|               co_pres_207|         array|
|co_pres_207_ce1        |  out|    1|   ap_memory|               co_pres_207|         array|
|co_pres_207_we1        |  out|    1|   ap_memory|               co_pres_207|         array|
|co_pres_207_d1         |  out|    1|   ap_memory|               co_pres_207|         array|
|co_pres_206_address1   |  out|    6|   ap_memory|               co_pres_206|         array|
|co_pres_206_ce1        |  out|    1|   ap_memory|               co_pres_206|         array|
|co_pres_206_we1        |  out|    1|   ap_memory|               co_pres_206|         array|
|co_pres_206_d1         |  out|    1|   ap_memory|               co_pres_206|         array|
|co_pres_205_address1   |  out|    6|   ap_memory|               co_pres_205|         array|
|co_pres_205_ce1        |  out|    1|   ap_memory|               co_pres_205|         array|
|co_pres_205_we1        |  out|    1|   ap_memory|               co_pres_205|         array|
|co_pres_205_d1         |  out|    1|   ap_memory|               co_pres_205|         array|
|co_pres_204_address1   |  out|    6|   ap_memory|               co_pres_204|         array|
|co_pres_204_ce1        |  out|    1|   ap_memory|               co_pres_204|         array|
|co_pres_204_we1        |  out|    1|   ap_memory|               co_pres_204|         array|
|co_pres_204_d1         |  out|    1|   ap_memory|               co_pres_204|         array|
|co_pres_203_address1   |  out|    6|   ap_memory|               co_pres_203|         array|
|co_pres_203_ce1        |  out|    1|   ap_memory|               co_pres_203|         array|
|co_pres_203_we1        |  out|    1|   ap_memory|               co_pres_203|         array|
|co_pres_203_d1         |  out|    1|   ap_memory|               co_pres_203|         array|
|co_pres_202_address1   |  out|    6|   ap_memory|               co_pres_202|         array|
|co_pres_202_ce1        |  out|    1|   ap_memory|               co_pres_202|         array|
|co_pres_202_we1        |  out|    1|   ap_memory|               co_pres_202|         array|
|co_pres_202_d1         |  out|    1|   ap_memory|               co_pres_202|         array|
|co_pres_201_address1   |  out|    6|   ap_memory|               co_pres_201|         array|
|co_pres_201_ce1        |  out|    1|   ap_memory|               co_pres_201|         array|
|co_pres_201_we1        |  out|    1|   ap_memory|               co_pres_201|         array|
|co_pres_201_d1         |  out|    1|   ap_memory|               co_pres_201|         array|
|co_pres_200_address1   |  out|    6|   ap_memory|               co_pres_200|         array|
|co_pres_200_ce1        |  out|    1|   ap_memory|               co_pres_200|         array|
|co_pres_200_we1        |  out|    1|   ap_memory|               co_pres_200|         array|
|co_pres_200_d1         |  out|    1|   ap_memory|               co_pres_200|         array|
|co_pres_199_address1   |  out|    6|   ap_memory|               co_pres_199|         array|
|co_pres_199_ce1        |  out|    1|   ap_memory|               co_pres_199|         array|
|co_pres_199_we1        |  out|    1|   ap_memory|               co_pres_199|         array|
|co_pres_199_d1         |  out|    1|   ap_memory|               co_pres_199|         array|
|co_pres_198_address1   |  out|    6|   ap_memory|               co_pres_198|         array|
|co_pres_198_ce1        |  out|    1|   ap_memory|               co_pres_198|         array|
|co_pres_198_we1        |  out|    1|   ap_memory|               co_pres_198|         array|
|co_pres_198_d1         |  out|    1|   ap_memory|               co_pres_198|         array|
|co_pres_197_address1   |  out|    6|   ap_memory|               co_pres_197|         array|
|co_pres_197_ce1        |  out|    1|   ap_memory|               co_pres_197|         array|
|co_pres_197_we1        |  out|    1|   ap_memory|               co_pres_197|         array|
|co_pres_197_d1         |  out|    1|   ap_memory|               co_pres_197|         array|
|co_pres_196_address1   |  out|    6|   ap_memory|               co_pres_196|         array|
|co_pres_196_ce1        |  out|    1|   ap_memory|               co_pres_196|         array|
|co_pres_196_we1        |  out|    1|   ap_memory|               co_pres_196|         array|
|co_pres_196_d1         |  out|    1|   ap_memory|               co_pres_196|         array|
|co_pres_195_address1   |  out|    6|   ap_memory|               co_pres_195|         array|
|co_pres_195_ce1        |  out|    1|   ap_memory|               co_pres_195|         array|
|co_pres_195_we1        |  out|    1|   ap_memory|               co_pres_195|         array|
|co_pres_195_d1         |  out|    1|   ap_memory|               co_pres_195|         array|
|co_pres_194_address1   |  out|    6|   ap_memory|               co_pres_194|         array|
|co_pres_194_ce1        |  out|    1|   ap_memory|               co_pres_194|         array|
|co_pres_194_we1        |  out|    1|   ap_memory|               co_pres_194|         array|
|co_pres_194_d1         |  out|    1|   ap_memory|               co_pres_194|         array|
|co_pres_193_address1   |  out|    6|   ap_memory|               co_pres_193|         array|
|co_pres_193_ce1        |  out|    1|   ap_memory|               co_pres_193|         array|
|co_pres_193_we1        |  out|    1|   ap_memory|               co_pres_193|         array|
|co_pres_193_d1         |  out|    1|   ap_memory|               co_pres_193|         array|
|co_pres_192_address1   |  out|    6|   ap_memory|               co_pres_192|         array|
|co_pres_192_ce1        |  out|    1|   ap_memory|               co_pres_192|         array|
|co_pres_192_we1        |  out|    1|   ap_memory|               co_pres_192|         array|
|co_pres_192_d1         |  out|    1|   ap_memory|               co_pres_192|         array|
|co_pres_191_address1   |  out|    6|   ap_memory|               co_pres_191|         array|
|co_pres_191_ce1        |  out|    1|   ap_memory|               co_pres_191|         array|
|co_pres_191_we1        |  out|    1|   ap_memory|               co_pres_191|         array|
|co_pres_191_d1         |  out|    1|   ap_memory|               co_pres_191|         array|
|co_pres_190_address1   |  out|    6|   ap_memory|               co_pres_190|         array|
|co_pres_190_ce1        |  out|    1|   ap_memory|               co_pres_190|         array|
|co_pres_190_we1        |  out|    1|   ap_memory|               co_pres_190|         array|
|co_pres_190_d1         |  out|    1|   ap_memory|               co_pres_190|         array|
|co_pres_189_address1   |  out|    6|   ap_memory|               co_pres_189|         array|
|co_pres_189_ce1        |  out|    1|   ap_memory|               co_pres_189|         array|
|co_pres_189_we1        |  out|    1|   ap_memory|               co_pres_189|         array|
|co_pres_189_d1         |  out|    1|   ap_memory|               co_pres_189|         array|
|co_pres_188_address1   |  out|    6|   ap_memory|               co_pres_188|         array|
|co_pres_188_ce1        |  out|    1|   ap_memory|               co_pres_188|         array|
|co_pres_188_we1        |  out|    1|   ap_memory|               co_pres_188|         array|
|co_pres_188_d1         |  out|    1|   ap_memory|               co_pres_188|         array|
|co_pres_187_address1   |  out|    6|   ap_memory|               co_pres_187|         array|
|co_pres_187_ce1        |  out|    1|   ap_memory|               co_pres_187|         array|
|co_pres_187_we1        |  out|    1|   ap_memory|               co_pres_187|         array|
|co_pres_187_d1         |  out|    1|   ap_memory|               co_pres_187|         array|
|co_pres_186_address1   |  out|    6|   ap_memory|               co_pres_186|         array|
|co_pres_186_ce1        |  out|    1|   ap_memory|               co_pres_186|         array|
|co_pres_186_we1        |  out|    1|   ap_memory|               co_pres_186|         array|
|co_pres_186_d1         |  out|    1|   ap_memory|               co_pres_186|         array|
|co_pres_185_address1   |  out|    6|   ap_memory|               co_pres_185|         array|
|co_pres_185_ce1        |  out|    1|   ap_memory|               co_pres_185|         array|
|co_pres_185_we1        |  out|    1|   ap_memory|               co_pres_185|         array|
|co_pres_185_d1         |  out|    1|   ap_memory|               co_pres_185|         array|
|co_pres_184_address1   |  out|    6|   ap_memory|               co_pres_184|         array|
|co_pres_184_ce1        |  out|    1|   ap_memory|               co_pres_184|         array|
|co_pres_184_we1        |  out|    1|   ap_memory|               co_pres_184|         array|
|co_pres_184_d1         |  out|    1|   ap_memory|               co_pres_184|         array|
|co_pres_183_address1   |  out|    6|   ap_memory|               co_pres_183|         array|
|co_pres_183_ce1        |  out|    1|   ap_memory|               co_pres_183|         array|
|co_pres_183_we1        |  out|    1|   ap_memory|               co_pres_183|         array|
|co_pres_183_d1         |  out|    1|   ap_memory|               co_pres_183|         array|
|co_pres_182_address1   |  out|    6|   ap_memory|               co_pres_182|         array|
|co_pres_182_ce1        |  out|    1|   ap_memory|               co_pres_182|         array|
|co_pres_182_we1        |  out|    1|   ap_memory|               co_pres_182|         array|
|co_pres_182_d1         |  out|    1|   ap_memory|               co_pres_182|         array|
|co_pres_181_address1   |  out|    6|   ap_memory|               co_pres_181|         array|
|co_pres_181_ce1        |  out|    1|   ap_memory|               co_pres_181|         array|
|co_pres_181_we1        |  out|    1|   ap_memory|               co_pres_181|         array|
|co_pres_181_d1         |  out|    1|   ap_memory|               co_pres_181|         array|
|co_pres_180_address1   |  out|    6|   ap_memory|               co_pres_180|         array|
|co_pres_180_ce1        |  out|    1|   ap_memory|               co_pres_180|         array|
|co_pres_180_we1        |  out|    1|   ap_memory|               co_pres_180|         array|
|co_pres_180_d1         |  out|    1|   ap_memory|               co_pres_180|         array|
|co_pres_179_address1   |  out|    6|   ap_memory|               co_pres_179|         array|
|co_pres_179_ce1        |  out|    1|   ap_memory|               co_pres_179|         array|
|co_pres_179_we1        |  out|    1|   ap_memory|               co_pres_179|         array|
|co_pres_179_d1         |  out|    1|   ap_memory|               co_pres_179|         array|
|co_pres_178_address1   |  out|    6|   ap_memory|               co_pres_178|         array|
|co_pres_178_ce1        |  out|    1|   ap_memory|               co_pres_178|         array|
|co_pres_178_we1        |  out|    1|   ap_memory|               co_pres_178|         array|
|co_pres_178_d1         |  out|    1|   ap_memory|               co_pres_178|         array|
|co_pres_177_address1   |  out|    6|   ap_memory|               co_pres_177|         array|
|co_pres_177_ce1        |  out|    1|   ap_memory|               co_pres_177|         array|
|co_pres_177_we1        |  out|    1|   ap_memory|               co_pres_177|         array|
|co_pres_177_d1         |  out|    1|   ap_memory|               co_pres_177|         array|
|co_pres_176_address1   |  out|    6|   ap_memory|               co_pres_176|         array|
|co_pres_176_ce1        |  out|    1|   ap_memory|               co_pres_176|         array|
|co_pres_176_we1        |  out|    1|   ap_memory|               co_pres_176|         array|
|co_pres_176_d1         |  out|    1|   ap_memory|               co_pres_176|         array|
|co_pres_175_address1   |  out|    6|   ap_memory|               co_pres_175|         array|
|co_pres_175_ce1        |  out|    1|   ap_memory|               co_pres_175|         array|
|co_pres_175_we1        |  out|    1|   ap_memory|               co_pres_175|         array|
|co_pres_175_d1         |  out|    1|   ap_memory|               co_pres_175|         array|
|co_pres_174_address1   |  out|    6|   ap_memory|               co_pres_174|         array|
|co_pres_174_ce1        |  out|    1|   ap_memory|               co_pres_174|         array|
|co_pres_174_we1        |  out|    1|   ap_memory|               co_pres_174|         array|
|co_pres_174_d1         |  out|    1|   ap_memory|               co_pres_174|         array|
|co_pres_173_address1   |  out|    6|   ap_memory|               co_pres_173|         array|
|co_pres_173_ce1        |  out|    1|   ap_memory|               co_pres_173|         array|
|co_pres_173_we1        |  out|    1|   ap_memory|               co_pres_173|         array|
|co_pres_173_d1         |  out|    1|   ap_memory|               co_pres_173|         array|
|co_pres_172_address1   |  out|    6|   ap_memory|               co_pres_172|         array|
|co_pres_172_ce1        |  out|    1|   ap_memory|               co_pres_172|         array|
|co_pres_172_we1        |  out|    1|   ap_memory|               co_pres_172|         array|
|co_pres_172_d1         |  out|    1|   ap_memory|               co_pres_172|         array|
|co_pres_171_address1   |  out|    6|   ap_memory|               co_pres_171|         array|
|co_pres_171_ce1        |  out|    1|   ap_memory|               co_pres_171|         array|
|co_pres_171_we1        |  out|    1|   ap_memory|               co_pres_171|         array|
|co_pres_171_d1         |  out|    1|   ap_memory|               co_pres_171|         array|
|co_pres_170_address1   |  out|    6|   ap_memory|               co_pres_170|         array|
|co_pres_170_ce1        |  out|    1|   ap_memory|               co_pres_170|         array|
|co_pres_170_we1        |  out|    1|   ap_memory|               co_pres_170|         array|
|co_pres_170_d1         |  out|    1|   ap_memory|               co_pres_170|         array|
|co_pres_169_address1   |  out|    6|   ap_memory|               co_pres_169|         array|
|co_pres_169_ce1        |  out|    1|   ap_memory|               co_pres_169|         array|
|co_pres_169_we1        |  out|    1|   ap_memory|               co_pres_169|         array|
|co_pres_169_d1         |  out|    1|   ap_memory|               co_pres_169|         array|
|co_pres_168_address1   |  out|    6|   ap_memory|               co_pres_168|         array|
|co_pres_168_ce1        |  out|    1|   ap_memory|               co_pres_168|         array|
|co_pres_168_we1        |  out|    1|   ap_memory|               co_pres_168|         array|
|co_pres_168_d1         |  out|    1|   ap_memory|               co_pres_168|         array|
|co_pres_167_address1   |  out|    6|   ap_memory|               co_pres_167|         array|
|co_pres_167_ce1        |  out|    1|   ap_memory|               co_pres_167|         array|
|co_pres_167_we1        |  out|    1|   ap_memory|               co_pres_167|         array|
|co_pres_167_d1         |  out|    1|   ap_memory|               co_pres_167|         array|
|co_pres_166_address1   |  out|    6|   ap_memory|               co_pres_166|         array|
|co_pres_166_ce1        |  out|    1|   ap_memory|               co_pres_166|         array|
|co_pres_166_we1        |  out|    1|   ap_memory|               co_pres_166|         array|
|co_pres_166_d1         |  out|    1|   ap_memory|               co_pres_166|         array|
|co_pres_165_address1   |  out|    6|   ap_memory|               co_pres_165|         array|
|co_pres_165_ce1        |  out|    1|   ap_memory|               co_pres_165|         array|
|co_pres_165_we1        |  out|    1|   ap_memory|               co_pres_165|         array|
|co_pres_165_d1         |  out|    1|   ap_memory|               co_pres_165|         array|
|co_pres_164_address1   |  out|    6|   ap_memory|               co_pres_164|         array|
|co_pres_164_ce1        |  out|    1|   ap_memory|               co_pres_164|         array|
|co_pres_164_we1        |  out|    1|   ap_memory|               co_pres_164|         array|
|co_pres_164_d1         |  out|    1|   ap_memory|               co_pres_164|         array|
|co_pres_163_address1   |  out|    6|   ap_memory|               co_pres_163|         array|
|co_pres_163_ce1        |  out|    1|   ap_memory|               co_pres_163|         array|
|co_pres_163_we1        |  out|    1|   ap_memory|               co_pres_163|         array|
|co_pres_163_d1         |  out|    1|   ap_memory|               co_pres_163|         array|
|co_pres_162_address1   |  out|    6|   ap_memory|               co_pres_162|         array|
|co_pres_162_ce1        |  out|    1|   ap_memory|               co_pres_162|         array|
|co_pres_162_we1        |  out|    1|   ap_memory|               co_pres_162|         array|
|co_pres_162_d1         |  out|    1|   ap_memory|               co_pres_162|         array|
|co_pres_161_address1   |  out|    6|   ap_memory|               co_pres_161|         array|
|co_pres_161_ce1        |  out|    1|   ap_memory|               co_pres_161|         array|
|co_pres_161_we1        |  out|    1|   ap_memory|               co_pres_161|         array|
|co_pres_161_d1         |  out|    1|   ap_memory|               co_pres_161|         array|
|co_pres_160_address1   |  out|    6|   ap_memory|               co_pres_160|         array|
|co_pres_160_ce1        |  out|    1|   ap_memory|               co_pres_160|         array|
|co_pres_160_we1        |  out|    1|   ap_memory|               co_pres_160|         array|
|co_pres_160_d1         |  out|    1|   ap_memory|               co_pres_160|         array|
|co_pres_159_address1   |  out|    6|   ap_memory|               co_pres_159|         array|
|co_pres_159_ce1        |  out|    1|   ap_memory|               co_pres_159|         array|
|co_pres_159_we1        |  out|    1|   ap_memory|               co_pres_159|         array|
|co_pres_159_d1         |  out|    1|   ap_memory|               co_pres_159|         array|
|co_pres_158_address1   |  out|    6|   ap_memory|               co_pres_158|         array|
|co_pres_158_ce1        |  out|    1|   ap_memory|               co_pres_158|         array|
|co_pres_158_we1        |  out|    1|   ap_memory|               co_pres_158|         array|
|co_pres_158_d1         |  out|    1|   ap_memory|               co_pres_158|         array|
|co_pres_157_address1   |  out|    6|   ap_memory|               co_pres_157|         array|
|co_pres_157_ce1        |  out|    1|   ap_memory|               co_pres_157|         array|
|co_pres_157_we1        |  out|    1|   ap_memory|               co_pres_157|         array|
|co_pres_157_d1         |  out|    1|   ap_memory|               co_pres_157|         array|
|co_pres_156_address1   |  out|    6|   ap_memory|               co_pres_156|         array|
|co_pres_156_ce1        |  out|    1|   ap_memory|               co_pres_156|         array|
|co_pres_156_we1        |  out|    1|   ap_memory|               co_pres_156|         array|
|co_pres_156_d1         |  out|    1|   ap_memory|               co_pres_156|         array|
|co_pres_155_address1   |  out|    6|   ap_memory|               co_pres_155|         array|
|co_pres_155_ce1        |  out|    1|   ap_memory|               co_pres_155|         array|
|co_pres_155_we1        |  out|    1|   ap_memory|               co_pres_155|         array|
|co_pres_155_d1         |  out|    1|   ap_memory|               co_pres_155|         array|
|co_pres_154_address1   |  out|    6|   ap_memory|               co_pres_154|         array|
|co_pres_154_ce1        |  out|    1|   ap_memory|               co_pres_154|         array|
|co_pres_154_we1        |  out|    1|   ap_memory|               co_pres_154|         array|
|co_pres_154_d1         |  out|    1|   ap_memory|               co_pres_154|         array|
|co_pres_153_address1   |  out|    6|   ap_memory|               co_pres_153|         array|
|co_pres_153_ce1        |  out|    1|   ap_memory|               co_pres_153|         array|
|co_pres_153_we1        |  out|    1|   ap_memory|               co_pres_153|         array|
|co_pres_153_d1         |  out|    1|   ap_memory|               co_pres_153|         array|
|co_pres_152_address1   |  out|    6|   ap_memory|               co_pres_152|         array|
|co_pres_152_ce1        |  out|    1|   ap_memory|               co_pres_152|         array|
|co_pres_152_we1        |  out|    1|   ap_memory|               co_pres_152|         array|
|co_pres_152_d1         |  out|    1|   ap_memory|               co_pres_152|         array|
|co_pres_151_address1   |  out|    6|   ap_memory|               co_pres_151|         array|
|co_pres_151_ce1        |  out|    1|   ap_memory|               co_pres_151|         array|
|co_pres_151_we1        |  out|    1|   ap_memory|               co_pres_151|         array|
|co_pres_151_d1         |  out|    1|   ap_memory|               co_pres_151|         array|
|co_pres_150_address1   |  out|    6|   ap_memory|               co_pres_150|         array|
|co_pres_150_ce1        |  out|    1|   ap_memory|               co_pres_150|         array|
|co_pres_150_we1        |  out|    1|   ap_memory|               co_pres_150|         array|
|co_pres_150_d1         |  out|    1|   ap_memory|               co_pres_150|         array|
|co_pres_149_address1   |  out|    6|   ap_memory|               co_pres_149|         array|
|co_pres_149_ce1        |  out|    1|   ap_memory|               co_pres_149|         array|
|co_pres_149_we1        |  out|    1|   ap_memory|               co_pres_149|         array|
|co_pres_149_d1         |  out|    1|   ap_memory|               co_pres_149|         array|
|co_pres_148_address1   |  out|    6|   ap_memory|               co_pres_148|         array|
|co_pres_148_ce1        |  out|    1|   ap_memory|               co_pres_148|         array|
|co_pres_148_we1        |  out|    1|   ap_memory|               co_pres_148|         array|
|co_pres_148_d1         |  out|    1|   ap_memory|               co_pres_148|         array|
|co_pres_147_address1   |  out|    6|   ap_memory|               co_pres_147|         array|
|co_pres_147_ce1        |  out|    1|   ap_memory|               co_pres_147|         array|
|co_pres_147_we1        |  out|    1|   ap_memory|               co_pres_147|         array|
|co_pres_147_d1         |  out|    1|   ap_memory|               co_pres_147|         array|
|co_pres_146_address1   |  out|    6|   ap_memory|               co_pres_146|         array|
|co_pres_146_ce1        |  out|    1|   ap_memory|               co_pres_146|         array|
|co_pres_146_we1        |  out|    1|   ap_memory|               co_pres_146|         array|
|co_pres_146_d1         |  out|    1|   ap_memory|               co_pres_146|         array|
|co_pres_145_address1   |  out|    6|   ap_memory|               co_pres_145|         array|
|co_pres_145_ce1        |  out|    1|   ap_memory|               co_pres_145|         array|
|co_pres_145_we1        |  out|    1|   ap_memory|               co_pres_145|         array|
|co_pres_145_d1         |  out|    1|   ap_memory|               co_pres_145|         array|
|co_pres_144_address1   |  out|    6|   ap_memory|               co_pres_144|         array|
|co_pres_144_ce1        |  out|    1|   ap_memory|               co_pres_144|         array|
|co_pres_144_we1        |  out|    1|   ap_memory|               co_pres_144|         array|
|co_pres_144_d1         |  out|    1|   ap_memory|               co_pres_144|         array|
|co_pres_143_address1   |  out|    6|   ap_memory|               co_pres_143|         array|
|co_pres_143_ce1        |  out|    1|   ap_memory|               co_pres_143|         array|
|co_pres_143_we1        |  out|    1|   ap_memory|               co_pres_143|         array|
|co_pres_143_d1         |  out|    1|   ap_memory|               co_pres_143|         array|
|co_pres_142_address1   |  out|    6|   ap_memory|               co_pres_142|         array|
|co_pres_142_ce1        |  out|    1|   ap_memory|               co_pres_142|         array|
|co_pres_142_we1        |  out|    1|   ap_memory|               co_pres_142|         array|
|co_pres_142_d1         |  out|    1|   ap_memory|               co_pres_142|         array|
|co_pres_141_address1   |  out|    6|   ap_memory|               co_pres_141|         array|
|co_pres_141_ce1        |  out|    1|   ap_memory|               co_pres_141|         array|
|co_pres_141_we1        |  out|    1|   ap_memory|               co_pres_141|         array|
|co_pres_141_d1         |  out|    1|   ap_memory|               co_pres_141|         array|
|co_pres_140_address1   |  out|    6|   ap_memory|               co_pres_140|         array|
|co_pres_140_ce1        |  out|    1|   ap_memory|               co_pres_140|         array|
|co_pres_140_we1        |  out|    1|   ap_memory|               co_pres_140|         array|
|co_pres_140_d1         |  out|    1|   ap_memory|               co_pres_140|         array|
|co_pres_139_address1   |  out|    6|   ap_memory|               co_pres_139|         array|
|co_pres_139_ce1        |  out|    1|   ap_memory|               co_pres_139|         array|
|co_pres_139_we1        |  out|    1|   ap_memory|               co_pres_139|         array|
|co_pres_139_d1         |  out|    1|   ap_memory|               co_pres_139|         array|
|co_pres_138_address1   |  out|    6|   ap_memory|               co_pres_138|         array|
|co_pres_138_ce1        |  out|    1|   ap_memory|               co_pres_138|         array|
|co_pres_138_we1        |  out|    1|   ap_memory|               co_pres_138|         array|
|co_pres_138_d1         |  out|    1|   ap_memory|               co_pres_138|         array|
|co_pres_137_address1   |  out|    6|   ap_memory|               co_pres_137|         array|
|co_pres_137_ce1        |  out|    1|   ap_memory|               co_pres_137|         array|
|co_pres_137_we1        |  out|    1|   ap_memory|               co_pres_137|         array|
|co_pres_137_d1         |  out|    1|   ap_memory|               co_pres_137|         array|
|co_pres_136_address1   |  out|    6|   ap_memory|               co_pres_136|         array|
|co_pres_136_ce1        |  out|    1|   ap_memory|               co_pres_136|         array|
|co_pres_136_we1        |  out|    1|   ap_memory|               co_pres_136|         array|
|co_pres_136_d1         |  out|    1|   ap_memory|               co_pres_136|         array|
|co_pres_135_address1   |  out|    6|   ap_memory|               co_pres_135|         array|
|co_pres_135_ce1        |  out|    1|   ap_memory|               co_pres_135|         array|
|co_pres_135_we1        |  out|    1|   ap_memory|               co_pres_135|         array|
|co_pres_135_d1         |  out|    1|   ap_memory|               co_pres_135|         array|
|co_pres_134_address1   |  out|    6|   ap_memory|               co_pres_134|         array|
|co_pres_134_ce1        |  out|    1|   ap_memory|               co_pres_134|         array|
|co_pres_134_we1        |  out|    1|   ap_memory|               co_pres_134|         array|
|co_pres_134_d1         |  out|    1|   ap_memory|               co_pres_134|         array|
|co_pres_133_address1   |  out|    6|   ap_memory|               co_pres_133|         array|
|co_pres_133_ce1        |  out|    1|   ap_memory|               co_pres_133|         array|
|co_pres_133_we1        |  out|    1|   ap_memory|               co_pres_133|         array|
|co_pres_133_d1         |  out|    1|   ap_memory|               co_pres_133|         array|
|co_pres_132_address1   |  out|    6|   ap_memory|               co_pres_132|         array|
|co_pres_132_ce1        |  out|    1|   ap_memory|               co_pres_132|         array|
|co_pres_132_we1        |  out|    1|   ap_memory|               co_pres_132|         array|
|co_pres_132_d1         |  out|    1|   ap_memory|               co_pres_132|         array|
|co_pres_131_address1   |  out|    6|   ap_memory|               co_pres_131|         array|
|co_pres_131_ce1        |  out|    1|   ap_memory|               co_pres_131|         array|
|co_pres_131_we1        |  out|    1|   ap_memory|               co_pres_131|         array|
|co_pres_131_d1         |  out|    1|   ap_memory|               co_pres_131|         array|
|co_pres_130_address1   |  out|    6|   ap_memory|               co_pres_130|         array|
|co_pres_130_ce1        |  out|    1|   ap_memory|               co_pres_130|         array|
|co_pres_130_we1        |  out|    1|   ap_memory|               co_pres_130|         array|
|co_pres_130_d1         |  out|    1|   ap_memory|               co_pres_130|         array|
|co_pres_129_address1   |  out|    6|   ap_memory|               co_pres_129|         array|
|co_pres_129_ce1        |  out|    1|   ap_memory|               co_pres_129|         array|
|co_pres_129_we1        |  out|    1|   ap_memory|               co_pres_129|         array|
|co_pres_129_d1         |  out|    1|   ap_memory|               co_pres_129|         array|
|co_pres_128_address1   |  out|    6|   ap_memory|               co_pres_128|         array|
|co_pres_128_ce1        |  out|    1|   ap_memory|               co_pres_128|         array|
|co_pres_128_we1        |  out|    1|   ap_memory|               co_pres_128|         array|
|co_pres_128_d1         |  out|    1|   ap_memory|               co_pres_128|         array|
|co_pres_127_address1   |  out|    6|   ap_memory|               co_pres_127|         array|
|co_pres_127_ce1        |  out|    1|   ap_memory|               co_pres_127|         array|
|co_pres_127_we1        |  out|    1|   ap_memory|               co_pres_127|         array|
|co_pres_127_d1         |  out|    1|   ap_memory|               co_pres_127|         array|
|co_pres_126_address1   |  out|    6|   ap_memory|               co_pres_126|         array|
|co_pres_126_ce1        |  out|    1|   ap_memory|               co_pres_126|         array|
|co_pres_126_we1        |  out|    1|   ap_memory|               co_pres_126|         array|
|co_pres_126_d1         |  out|    1|   ap_memory|               co_pres_126|         array|
|co_pres_125_address1   |  out|    6|   ap_memory|               co_pres_125|         array|
|co_pres_125_ce1        |  out|    1|   ap_memory|               co_pres_125|         array|
|co_pres_125_we1        |  out|    1|   ap_memory|               co_pres_125|         array|
|co_pres_125_d1         |  out|    1|   ap_memory|               co_pres_125|         array|
|co_pres_124_address1   |  out|    6|   ap_memory|               co_pres_124|         array|
|co_pres_124_ce1        |  out|    1|   ap_memory|               co_pres_124|         array|
|co_pres_124_we1        |  out|    1|   ap_memory|               co_pres_124|         array|
|co_pres_124_d1         |  out|    1|   ap_memory|               co_pres_124|         array|
|co_pres_123_address1   |  out|    6|   ap_memory|               co_pres_123|         array|
|co_pres_123_ce1        |  out|    1|   ap_memory|               co_pres_123|         array|
|co_pres_123_we1        |  out|    1|   ap_memory|               co_pres_123|         array|
|co_pres_123_d1         |  out|    1|   ap_memory|               co_pres_123|         array|
|co_pres_122_address1   |  out|    6|   ap_memory|               co_pres_122|         array|
|co_pres_122_ce1        |  out|    1|   ap_memory|               co_pres_122|         array|
|co_pres_122_we1        |  out|    1|   ap_memory|               co_pres_122|         array|
|co_pres_122_d1         |  out|    1|   ap_memory|               co_pres_122|         array|
|co_pres_121_address1   |  out|    6|   ap_memory|               co_pres_121|         array|
|co_pres_121_ce1        |  out|    1|   ap_memory|               co_pres_121|         array|
|co_pres_121_we1        |  out|    1|   ap_memory|               co_pres_121|         array|
|co_pres_121_d1         |  out|    1|   ap_memory|               co_pres_121|         array|
|co_pres_120_address1   |  out|    6|   ap_memory|               co_pres_120|         array|
|co_pres_120_ce1        |  out|    1|   ap_memory|               co_pres_120|         array|
|co_pres_120_we1        |  out|    1|   ap_memory|               co_pres_120|         array|
|co_pres_120_d1         |  out|    1|   ap_memory|               co_pres_120|         array|
|co_pres_119_address1   |  out|    6|   ap_memory|               co_pres_119|         array|
|co_pres_119_ce1        |  out|    1|   ap_memory|               co_pres_119|         array|
|co_pres_119_we1        |  out|    1|   ap_memory|               co_pres_119|         array|
|co_pres_119_d1         |  out|    1|   ap_memory|               co_pres_119|         array|
|co_pres_118_address1   |  out|    6|   ap_memory|               co_pres_118|         array|
|co_pres_118_ce1        |  out|    1|   ap_memory|               co_pres_118|         array|
|co_pres_118_we1        |  out|    1|   ap_memory|               co_pres_118|         array|
|co_pres_118_d1         |  out|    1|   ap_memory|               co_pres_118|         array|
|co_pres_117_address1   |  out|    6|   ap_memory|               co_pres_117|         array|
|co_pres_117_ce1        |  out|    1|   ap_memory|               co_pres_117|         array|
|co_pres_117_we1        |  out|    1|   ap_memory|               co_pres_117|         array|
|co_pres_117_d1         |  out|    1|   ap_memory|               co_pres_117|         array|
|co_pres_116_address1   |  out|    6|   ap_memory|               co_pres_116|         array|
|co_pres_116_ce1        |  out|    1|   ap_memory|               co_pres_116|         array|
|co_pres_116_we1        |  out|    1|   ap_memory|               co_pres_116|         array|
|co_pres_116_d1         |  out|    1|   ap_memory|               co_pres_116|         array|
|co_pres_115_address1   |  out|    6|   ap_memory|               co_pres_115|         array|
|co_pres_115_ce1        |  out|    1|   ap_memory|               co_pres_115|         array|
|co_pres_115_we1        |  out|    1|   ap_memory|               co_pres_115|         array|
|co_pres_115_d1         |  out|    1|   ap_memory|               co_pres_115|         array|
|co_pres_114_address1   |  out|    6|   ap_memory|               co_pres_114|         array|
|co_pres_114_ce1        |  out|    1|   ap_memory|               co_pres_114|         array|
|co_pres_114_we1        |  out|    1|   ap_memory|               co_pres_114|         array|
|co_pres_114_d1         |  out|    1|   ap_memory|               co_pres_114|         array|
|co_pres_113_address1   |  out|    6|   ap_memory|               co_pres_113|         array|
|co_pres_113_ce1        |  out|    1|   ap_memory|               co_pres_113|         array|
|co_pres_113_we1        |  out|    1|   ap_memory|               co_pres_113|         array|
|co_pres_113_d1         |  out|    1|   ap_memory|               co_pres_113|         array|
|co_pres_112_address1   |  out|    6|   ap_memory|               co_pres_112|         array|
|co_pres_112_ce1        |  out|    1|   ap_memory|               co_pres_112|         array|
|co_pres_112_we1        |  out|    1|   ap_memory|               co_pres_112|         array|
|co_pres_112_d1         |  out|    1|   ap_memory|               co_pres_112|         array|
|co_pres_111_address1   |  out|    6|   ap_memory|               co_pres_111|         array|
|co_pres_111_ce1        |  out|    1|   ap_memory|               co_pres_111|         array|
|co_pres_111_we1        |  out|    1|   ap_memory|               co_pres_111|         array|
|co_pres_111_d1         |  out|    1|   ap_memory|               co_pres_111|         array|
|co_pres_110_address1   |  out|    6|   ap_memory|               co_pres_110|         array|
|co_pres_110_ce1        |  out|    1|   ap_memory|               co_pres_110|         array|
|co_pres_110_we1        |  out|    1|   ap_memory|               co_pres_110|         array|
|co_pres_110_d1         |  out|    1|   ap_memory|               co_pres_110|         array|
|co_pres_109_address1   |  out|    6|   ap_memory|               co_pres_109|         array|
|co_pres_109_ce1        |  out|    1|   ap_memory|               co_pres_109|         array|
|co_pres_109_we1        |  out|    1|   ap_memory|               co_pres_109|         array|
|co_pres_109_d1         |  out|    1|   ap_memory|               co_pres_109|         array|
|co_pres_108_address1   |  out|    6|   ap_memory|               co_pres_108|         array|
|co_pres_108_ce1        |  out|    1|   ap_memory|               co_pres_108|         array|
|co_pres_108_we1        |  out|    1|   ap_memory|               co_pres_108|         array|
|co_pres_108_d1         |  out|    1|   ap_memory|               co_pres_108|         array|
|co_pres_107_address1   |  out|    6|   ap_memory|               co_pres_107|         array|
|co_pres_107_ce1        |  out|    1|   ap_memory|               co_pres_107|         array|
|co_pres_107_we1        |  out|    1|   ap_memory|               co_pres_107|         array|
|co_pres_107_d1         |  out|    1|   ap_memory|               co_pres_107|         array|
|co_pres_106_address1   |  out|    6|   ap_memory|               co_pres_106|         array|
|co_pres_106_ce1        |  out|    1|   ap_memory|               co_pres_106|         array|
|co_pres_106_we1        |  out|    1|   ap_memory|               co_pres_106|         array|
|co_pres_106_d1         |  out|    1|   ap_memory|               co_pres_106|         array|
|co_pres_105_address1   |  out|    6|   ap_memory|               co_pres_105|         array|
|co_pres_105_ce1        |  out|    1|   ap_memory|               co_pres_105|         array|
|co_pres_105_we1        |  out|    1|   ap_memory|               co_pres_105|         array|
|co_pres_105_d1         |  out|    1|   ap_memory|               co_pres_105|         array|
|co_pres_104_address1   |  out|    6|   ap_memory|               co_pres_104|         array|
|co_pres_104_ce1        |  out|    1|   ap_memory|               co_pres_104|         array|
|co_pres_104_we1        |  out|    1|   ap_memory|               co_pres_104|         array|
|co_pres_104_d1         |  out|    1|   ap_memory|               co_pres_104|         array|
|co_pres_103_address1   |  out|    6|   ap_memory|               co_pres_103|         array|
|co_pres_103_ce1        |  out|    1|   ap_memory|               co_pres_103|         array|
|co_pres_103_we1        |  out|    1|   ap_memory|               co_pres_103|         array|
|co_pres_103_d1         |  out|    1|   ap_memory|               co_pres_103|         array|
|co_pres_102_address1   |  out|    6|   ap_memory|               co_pres_102|         array|
|co_pres_102_ce1        |  out|    1|   ap_memory|               co_pres_102|         array|
|co_pres_102_we1        |  out|    1|   ap_memory|               co_pres_102|         array|
|co_pres_102_d1         |  out|    1|   ap_memory|               co_pres_102|         array|
|co_pres_101_address1   |  out|    6|   ap_memory|               co_pres_101|         array|
|co_pres_101_ce1        |  out|    1|   ap_memory|               co_pres_101|         array|
|co_pres_101_we1        |  out|    1|   ap_memory|               co_pres_101|         array|
|co_pres_101_d1         |  out|    1|   ap_memory|               co_pres_101|         array|
|co_pres_100_address1   |  out|    6|   ap_memory|               co_pres_100|         array|
|co_pres_100_ce1        |  out|    1|   ap_memory|               co_pres_100|         array|
|co_pres_100_we1        |  out|    1|   ap_memory|               co_pres_100|         array|
|co_pres_100_d1         |  out|    1|   ap_memory|               co_pres_100|         array|
|co_pres_99_address1    |  out|    6|   ap_memory|                co_pres_99|         array|
|co_pres_99_ce1         |  out|    1|   ap_memory|                co_pres_99|         array|
|co_pres_99_we1         |  out|    1|   ap_memory|                co_pres_99|         array|
|co_pres_99_d1          |  out|    1|   ap_memory|                co_pres_99|         array|
|co_pres_98_address1    |  out|    6|   ap_memory|                co_pres_98|         array|
|co_pres_98_ce1         |  out|    1|   ap_memory|                co_pres_98|         array|
|co_pres_98_we1         |  out|    1|   ap_memory|                co_pres_98|         array|
|co_pres_98_d1          |  out|    1|   ap_memory|                co_pres_98|         array|
|co_pres_97_address1    |  out|    6|   ap_memory|                co_pres_97|         array|
|co_pres_97_ce1         |  out|    1|   ap_memory|                co_pres_97|         array|
|co_pres_97_we1         |  out|    1|   ap_memory|                co_pres_97|         array|
|co_pres_97_d1          |  out|    1|   ap_memory|                co_pres_97|         array|
|co_pres_96_address1    |  out|    6|   ap_memory|                co_pres_96|         array|
|co_pres_96_ce1         |  out|    1|   ap_memory|                co_pres_96|         array|
|co_pres_96_we1         |  out|    1|   ap_memory|                co_pres_96|         array|
|co_pres_96_d1          |  out|    1|   ap_memory|                co_pres_96|         array|
|co_pres_95_address1    |  out|    6|   ap_memory|                co_pres_95|         array|
|co_pres_95_ce1         |  out|    1|   ap_memory|                co_pres_95|         array|
|co_pres_95_we1         |  out|    1|   ap_memory|                co_pres_95|         array|
|co_pres_95_d1          |  out|    1|   ap_memory|                co_pres_95|         array|
|co_pres_94_address1    |  out|    6|   ap_memory|                co_pres_94|         array|
|co_pres_94_ce1         |  out|    1|   ap_memory|                co_pres_94|         array|
|co_pres_94_we1         |  out|    1|   ap_memory|                co_pres_94|         array|
|co_pres_94_d1          |  out|    1|   ap_memory|                co_pres_94|         array|
|co_pres_93_address1    |  out|    6|   ap_memory|                co_pres_93|         array|
|co_pres_93_ce1         |  out|    1|   ap_memory|                co_pres_93|         array|
|co_pres_93_we1         |  out|    1|   ap_memory|                co_pres_93|         array|
|co_pres_93_d1          |  out|    1|   ap_memory|                co_pres_93|         array|
|co_pres_92_address1    |  out|    6|   ap_memory|                co_pres_92|         array|
|co_pres_92_ce1         |  out|    1|   ap_memory|                co_pres_92|         array|
|co_pres_92_we1         |  out|    1|   ap_memory|                co_pres_92|         array|
|co_pres_92_d1          |  out|    1|   ap_memory|                co_pres_92|         array|
|co_pres_91_address1    |  out|    6|   ap_memory|                co_pres_91|         array|
|co_pres_91_ce1         |  out|    1|   ap_memory|                co_pres_91|         array|
|co_pres_91_we1         |  out|    1|   ap_memory|                co_pres_91|         array|
|co_pres_91_d1          |  out|    1|   ap_memory|                co_pres_91|         array|
|co_pres_90_address1    |  out|    6|   ap_memory|                co_pres_90|         array|
|co_pres_90_ce1         |  out|    1|   ap_memory|                co_pres_90|         array|
|co_pres_90_we1         |  out|    1|   ap_memory|                co_pres_90|         array|
|co_pres_90_d1          |  out|    1|   ap_memory|                co_pres_90|         array|
|co_pres_89_address1    |  out|    6|   ap_memory|                co_pres_89|         array|
|co_pres_89_ce1         |  out|    1|   ap_memory|                co_pres_89|         array|
|co_pres_89_we1         |  out|    1|   ap_memory|                co_pres_89|         array|
|co_pres_89_d1          |  out|    1|   ap_memory|                co_pres_89|         array|
|co_pres_88_address1    |  out|    6|   ap_memory|                co_pres_88|         array|
|co_pres_88_ce1         |  out|    1|   ap_memory|                co_pres_88|         array|
|co_pres_88_we1         |  out|    1|   ap_memory|                co_pres_88|         array|
|co_pres_88_d1          |  out|    1|   ap_memory|                co_pres_88|         array|
|co_pres_87_address1    |  out|    6|   ap_memory|                co_pres_87|         array|
|co_pres_87_ce1         |  out|    1|   ap_memory|                co_pres_87|         array|
|co_pres_87_we1         |  out|    1|   ap_memory|                co_pres_87|         array|
|co_pres_87_d1          |  out|    1|   ap_memory|                co_pres_87|         array|
|co_pres_86_address1    |  out|    6|   ap_memory|                co_pres_86|         array|
|co_pres_86_ce1         |  out|    1|   ap_memory|                co_pres_86|         array|
|co_pres_86_we1         |  out|    1|   ap_memory|                co_pres_86|         array|
|co_pres_86_d1          |  out|    1|   ap_memory|                co_pres_86|         array|
|co_pres_85_address1    |  out|    6|   ap_memory|                co_pres_85|         array|
|co_pres_85_ce1         |  out|    1|   ap_memory|                co_pres_85|         array|
|co_pres_85_we1         |  out|    1|   ap_memory|                co_pres_85|         array|
|co_pres_85_d1          |  out|    1|   ap_memory|                co_pres_85|         array|
|co_pres_84_address1    |  out|    6|   ap_memory|                co_pres_84|         array|
|co_pres_84_ce1         |  out|    1|   ap_memory|                co_pres_84|         array|
|co_pres_84_we1         |  out|    1|   ap_memory|                co_pres_84|         array|
|co_pres_84_d1          |  out|    1|   ap_memory|                co_pres_84|         array|
|co_pres_83_address1    |  out|    6|   ap_memory|                co_pres_83|         array|
|co_pres_83_ce1         |  out|    1|   ap_memory|                co_pres_83|         array|
|co_pres_83_we1         |  out|    1|   ap_memory|                co_pres_83|         array|
|co_pres_83_d1          |  out|    1|   ap_memory|                co_pres_83|         array|
|co_pres_82_address1    |  out|    6|   ap_memory|                co_pres_82|         array|
|co_pres_82_ce1         |  out|    1|   ap_memory|                co_pres_82|         array|
|co_pres_82_we1         |  out|    1|   ap_memory|                co_pres_82|         array|
|co_pres_82_d1          |  out|    1|   ap_memory|                co_pres_82|         array|
|co_pres_81_address1    |  out|    6|   ap_memory|                co_pres_81|         array|
|co_pres_81_ce1         |  out|    1|   ap_memory|                co_pres_81|         array|
|co_pres_81_we1         |  out|    1|   ap_memory|                co_pres_81|         array|
|co_pres_81_d1          |  out|    1|   ap_memory|                co_pres_81|         array|
|co_pres_80_address1    |  out|    6|   ap_memory|                co_pres_80|         array|
|co_pres_80_ce1         |  out|    1|   ap_memory|                co_pres_80|         array|
|co_pres_80_we1         |  out|    1|   ap_memory|                co_pres_80|         array|
|co_pres_80_d1          |  out|    1|   ap_memory|                co_pres_80|         array|
|co_pres_79_address1    |  out|    6|   ap_memory|                co_pres_79|         array|
|co_pres_79_ce1         |  out|    1|   ap_memory|                co_pres_79|         array|
|co_pres_79_we1         |  out|    1|   ap_memory|                co_pres_79|         array|
|co_pres_79_d1          |  out|    1|   ap_memory|                co_pres_79|         array|
|co_pres_78_address1    |  out|    6|   ap_memory|                co_pres_78|         array|
|co_pres_78_ce1         |  out|    1|   ap_memory|                co_pres_78|         array|
|co_pres_78_we1         |  out|    1|   ap_memory|                co_pres_78|         array|
|co_pres_78_d1          |  out|    1|   ap_memory|                co_pres_78|         array|
|co_pres_77_address1    |  out|    6|   ap_memory|                co_pres_77|         array|
|co_pres_77_ce1         |  out|    1|   ap_memory|                co_pres_77|         array|
|co_pres_77_we1         |  out|    1|   ap_memory|                co_pres_77|         array|
|co_pres_77_d1          |  out|    1|   ap_memory|                co_pres_77|         array|
|co_pres_76_address1    |  out|    6|   ap_memory|                co_pres_76|         array|
|co_pres_76_ce1         |  out|    1|   ap_memory|                co_pres_76|         array|
|co_pres_76_we1         |  out|    1|   ap_memory|                co_pres_76|         array|
|co_pres_76_d1          |  out|    1|   ap_memory|                co_pres_76|         array|
|co_pres_75_address1    |  out|    6|   ap_memory|                co_pres_75|         array|
|co_pres_75_ce1         |  out|    1|   ap_memory|                co_pres_75|         array|
|co_pres_75_we1         |  out|    1|   ap_memory|                co_pres_75|         array|
|co_pres_75_d1          |  out|    1|   ap_memory|                co_pres_75|         array|
|co_pres_74_address1    |  out|    6|   ap_memory|                co_pres_74|         array|
|co_pres_74_ce1         |  out|    1|   ap_memory|                co_pres_74|         array|
|co_pres_74_we1         |  out|    1|   ap_memory|                co_pres_74|         array|
|co_pres_74_d1          |  out|    1|   ap_memory|                co_pres_74|         array|
|co_pres_73_address1    |  out|    6|   ap_memory|                co_pres_73|         array|
|co_pres_73_ce1         |  out|    1|   ap_memory|                co_pres_73|         array|
|co_pres_73_we1         |  out|    1|   ap_memory|                co_pres_73|         array|
|co_pres_73_d1          |  out|    1|   ap_memory|                co_pres_73|         array|
|co_pres_72_address1    |  out|    6|   ap_memory|                co_pres_72|         array|
|co_pres_72_ce1         |  out|    1|   ap_memory|                co_pres_72|         array|
|co_pres_72_we1         |  out|    1|   ap_memory|                co_pres_72|         array|
|co_pres_72_d1          |  out|    1|   ap_memory|                co_pres_72|         array|
|co_pres_71_address1    |  out|    6|   ap_memory|                co_pres_71|         array|
|co_pres_71_ce1         |  out|    1|   ap_memory|                co_pres_71|         array|
|co_pres_71_we1         |  out|    1|   ap_memory|                co_pres_71|         array|
|co_pres_71_d1          |  out|    1|   ap_memory|                co_pres_71|         array|
|co_pres_70_address1    |  out|    6|   ap_memory|                co_pres_70|         array|
|co_pres_70_ce1         |  out|    1|   ap_memory|                co_pres_70|         array|
|co_pres_70_we1         |  out|    1|   ap_memory|                co_pres_70|         array|
|co_pres_70_d1          |  out|    1|   ap_memory|                co_pres_70|         array|
|co_pres_69_address1    |  out|    6|   ap_memory|                co_pres_69|         array|
|co_pres_69_ce1         |  out|    1|   ap_memory|                co_pres_69|         array|
|co_pres_69_we1         |  out|    1|   ap_memory|                co_pres_69|         array|
|co_pres_69_d1          |  out|    1|   ap_memory|                co_pres_69|         array|
|co_pres_68_address1    |  out|    6|   ap_memory|                co_pres_68|         array|
|co_pres_68_ce1         |  out|    1|   ap_memory|                co_pres_68|         array|
|co_pres_68_we1         |  out|    1|   ap_memory|                co_pres_68|         array|
|co_pres_68_d1          |  out|    1|   ap_memory|                co_pres_68|         array|
|co_pres_67_address1    |  out|    6|   ap_memory|                co_pres_67|         array|
|co_pres_67_ce1         |  out|    1|   ap_memory|                co_pres_67|         array|
|co_pres_67_we1         |  out|    1|   ap_memory|                co_pres_67|         array|
|co_pres_67_d1          |  out|    1|   ap_memory|                co_pres_67|         array|
|co_pres_66_address1    |  out|    6|   ap_memory|                co_pres_66|         array|
|co_pres_66_ce1         |  out|    1|   ap_memory|                co_pres_66|         array|
|co_pres_66_we1         |  out|    1|   ap_memory|                co_pres_66|         array|
|co_pres_66_d1          |  out|    1|   ap_memory|                co_pres_66|         array|
|co_pres_65_address1    |  out|    6|   ap_memory|                co_pres_65|         array|
|co_pres_65_ce1         |  out|    1|   ap_memory|                co_pres_65|         array|
|co_pres_65_we1         |  out|    1|   ap_memory|                co_pres_65|         array|
|co_pres_65_d1          |  out|    1|   ap_memory|                co_pres_65|         array|
|co_pres_64_address1    |  out|    6|   ap_memory|                co_pres_64|         array|
|co_pres_64_ce1         |  out|    1|   ap_memory|                co_pres_64|         array|
|co_pres_64_we1         |  out|    1|   ap_memory|                co_pres_64|         array|
|co_pres_64_d1          |  out|    1|   ap_memory|                co_pres_64|         array|
|co_pres_63_address1    |  out|    6|   ap_memory|                co_pres_63|         array|
|co_pres_63_ce1         |  out|    1|   ap_memory|                co_pres_63|         array|
|co_pres_63_we1         |  out|    1|   ap_memory|                co_pres_63|         array|
|co_pres_63_d1          |  out|    1|   ap_memory|                co_pres_63|         array|
|co_pres_62_address1    |  out|    6|   ap_memory|                co_pres_62|         array|
|co_pres_62_ce1         |  out|    1|   ap_memory|                co_pres_62|         array|
|co_pres_62_we1         |  out|    1|   ap_memory|                co_pres_62|         array|
|co_pres_62_d1          |  out|    1|   ap_memory|                co_pres_62|         array|
|co_pres_61_address1    |  out|    6|   ap_memory|                co_pres_61|         array|
|co_pres_61_ce1         |  out|    1|   ap_memory|                co_pres_61|         array|
|co_pres_61_we1         |  out|    1|   ap_memory|                co_pres_61|         array|
|co_pres_61_d1          |  out|    1|   ap_memory|                co_pres_61|         array|
|co_pres_60_address1    |  out|    6|   ap_memory|                co_pres_60|         array|
|co_pres_60_ce1         |  out|    1|   ap_memory|                co_pres_60|         array|
|co_pres_60_we1         |  out|    1|   ap_memory|                co_pres_60|         array|
|co_pres_60_d1          |  out|    1|   ap_memory|                co_pres_60|         array|
|co_pres_59_address1    |  out|    6|   ap_memory|                co_pres_59|         array|
|co_pres_59_ce1         |  out|    1|   ap_memory|                co_pres_59|         array|
|co_pres_59_we1         |  out|    1|   ap_memory|                co_pres_59|         array|
|co_pres_59_d1          |  out|    1|   ap_memory|                co_pres_59|         array|
|co_pres_58_address1    |  out|    6|   ap_memory|                co_pres_58|         array|
|co_pres_58_ce1         |  out|    1|   ap_memory|                co_pres_58|         array|
|co_pres_58_we1         |  out|    1|   ap_memory|                co_pres_58|         array|
|co_pres_58_d1          |  out|    1|   ap_memory|                co_pres_58|         array|
|co_pres_57_address1    |  out|    6|   ap_memory|                co_pres_57|         array|
|co_pres_57_ce1         |  out|    1|   ap_memory|                co_pres_57|         array|
|co_pres_57_we1         |  out|    1|   ap_memory|                co_pres_57|         array|
|co_pres_57_d1          |  out|    1|   ap_memory|                co_pres_57|         array|
|co_pres_56_address1    |  out|    6|   ap_memory|                co_pres_56|         array|
|co_pres_56_ce1         |  out|    1|   ap_memory|                co_pres_56|         array|
|co_pres_56_we1         |  out|    1|   ap_memory|                co_pres_56|         array|
|co_pres_56_d1          |  out|    1|   ap_memory|                co_pres_56|         array|
|co_pres_55_address1    |  out|    6|   ap_memory|                co_pres_55|         array|
|co_pres_55_ce1         |  out|    1|   ap_memory|                co_pres_55|         array|
|co_pres_55_we1         |  out|    1|   ap_memory|                co_pres_55|         array|
|co_pres_55_d1          |  out|    1|   ap_memory|                co_pres_55|         array|
|co_pres_54_address1    |  out|    6|   ap_memory|                co_pres_54|         array|
|co_pres_54_ce1         |  out|    1|   ap_memory|                co_pres_54|         array|
|co_pres_54_we1         |  out|    1|   ap_memory|                co_pres_54|         array|
|co_pres_54_d1          |  out|    1|   ap_memory|                co_pres_54|         array|
|co_pres_53_address1    |  out|    6|   ap_memory|                co_pres_53|         array|
|co_pres_53_ce1         |  out|    1|   ap_memory|                co_pres_53|         array|
|co_pres_53_we1         |  out|    1|   ap_memory|                co_pres_53|         array|
|co_pres_53_d1          |  out|    1|   ap_memory|                co_pres_53|         array|
|co_pres_52_address1    |  out|    6|   ap_memory|                co_pres_52|         array|
|co_pres_52_ce1         |  out|    1|   ap_memory|                co_pres_52|         array|
|co_pres_52_we1         |  out|    1|   ap_memory|                co_pres_52|         array|
|co_pres_52_d1          |  out|    1|   ap_memory|                co_pres_52|         array|
|co_pres_51_address1    |  out|    6|   ap_memory|                co_pres_51|         array|
|co_pres_51_ce1         |  out|    1|   ap_memory|                co_pres_51|         array|
|co_pres_51_we1         |  out|    1|   ap_memory|                co_pres_51|         array|
|co_pres_51_d1          |  out|    1|   ap_memory|                co_pres_51|         array|
|co_pres_50_address1    |  out|    6|   ap_memory|                co_pres_50|         array|
|co_pres_50_ce1         |  out|    1|   ap_memory|                co_pres_50|         array|
|co_pres_50_we1         |  out|    1|   ap_memory|                co_pres_50|         array|
|co_pres_50_d1          |  out|    1|   ap_memory|                co_pres_50|         array|
|co_pres_49_address1    |  out|    6|   ap_memory|                co_pres_49|         array|
|co_pres_49_ce1         |  out|    1|   ap_memory|                co_pres_49|         array|
|co_pres_49_we1         |  out|    1|   ap_memory|                co_pres_49|         array|
|co_pres_49_d1          |  out|    1|   ap_memory|                co_pres_49|         array|
|co_pres_48_address1    |  out|    6|   ap_memory|                co_pres_48|         array|
|co_pres_48_ce1         |  out|    1|   ap_memory|                co_pres_48|         array|
|co_pres_48_we1         |  out|    1|   ap_memory|                co_pres_48|         array|
|co_pres_48_d1          |  out|    1|   ap_memory|                co_pres_48|         array|
|co_pres_47_address1    |  out|    6|   ap_memory|                co_pres_47|         array|
|co_pres_47_ce1         |  out|    1|   ap_memory|                co_pres_47|         array|
|co_pres_47_we1         |  out|    1|   ap_memory|                co_pres_47|         array|
|co_pres_47_d1          |  out|    1|   ap_memory|                co_pres_47|         array|
|co_pres_46_address1    |  out|    6|   ap_memory|                co_pres_46|         array|
|co_pres_46_ce1         |  out|    1|   ap_memory|                co_pres_46|         array|
|co_pres_46_we1         |  out|    1|   ap_memory|                co_pres_46|         array|
|co_pres_46_d1          |  out|    1|   ap_memory|                co_pres_46|         array|
|co_pres_45_address1    |  out|    6|   ap_memory|                co_pres_45|         array|
|co_pres_45_ce1         |  out|    1|   ap_memory|                co_pres_45|         array|
|co_pres_45_we1         |  out|    1|   ap_memory|                co_pres_45|         array|
|co_pres_45_d1          |  out|    1|   ap_memory|                co_pres_45|         array|
|co_pres_44_address1    |  out|    6|   ap_memory|                co_pres_44|         array|
|co_pres_44_ce1         |  out|    1|   ap_memory|                co_pres_44|         array|
|co_pres_44_we1         |  out|    1|   ap_memory|                co_pres_44|         array|
|co_pres_44_d1          |  out|    1|   ap_memory|                co_pres_44|         array|
|co_pres_43_address1    |  out|    6|   ap_memory|                co_pres_43|         array|
|co_pres_43_ce1         |  out|    1|   ap_memory|                co_pres_43|         array|
|co_pres_43_we1         |  out|    1|   ap_memory|                co_pres_43|         array|
|co_pres_43_d1          |  out|    1|   ap_memory|                co_pres_43|         array|
|co_pres_42_address1    |  out|    6|   ap_memory|                co_pres_42|         array|
|co_pres_42_ce1         |  out|    1|   ap_memory|                co_pres_42|         array|
|co_pres_42_we1         |  out|    1|   ap_memory|                co_pres_42|         array|
|co_pres_42_d1          |  out|    1|   ap_memory|                co_pres_42|         array|
|co_pres_41_address1    |  out|    6|   ap_memory|                co_pres_41|         array|
|co_pres_41_ce1         |  out|    1|   ap_memory|                co_pres_41|         array|
|co_pres_41_we1         |  out|    1|   ap_memory|                co_pres_41|         array|
|co_pres_41_d1          |  out|    1|   ap_memory|                co_pres_41|         array|
|co_pres_40_address1    |  out|    6|   ap_memory|                co_pres_40|         array|
|co_pres_40_ce1         |  out|    1|   ap_memory|                co_pres_40|         array|
|co_pres_40_we1         |  out|    1|   ap_memory|                co_pres_40|         array|
|co_pres_40_d1          |  out|    1|   ap_memory|                co_pres_40|         array|
|co_pres_39_address1    |  out|    6|   ap_memory|                co_pres_39|         array|
|co_pres_39_ce1         |  out|    1|   ap_memory|                co_pres_39|         array|
|co_pres_39_we1         |  out|    1|   ap_memory|                co_pres_39|         array|
|co_pres_39_d1          |  out|    1|   ap_memory|                co_pres_39|         array|
|co_pres_38_address1    |  out|    6|   ap_memory|                co_pres_38|         array|
|co_pres_38_ce1         |  out|    1|   ap_memory|                co_pres_38|         array|
|co_pres_38_we1         |  out|    1|   ap_memory|                co_pres_38|         array|
|co_pres_38_d1          |  out|    1|   ap_memory|                co_pres_38|         array|
|co_pres_37_address1    |  out|    6|   ap_memory|                co_pres_37|         array|
|co_pres_37_ce1         |  out|    1|   ap_memory|                co_pres_37|         array|
|co_pres_37_we1         |  out|    1|   ap_memory|                co_pres_37|         array|
|co_pres_37_d1          |  out|    1|   ap_memory|                co_pres_37|         array|
|co_pres_36_address1    |  out|    6|   ap_memory|                co_pres_36|         array|
|co_pres_36_ce1         |  out|    1|   ap_memory|                co_pres_36|         array|
|co_pres_36_we1         |  out|    1|   ap_memory|                co_pres_36|         array|
|co_pres_36_d1          |  out|    1|   ap_memory|                co_pres_36|         array|
|co_pres_35_address1    |  out|    6|   ap_memory|                co_pres_35|         array|
|co_pres_35_ce1         |  out|    1|   ap_memory|                co_pres_35|         array|
|co_pres_35_we1         |  out|    1|   ap_memory|                co_pres_35|         array|
|co_pres_35_d1          |  out|    1|   ap_memory|                co_pres_35|         array|
|co_pres_34_address1    |  out|    6|   ap_memory|                co_pres_34|         array|
|co_pres_34_ce1         |  out|    1|   ap_memory|                co_pres_34|         array|
|co_pres_34_we1         |  out|    1|   ap_memory|                co_pres_34|         array|
|co_pres_34_d1          |  out|    1|   ap_memory|                co_pres_34|         array|
|co_pres_33_address1    |  out|    6|   ap_memory|                co_pres_33|         array|
|co_pres_33_ce1         |  out|    1|   ap_memory|                co_pres_33|         array|
|co_pres_33_we1         |  out|    1|   ap_memory|                co_pres_33|         array|
|co_pres_33_d1          |  out|    1|   ap_memory|                co_pres_33|         array|
|co_pres_32_address1    |  out|    6|   ap_memory|                co_pres_32|         array|
|co_pres_32_ce1         |  out|    1|   ap_memory|                co_pres_32|         array|
|co_pres_32_we1         |  out|    1|   ap_memory|                co_pres_32|         array|
|co_pres_32_d1          |  out|    1|   ap_memory|                co_pres_32|         array|
|co_pres_31_address1    |  out|    6|   ap_memory|                co_pres_31|         array|
|co_pres_31_ce1         |  out|    1|   ap_memory|                co_pres_31|         array|
|co_pres_31_we1         |  out|    1|   ap_memory|                co_pres_31|         array|
|co_pres_31_d1          |  out|    1|   ap_memory|                co_pres_31|         array|
|co_pres_30_address1    |  out|    6|   ap_memory|                co_pres_30|         array|
|co_pres_30_ce1         |  out|    1|   ap_memory|                co_pres_30|         array|
|co_pres_30_we1         |  out|    1|   ap_memory|                co_pres_30|         array|
|co_pres_30_d1          |  out|    1|   ap_memory|                co_pres_30|         array|
|co_pres_29_address1    |  out|    6|   ap_memory|                co_pres_29|         array|
|co_pres_29_ce1         |  out|    1|   ap_memory|                co_pres_29|         array|
|co_pres_29_we1         |  out|    1|   ap_memory|                co_pres_29|         array|
|co_pres_29_d1          |  out|    1|   ap_memory|                co_pres_29|         array|
|co_pres_28_address1    |  out|    6|   ap_memory|                co_pres_28|         array|
|co_pres_28_ce1         |  out|    1|   ap_memory|                co_pres_28|         array|
|co_pres_28_we1         |  out|    1|   ap_memory|                co_pres_28|         array|
|co_pres_28_d1          |  out|    1|   ap_memory|                co_pres_28|         array|
|co_pres_27_address1    |  out|    6|   ap_memory|                co_pres_27|         array|
|co_pres_27_ce1         |  out|    1|   ap_memory|                co_pres_27|         array|
|co_pres_27_we1         |  out|    1|   ap_memory|                co_pres_27|         array|
|co_pres_27_d1          |  out|    1|   ap_memory|                co_pres_27|         array|
|co_pres_26_address1    |  out|    6|   ap_memory|                co_pres_26|         array|
|co_pres_26_ce1         |  out|    1|   ap_memory|                co_pres_26|         array|
|co_pres_26_we1         |  out|    1|   ap_memory|                co_pres_26|         array|
|co_pres_26_d1          |  out|    1|   ap_memory|                co_pres_26|         array|
|co_pres_25_address1    |  out|    6|   ap_memory|                co_pres_25|         array|
|co_pres_25_ce1         |  out|    1|   ap_memory|                co_pres_25|         array|
|co_pres_25_we1         |  out|    1|   ap_memory|                co_pres_25|         array|
|co_pres_25_d1          |  out|    1|   ap_memory|                co_pres_25|         array|
|co_pres_24_address1    |  out|    6|   ap_memory|                co_pres_24|         array|
|co_pres_24_ce1         |  out|    1|   ap_memory|                co_pres_24|         array|
|co_pres_24_we1         |  out|    1|   ap_memory|                co_pres_24|         array|
|co_pres_24_d1          |  out|    1|   ap_memory|                co_pres_24|         array|
|co_pres_23_address1    |  out|    6|   ap_memory|                co_pres_23|         array|
|co_pres_23_ce1         |  out|    1|   ap_memory|                co_pres_23|         array|
|co_pres_23_we1         |  out|    1|   ap_memory|                co_pres_23|         array|
|co_pres_23_d1          |  out|    1|   ap_memory|                co_pres_23|         array|
|co_pres_22_address1    |  out|    6|   ap_memory|                co_pres_22|         array|
|co_pres_22_ce1         |  out|    1|   ap_memory|                co_pres_22|         array|
|co_pres_22_we1         |  out|    1|   ap_memory|                co_pres_22|         array|
|co_pres_22_d1          |  out|    1|   ap_memory|                co_pres_22|         array|
|co_pres_21_address1    |  out|    6|   ap_memory|                co_pres_21|         array|
|co_pres_21_ce1         |  out|    1|   ap_memory|                co_pres_21|         array|
|co_pres_21_we1         |  out|    1|   ap_memory|                co_pres_21|         array|
|co_pres_21_d1          |  out|    1|   ap_memory|                co_pres_21|         array|
|co_pres_20_address1    |  out|    6|   ap_memory|                co_pres_20|         array|
|co_pres_20_ce1         |  out|    1|   ap_memory|                co_pres_20|         array|
|co_pres_20_we1         |  out|    1|   ap_memory|                co_pres_20|         array|
|co_pres_20_d1          |  out|    1|   ap_memory|                co_pres_20|         array|
|co_pres_19_address1    |  out|    6|   ap_memory|                co_pres_19|         array|
|co_pres_19_ce1         |  out|    1|   ap_memory|                co_pres_19|         array|
|co_pres_19_we1         |  out|    1|   ap_memory|                co_pres_19|         array|
|co_pres_19_d1          |  out|    1|   ap_memory|                co_pres_19|         array|
|co_pres_18_address1    |  out|    6|   ap_memory|                co_pres_18|         array|
|co_pres_18_ce1         |  out|    1|   ap_memory|                co_pres_18|         array|
|co_pres_18_we1         |  out|    1|   ap_memory|                co_pres_18|         array|
|co_pres_18_d1          |  out|    1|   ap_memory|                co_pres_18|         array|
|co_pres_17_address1    |  out|    6|   ap_memory|                co_pres_17|         array|
|co_pres_17_ce1         |  out|    1|   ap_memory|                co_pres_17|         array|
|co_pres_17_we1         |  out|    1|   ap_memory|                co_pres_17|         array|
|co_pres_17_d1          |  out|    1|   ap_memory|                co_pres_17|         array|
|co_pres_16_address1    |  out|    6|   ap_memory|                co_pres_16|         array|
|co_pres_16_ce1         |  out|    1|   ap_memory|                co_pres_16|         array|
|co_pres_16_we1         |  out|    1|   ap_memory|                co_pres_16|         array|
|co_pres_16_d1          |  out|    1|   ap_memory|                co_pres_16|         array|
|co_pres_15_address1    |  out|    6|   ap_memory|                co_pres_15|         array|
|co_pres_15_ce1         |  out|    1|   ap_memory|                co_pres_15|         array|
|co_pres_15_we1         |  out|    1|   ap_memory|                co_pres_15|         array|
|co_pres_15_d1          |  out|    1|   ap_memory|                co_pres_15|         array|
|co_pres_14_address1    |  out|    6|   ap_memory|                co_pres_14|         array|
|co_pres_14_ce1         |  out|    1|   ap_memory|                co_pres_14|         array|
|co_pres_14_we1         |  out|    1|   ap_memory|                co_pres_14|         array|
|co_pres_14_d1          |  out|    1|   ap_memory|                co_pres_14|         array|
|co_pres_13_address1    |  out|    6|   ap_memory|                co_pres_13|         array|
|co_pres_13_ce1         |  out|    1|   ap_memory|                co_pres_13|         array|
|co_pres_13_we1         |  out|    1|   ap_memory|                co_pres_13|         array|
|co_pres_13_d1          |  out|    1|   ap_memory|                co_pres_13|         array|
|co_pres_12_address1    |  out|    6|   ap_memory|                co_pres_12|         array|
|co_pres_12_ce1         |  out|    1|   ap_memory|                co_pres_12|         array|
|co_pres_12_we1         |  out|    1|   ap_memory|                co_pres_12|         array|
|co_pres_12_d1          |  out|    1|   ap_memory|                co_pres_12|         array|
|co_pres_11_address1    |  out|    6|   ap_memory|                co_pres_11|         array|
|co_pres_11_ce1         |  out|    1|   ap_memory|                co_pres_11|         array|
|co_pres_11_we1         |  out|    1|   ap_memory|                co_pres_11|         array|
|co_pres_11_d1          |  out|    1|   ap_memory|                co_pres_11|         array|
|co_pres_10_address1    |  out|    6|   ap_memory|                co_pres_10|         array|
|co_pres_10_ce1         |  out|    1|   ap_memory|                co_pres_10|         array|
|co_pres_10_we1         |  out|    1|   ap_memory|                co_pres_10|         array|
|co_pres_10_d1          |  out|    1|   ap_memory|                co_pres_10|         array|
|co_pres_9_address1     |  out|    6|   ap_memory|                 co_pres_9|         array|
|co_pres_9_ce1          |  out|    1|   ap_memory|                 co_pres_9|         array|
|co_pres_9_we1          |  out|    1|   ap_memory|                 co_pres_9|         array|
|co_pres_9_d1           |  out|    1|   ap_memory|                 co_pres_9|         array|
|co_pres_8_address1     |  out|    6|   ap_memory|                 co_pres_8|         array|
|co_pres_8_ce1          |  out|    1|   ap_memory|                 co_pres_8|         array|
|co_pres_8_we1          |  out|    1|   ap_memory|                 co_pres_8|         array|
|co_pres_8_d1           |  out|    1|   ap_memory|                 co_pres_8|         array|
|co_pres_7_address1     |  out|    6|   ap_memory|                 co_pres_7|         array|
|co_pres_7_ce1          |  out|    1|   ap_memory|                 co_pres_7|         array|
|co_pres_7_we1          |  out|    1|   ap_memory|                 co_pres_7|         array|
|co_pres_7_d1           |  out|    1|   ap_memory|                 co_pres_7|         array|
|co_pres_6_address1     |  out|    6|   ap_memory|                 co_pres_6|         array|
|co_pres_6_ce1          |  out|    1|   ap_memory|                 co_pres_6|         array|
|co_pres_6_we1          |  out|    1|   ap_memory|                 co_pres_6|         array|
|co_pres_6_d1           |  out|    1|   ap_memory|                 co_pres_6|         array|
|co_pres_5_address1     |  out|    6|   ap_memory|                 co_pres_5|         array|
|co_pres_5_ce1          |  out|    1|   ap_memory|                 co_pres_5|         array|
|co_pres_5_we1          |  out|    1|   ap_memory|                 co_pres_5|         array|
|co_pres_5_d1           |  out|    1|   ap_memory|                 co_pres_5|         array|
|co_pres_4_address1     |  out|    6|   ap_memory|                 co_pres_4|         array|
|co_pres_4_ce1          |  out|    1|   ap_memory|                 co_pres_4|         array|
|co_pres_4_we1          |  out|    1|   ap_memory|                 co_pres_4|         array|
|co_pres_4_d1           |  out|    1|   ap_memory|                 co_pres_4|         array|
|co_pres_3_address1     |  out|    6|   ap_memory|                 co_pres_3|         array|
|co_pres_3_ce1          |  out|    1|   ap_memory|                 co_pres_3|         array|
|co_pres_3_we1          |  out|    1|   ap_memory|                 co_pres_3|         array|
|co_pres_3_d1           |  out|    1|   ap_memory|                 co_pres_3|         array|
|co_pres_2_address1     |  out|    6|   ap_memory|                 co_pres_2|         array|
|co_pres_2_ce1          |  out|    1|   ap_memory|                 co_pres_2|         array|
|co_pres_2_we1          |  out|    1|   ap_memory|                 co_pres_2|         array|
|co_pres_2_d1           |  out|    1|   ap_memory|                 co_pres_2|         array|
|co_pres_1_address1     |  out|    6|   ap_memory|                 co_pres_1|         array|
|co_pres_1_ce1          |  out|    1|   ap_memory|                 co_pres_1|         array|
|co_pres_1_we1          |  out|    1|   ap_memory|                 co_pres_1|         array|
|co_pres_1_d1           |  out|    1|   ap_memory|                 co_pres_1|         array|
|co_pres_address1       |  out|    6|   ap_memory|                   co_pres|         array|
|co_pres_ce1            |  out|    1|   ap_memory|                   co_pres|         array|
|co_pres_we1            |  out|    1|   ap_memory|                   co_pres|         array|
|co_pres_d1             |  out|    1|   ap_memory|                   co_pres|         array|
|srt_pres_224_address1  |  out|    6|   ap_memory|              srt_pres_224|         array|
|srt_pres_224_ce1       |  out|    1|   ap_memory|              srt_pres_224|         array|
|srt_pres_224_we1       |  out|    1|   ap_memory|              srt_pres_224|         array|
|srt_pres_224_d1        |  out|    1|   ap_memory|              srt_pres_224|         array|
|srt_pres_223_address1  |  out|    6|   ap_memory|              srt_pres_223|         array|
|srt_pres_223_ce1       |  out|    1|   ap_memory|              srt_pres_223|         array|
|srt_pres_223_we1       |  out|    1|   ap_memory|              srt_pres_223|         array|
|srt_pres_223_d1        |  out|    1|   ap_memory|              srt_pres_223|         array|
|srt_pres_222_address1  |  out|    6|   ap_memory|              srt_pres_222|         array|
|srt_pres_222_ce1       |  out|    1|   ap_memory|              srt_pres_222|         array|
|srt_pres_222_we1       |  out|    1|   ap_memory|              srt_pres_222|         array|
|srt_pres_222_d1        |  out|    1|   ap_memory|              srt_pres_222|         array|
|srt_pres_221_address1  |  out|    6|   ap_memory|              srt_pres_221|         array|
|srt_pres_221_ce1       |  out|    1|   ap_memory|              srt_pres_221|         array|
|srt_pres_221_we1       |  out|    1|   ap_memory|              srt_pres_221|         array|
|srt_pres_221_d1        |  out|    1|   ap_memory|              srt_pres_221|         array|
|srt_pres_220_address1  |  out|    6|   ap_memory|              srt_pres_220|         array|
|srt_pres_220_ce1       |  out|    1|   ap_memory|              srt_pres_220|         array|
|srt_pres_220_we1       |  out|    1|   ap_memory|              srt_pres_220|         array|
|srt_pres_220_d1        |  out|    1|   ap_memory|              srt_pres_220|         array|
|srt_pres_219_address1  |  out|    6|   ap_memory|              srt_pres_219|         array|
|srt_pres_219_ce1       |  out|    1|   ap_memory|              srt_pres_219|         array|
|srt_pres_219_we1       |  out|    1|   ap_memory|              srt_pres_219|         array|
|srt_pres_219_d1        |  out|    1|   ap_memory|              srt_pres_219|         array|
|srt_pres_218_address1  |  out|    6|   ap_memory|              srt_pres_218|         array|
|srt_pres_218_ce1       |  out|    1|   ap_memory|              srt_pres_218|         array|
|srt_pres_218_we1       |  out|    1|   ap_memory|              srt_pres_218|         array|
|srt_pres_218_d1        |  out|    1|   ap_memory|              srt_pres_218|         array|
|srt_pres_217_address1  |  out|    6|   ap_memory|              srt_pres_217|         array|
|srt_pres_217_ce1       |  out|    1|   ap_memory|              srt_pres_217|         array|
|srt_pres_217_we1       |  out|    1|   ap_memory|              srt_pres_217|         array|
|srt_pres_217_d1        |  out|    1|   ap_memory|              srt_pres_217|         array|
|srt_pres_216_address1  |  out|    6|   ap_memory|              srt_pres_216|         array|
|srt_pres_216_ce1       |  out|    1|   ap_memory|              srt_pres_216|         array|
|srt_pres_216_we1       |  out|    1|   ap_memory|              srt_pres_216|         array|
|srt_pres_216_d1        |  out|    1|   ap_memory|              srt_pres_216|         array|
|srt_pres_215_address1  |  out|    6|   ap_memory|              srt_pres_215|         array|
|srt_pres_215_ce1       |  out|    1|   ap_memory|              srt_pres_215|         array|
|srt_pres_215_we1       |  out|    1|   ap_memory|              srt_pres_215|         array|
|srt_pres_215_d1        |  out|    1|   ap_memory|              srt_pres_215|         array|
|srt_pres_214_address1  |  out|    6|   ap_memory|              srt_pres_214|         array|
|srt_pres_214_ce1       |  out|    1|   ap_memory|              srt_pres_214|         array|
|srt_pres_214_we1       |  out|    1|   ap_memory|              srt_pres_214|         array|
|srt_pres_214_d1        |  out|    1|   ap_memory|              srt_pres_214|         array|
|srt_pres_213_address1  |  out|    6|   ap_memory|              srt_pres_213|         array|
|srt_pres_213_ce1       |  out|    1|   ap_memory|              srt_pres_213|         array|
|srt_pres_213_we1       |  out|    1|   ap_memory|              srt_pres_213|         array|
|srt_pres_213_d1        |  out|    1|   ap_memory|              srt_pres_213|         array|
|srt_pres_212_address1  |  out|    6|   ap_memory|              srt_pres_212|         array|
|srt_pres_212_ce1       |  out|    1|   ap_memory|              srt_pres_212|         array|
|srt_pres_212_we1       |  out|    1|   ap_memory|              srt_pres_212|         array|
|srt_pres_212_d1        |  out|    1|   ap_memory|              srt_pres_212|         array|
|srt_pres_211_address1  |  out|    6|   ap_memory|              srt_pres_211|         array|
|srt_pres_211_ce1       |  out|    1|   ap_memory|              srt_pres_211|         array|
|srt_pres_211_we1       |  out|    1|   ap_memory|              srt_pres_211|         array|
|srt_pres_211_d1        |  out|    1|   ap_memory|              srt_pres_211|         array|
|srt_pres_210_address1  |  out|    6|   ap_memory|              srt_pres_210|         array|
|srt_pres_210_ce1       |  out|    1|   ap_memory|              srt_pres_210|         array|
|srt_pres_210_we1       |  out|    1|   ap_memory|              srt_pres_210|         array|
|srt_pres_210_d1        |  out|    1|   ap_memory|              srt_pres_210|         array|
|srt_pres_209_address1  |  out|    6|   ap_memory|              srt_pres_209|         array|
|srt_pres_209_ce1       |  out|    1|   ap_memory|              srt_pres_209|         array|
|srt_pres_209_we1       |  out|    1|   ap_memory|              srt_pres_209|         array|
|srt_pres_209_d1        |  out|    1|   ap_memory|              srt_pres_209|         array|
|srt_pres_208_address1  |  out|    6|   ap_memory|              srt_pres_208|         array|
|srt_pres_208_ce1       |  out|    1|   ap_memory|              srt_pres_208|         array|
|srt_pres_208_we1       |  out|    1|   ap_memory|              srt_pres_208|         array|
|srt_pres_208_d1        |  out|    1|   ap_memory|              srt_pres_208|         array|
|srt_pres_207_address1  |  out|    6|   ap_memory|              srt_pres_207|         array|
|srt_pres_207_ce1       |  out|    1|   ap_memory|              srt_pres_207|         array|
|srt_pres_207_we1       |  out|    1|   ap_memory|              srt_pres_207|         array|
|srt_pres_207_d1        |  out|    1|   ap_memory|              srt_pres_207|         array|
|srt_pres_206_address1  |  out|    6|   ap_memory|              srt_pres_206|         array|
|srt_pres_206_ce1       |  out|    1|   ap_memory|              srt_pres_206|         array|
|srt_pres_206_we1       |  out|    1|   ap_memory|              srt_pres_206|         array|
|srt_pres_206_d1        |  out|    1|   ap_memory|              srt_pres_206|         array|
|srt_pres_205_address1  |  out|    6|   ap_memory|              srt_pres_205|         array|
|srt_pres_205_ce1       |  out|    1|   ap_memory|              srt_pres_205|         array|
|srt_pres_205_we1       |  out|    1|   ap_memory|              srt_pres_205|         array|
|srt_pres_205_d1        |  out|    1|   ap_memory|              srt_pres_205|         array|
|srt_pres_204_address1  |  out|    6|   ap_memory|              srt_pres_204|         array|
|srt_pres_204_ce1       |  out|    1|   ap_memory|              srt_pres_204|         array|
|srt_pres_204_we1       |  out|    1|   ap_memory|              srt_pres_204|         array|
|srt_pres_204_d1        |  out|    1|   ap_memory|              srt_pres_204|         array|
|srt_pres_203_address1  |  out|    6|   ap_memory|              srt_pres_203|         array|
|srt_pres_203_ce1       |  out|    1|   ap_memory|              srt_pres_203|         array|
|srt_pres_203_we1       |  out|    1|   ap_memory|              srt_pres_203|         array|
|srt_pres_203_d1        |  out|    1|   ap_memory|              srt_pres_203|         array|
|srt_pres_202_address1  |  out|    6|   ap_memory|              srt_pres_202|         array|
|srt_pres_202_ce1       |  out|    1|   ap_memory|              srt_pres_202|         array|
|srt_pres_202_we1       |  out|    1|   ap_memory|              srt_pres_202|         array|
|srt_pres_202_d1        |  out|    1|   ap_memory|              srt_pres_202|         array|
|srt_pres_201_address1  |  out|    6|   ap_memory|              srt_pres_201|         array|
|srt_pres_201_ce1       |  out|    1|   ap_memory|              srt_pres_201|         array|
|srt_pres_201_we1       |  out|    1|   ap_memory|              srt_pres_201|         array|
|srt_pres_201_d1        |  out|    1|   ap_memory|              srt_pres_201|         array|
|srt_pres_200_address1  |  out|    6|   ap_memory|              srt_pres_200|         array|
|srt_pres_200_ce1       |  out|    1|   ap_memory|              srt_pres_200|         array|
|srt_pres_200_we1       |  out|    1|   ap_memory|              srt_pres_200|         array|
|srt_pres_200_d1        |  out|    1|   ap_memory|              srt_pres_200|         array|
|srt_pres_199_address1  |  out|    6|   ap_memory|              srt_pres_199|         array|
|srt_pres_199_ce1       |  out|    1|   ap_memory|              srt_pres_199|         array|
|srt_pres_199_we1       |  out|    1|   ap_memory|              srt_pres_199|         array|
|srt_pres_199_d1        |  out|    1|   ap_memory|              srt_pres_199|         array|
|srt_pres_198_address1  |  out|    6|   ap_memory|              srt_pres_198|         array|
|srt_pres_198_ce1       |  out|    1|   ap_memory|              srt_pres_198|         array|
|srt_pres_198_we1       |  out|    1|   ap_memory|              srt_pres_198|         array|
|srt_pres_198_d1        |  out|    1|   ap_memory|              srt_pres_198|         array|
|srt_pres_197_address1  |  out|    6|   ap_memory|              srt_pres_197|         array|
|srt_pres_197_ce1       |  out|    1|   ap_memory|              srt_pres_197|         array|
|srt_pres_197_we1       |  out|    1|   ap_memory|              srt_pres_197|         array|
|srt_pres_197_d1        |  out|    1|   ap_memory|              srt_pres_197|         array|
|srt_pres_196_address1  |  out|    6|   ap_memory|              srt_pres_196|         array|
|srt_pres_196_ce1       |  out|    1|   ap_memory|              srt_pres_196|         array|
|srt_pres_196_we1       |  out|    1|   ap_memory|              srt_pres_196|         array|
|srt_pres_196_d1        |  out|    1|   ap_memory|              srt_pres_196|         array|
|srt_pres_195_address1  |  out|    6|   ap_memory|              srt_pres_195|         array|
|srt_pres_195_ce1       |  out|    1|   ap_memory|              srt_pres_195|         array|
|srt_pres_195_we1       |  out|    1|   ap_memory|              srt_pres_195|         array|
|srt_pres_195_d1        |  out|    1|   ap_memory|              srt_pres_195|         array|
|srt_pres_194_address1  |  out|    6|   ap_memory|              srt_pres_194|         array|
|srt_pres_194_ce1       |  out|    1|   ap_memory|              srt_pres_194|         array|
|srt_pres_194_we1       |  out|    1|   ap_memory|              srt_pres_194|         array|
|srt_pres_194_d1        |  out|    1|   ap_memory|              srt_pres_194|         array|
|srt_pres_193_address1  |  out|    6|   ap_memory|              srt_pres_193|         array|
|srt_pres_193_ce1       |  out|    1|   ap_memory|              srt_pres_193|         array|
|srt_pres_193_we1       |  out|    1|   ap_memory|              srt_pres_193|         array|
|srt_pres_193_d1        |  out|    1|   ap_memory|              srt_pres_193|         array|
|srt_pres_192_address1  |  out|    6|   ap_memory|              srt_pres_192|         array|
|srt_pres_192_ce1       |  out|    1|   ap_memory|              srt_pres_192|         array|
|srt_pres_192_we1       |  out|    1|   ap_memory|              srt_pres_192|         array|
|srt_pres_192_d1        |  out|    1|   ap_memory|              srt_pres_192|         array|
|srt_pres_191_address1  |  out|    6|   ap_memory|              srt_pres_191|         array|
|srt_pres_191_ce1       |  out|    1|   ap_memory|              srt_pres_191|         array|
|srt_pres_191_we1       |  out|    1|   ap_memory|              srt_pres_191|         array|
|srt_pres_191_d1        |  out|    1|   ap_memory|              srt_pres_191|         array|
|srt_pres_190_address1  |  out|    6|   ap_memory|              srt_pres_190|         array|
|srt_pres_190_ce1       |  out|    1|   ap_memory|              srt_pres_190|         array|
|srt_pres_190_we1       |  out|    1|   ap_memory|              srt_pres_190|         array|
|srt_pres_190_d1        |  out|    1|   ap_memory|              srt_pres_190|         array|
|srt_pres_189_address1  |  out|    6|   ap_memory|              srt_pres_189|         array|
|srt_pres_189_ce1       |  out|    1|   ap_memory|              srt_pres_189|         array|
|srt_pres_189_we1       |  out|    1|   ap_memory|              srt_pres_189|         array|
|srt_pres_189_d1        |  out|    1|   ap_memory|              srt_pres_189|         array|
|srt_pres_188_address1  |  out|    6|   ap_memory|              srt_pres_188|         array|
|srt_pres_188_ce1       |  out|    1|   ap_memory|              srt_pres_188|         array|
|srt_pres_188_we1       |  out|    1|   ap_memory|              srt_pres_188|         array|
|srt_pres_188_d1        |  out|    1|   ap_memory|              srt_pres_188|         array|
|srt_pres_187_address1  |  out|    6|   ap_memory|              srt_pres_187|         array|
|srt_pres_187_ce1       |  out|    1|   ap_memory|              srt_pres_187|         array|
|srt_pres_187_we1       |  out|    1|   ap_memory|              srt_pres_187|         array|
|srt_pres_187_d1        |  out|    1|   ap_memory|              srt_pres_187|         array|
|srt_pres_186_address1  |  out|    6|   ap_memory|              srt_pres_186|         array|
|srt_pres_186_ce1       |  out|    1|   ap_memory|              srt_pres_186|         array|
|srt_pres_186_we1       |  out|    1|   ap_memory|              srt_pres_186|         array|
|srt_pres_186_d1        |  out|    1|   ap_memory|              srt_pres_186|         array|
|srt_pres_185_address1  |  out|    6|   ap_memory|              srt_pres_185|         array|
|srt_pres_185_ce1       |  out|    1|   ap_memory|              srt_pres_185|         array|
|srt_pres_185_we1       |  out|    1|   ap_memory|              srt_pres_185|         array|
|srt_pres_185_d1        |  out|    1|   ap_memory|              srt_pres_185|         array|
|srt_pres_184_address1  |  out|    6|   ap_memory|              srt_pres_184|         array|
|srt_pres_184_ce1       |  out|    1|   ap_memory|              srt_pres_184|         array|
|srt_pres_184_we1       |  out|    1|   ap_memory|              srt_pres_184|         array|
|srt_pres_184_d1        |  out|    1|   ap_memory|              srt_pres_184|         array|
|srt_pres_183_address1  |  out|    6|   ap_memory|              srt_pres_183|         array|
|srt_pres_183_ce1       |  out|    1|   ap_memory|              srt_pres_183|         array|
|srt_pres_183_we1       |  out|    1|   ap_memory|              srt_pres_183|         array|
|srt_pres_183_d1        |  out|    1|   ap_memory|              srt_pres_183|         array|
|srt_pres_182_address1  |  out|    6|   ap_memory|              srt_pres_182|         array|
|srt_pres_182_ce1       |  out|    1|   ap_memory|              srt_pres_182|         array|
|srt_pres_182_we1       |  out|    1|   ap_memory|              srt_pres_182|         array|
|srt_pres_182_d1        |  out|    1|   ap_memory|              srt_pres_182|         array|
|srt_pres_181_address1  |  out|    6|   ap_memory|              srt_pres_181|         array|
|srt_pres_181_ce1       |  out|    1|   ap_memory|              srt_pres_181|         array|
|srt_pres_181_we1       |  out|    1|   ap_memory|              srt_pres_181|         array|
|srt_pres_181_d1        |  out|    1|   ap_memory|              srt_pres_181|         array|
|srt_pres_180_address1  |  out|    6|   ap_memory|              srt_pres_180|         array|
|srt_pres_180_ce1       |  out|    1|   ap_memory|              srt_pres_180|         array|
|srt_pres_180_we1       |  out|    1|   ap_memory|              srt_pres_180|         array|
|srt_pres_180_d1        |  out|    1|   ap_memory|              srt_pres_180|         array|
|srt_pres_179_address1  |  out|    6|   ap_memory|              srt_pres_179|         array|
|srt_pres_179_ce1       |  out|    1|   ap_memory|              srt_pres_179|         array|
|srt_pres_179_we1       |  out|    1|   ap_memory|              srt_pres_179|         array|
|srt_pres_179_d1        |  out|    1|   ap_memory|              srt_pres_179|         array|
|srt_pres_178_address1  |  out|    6|   ap_memory|              srt_pres_178|         array|
|srt_pres_178_ce1       |  out|    1|   ap_memory|              srt_pres_178|         array|
|srt_pres_178_we1       |  out|    1|   ap_memory|              srt_pres_178|         array|
|srt_pres_178_d1        |  out|    1|   ap_memory|              srt_pres_178|         array|
|srt_pres_177_address1  |  out|    6|   ap_memory|              srt_pres_177|         array|
|srt_pres_177_ce1       |  out|    1|   ap_memory|              srt_pres_177|         array|
|srt_pres_177_we1       |  out|    1|   ap_memory|              srt_pres_177|         array|
|srt_pres_177_d1        |  out|    1|   ap_memory|              srt_pres_177|         array|
|srt_pres_176_address1  |  out|    6|   ap_memory|              srt_pres_176|         array|
|srt_pres_176_ce1       |  out|    1|   ap_memory|              srt_pres_176|         array|
|srt_pres_176_we1       |  out|    1|   ap_memory|              srt_pres_176|         array|
|srt_pres_176_d1        |  out|    1|   ap_memory|              srt_pres_176|         array|
|srt_pres_175_address1  |  out|    6|   ap_memory|              srt_pres_175|         array|
|srt_pres_175_ce1       |  out|    1|   ap_memory|              srt_pres_175|         array|
|srt_pres_175_we1       |  out|    1|   ap_memory|              srt_pres_175|         array|
|srt_pres_175_d1        |  out|    1|   ap_memory|              srt_pres_175|         array|
|srt_pres_174_address1  |  out|    6|   ap_memory|              srt_pres_174|         array|
|srt_pres_174_ce1       |  out|    1|   ap_memory|              srt_pres_174|         array|
|srt_pres_174_we1       |  out|    1|   ap_memory|              srt_pres_174|         array|
|srt_pres_174_d1        |  out|    1|   ap_memory|              srt_pres_174|         array|
|srt_pres_173_address1  |  out|    6|   ap_memory|              srt_pres_173|         array|
|srt_pres_173_ce1       |  out|    1|   ap_memory|              srt_pres_173|         array|
|srt_pres_173_we1       |  out|    1|   ap_memory|              srt_pres_173|         array|
|srt_pres_173_d1        |  out|    1|   ap_memory|              srt_pres_173|         array|
|srt_pres_172_address1  |  out|    6|   ap_memory|              srt_pres_172|         array|
|srt_pres_172_ce1       |  out|    1|   ap_memory|              srt_pres_172|         array|
|srt_pres_172_we1       |  out|    1|   ap_memory|              srt_pres_172|         array|
|srt_pres_172_d1        |  out|    1|   ap_memory|              srt_pres_172|         array|
|srt_pres_171_address1  |  out|    6|   ap_memory|              srt_pres_171|         array|
|srt_pres_171_ce1       |  out|    1|   ap_memory|              srt_pres_171|         array|
|srt_pres_171_we1       |  out|    1|   ap_memory|              srt_pres_171|         array|
|srt_pres_171_d1        |  out|    1|   ap_memory|              srt_pres_171|         array|
|srt_pres_170_address1  |  out|    6|   ap_memory|              srt_pres_170|         array|
|srt_pres_170_ce1       |  out|    1|   ap_memory|              srt_pres_170|         array|
|srt_pres_170_we1       |  out|    1|   ap_memory|              srt_pres_170|         array|
|srt_pres_170_d1        |  out|    1|   ap_memory|              srt_pres_170|         array|
|srt_pres_169_address1  |  out|    6|   ap_memory|              srt_pres_169|         array|
|srt_pres_169_ce1       |  out|    1|   ap_memory|              srt_pres_169|         array|
|srt_pres_169_we1       |  out|    1|   ap_memory|              srt_pres_169|         array|
|srt_pres_169_d1        |  out|    1|   ap_memory|              srt_pres_169|         array|
|srt_pres_168_address1  |  out|    6|   ap_memory|              srt_pres_168|         array|
|srt_pres_168_ce1       |  out|    1|   ap_memory|              srt_pres_168|         array|
|srt_pres_168_we1       |  out|    1|   ap_memory|              srt_pres_168|         array|
|srt_pres_168_d1        |  out|    1|   ap_memory|              srt_pres_168|         array|
|srt_pres_167_address1  |  out|    6|   ap_memory|              srt_pres_167|         array|
|srt_pres_167_ce1       |  out|    1|   ap_memory|              srt_pres_167|         array|
|srt_pres_167_we1       |  out|    1|   ap_memory|              srt_pres_167|         array|
|srt_pres_167_d1        |  out|    1|   ap_memory|              srt_pres_167|         array|
|srt_pres_166_address1  |  out|    6|   ap_memory|              srt_pres_166|         array|
|srt_pres_166_ce1       |  out|    1|   ap_memory|              srt_pres_166|         array|
|srt_pres_166_we1       |  out|    1|   ap_memory|              srt_pres_166|         array|
|srt_pres_166_d1        |  out|    1|   ap_memory|              srt_pres_166|         array|
|srt_pres_165_address1  |  out|    6|   ap_memory|              srt_pres_165|         array|
|srt_pres_165_ce1       |  out|    1|   ap_memory|              srt_pres_165|         array|
|srt_pres_165_we1       |  out|    1|   ap_memory|              srt_pres_165|         array|
|srt_pres_165_d1        |  out|    1|   ap_memory|              srt_pres_165|         array|
|srt_pres_164_address1  |  out|    6|   ap_memory|              srt_pres_164|         array|
|srt_pres_164_ce1       |  out|    1|   ap_memory|              srt_pres_164|         array|
|srt_pres_164_we1       |  out|    1|   ap_memory|              srt_pres_164|         array|
|srt_pres_164_d1        |  out|    1|   ap_memory|              srt_pres_164|         array|
|srt_pres_163_address1  |  out|    6|   ap_memory|              srt_pres_163|         array|
|srt_pres_163_ce1       |  out|    1|   ap_memory|              srt_pres_163|         array|
|srt_pres_163_we1       |  out|    1|   ap_memory|              srt_pres_163|         array|
|srt_pres_163_d1        |  out|    1|   ap_memory|              srt_pres_163|         array|
|srt_pres_162_address1  |  out|    6|   ap_memory|              srt_pres_162|         array|
|srt_pres_162_ce1       |  out|    1|   ap_memory|              srt_pres_162|         array|
|srt_pres_162_we1       |  out|    1|   ap_memory|              srt_pres_162|         array|
|srt_pres_162_d1        |  out|    1|   ap_memory|              srt_pres_162|         array|
|srt_pres_161_address1  |  out|    6|   ap_memory|              srt_pres_161|         array|
|srt_pres_161_ce1       |  out|    1|   ap_memory|              srt_pres_161|         array|
|srt_pres_161_we1       |  out|    1|   ap_memory|              srt_pres_161|         array|
|srt_pres_161_d1        |  out|    1|   ap_memory|              srt_pres_161|         array|
|srt_pres_160_address1  |  out|    6|   ap_memory|              srt_pres_160|         array|
|srt_pres_160_ce1       |  out|    1|   ap_memory|              srt_pres_160|         array|
|srt_pres_160_we1       |  out|    1|   ap_memory|              srt_pres_160|         array|
|srt_pres_160_d1        |  out|    1|   ap_memory|              srt_pres_160|         array|
|srt_pres_159_address1  |  out|    6|   ap_memory|              srt_pres_159|         array|
|srt_pres_159_ce1       |  out|    1|   ap_memory|              srt_pres_159|         array|
|srt_pres_159_we1       |  out|    1|   ap_memory|              srt_pres_159|         array|
|srt_pres_159_d1        |  out|    1|   ap_memory|              srt_pres_159|         array|
|srt_pres_158_address1  |  out|    6|   ap_memory|              srt_pres_158|         array|
|srt_pres_158_ce1       |  out|    1|   ap_memory|              srt_pres_158|         array|
|srt_pres_158_we1       |  out|    1|   ap_memory|              srt_pres_158|         array|
|srt_pres_158_d1        |  out|    1|   ap_memory|              srt_pres_158|         array|
|srt_pres_157_address1  |  out|    6|   ap_memory|              srt_pres_157|         array|
|srt_pres_157_ce1       |  out|    1|   ap_memory|              srt_pres_157|         array|
|srt_pres_157_we1       |  out|    1|   ap_memory|              srt_pres_157|         array|
|srt_pres_157_d1        |  out|    1|   ap_memory|              srt_pres_157|         array|
|srt_pres_156_address1  |  out|    6|   ap_memory|              srt_pres_156|         array|
|srt_pres_156_ce1       |  out|    1|   ap_memory|              srt_pres_156|         array|
|srt_pres_156_we1       |  out|    1|   ap_memory|              srt_pres_156|         array|
|srt_pres_156_d1        |  out|    1|   ap_memory|              srt_pres_156|         array|
|srt_pres_155_address1  |  out|    6|   ap_memory|              srt_pres_155|         array|
|srt_pres_155_ce1       |  out|    1|   ap_memory|              srt_pres_155|         array|
|srt_pres_155_we1       |  out|    1|   ap_memory|              srt_pres_155|         array|
|srt_pres_155_d1        |  out|    1|   ap_memory|              srt_pres_155|         array|
|srt_pres_154_address1  |  out|    6|   ap_memory|              srt_pres_154|         array|
|srt_pres_154_ce1       |  out|    1|   ap_memory|              srt_pres_154|         array|
|srt_pres_154_we1       |  out|    1|   ap_memory|              srt_pres_154|         array|
|srt_pres_154_d1        |  out|    1|   ap_memory|              srt_pres_154|         array|
|srt_pres_153_address1  |  out|    6|   ap_memory|              srt_pres_153|         array|
|srt_pres_153_ce1       |  out|    1|   ap_memory|              srt_pres_153|         array|
|srt_pres_153_we1       |  out|    1|   ap_memory|              srt_pres_153|         array|
|srt_pres_153_d1        |  out|    1|   ap_memory|              srt_pres_153|         array|
|srt_pres_152_address1  |  out|    6|   ap_memory|              srt_pres_152|         array|
|srt_pres_152_ce1       |  out|    1|   ap_memory|              srt_pres_152|         array|
|srt_pres_152_we1       |  out|    1|   ap_memory|              srt_pres_152|         array|
|srt_pres_152_d1        |  out|    1|   ap_memory|              srt_pres_152|         array|
|srt_pres_151_address1  |  out|    6|   ap_memory|              srt_pres_151|         array|
|srt_pres_151_ce1       |  out|    1|   ap_memory|              srt_pres_151|         array|
|srt_pres_151_we1       |  out|    1|   ap_memory|              srt_pres_151|         array|
|srt_pres_151_d1        |  out|    1|   ap_memory|              srt_pres_151|         array|
|srt_pres_150_address1  |  out|    6|   ap_memory|              srt_pres_150|         array|
|srt_pres_150_ce1       |  out|    1|   ap_memory|              srt_pres_150|         array|
|srt_pres_150_we1       |  out|    1|   ap_memory|              srt_pres_150|         array|
|srt_pres_150_d1        |  out|    1|   ap_memory|              srt_pres_150|         array|
|srt_pres_149_address1  |  out|    6|   ap_memory|              srt_pres_149|         array|
|srt_pres_149_ce1       |  out|    1|   ap_memory|              srt_pres_149|         array|
|srt_pres_149_we1       |  out|    1|   ap_memory|              srt_pres_149|         array|
|srt_pres_149_d1        |  out|    1|   ap_memory|              srt_pres_149|         array|
|srt_pres_148_address1  |  out|    6|   ap_memory|              srt_pres_148|         array|
|srt_pres_148_ce1       |  out|    1|   ap_memory|              srt_pres_148|         array|
|srt_pres_148_we1       |  out|    1|   ap_memory|              srt_pres_148|         array|
|srt_pres_148_d1        |  out|    1|   ap_memory|              srt_pres_148|         array|
|srt_pres_147_address1  |  out|    6|   ap_memory|              srt_pres_147|         array|
|srt_pres_147_ce1       |  out|    1|   ap_memory|              srt_pres_147|         array|
|srt_pres_147_we1       |  out|    1|   ap_memory|              srt_pres_147|         array|
|srt_pres_147_d1        |  out|    1|   ap_memory|              srt_pres_147|         array|
|srt_pres_146_address1  |  out|    6|   ap_memory|              srt_pres_146|         array|
|srt_pres_146_ce1       |  out|    1|   ap_memory|              srt_pres_146|         array|
|srt_pres_146_we1       |  out|    1|   ap_memory|              srt_pres_146|         array|
|srt_pres_146_d1        |  out|    1|   ap_memory|              srt_pres_146|         array|
|srt_pres_145_address1  |  out|    6|   ap_memory|              srt_pres_145|         array|
|srt_pres_145_ce1       |  out|    1|   ap_memory|              srt_pres_145|         array|
|srt_pres_145_we1       |  out|    1|   ap_memory|              srt_pres_145|         array|
|srt_pres_145_d1        |  out|    1|   ap_memory|              srt_pres_145|         array|
|srt_pres_144_address1  |  out|    6|   ap_memory|              srt_pres_144|         array|
|srt_pres_144_ce1       |  out|    1|   ap_memory|              srt_pres_144|         array|
|srt_pres_144_we1       |  out|    1|   ap_memory|              srt_pres_144|         array|
|srt_pres_144_d1        |  out|    1|   ap_memory|              srt_pres_144|         array|
|srt_pres_143_address1  |  out|    6|   ap_memory|              srt_pres_143|         array|
|srt_pres_143_ce1       |  out|    1|   ap_memory|              srt_pres_143|         array|
|srt_pres_143_we1       |  out|    1|   ap_memory|              srt_pres_143|         array|
|srt_pres_143_d1        |  out|    1|   ap_memory|              srt_pres_143|         array|
|srt_pres_142_address1  |  out|    6|   ap_memory|              srt_pres_142|         array|
|srt_pres_142_ce1       |  out|    1|   ap_memory|              srt_pres_142|         array|
|srt_pres_142_we1       |  out|    1|   ap_memory|              srt_pres_142|         array|
|srt_pres_142_d1        |  out|    1|   ap_memory|              srt_pres_142|         array|
|srt_pres_141_address1  |  out|    6|   ap_memory|              srt_pres_141|         array|
|srt_pres_141_ce1       |  out|    1|   ap_memory|              srt_pres_141|         array|
|srt_pres_141_we1       |  out|    1|   ap_memory|              srt_pres_141|         array|
|srt_pres_141_d1        |  out|    1|   ap_memory|              srt_pres_141|         array|
|srt_pres_140_address1  |  out|    6|   ap_memory|              srt_pres_140|         array|
|srt_pres_140_ce1       |  out|    1|   ap_memory|              srt_pres_140|         array|
|srt_pres_140_we1       |  out|    1|   ap_memory|              srt_pres_140|         array|
|srt_pres_140_d1        |  out|    1|   ap_memory|              srt_pres_140|         array|
|srt_pres_139_address1  |  out|    6|   ap_memory|              srt_pres_139|         array|
|srt_pres_139_ce1       |  out|    1|   ap_memory|              srt_pres_139|         array|
|srt_pres_139_we1       |  out|    1|   ap_memory|              srt_pres_139|         array|
|srt_pres_139_d1        |  out|    1|   ap_memory|              srt_pres_139|         array|
|srt_pres_138_address1  |  out|    6|   ap_memory|              srt_pres_138|         array|
|srt_pres_138_ce1       |  out|    1|   ap_memory|              srt_pres_138|         array|
|srt_pres_138_we1       |  out|    1|   ap_memory|              srt_pres_138|         array|
|srt_pres_138_d1        |  out|    1|   ap_memory|              srt_pres_138|         array|
|srt_pres_137_address1  |  out|    6|   ap_memory|              srt_pres_137|         array|
|srt_pres_137_ce1       |  out|    1|   ap_memory|              srt_pres_137|         array|
|srt_pres_137_we1       |  out|    1|   ap_memory|              srt_pres_137|         array|
|srt_pres_137_d1        |  out|    1|   ap_memory|              srt_pres_137|         array|
|srt_pres_136_address1  |  out|    6|   ap_memory|              srt_pres_136|         array|
|srt_pres_136_ce1       |  out|    1|   ap_memory|              srt_pres_136|         array|
|srt_pres_136_we1       |  out|    1|   ap_memory|              srt_pres_136|         array|
|srt_pres_136_d1        |  out|    1|   ap_memory|              srt_pres_136|         array|
|srt_pres_135_address1  |  out|    6|   ap_memory|              srt_pres_135|         array|
|srt_pres_135_ce1       |  out|    1|   ap_memory|              srt_pres_135|         array|
|srt_pres_135_we1       |  out|    1|   ap_memory|              srt_pres_135|         array|
|srt_pres_135_d1        |  out|    1|   ap_memory|              srt_pres_135|         array|
|srt_pres_134_address1  |  out|    6|   ap_memory|              srt_pres_134|         array|
|srt_pres_134_ce1       |  out|    1|   ap_memory|              srt_pres_134|         array|
|srt_pres_134_we1       |  out|    1|   ap_memory|              srt_pres_134|         array|
|srt_pres_134_d1        |  out|    1|   ap_memory|              srt_pres_134|         array|
|srt_pres_133_address1  |  out|    6|   ap_memory|              srt_pres_133|         array|
|srt_pres_133_ce1       |  out|    1|   ap_memory|              srt_pres_133|         array|
|srt_pres_133_we1       |  out|    1|   ap_memory|              srt_pres_133|         array|
|srt_pres_133_d1        |  out|    1|   ap_memory|              srt_pres_133|         array|
|srt_pres_132_address1  |  out|    6|   ap_memory|              srt_pres_132|         array|
|srt_pres_132_ce1       |  out|    1|   ap_memory|              srt_pres_132|         array|
|srt_pres_132_we1       |  out|    1|   ap_memory|              srt_pres_132|         array|
|srt_pres_132_d1        |  out|    1|   ap_memory|              srt_pres_132|         array|
|srt_pres_131_address1  |  out|    6|   ap_memory|              srt_pres_131|         array|
|srt_pres_131_ce1       |  out|    1|   ap_memory|              srt_pres_131|         array|
|srt_pres_131_we1       |  out|    1|   ap_memory|              srt_pres_131|         array|
|srt_pres_131_d1        |  out|    1|   ap_memory|              srt_pres_131|         array|
|srt_pres_130_address1  |  out|    6|   ap_memory|              srt_pres_130|         array|
|srt_pres_130_ce1       |  out|    1|   ap_memory|              srt_pres_130|         array|
|srt_pres_130_we1       |  out|    1|   ap_memory|              srt_pres_130|         array|
|srt_pres_130_d1        |  out|    1|   ap_memory|              srt_pres_130|         array|
|srt_pres_129_address1  |  out|    6|   ap_memory|              srt_pres_129|         array|
|srt_pres_129_ce1       |  out|    1|   ap_memory|              srt_pres_129|         array|
|srt_pres_129_we1       |  out|    1|   ap_memory|              srt_pres_129|         array|
|srt_pres_129_d1        |  out|    1|   ap_memory|              srt_pres_129|         array|
|srt_pres_128_address1  |  out|    6|   ap_memory|              srt_pres_128|         array|
|srt_pres_128_ce1       |  out|    1|   ap_memory|              srt_pres_128|         array|
|srt_pres_128_we1       |  out|    1|   ap_memory|              srt_pres_128|         array|
|srt_pres_128_d1        |  out|    1|   ap_memory|              srt_pres_128|         array|
|srt_pres_127_address1  |  out|    6|   ap_memory|              srt_pres_127|         array|
|srt_pres_127_ce1       |  out|    1|   ap_memory|              srt_pres_127|         array|
|srt_pres_127_we1       |  out|    1|   ap_memory|              srt_pres_127|         array|
|srt_pres_127_d1        |  out|    1|   ap_memory|              srt_pres_127|         array|
|srt_pres_126_address1  |  out|    6|   ap_memory|              srt_pres_126|         array|
|srt_pres_126_ce1       |  out|    1|   ap_memory|              srt_pres_126|         array|
|srt_pres_126_we1       |  out|    1|   ap_memory|              srt_pres_126|         array|
|srt_pres_126_d1        |  out|    1|   ap_memory|              srt_pres_126|         array|
|srt_pres_125_address1  |  out|    6|   ap_memory|              srt_pres_125|         array|
|srt_pres_125_ce1       |  out|    1|   ap_memory|              srt_pres_125|         array|
|srt_pres_125_we1       |  out|    1|   ap_memory|              srt_pres_125|         array|
|srt_pres_125_d1        |  out|    1|   ap_memory|              srt_pres_125|         array|
|srt_pres_124_address1  |  out|    6|   ap_memory|              srt_pres_124|         array|
|srt_pres_124_ce1       |  out|    1|   ap_memory|              srt_pres_124|         array|
|srt_pres_124_we1       |  out|    1|   ap_memory|              srt_pres_124|         array|
|srt_pres_124_d1        |  out|    1|   ap_memory|              srt_pres_124|         array|
|srt_pres_123_address1  |  out|    6|   ap_memory|              srt_pres_123|         array|
|srt_pres_123_ce1       |  out|    1|   ap_memory|              srt_pres_123|         array|
|srt_pres_123_we1       |  out|    1|   ap_memory|              srt_pres_123|         array|
|srt_pres_123_d1        |  out|    1|   ap_memory|              srt_pres_123|         array|
|srt_pres_122_address1  |  out|    6|   ap_memory|              srt_pres_122|         array|
|srt_pres_122_ce1       |  out|    1|   ap_memory|              srt_pres_122|         array|
|srt_pres_122_we1       |  out|    1|   ap_memory|              srt_pres_122|         array|
|srt_pres_122_d1        |  out|    1|   ap_memory|              srt_pres_122|         array|
|srt_pres_121_address1  |  out|    6|   ap_memory|              srt_pres_121|         array|
|srt_pres_121_ce1       |  out|    1|   ap_memory|              srt_pres_121|         array|
|srt_pres_121_we1       |  out|    1|   ap_memory|              srt_pres_121|         array|
|srt_pres_121_d1        |  out|    1|   ap_memory|              srt_pres_121|         array|
|srt_pres_120_address1  |  out|    6|   ap_memory|              srt_pres_120|         array|
|srt_pres_120_ce1       |  out|    1|   ap_memory|              srt_pres_120|         array|
|srt_pres_120_we1       |  out|    1|   ap_memory|              srt_pres_120|         array|
|srt_pres_120_d1        |  out|    1|   ap_memory|              srt_pres_120|         array|
|srt_pres_119_address1  |  out|    6|   ap_memory|              srt_pres_119|         array|
|srt_pres_119_ce1       |  out|    1|   ap_memory|              srt_pres_119|         array|
|srt_pres_119_we1       |  out|    1|   ap_memory|              srt_pres_119|         array|
|srt_pres_119_d1        |  out|    1|   ap_memory|              srt_pres_119|         array|
|srt_pres_118_address1  |  out|    6|   ap_memory|              srt_pres_118|         array|
|srt_pres_118_ce1       |  out|    1|   ap_memory|              srt_pres_118|         array|
|srt_pres_118_we1       |  out|    1|   ap_memory|              srt_pres_118|         array|
|srt_pres_118_d1        |  out|    1|   ap_memory|              srt_pres_118|         array|
|srt_pres_117_address1  |  out|    6|   ap_memory|              srt_pres_117|         array|
|srt_pres_117_ce1       |  out|    1|   ap_memory|              srt_pres_117|         array|
|srt_pres_117_we1       |  out|    1|   ap_memory|              srt_pres_117|         array|
|srt_pres_117_d1        |  out|    1|   ap_memory|              srt_pres_117|         array|
|srt_pres_116_address1  |  out|    6|   ap_memory|              srt_pres_116|         array|
|srt_pres_116_ce1       |  out|    1|   ap_memory|              srt_pres_116|         array|
|srt_pres_116_we1       |  out|    1|   ap_memory|              srt_pres_116|         array|
|srt_pres_116_d1        |  out|    1|   ap_memory|              srt_pres_116|         array|
|srt_pres_115_address1  |  out|    6|   ap_memory|              srt_pres_115|         array|
|srt_pres_115_ce1       |  out|    1|   ap_memory|              srt_pres_115|         array|
|srt_pres_115_we1       |  out|    1|   ap_memory|              srt_pres_115|         array|
|srt_pres_115_d1        |  out|    1|   ap_memory|              srt_pres_115|         array|
|srt_pres_114_address1  |  out|    6|   ap_memory|              srt_pres_114|         array|
|srt_pres_114_ce1       |  out|    1|   ap_memory|              srt_pres_114|         array|
|srt_pres_114_we1       |  out|    1|   ap_memory|              srt_pres_114|         array|
|srt_pres_114_d1        |  out|    1|   ap_memory|              srt_pres_114|         array|
|srt_pres_113_address1  |  out|    6|   ap_memory|              srt_pres_113|         array|
|srt_pres_113_ce1       |  out|    1|   ap_memory|              srt_pres_113|         array|
|srt_pres_113_we1       |  out|    1|   ap_memory|              srt_pres_113|         array|
|srt_pres_113_d1        |  out|    1|   ap_memory|              srt_pres_113|         array|
|srt_pres_112_address1  |  out|    6|   ap_memory|              srt_pres_112|         array|
|srt_pres_112_ce1       |  out|    1|   ap_memory|              srt_pres_112|         array|
|srt_pres_112_we1       |  out|    1|   ap_memory|              srt_pres_112|         array|
|srt_pres_112_d1        |  out|    1|   ap_memory|              srt_pres_112|         array|
|srt_pres_111_address1  |  out|    6|   ap_memory|              srt_pres_111|         array|
|srt_pres_111_ce1       |  out|    1|   ap_memory|              srt_pres_111|         array|
|srt_pres_111_we1       |  out|    1|   ap_memory|              srt_pres_111|         array|
|srt_pres_111_d1        |  out|    1|   ap_memory|              srt_pres_111|         array|
|srt_pres_110_address1  |  out|    6|   ap_memory|              srt_pres_110|         array|
|srt_pres_110_ce1       |  out|    1|   ap_memory|              srt_pres_110|         array|
|srt_pres_110_we1       |  out|    1|   ap_memory|              srt_pres_110|         array|
|srt_pres_110_d1        |  out|    1|   ap_memory|              srt_pres_110|         array|
|srt_pres_109_address1  |  out|    6|   ap_memory|              srt_pres_109|         array|
|srt_pres_109_ce1       |  out|    1|   ap_memory|              srt_pres_109|         array|
|srt_pres_109_we1       |  out|    1|   ap_memory|              srt_pres_109|         array|
|srt_pres_109_d1        |  out|    1|   ap_memory|              srt_pres_109|         array|
|srt_pres_108_address1  |  out|    6|   ap_memory|              srt_pres_108|         array|
|srt_pres_108_ce1       |  out|    1|   ap_memory|              srt_pres_108|         array|
|srt_pres_108_we1       |  out|    1|   ap_memory|              srt_pres_108|         array|
|srt_pres_108_d1        |  out|    1|   ap_memory|              srt_pres_108|         array|
|srt_pres_107_address1  |  out|    6|   ap_memory|              srt_pres_107|         array|
|srt_pres_107_ce1       |  out|    1|   ap_memory|              srt_pres_107|         array|
|srt_pres_107_we1       |  out|    1|   ap_memory|              srt_pres_107|         array|
|srt_pres_107_d1        |  out|    1|   ap_memory|              srt_pres_107|         array|
|srt_pres_106_address1  |  out|    6|   ap_memory|              srt_pres_106|         array|
|srt_pres_106_ce1       |  out|    1|   ap_memory|              srt_pres_106|         array|
|srt_pres_106_we1       |  out|    1|   ap_memory|              srt_pres_106|         array|
|srt_pres_106_d1        |  out|    1|   ap_memory|              srt_pres_106|         array|
|srt_pres_105_address1  |  out|    6|   ap_memory|              srt_pres_105|         array|
|srt_pres_105_ce1       |  out|    1|   ap_memory|              srt_pres_105|         array|
|srt_pres_105_we1       |  out|    1|   ap_memory|              srt_pres_105|         array|
|srt_pres_105_d1        |  out|    1|   ap_memory|              srt_pres_105|         array|
|srt_pres_104_address1  |  out|    6|   ap_memory|              srt_pres_104|         array|
|srt_pres_104_ce1       |  out|    1|   ap_memory|              srt_pres_104|         array|
|srt_pres_104_we1       |  out|    1|   ap_memory|              srt_pres_104|         array|
|srt_pres_104_d1        |  out|    1|   ap_memory|              srt_pres_104|         array|
|srt_pres_103_address1  |  out|    6|   ap_memory|              srt_pres_103|         array|
|srt_pres_103_ce1       |  out|    1|   ap_memory|              srt_pres_103|         array|
|srt_pres_103_we1       |  out|    1|   ap_memory|              srt_pres_103|         array|
|srt_pres_103_d1        |  out|    1|   ap_memory|              srt_pres_103|         array|
|srt_pres_102_address1  |  out|    6|   ap_memory|              srt_pres_102|         array|
|srt_pres_102_ce1       |  out|    1|   ap_memory|              srt_pres_102|         array|
|srt_pres_102_we1       |  out|    1|   ap_memory|              srt_pres_102|         array|
|srt_pres_102_d1        |  out|    1|   ap_memory|              srt_pres_102|         array|
|srt_pres_101_address1  |  out|    6|   ap_memory|              srt_pres_101|         array|
|srt_pres_101_ce1       |  out|    1|   ap_memory|              srt_pres_101|         array|
|srt_pres_101_we1       |  out|    1|   ap_memory|              srt_pres_101|         array|
|srt_pres_101_d1        |  out|    1|   ap_memory|              srt_pres_101|         array|
|srt_pres_100_address1  |  out|    6|   ap_memory|              srt_pres_100|         array|
|srt_pres_100_ce1       |  out|    1|   ap_memory|              srt_pres_100|         array|
|srt_pres_100_we1       |  out|    1|   ap_memory|              srt_pres_100|         array|
|srt_pres_100_d1        |  out|    1|   ap_memory|              srt_pres_100|         array|
|srt_pres_99_address1   |  out|    6|   ap_memory|               srt_pres_99|         array|
|srt_pres_99_ce1        |  out|    1|   ap_memory|               srt_pres_99|         array|
|srt_pres_99_we1        |  out|    1|   ap_memory|               srt_pres_99|         array|
|srt_pres_99_d1         |  out|    1|   ap_memory|               srt_pres_99|         array|
|srt_pres_98_address1   |  out|    6|   ap_memory|               srt_pres_98|         array|
|srt_pres_98_ce1        |  out|    1|   ap_memory|               srt_pres_98|         array|
|srt_pres_98_we1        |  out|    1|   ap_memory|               srt_pres_98|         array|
|srt_pres_98_d1         |  out|    1|   ap_memory|               srt_pres_98|         array|
|srt_pres_97_address1   |  out|    6|   ap_memory|               srt_pres_97|         array|
|srt_pres_97_ce1        |  out|    1|   ap_memory|               srt_pres_97|         array|
|srt_pres_97_we1        |  out|    1|   ap_memory|               srt_pres_97|         array|
|srt_pres_97_d1         |  out|    1|   ap_memory|               srt_pres_97|         array|
|srt_pres_96_address1   |  out|    6|   ap_memory|               srt_pres_96|         array|
|srt_pres_96_ce1        |  out|    1|   ap_memory|               srt_pres_96|         array|
|srt_pres_96_we1        |  out|    1|   ap_memory|               srt_pres_96|         array|
|srt_pres_96_d1         |  out|    1|   ap_memory|               srt_pres_96|         array|
|srt_pres_95_address1   |  out|    6|   ap_memory|               srt_pres_95|         array|
|srt_pres_95_ce1        |  out|    1|   ap_memory|               srt_pres_95|         array|
|srt_pres_95_we1        |  out|    1|   ap_memory|               srt_pres_95|         array|
|srt_pres_95_d1         |  out|    1|   ap_memory|               srt_pres_95|         array|
|srt_pres_94_address1   |  out|    6|   ap_memory|               srt_pres_94|         array|
|srt_pres_94_ce1        |  out|    1|   ap_memory|               srt_pres_94|         array|
|srt_pres_94_we1        |  out|    1|   ap_memory|               srt_pres_94|         array|
|srt_pres_94_d1         |  out|    1|   ap_memory|               srt_pres_94|         array|
|srt_pres_93_address1   |  out|    6|   ap_memory|               srt_pres_93|         array|
|srt_pres_93_ce1        |  out|    1|   ap_memory|               srt_pres_93|         array|
|srt_pres_93_we1        |  out|    1|   ap_memory|               srt_pres_93|         array|
|srt_pres_93_d1         |  out|    1|   ap_memory|               srt_pres_93|         array|
|srt_pres_92_address1   |  out|    6|   ap_memory|               srt_pres_92|         array|
|srt_pres_92_ce1        |  out|    1|   ap_memory|               srt_pres_92|         array|
|srt_pres_92_we1        |  out|    1|   ap_memory|               srt_pres_92|         array|
|srt_pres_92_d1         |  out|    1|   ap_memory|               srt_pres_92|         array|
|srt_pres_91_address1   |  out|    6|   ap_memory|               srt_pres_91|         array|
|srt_pres_91_ce1        |  out|    1|   ap_memory|               srt_pres_91|         array|
|srt_pres_91_we1        |  out|    1|   ap_memory|               srt_pres_91|         array|
|srt_pres_91_d1         |  out|    1|   ap_memory|               srt_pres_91|         array|
|srt_pres_90_address1   |  out|    6|   ap_memory|               srt_pres_90|         array|
|srt_pres_90_ce1        |  out|    1|   ap_memory|               srt_pres_90|         array|
|srt_pres_90_we1        |  out|    1|   ap_memory|               srt_pres_90|         array|
|srt_pres_90_d1         |  out|    1|   ap_memory|               srt_pres_90|         array|
|srt_pres_89_address1   |  out|    6|   ap_memory|               srt_pres_89|         array|
|srt_pres_89_ce1        |  out|    1|   ap_memory|               srt_pres_89|         array|
|srt_pres_89_we1        |  out|    1|   ap_memory|               srt_pres_89|         array|
|srt_pres_89_d1         |  out|    1|   ap_memory|               srt_pres_89|         array|
|srt_pres_88_address1   |  out|    6|   ap_memory|               srt_pres_88|         array|
|srt_pres_88_ce1        |  out|    1|   ap_memory|               srt_pres_88|         array|
|srt_pres_88_we1        |  out|    1|   ap_memory|               srt_pres_88|         array|
|srt_pres_88_d1         |  out|    1|   ap_memory|               srt_pres_88|         array|
|srt_pres_87_address1   |  out|    6|   ap_memory|               srt_pres_87|         array|
|srt_pres_87_ce1        |  out|    1|   ap_memory|               srt_pres_87|         array|
|srt_pres_87_we1        |  out|    1|   ap_memory|               srt_pres_87|         array|
|srt_pres_87_d1         |  out|    1|   ap_memory|               srt_pres_87|         array|
|srt_pres_86_address1   |  out|    6|   ap_memory|               srt_pres_86|         array|
|srt_pres_86_ce1        |  out|    1|   ap_memory|               srt_pres_86|         array|
|srt_pres_86_we1        |  out|    1|   ap_memory|               srt_pres_86|         array|
|srt_pres_86_d1         |  out|    1|   ap_memory|               srt_pres_86|         array|
|srt_pres_85_address1   |  out|    6|   ap_memory|               srt_pres_85|         array|
|srt_pres_85_ce1        |  out|    1|   ap_memory|               srt_pres_85|         array|
|srt_pres_85_we1        |  out|    1|   ap_memory|               srt_pres_85|         array|
|srt_pres_85_d1         |  out|    1|   ap_memory|               srt_pres_85|         array|
|srt_pres_84_address1   |  out|    6|   ap_memory|               srt_pres_84|         array|
|srt_pres_84_ce1        |  out|    1|   ap_memory|               srt_pres_84|         array|
|srt_pres_84_we1        |  out|    1|   ap_memory|               srt_pres_84|         array|
|srt_pres_84_d1         |  out|    1|   ap_memory|               srt_pres_84|         array|
|srt_pres_83_address1   |  out|    6|   ap_memory|               srt_pres_83|         array|
|srt_pres_83_ce1        |  out|    1|   ap_memory|               srt_pres_83|         array|
|srt_pres_83_we1        |  out|    1|   ap_memory|               srt_pres_83|         array|
|srt_pres_83_d1         |  out|    1|   ap_memory|               srt_pres_83|         array|
|srt_pres_82_address1   |  out|    6|   ap_memory|               srt_pres_82|         array|
|srt_pres_82_ce1        |  out|    1|   ap_memory|               srt_pres_82|         array|
|srt_pres_82_we1        |  out|    1|   ap_memory|               srt_pres_82|         array|
|srt_pres_82_d1         |  out|    1|   ap_memory|               srt_pres_82|         array|
|srt_pres_81_address1   |  out|    6|   ap_memory|               srt_pres_81|         array|
|srt_pres_81_ce1        |  out|    1|   ap_memory|               srt_pres_81|         array|
|srt_pres_81_we1        |  out|    1|   ap_memory|               srt_pres_81|         array|
|srt_pres_81_d1         |  out|    1|   ap_memory|               srt_pres_81|         array|
|srt_pres_80_address1   |  out|    6|   ap_memory|               srt_pres_80|         array|
|srt_pres_80_ce1        |  out|    1|   ap_memory|               srt_pres_80|         array|
|srt_pres_80_we1        |  out|    1|   ap_memory|               srt_pres_80|         array|
|srt_pres_80_d1         |  out|    1|   ap_memory|               srt_pres_80|         array|
|srt_pres_79_address1   |  out|    6|   ap_memory|               srt_pres_79|         array|
|srt_pres_79_ce1        |  out|    1|   ap_memory|               srt_pres_79|         array|
|srt_pres_79_we1        |  out|    1|   ap_memory|               srt_pres_79|         array|
|srt_pres_79_d1         |  out|    1|   ap_memory|               srt_pres_79|         array|
|srt_pres_78_address1   |  out|    6|   ap_memory|               srt_pres_78|         array|
|srt_pres_78_ce1        |  out|    1|   ap_memory|               srt_pres_78|         array|
|srt_pres_78_we1        |  out|    1|   ap_memory|               srt_pres_78|         array|
|srt_pres_78_d1         |  out|    1|   ap_memory|               srt_pres_78|         array|
|srt_pres_77_address1   |  out|    6|   ap_memory|               srt_pres_77|         array|
|srt_pres_77_ce1        |  out|    1|   ap_memory|               srt_pres_77|         array|
|srt_pres_77_we1        |  out|    1|   ap_memory|               srt_pres_77|         array|
|srt_pres_77_d1         |  out|    1|   ap_memory|               srt_pres_77|         array|
|srt_pres_76_address1   |  out|    6|   ap_memory|               srt_pres_76|         array|
|srt_pres_76_ce1        |  out|    1|   ap_memory|               srt_pres_76|         array|
|srt_pres_76_we1        |  out|    1|   ap_memory|               srt_pres_76|         array|
|srt_pres_76_d1         |  out|    1|   ap_memory|               srt_pres_76|         array|
|srt_pres_75_address1   |  out|    6|   ap_memory|               srt_pres_75|         array|
|srt_pres_75_ce1        |  out|    1|   ap_memory|               srt_pres_75|         array|
|srt_pres_75_we1        |  out|    1|   ap_memory|               srt_pres_75|         array|
|srt_pres_75_d1         |  out|    1|   ap_memory|               srt_pres_75|         array|
|srt_pres_74_address1   |  out|    6|   ap_memory|               srt_pres_74|         array|
|srt_pres_74_ce1        |  out|    1|   ap_memory|               srt_pres_74|         array|
|srt_pres_74_we1        |  out|    1|   ap_memory|               srt_pres_74|         array|
|srt_pres_74_d1         |  out|    1|   ap_memory|               srt_pres_74|         array|
|srt_pres_73_address1   |  out|    6|   ap_memory|               srt_pres_73|         array|
|srt_pres_73_ce1        |  out|    1|   ap_memory|               srt_pres_73|         array|
|srt_pres_73_we1        |  out|    1|   ap_memory|               srt_pres_73|         array|
|srt_pres_73_d1         |  out|    1|   ap_memory|               srt_pres_73|         array|
|srt_pres_72_address1   |  out|    6|   ap_memory|               srt_pres_72|         array|
|srt_pres_72_ce1        |  out|    1|   ap_memory|               srt_pres_72|         array|
|srt_pres_72_we1        |  out|    1|   ap_memory|               srt_pres_72|         array|
|srt_pres_72_d1         |  out|    1|   ap_memory|               srt_pres_72|         array|
|srt_pres_71_address1   |  out|    6|   ap_memory|               srt_pres_71|         array|
|srt_pres_71_ce1        |  out|    1|   ap_memory|               srt_pres_71|         array|
|srt_pres_71_we1        |  out|    1|   ap_memory|               srt_pres_71|         array|
|srt_pres_71_d1         |  out|    1|   ap_memory|               srt_pres_71|         array|
|srt_pres_70_address1   |  out|    6|   ap_memory|               srt_pres_70|         array|
|srt_pres_70_ce1        |  out|    1|   ap_memory|               srt_pres_70|         array|
|srt_pres_70_we1        |  out|    1|   ap_memory|               srt_pres_70|         array|
|srt_pres_70_d1         |  out|    1|   ap_memory|               srt_pres_70|         array|
|srt_pres_69_address1   |  out|    6|   ap_memory|               srt_pres_69|         array|
|srt_pres_69_ce1        |  out|    1|   ap_memory|               srt_pres_69|         array|
|srt_pres_69_we1        |  out|    1|   ap_memory|               srt_pres_69|         array|
|srt_pres_69_d1         |  out|    1|   ap_memory|               srt_pres_69|         array|
|srt_pres_68_address1   |  out|    6|   ap_memory|               srt_pres_68|         array|
|srt_pres_68_ce1        |  out|    1|   ap_memory|               srt_pres_68|         array|
|srt_pres_68_we1        |  out|    1|   ap_memory|               srt_pres_68|         array|
|srt_pres_68_d1         |  out|    1|   ap_memory|               srt_pres_68|         array|
|srt_pres_67_address1   |  out|    6|   ap_memory|               srt_pres_67|         array|
|srt_pres_67_ce1        |  out|    1|   ap_memory|               srt_pres_67|         array|
|srt_pres_67_we1        |  out|    1|   ap_memory|               srt_pres_67|         array|
|srt_pres_67_d1         |  out|    1|   ap_memory|               srt_pres_67|         array|
|srt_pres_66_address1   |  out|    6|   ap_memory|               srt_pres_66|         array|
|srt_pres_66_ce1        |  out|    1|   ap_memory|               srt_pres_66|         array|
|srt_pres_66_we1        |  out|    1|   ap_memory|               srt_pres_66|         array|
|srt_pres_66_d1         |  out|    1|   ap_memory|               srt_pres_66|         array|
|srt_pres_65_address1   |  out|    6|   ap_memory|               srt_pres_65|         array|
|srt_pres_65_ce1        |  out|    1|   ap_memory|               srt_pres_65|         array|
|srt_pres_65_we1        |  out|    1|   ap_memory|               srt_pres_65|         array|
|srt_pres_65_d1         |  out|    1|   ap_memory|               srt_pres_65|         array|
|srt_pres_64_address1   |  out|    6|   ap_memory|               srt_pres_64|         array|
|srt_pres_64_ce1        |  out|    1|   ap_memory|               srt_pres_64|         array|
|srt_pres_64_we1        |  out|    1|   ap_memory|               srt_pres_64|         array|
|srt_pres_64_d1         |  out|    1|   ap_memory|               srt_pres_64|         array|
|srt_pres_63_address1   |  out|    6|   ap_memory|               srt_pres_63|         array|
|srt_pres_63_ce1        |  out|    1|   ap_memory|               srt_pres_63|         array|
|srt_pres_63_we1        |  out|    1|   ap_memory|               srt_pres_63|         array|
|srt_pres_63_d1         |  out|    1|   ap_memory|               srt_pres_63|         array|
|srt_pres_62_address1   |  out|    6|   ap_memory|               srt_pres_62|         array|
|srt_pres_62_ce1        |  out|    1|   ap_memory|               srt_pres_62|         array|
|srt_pres_62_we1        |  out|    1|   ap_memory|               srt_pres_62|         array|
|srt_pres_62_d1         |  out|    1|   ap_memory|               srt_pres_62|         array|
|srt_pres_61_address1   |  out|    6|   ap_memory|               srt_pres_61|         array|
|srt_pres_61_ce1        |  out|    1|   ap_memory|               srt_pres_61|         array|
|srt_pres_61_we1        |  out|    1|   ap_memory|               srt_pres_61|         array|
|srt_pres_61_d1         |  out|    1|   ap_memory|               srt_pres_61|         array|
|srt_pres_60_address1   |  out|    6|   ap_memory|               srt_pres_60|         array|
|srt_pres_60_ce1        |  out|    1|   ap_memory|               srt_pres_60|         array|
|srt_pres_60_we1        |  out|    1|   ap_memory|               srt_pres_60|         array|
|srt_pres_60_d1         |  out|    1|   ap_memory|               srt_pres_60|         array|
|srt_pres_59_address1   |  out|    6|   ap_memory|               srt_pres_59|         array|
|srt_pres_59_ce1        |  out|    1|   ap_memory|               srt_pres_59|         array|
|srt_pres_59_we1        |  out|    1|   ap_memory|               srt_pres_59|         array|
|srt_pres_59_d1         |  out|    1|   ap_memory|               srt_pres_59|         array|
|srt_pres_58_address1   |  out|    6|   ap_memory|               srt_pres_58|         array|
|srt_pres_58_ce1        |  out|    1|   ap_memory|               srt_pres_58|         array|
|srt_pres_58_we1        |  out|    1|   ap_memory|               srt_pres_58|         array|
|srt_pres_58_d1         |  out|    1|   ap_memory|               srt_pres_58|         array|
|srt_pres_57_address1   |  out|    6|   ap_memory|               srt_pres_57|         array|
|srt_pres_57_ce1        |  out|    1|   ap_memory|               srt_pres_57|         array|
|srt_pres_57_we1        |  out|    1|   ap_memory|               srt_pres_57|         array|
|srt_pres_57_d1         |  out|    1|   ap_memory|               srt_pres_57|         array|
|srt_pres_56_address1   |  out|    6|   ap_memory|               srt_pres_56|         array|
|srt_pres_56_ce1        |  out|    1|   ap_memory|               srt_pres_56|         array|
|srt_pres_56_we1        |  out|    1|   ap_memory|               srt_pres_56|         array|
|srt_pres_56_d1         |  out|    1|   ap_memory|               srt_pres_56|         array|
|srt_pres_55_address1   |  out|    6|   ap_memory|               srt_pres_55|         array|
|srt_pres_55_ce1        |  out|    1|   ap_memory|               srt_pres_55|         array|
|srt_pres_55_we1        |  out|    1|   ap_memory|               srt_pres_55|         array|
|srt_pres_55_d1         |  out|    1|   ap_memory|               srt_pres_55|         array|
|srt_pres_54_address1   |  out|    6|   ap_memory|               srt_pres_54|         array|
|srt_pres_54_ce1        |  out|    1|   ap_memory|               srt_pres_54|         array|
|srt_pres_54_we1        |  out|    1|   ap_memory|               srt_pres_54|         array|
|srt_pres_54_d1         |  out|    1|   ap_memory|               srt_pres_54|         array|
|srt_pres_53_address1   |  out|    6|   ap_memory|               srt_pres_53|         array|
|srt_pres_53_ce1        |  out|    1|   ap_memory|               srt_pres_53|         array|
|srt_pres_53_we1        |  out|    1|   ap_memory|               srt_pres_53|         array|
|srt_pres_53_d1         |  out|    1|   ap_memory|               srt_pres_53|         array|
|srt_pres_52_address1   |  out|    6|   ap_memory|               srt_pres_52|         array|
|srt_pres_52_ce1        |  out|    1|   ap_memory|               srt_pres_52|         array|
|srt_pres_52_we1        |  out|    1|   ap_memory|               srt_pres_52|         array|
|srt_pres_52_d1         |  out|    1|   ap_memory|               srt_pres_52|         array|
|srt_pres_51_address1   |  out|    6|   ap_memory|               srt_pres_51|         array|
|srt_pres_51_ce1        |  out|    1|   ap_memory|               srt_pres_51|         array|
|srt_pres_51_we1        |  out|    1|   ap_memory|               srt_pres_51|         array|
|srt_pres_51_d1         |  out|    1|   ap_memory|               srt_pres_51|         array|
|srt_pres_50_address1   |  out|    6|   ap_memory|               srt_pres_50|         array|
|srt_pres_50_ce1        |  out|    1|   ap_memory|               srt_pres_50|         array|
|srt_pres_50_we1        |  out|    1|   ap_memory|               srt_pres_50|         array|
|srt_pres_50_d1         |  out|    1|   ap_memory|               srt_pres_50|         array|
|srt_pres_49_address1   |  out|    6|   ap_memory|               srt_pres_49|         array|
|srt_pres_49_ce1        |  out|    1|   ap_memory|               srt_pres_49|         array|
|srt_pres_49_we1        |  out|    1|   ap_memory|               srt_pres_49|         array|
|srt_pres_49_d1         |  out|    1|   ap_memory|               srt_pres_49|         array|
|srt_pres_48_address1   |  out|    6|   ap_memory|               srt_pres_48|         array|
|srt_pres_48_ce1        |  out|    1|   ap_memory|               srt_pres_48|         array|
|srt_pres_48_we1        |  out|    1|   ap_memory|               srt_pres_48|         array|
|srt_pres_48_d1         |  out|    1|   ap_memory|               srt_pres_48|         array|
|srt_pres_47_address1   |  out|    6|   ap_memory|               srt_pres_47|         array|
|srt_pres_47_ce1        |  out|    1|   ap_memory|               srt_pres_47|         array|
|srt_pres_47_we1        |  out|    1|   ap_memory|               srt_pres_47|         array|
|srt_pres_47_d1         |  out|    1|   ap_memory|               srt_pres_47|         array|
|srt_pres_46_address1   |  out|    6|   ap_memory|               srt_pres_46|         array|
|srt_pres_46_ce1        |  out|    1|   ap_memory|               srt_pres_46|         array|
|srt_pres_46_we1        |  out|    1|   ap_memory|               srt_pres_46|         array|
|srt_pres_46_d1         |  out|    1|   ap_memory|               srt_pres_46|         array|
|srt_pres_45_address1   |  out|    6|   ap_memory|               srt_pres_45|         array|
|srt_pres_45_ce1        |  out|    1|   ap_memory|               srt_pres_45|         array|
|srt_pres_45_we1        |  out|    1|   ap_memory|               srt_pres_45|         array|
|srt_pres_45_d1         |  out|    1|   ap_memory|               srt_pres_45|         array|
|srt_pres_44_address1   |  out|    6|   ap_memory|               srt_pres_44|         array|
|srt_pres_44_ce1        |  out|    1|   ap_memory|               srt_pres_44|         array|
|srt_pres_44_we1        |  out|    1|   ap_memory|               srt_pres_44|         array|
|srt_pres_44_d1         |  out|    1|   ap_memory|               srt_pres_44|         array|
|srt_pres_43_address1   |  out|    6|   ap_memory|               srt_pres_43|         array|
|srt_pres_43_ce1        |  out|    1|   ap_memory|               srt_pres_43|         array|
|srt_pres_43_we1        |  out|    1|   ap_memory|               srt_pres_43|         array|
|srt_pres_43_d1         |  out|    1|   ap_memory|               srt_pres_43|         array|
|srt_pres_42_address1   |  out|    6|   ap_memory|               srt_pres_42|         array|
|srt_pres_42_ce1        |  out|    1|   ap_memory|               srt_pres_42|         array|
|srt_pres_42_we1        |  out|    1|   ap_memory|               srt_pres_42|         array|
|srt_pres_42_d1         |  out|    1|   ap_memory|               srt_pres_42|         array|
|srt_pres_41_address1   |  out|    6|   ap_memory|               srt_pres_41|         array|
|srt_pres_41_ce1        |  out|    1|   ap_memory|               srt_pres_41|         array|
|srt_pres_41_we1        |  out|    1|   ap_memory|               srt_pres_41|         array|
|srt_pres_41_d1         |  out|    1|   ap_memory|               srt_pres_41|         array|
|srt_pres_40_address1   |  out|    6|   ap_memory|               srt_pres_40|         array|
|srt_pres_40_ce1        |  out|    1|   ap_memory|               srt_pres_40|         array|
|srt_pres_40_we1        |  out|    1|   ap_memory|               srt_pres_40|         array|
|srt_pres_40_d1         |  out|    1|   ap_memory|               srt_pres_40|         array|
|srt_pres_39_address1   |  out|    6|   ap_memory|               srt_pres_39|         array|
|srt_pres_39_ce1        |  out|    1|   ap_memory|               srt_pres_39|         array|
|srt_pres_39_we1        |  out|    1|   ap_memory|               srt_pres_39|         array|
|srt_pres_39_d1         |  out|    1|   ap_memory|               srt_pres_39|         array|
|srt_pres_38_address1   |  out|    6|   ap_memory|               srt_pres_38|         array|
|srt_pres_38_ce1        |  out|    1|   ap_memory|               srt_pres_38|         array|
|srt_pres_38_we1        |  out|    1|   ap_memory|               srt_pres_38|         array|
|srt_pres_38_d1         |  out|    1|   ap_memory|               srt_pres_38|         array|
|srt_pres_37_address1   |  out|    6|   ap_memory|               srt_pres_37|         array|
|srt_pres_37_ce1        |  out|    1|   ap_memory|               srt_pres_37|         array|
|srt_pres_37_we1        |  out|    1|   ap_memory|               srt_pres_37|         array|
|srt_pres_37_d1         |  out|    1|   ap_memory|               srt_pres_37|         array|
|srt_pres_36_address1   |  out|    6|   ap_memory|               srt_pres_36|         array|
|srt_pres_36_ce1        |  out|    1|   ap_memory|               srt_pres_36|         array|
|srt_pres_36_we1        |  out|    1|   ap_memory|               srt_pres_36|         array|
|srt_pres_36_d1         |  out|    1|   ap_memory|               srt_pres_36|         array|
|srt_pres_35_address1   |  out|    6|   ap_memory|               srt_pres_35|         array|
|srt_pres_35_ce1        |  out|    1|   ap_memory|               srt_pres_35|         array|
|srt_pres_35_we1        |  out|    1|   ap_memory|               srt_pres_35|         array|
|srt_pres_35_d1         |  out|    1|   ap_memory|               srt_pres_35|         array|
|srt_pres_34_address1   |  out|    6|   ap_memory|               srt_pres_34|         array|
|srt_pres_34_ce1        |  out|    1|   ap_memory|               srt_pres_34|         array|
|srt_pres_34_we1        |  out|    1|   ap_memory|               srt_pres_34|         array|
|srt_pres_34_d1         |  out|    1|   ap_memory|               srt_pres_34|         array|
|srt_pres_33_address1   |  out|    6|   ap_memory|               srt_pres_33|         array|
|srt_pres_33_ce1        |  out|    1|   ap_memory|               srt_pres_33|         array|
|srt_pres_33_we1        |  out|    1|   ap_memory|               srt_pres_33|         array|
|srt_pres_33_d1         |  out|    1|   ap_memory|               srt_pres_33|         array|
|srt_pres_32_address1   |  out|    6|   ap_memory|               srt_pres_32|         array|
|srt_pres_32_ce1        |  out|    1|   ap_memory|               srt_pres_32|         array|
|srt_pres_32_we1        |  out|    1|   ap_memory|               srt_pres_32|         array|
|srt_pres_32_d1         |  out|    1|   ap_memory|               srt_pres_32|         array|
|srt_pres_31_address1   |  out|    6|   ap_memory|               srt_pres_31|         array|
|srt_pres_31_ce1        |  out|    1|   ap_memory|               srt_pres_31|         array|
|srt_pres_31_we1        |  out|    1|   ap_memory|               srt_pres_31|         array|
|srt_pres_31_d1         |  out|    1|   ap_memory|               srt_pres_31|         array|
|srt_pres_30_address1   |  out|    6|   ap_memory|               srt_pres_30|         array|
|srt_pres_30_ce1        |  out|    1|   ap_memory|               srt_pres_30|         array|
|srt_pres_30_we1        |  out|    1|   ap_memory|               srt_pres_30|         array|
|srt_pres_30_d1         |  out|    1|   ap_memory|               srt_pres_30|         array|
|srt_pres_29_address1   |  out|    6|   ap_memory|               srt_pres_29|         array|
|srt_pres_29_ce1        |  out|    1|   ap_memory|               srt_pres_29|         array|
|srt_pres_29_we1        |  out|    1|   ap_memory|               srt_pres_29|         array|
|srt_pres_29_d1         |  out|    1|   ap_memory|               srt_pres_29|         array|
|srt_pres_28_address1   |  out|    6|   ap_memory|               srt_pres_28|         array|
|srt_pres_28_ce1        |  out|    1|   ap_memory|               srt_pres_28|         array|
|srt_pres_28_we1        |  out|    1|   ap_memory|               srt_pres_28|         array|
|srt_pres_28_d1         |  out|    1|   ap_memory|               srt_pres_28|         array|
|srt_pres_27_address1   |  out|    6|   ap_memory|               srt_pres_27|         array|
|srt_pres_27_ce1        |  out|    1|   ap_memory|               srt_pres_27|         array|
|srt_pres_27_we1        |  out|    1|   ap_memory|               srt_pres_27|         array|
|srt_pres_27_d1         |  out|    1|   ap_memory|               srt_pres_27|         array|
|srt_pres_26_address1   |  out|    6|   ap_memory|               srt_pres_26|         array|
|srt_pres_26_ce1        |  out|    1|   ap_memory|               srt_pres_26|         array|
|srt_pres_26_we1        |  out|    1|   ap_memory|               srt_pres_26|         array|
|srt_pres_26_d1         |  out|    1|   ap_memory|               srt_pres_26|         array|
|srt_pres_25_address1   |  out|    6|   ap_memory|               srt_pres_25|         array|
|srt_pres_25_ce1        |  out|    1|   ap_memory|               srt_pres_25|         array|
|srt_pres_25_we1        |  out|    1|   ap_memory|               srt_pres_25|         array|
|srt_pres_25_d1         |  out|    1|   ap_memory|               srt_pres_25|         array|
|srt_pres_24_address1   |  out|    6|   ap_memory|               srt_pres_24|         array|
|srt_pres_24_ce1        |  out|    1|   ap_memory|               srt_pres_24|         array|
|srt_pres_24_we1        |  out|    1|   ap_memory|               srt_pres_24|         array|
|srt_pres_24_d1         |  out|    1|   ap_memory|               srt_pres_24|         array|
|srt_pres_23_address1   |  out|    6|   ap_memory|               srt_pres_23|         array|
|srt_pres_23_ce1        |  out|    1|   ap_memory|               srt_pres_23|         array|
|srt_pres_23_we1        |  out|    1|   ap_memory|               srt_pres_23|         array|
|srt_pres_23_d1         |  out|    1|   ap_memory|               srt_pres_23|         array|
|srt_pres_22_address1   |  out|    6|   ap_memory|               srt_pres_22|         array|
|srt_pres_22_ce1        |  out|    1|   ap_memory|               srt_pres_22|         array|
|srt_pres_22_we1        |  out|    1|   ap_memory|               srt_pres_22|         array|
|srt_pres_22_d1         |  out|    1|   ap_memory|               srt_pres_22|         array|
|srt_pres_21_address1   |  out|    6|   ap_memory|               srt_pres_21|         array|
|srt_pres_21_ce1        |  out|    1|   ap_memory|               srt_pres_21|         array|
|srt_pres_21_we1        |  out|    1|   ap_memory|               srt_pres_21|         array|
|srt_pres_21_d1         |  out|    1|   ap_memory|               srt_pres_21|         array|
|srt_pres_20_address1   |  out|    6|   ap_memory|               srt_pres_20|         array|
|srt_pres_20_ce1        |  out|    1|   ap_memory|               srt_pres_20|         array|
|srt_pres_20_we1        |  out|    1|   ap_memory|               srt_pres_20|         array|
|srt_pres_20_d1         |  out|    1|   ap_memory|               srt_pres_20|         array|
|srt_pres_19_address1   |  out|    6|   ap_memory|               srt_pres_19|         array|
|srt_pres_19_ce1        |  out|    1|   ap_memory|               srt_pres_19|         array|
|srt_pres_19_we1        |  out|    1|   ap_memory|               srt_pres_19|         array|
|srt_pres_19_d1         |  out|    1|   ap_memory|               srt_pres_19|         array|
|srt_pres_18_address1   |  out|    6|   ap_memory|               srt_pres_18|         array|
|srt_pres_18_ce1        |  out|    1|   ap_memory|               srt_pres_18|         array|
|srt_pres_18_we1        |  out|    1|   ap_memory|               srt_pres_18|         array|
|srt_pres_18_d1         |  out|    1|   ap_memory|               srt_pres_18|         array|
|srt_pres_17_address1   |  out|    6|   ap_memory|               srt_pres_17|         array|
|srt_pres_17_ce1        |  out|    1|   ap_memory|               srt_pres_17|         array|
|srt_pres_17_we1        |  out|    1|   ap_memory|               srt_pres_17|         array|
|srt_pres_17_d1         |  out|    1|   ap_memory|               srt_pres_17|         array|
|srt_pres_16_address1   |  out|    6|   ap_memory|               srt_pres_16|         array|
|srt_pres_16_ce1        |  out|    1|   ap_memory|               srt_pres_16|         array|
|srt_pres_16_we1        |  out|    1|   ap_memory|               srt_pres_16|         array|
|srt_pres_16_d1         |  out|    1|   ap_memory|               srt_pres_16|         array|
|srt_pres_15_address1   |  out|    6|   ap_memory|               srt_pres_15|         array|
|srt_pres_15_ce1        |  out|    1|   ap_memory|               srt_pres_15|         array|
|srt_pres_15_we1        |  out|    1|   ap_memory|               srt_pres_15|         array|
|srt_pres_15_d1         |  out|    1|   ap_memory|               srt_pres_15|         array|
|srt_pres_14_address1   |  out|    6|   ap_memory|               srt_pres_14|         array|
|srt_pres_14_ce1        |  out|    1|   ap_memory|               srt_pres_14|         array|
|srt_pres_14_we1        |  out|    1|   ap_memory|               srt_pres_14|         array|
|srt_pres_14_d1         |  out|    1|   ap_memory|               srt_pres_14|         array|
|srt_pres_13_address1   |  out|    6|   ap_memory|               srt_pres_13|         array|
|srt_pres_13_ce1        |  out|    1|   ap_memory|               srt_pres_13|         array|
|srt_pres_13_we1        |  out|    1|   ap_memory|               srt_pres_13|         array|
|srt_pres_13_d1         |  out|    1|   ap_memory|               srt_pres_13|         array|
|srt_pres_12_address1   |  out|    6|   ap_memory|               srt_pres_12|         array|
|srt_pres_12_ce1        |  out|    1|   ap_memory|               srt_pres_12|         array|
|srt_pres_12_we1        |  out|    1|   ap_memory|               srt_pres_12|         array|
|srt_pres_12_d1         |  out|    1|   ap_memory|               srt_pres_12|         array|
|srt_pres_11_address1   |  out|    6|   ap_memory|               srt_pres_11|         array|
|srt_pres_11_ce1        |  out|    1|   ap_memory|               srt_pres_11|         array|
|srt_pres_11_we1        |  out|    1|   ap_memory|               srt_pres_11|         array|
|srt_pres_11_d1         |  out|    1|   ap_memory|               srt_pres_11|         array|
|srt_pres_10_address1   |  out|    6|   ap_memory|               srt_pres_10|         array|
|srt_pres_10_ce1        |  out|    1|   ap_memory|               srt_pres_10|         array|
|srt_pres_10_we1        |  out|    1|   ap_memory|               srt_pres_10|         array|
|srt_pres_10_d1         |  out|    1|   ap_memory|               srt_pres_10|         array|
|srt_pres_9_address1    |  out|    6|   ap_memory|                srt_pres_9|         array|
|srt_pres_9_ce1         |  out|    1|   ap_memory|                srt_pres_9|         array|
|srt_pres_9_we1         |  out|    1|   ap_memory|                srt_pres_9|         array|
|srt_pres_9_d1          |  out|    1|   ap_memory|                srt_pres_9|         array|
|srt_pres_8_address1    |  out|    6|   ap_memory|                srt_pres_8|         array|
|srt_pres_8_ce1         |  out|    1|   ap_memory|                srt_pres_8|         array|
|srt_pres_8_we1         |  out|    1|   ap_memory|                srt_pres_8|         array|
|srt_pres_8_d1          |  out|    1|   ap_memory|                srt_pres_8|         array|
|srt_pres_7_address1    |  out|    6|   ap_memory|                srt_pres_7|         array|
|srt_pres_7_ce1         |  out|    1|   ap_memory|                srt_pres_7|         array|
|srt_pres_7_we1         |  out|    1|   ap_memory|                srt_pres_7|         array|
|srt_pres_7_d1          |  out|    1|   ap_memory|                srt_pres_7|         array|
|srt_pres_6_address1    |  out|    6|   ap_memory|                srt_pres_6|         array|
|srt_pres_6_ce1         |  out|    1|   ap_memory|                srt_pres_6|         array|
|srt_pres_6_we1         |  out|    1|   ap_memory|                srt_pres_6|         array|
|srt_pres_6_d1          |  out|    1|   ap_memory|                srt_pres_6|         array|
|srt_pres_5_address1    |  out|    6|   ap_memory|                srt_pres_5|         array|
|srt_pres_5_ce1         |  out|    1|   ap_memory|                srt_pres_5|         array|
|srt_pres_5_we1         |  out|    1|   ap_memory|                srt_pres_5|         array|
|srt_pres_5_d1          |  out|    1|   ap_memory|                srt_pres_5|         array|
|srt_pres_4_address1    |  out|    6|   ap_memory|                srt_pres_4|         array|
|srt_pres_4_ce1         |  out|    1|   ap_memory|                srt_pres_4|         array|
|srt_pres_4_we1         |  out|    1|   ap_memory|                srt_pres_4|         array|
|srt_pres_4_d1          |  out|    1|   ap_memory|                srt_pres_4|         array|
|srt_pres_3_address1    |  out|    6|   ap_memory|                srt_pres_3|         array|
|srt_pres_3_ce1         |  out|    1|   ap_memory|                srt_pres_3|         array|
|srt_pres_3_we1         |  out|    1|   ap_memory|                srt_pres_3|         array|
|srt_pres_3_d1          |  out|    1|   ap_memory|                srt_pres_3|         array|
|srt_pres_2_address1    |  out|    6|   ap_memory|                srt_pres_2|         array|
|srt_pres_2_ce1         |  out|    1|   ap_memory|                srt_pres_2|         array|
|srt_pres_2_we1         |  out|    1|   ap_memory|                srt_pres_2|         array|
|srt_pres_2_d1          |  out|    1|   ap_memory|                srt_pres_2|         array|
|srt_pres_1_address1    |  out|    6|   ap_memory|                srt_pres_1|         array|
|srt_pres_1_ce1         |  out|    1|   ap_memory|                srt_pres_1|         array|
|srt_pres_1_we1         |  out|    1|   ap_memory|                srt_pres_1|         array|
|srt_pres_1_d1          |  out|    1|   ap_memory|                srt_pres_1|         array|
|srt_pres_address1      |  out|    6|   ap_memory|                  srt_pres|         array|
|srt_pres_ce1           |  out|    1|   ap_memory|                  srt_pres|         array|
|srt_pres_we1           |  out|    1|   ap_memory|                  srt_pres|         array|
|srt_pres_d1            |  out|    1|   ap_memory|                  srt_pres|         array|
|hist_14_address0       |  out|    8|   ap_memory|                   hist_14|         array|
|hist_14_ce0            |  out|    1|   ap_memory|                   hist_14|         array|
|hist_14_we0            |  out|    1|   ap_memory|                   hist_14|         array|
|hist_14_d0             |  out|   10|   ap_memory|                   hist_14|         array|
|hist_14_address1       |  out|    8|   ap_memory|                   hist_14|         array|
|hist_14_ce1            |  out|    1|   ap_memory|                   hist_14|         array|
|hist_14_we1            |  out|    1|   ap_memory|                   hist_14|         array|
|hist_14_d1             |  out|   10|   ap_memory|                   hist_14|         array|
|hist_13_address0       |  out|    8|   ap_memory|                   hist_13|         array|
|hist_13_ce0            |  out|    1|   ap_memory|                   hist_13|         array|
|hist_13_we0            |  out|    1|   ap_memory|                   hist_13|         array|
|hist_13_d0             |  out|   10|   ap_memory|                   hist_13|         array|
|hist_13_address1       |  out|    8|   ap_memory|                   hist_13|         array|
|hist_13_ce1            |  out|    1|   ap_memory|                   hist_13|         array|
|hist_13_we1            |  out|    1|   ap_memory|                   hist_13|         array|
|hist_13_d1             |  out|   10|   ap_memory|                   hist_13|         array|
|hist_12_address0       |  out|    8|   ap_memory|                   hist_12|         array|
|hist_12_ce0            |  out|    1|   ap_memory|                   hist_12|         array|
|hist_12_we0            |  out|    1|   ap_memory|                   hist_12|         array|
|hist_12_d0             |  out|   10|   ap_memory|                   hist_12|         array|
|hist_12_address1       |  out|    8|   ap_memory|                   hist_12|         array|
|hist_12_ce1            |  out|    1|   ap_memory|                   hist_12|         array|
|hist_12_we1            |  out|    1|   ap_memory|                   hist_12|         array|
|hist_12_d1             |  out|   10|   ap_memory|                   hist_12|         array|
|hist_11_address0       |  out|    8|   ap_memory|                   hist_11|         array|
|hist_11_ce0            |  out|    1|   ap_memory|                   hist_11|         array|
|hist_11_we0            |  out|    1|   ap_memory|                   hist_11|         array|
|hist_11_d0             |  out|   10|   ap_memory|                   hist_11|         array|
|hist_11_address1       |  out|    8|   ap_memory|                   hist_11|         array|
|hist_11_ce1            |  out|    1|   ap_memory|                   hist_11|         array|
|hist_11_we1            |  out|    1|   ap_memory|                   hist_11|         array|
|hist_11_d1             |  out|   10|   ap_memory|                   hist_11|         array|
|hist_10_address0       |  out|    8|   ap_memory|                   hist_10|         array|
|hist_10_ce0            |  out|    1|   ap_memory|                   hist_10|         array|
|hist_10_we0            |  out|    1|   ap_memory|                   hist_10|         array|
|hist_10_d0             |  out|   10|   ap_memory|                   hist_10|         array|
|hist_10_address1       |  out|    8|   ap_memory|                   hist_10|         array|
|hist_10_ce1            |  out|    1|   ap_memory|                   hist_10|         array|
|hist_10_we1            |  out|    1|   ap_memory|                   hist_10|         array|
|hist_10_d1             |  out|   10|   ap_memory|                   hist_10|         array|
|hist_9_address0        |  out|    8|   ap_memory|                    hist_9|         array|
|hist_9_ce0             |  out|    1|   ap_memory|                    hist_9|         array|
|hist_9_we0             |  out|    1|   ap_memory|                    hist_9|         array|
|hist_9_d0              |  out|   10|   ap_memory|                    hist_9|         array|
|hist_9_address1        |  out|    8|   ap_memory|                    hist_9|         array|
|hist_9_ce1             |  out|    1|   ap_memory|                    hist_9|         array|
|hist_9_we1             |  out|    1|   ap_memory|                    hist_9|         array|
|hist_9_d1              |  out|   10|   ap_memory|                    hist_9|         array|
|hist_8_address0        |  out|    8|   ap_memory|                    hist_8|         array|
|hist_8_ce0             |  out|    1|   ap_memory|                    hist_8|         array|
|hist_8_we0             |  out|    1|   ap_memory|                    hist_8|         array|
|hist_8_d0              |  out|   10|   ap_memory|                    hist_8|         array|
|hist_8_address1        |  out|    8|   ap_memory|                    hist_8|         array|
|hist_8_ce1             |  out|    1|   ap_memory|                    hist_8|         array|
|hist_8_we1             |  out|    1|   ap_memory|                    hist_8|         array|
|hist_8_d1              |  out|   10|   ap_memory|                    hist_8|         array|
|hist_7_address0        |  out|    8|   ap_memory|                    hist_7|         array|
|hist_7_ce0             |  out|    1|   ap_memory|                    hist_7|         array|
|hist_7_we0             |  out|    1|   ap_memory|                    hist_7|         array|
|hist_7_d0              |  out|   10|   ap_memory|                    hist_7|         array|
|hist_7_address1        |  out|    8|   ap_memory|                    hist_7|         array|
|hist_7_ce1             |  out|    1|   ap_memory|                    hist_7|         array|
|hist_7_we1             |  out|    1|   ap_memory|                    hist_7|         array|
|hist_7_d1              |  out|   10|   ap_memory|                    hist_7|         array|
|hist_6_address0        |  out|    8|   ap_memory|                    hist_6|         array|
|hist_6_ce0             |  out|    1|   ap_memory|                    hist_6|         array|
|hist_6_we0             |  out|    1|   ap_memory|                    hist_6|         array|
|hist_6_d0              |  out|   10|   ap_memory|                    hist_6|         array|
|hist_6_address1        |  out|    8|   ap_memory|                    hist_6|         array|
|hist_6_ce1             |  out|    1|   ap_memory|                    hist_6|         array|
|hist_6_we1             |  out|    1|   ap_memory|                    hist_6|         array|
|hist_6_d1              |  out|   10|   ap_memory|                    hist_6|         array|
|hist_5_address0        |  out|    8|   ap_memory|                    hist_5|         array|
|hist_5_ce0             |  out|    1|   ap_memory|                    hist_5|         array|
|hist_5_we0             |  out|    1|   ap_memory|                    hist_5|         array|
|hist_5_d0              |  out|   10|   ap_memory|                    hist_5|         array|
|hist_5_address1        |  out|    8|   ap_memory|                    hist_5|         array|
|hist_5_ce1             |  out|    1|   ap_memory|                    hist_5|         array|
|hist_5_we1             |  out|    1|   ap_memory|                    hist_5|         array|
|hist_5_d1              |  out|   10|   ap_memory|                    hist_5|         array|
|hist_4_address0        |  out|    8|   ap_memory|                    hist_4|         array|
|hist_4_ce0             |  out|    1|   ap_memory|                    hist_4|         array|
|hist_4_we0             |  out|    1|   ap_memory|                    hist_4|         array|
|hist_4_d0              |  out|   10|   ap_memory|                    hist_4|         array|
|hist_4_address1        |  out|    8|   ap_memory|                    hist_4|         array|
|hist_4_ce1             |  out|    1|   ap_memory|                    hist_4|         array|
|hist_4_we1             |  out|    1|   ap_memory|                    hist_4|         array|
|hist_4_d1              |  out|   10|   ap_memory|                    hist_4|         array|
|hist_3_address0        |  out|    8|   ap_memory|                    hist_3|         array|
|hist_3_ce0             |  out|    1|   ap_memory|                    hist_3|         array|
|hist_3_we0             |  out|    1|   ap_memory|                    hist_3|         array|
|hist_3_d0              |  out|   10|   ap_memory|                    hist_3|         array|
|hist_3_address1        |  out|    8|   ap_memory|                    hist_3|         array|
|hist_3_ce1             |  out|    1|   ap_memory|                    hist_3|         array|
|hist_3_we1             |  out|    1|   ap_memory|                    hist_3|         array|
|hist_3_d1              |  out|   10|   ap_memory|                    hist_3|         array|
|hist_2_address0        |  out|    8|   ap_memory|                    hist_2|         array|
|hist_2_ce0             |  out|    1|   ap_memory|                    hist_2|         array|
|hist_2_we0             |  out|    1|   ap_memory|                    hist_2|         array|
|hist_2_d0              |  out|   10|   ap_memory|                    hist_2|         array|
|hist_2_address1        |  out|    8|   ap_memory|                    hist_2|         array|
|hist_2_ce1             |  out|    1|   ap_memory|                    hist_2|         array|
|hist_2_we1             |  out|    1|   ap_memory|                    hist_2|         array|
|hist_2_d1              |  out|   10|   ap_memory|                    hist_2|         array|
|hist_1_address0        |  out|    8|   ap_memory|                    hist_1|         array|
|hist_1_ce0             |  out|    1|   ap_memory|                    hist_1|         array|
|hist_1_we0             |  out|    1|   ap_memory|                    hist_1|         array|
|hist_1_d0              |  out|   10|   ap_memory|                    hist_1|         array|
|hist_1_address1        |  out|    8|   ap_memory|                    hist_1|         array|
|hist_1_ce1             |  out|    1|   ap_memory|                    hist_1|         array|
|hist_1_we1             |  out|    1|   ap_memory|                    hist_1|         array|
|hist_1_d1              |  out|   10|   ap_memory|                    hist_1|         array|
|hist_address0          |  out|    8|   ap_memory|                      hist|         array|
|hist_ce0               |  out|    1|   ap_memory|                      hist|         array|
|hist_we0               |  out|    1|   ap_memory|                      hist|         array|
|hist_d0                |  out|   10|   ap_memory|                      hist|         array|
|hist_address1          |  out|    8|   ap_memory|                      hist|         array|
|hist_ce1               |  out|    1|   ap_memory|                      hist|         array|
|hist_we1               |  out|    1|   ap_memory|                      hist|         array|
|hist_d1                |  out|   10|   ap_memory|                      hist|         array|
+-----------------------+-----+-----+------------+--------------------------+--------------+

