

================================================================
== Vitis HLS Report for 'my_window'
================================================================
* Date:           Thu Jul  2 09:25:28 2026

* Version:        2023.2 (Build 4023990 on Oct 11 2023)
* Project:        my_window_proj
* Solution:       solution1 (Vivado IP Flow Target)
* Product family: virtexuplus
* Target device:  xcu250-figd2104-2L-e


================================================================
== Performance Estimates
================================================================
+ Timing: 
    * Summary: 
    +--------+----------+----------+------------+
    |  Clock |  Target  | Estimated| Uncertainty|
    +--------+----------+----------+------------+
    |ap_clk  |  10.00 ns|  7.196 ns|     2.70 ns|
    +--------+----------+----------+------------+

+ Latency: 
    * Summary: 
    +---------+---------+----------+----------+-----+-----+---------+
    |  Latency (cycles) |  Latency (absolute) |  Interval | Pipeline|
    |   min   |   max   |    min   |    max   | min | max |   Type  |
    +---------+---------+----------+----------+-----+-----+---------+
    |      575|      575|  5.750 us|  5.750 us|  576|  576|       no|
    +---------+---------+----------+----------+-----+-----+---------+

    + Detail: 
        * Instance: 
        +-------------------------------------------------+------------------------------------+---------+---------+----------+----------+-----+-----+---------+
        |                                                 |                                    |  Latency (cycles) |  Latency (absolute) |  Interval | Pipeline|
        |                     Instance                    |               Module               |   min   |   max   |    min   |    max   | min | max |   Type  |
        +-------------------------------------------------+------------------------------------+---------+---------+----------+----------+-----+-----+---------+
        |grp_my_window_Pipeline_HINIT_fu_9210             |my_window_Pipeline_HINIT            |       86|       86|  0.860 us|  0.860 us|   86|   86|       no|
        |grp_my_window_Pipeline_PCA_HIST_fu_10144         |my_window_Pipeline_PCA_HIST         |       45|       45|  0.450 us|  0.450 us|   45|   45|       no|
        |grp_my_window_Pipeline_BASE_fu_10658             |my_window_Pipeline_BASE             |       88|       88|  0.880 us|  0.880 us|   88|   88|       no|
        |grp_my_window_Pipeline_RANK_fu_10875             |my_window_Pipeline_RANK             |       58|       58|  0.580 us|  0.580 us|   58|   58|       no|
        |grp_my_window_Pipeline_EMIT_EDGE_SPLIT_fu_11887  |my_window_Pipeline_EMIT_EDGE_SPLIT  |       89|       89|  0.890 us|  0.890 us|   89|   89|       no|
        |grp_my_window_Pipeline_FW1_BW1_FW2_BW2_fu_12776  |my_window_Pipeline_FW1_BW1_FW2_BW2  |       52|       52|  0.520 us|  0.520 us|   52|   52|       no|
        |grp_my_window_Pipeline_JUMP1_fu_13230            |my_window_Pipeline_JUMP1            |       43|       43|  0.430 us|  0.430 us|   43|   43|       no|
        |grp_my_window_Pipeline_JUMP2_fu_13744            |my_window_Pipeline_JUMP2            |       55|       55|  0.550 us|  0.550 us|   55|   55|       no|
        |grp_my_window_Pipeline_UNSORT_EM_fu_14483        |my_window_Pipeline_UNSORT_EM        |       42|       42|  0.420 us|  0.420 us|   42|   42|       no|
        +-------------------------------------------------+------------------------------------+---------+---------+----------+----------+-----+-----+---------+

        * Loop: 
        N/A



================================================================
== Utilization Estimates
================================================================
* Summary: 
+---------------------+---------+-------+---------+---------+------+
|         Name        | BRAM_18K|  DSP  |    FF   |   LUT   | URAM |
+---------------------+---------+-------+---------+---------+------+
|DSP                  |        -|      -|        -|        -|     -|
|Expression           |        -|      -|        -|        -|     -|
|FIFO                 |        -|      -|        -|        -|     -|
|Instance             |        0|    780|    65671|   250098|     0|
|Memory               |      945|      -|    18180|    19935|     0|
|Multiplexer          |        -|      -|        -|    83809|     -|
|Register             |        -|      -|       27|        -|     -|
+---------------------+---------+-------+---------+---------+------+
|Total                |      945|    780|    83878|   353842|     0|
+---------------------+---------+-------+---------+---------+------+
|Available SLR        |     1344|   3072|   864000|   432000|   320|
+---------------------+---------+-------+---------+---------+------+
|Utilization SLR (%)  |       70|     25|        9|       81|     0|
+---------------------+---------+-------+---------+---------+------+
|Available            |     5376|  12288|  3456000|  1728000|  1280|
+---------------------+---------+-------+---------+---------+------+
|Utilization (%)      |       17|      6|        2|       20|     0|
+---------------------+---------+-------+---------+---------+------+

+ Detail: 
    * Instance: 
    +-------------------------------------------------+------------------------------------+---------+-----+-------+-------+-----+
    |                     Instance                    |               Module               | BRAM_18K| DSP |   FF  |  LUT  | URAM|
    +-------------------------------------------------+------------------------------------+---------+-----+-------+-------+-----+
    |grp_my_window_Pipeline_BASE_fu_10658             |my_window_Pipeline_BASE             |        0|    0|   1858|    767|    0|
    |grp_my_window_Pipeline_EMIT_EDGE_SPLIT_fu_11887  |my_window_Pipeline_EMIT_EDGE_SPLIT  |        0|  720|  10840|  75159|    0|
    |grp_my_window_Pipeline_FW1_BW1_FW2_BW2_fu_12776  |my_window_Pipeline_FW1_BW1_FW2_BW2  |        0|    0|  21698|  71666|    0|
    |grp_my_window_Pipeline_HINIT_fu_9210             |my_window_Pipeline_HINIT            |        0|    0|      9|     77|    0|
    |grp_my_window_Pipeline_JUMP1_fu_13230            |my_window_Pipeline_JUMP1            |        0|    0|    103|  32494|    0|
    |grp_my_window_Pipeline_JUMP2_fu_13744            |my_window_Pipeline_JUMP2            |        0|   15|   6512|   4984|    0|
    |grp_my_window_Pipeline_PCA_HIST_fu_10144         |my_window_Pipeline_PCA_HIST         |        0|   30|  11005|  40101|    0|
    |grp_my_window_Pipeline_RANK_fu_10875             |my_window_Pipeline_RANK             |        0|   15|  13631|  22206|    0|
    |grp_my_window_Pipeline_UNSORT_EM_fu_14483        |my_window_Pipeline_UNSORT_EM        |        0|    0|     15|   2644|    0|
    +-------------------------------------------------+------------------------------------+---------+-----+-------+-------+-----+
    |Total                                            |                                    |        0|  780|  65671| 250098|    0|
    +-------------------------------------------------+------------------------------------+---------+-----+-------+-------+-----+

    * DSP: 
    N/A

    * Memory: 
    +-----------------+--------------------------------+---------+-----+-----+-----+------+-----+------+-------------+
    |      Memory     |             Module             | BRAM_18K|  FF | LUT | URAM| Words| Bits| Banks| W*Bits*Banks|
    +-----------------+--------------------------------+---------+-----+-----+-----+------+-----+------+-------------+
    |buck_U           |buck_RAM_AUTO_1R1W              |        0|    8|    9|    0|    40|    8|     1|          320|
    |buck_1_U         |buck_RAM_AUTO_1R1W              |        0|    8|    9|    0|    40|    8|     1|          320|
    |buck_2_U         |buck_RAM_AUTO_1R1W              |        0|    8|    9|    0|    40|    8|     1|          320|
    |buck_3_U         |buck_RAM_AUTO_1R1W              |        0|    8|    9|    0|    40|    8|     1|          320|
    |buck_4_U         |buck_RAM_AUTO_1R1W              |        0|    8|    9|    0|    40|    8|     1|          320|
    |buck_5_U         |buck_RAM_AUTO_1R1W              |        0|    8|    9|    0|    40|    8|     1|          320|
    |buck_6_U         |buck_RAM_AUTO_1R1W              |        0|    8|    9|    0|    40|    8|     1|          320|
    |buck_7_U         |buck_RAM_AUTO_1R1W              |        0|    8|    9|    0|    40|    8|     1|          320|
    |buck_8_U         |buck_RAM_AUTO_1R1W              |        0|    8|    9|    0|    40|    8|     1|          320|
    |buck_9_U         |buck_RAM_AUTO_1R1W              |        0|    8|    9|    0|    40|    8|     1|          320|
    |buck_10_U        |buck_RAM_AUTO_1R1W              |        0|    8|    9|    0|    40|    8|     1|          320|
    |buck_11_U        |buck_RAM_AUTO_1R1W              |        0|    8|    9|    0|    40|    8|     1|          320|
    |buck_12_U        |buck_RAM_AUTO_1R1W              |        0|    8|    9|    0|    40|    8|     1|          320|
    |buck_13_U        |buck_RAM_AUTO_1R1W              |        0|    8|    9|    0|    40|    8|     1|          320|
    |buck_14_U        |buck_RAM_AUTO_1R1W              |        0|    8|    9|    0|    40|    8|     1|          320|
    |comp_a_3_U       |comp_a_3_RAM_AUTO_1R1W          |        0|   16|   17|    0|    40|   10|     1|          400|
    |comp_a_4_U       |comp_a_3_RAM_AUTO_1R1W          |        0|   16|   17|    0|    40|   10|     1|          400|
    |comp_a_5_U       |comp_a_3_RAM_AUTO_1R1W          |        0|   16|   17|    0|    40|   10|     1|          400|
    |comp_a_6_U       |comp_a_3_RAM_AUTO_1R1W          |        0|   16|   17|    0|    40|   10|     1|          400|
    |comp_a_7_U       |comp_a_3_RAM_AUTO_1R1W          |        0|   16|   17|    0|    40|   10|     1|          400|
    |comp_a_8_U       |comp_a_3_RAM_AUTO_1R1W          |        0|   16|   17|    0|    40|   10|     1|          400|
    |comp_a_9_U       |comp_a_3_RAM_AUTO_1R1W          |        0|   16|   17|    0|    40|   10|     1|          400|
    |comp_a_10_U      |comp_a_3_RAM_AUTO_1R1W          |        0|   16|   17|    0|    40|   10|     1|          400|
    |comp_a_11_U      |comp_a_3_RAM_AUTO_1R1W          |        0|   16|   17|    0|    40|   10|     1|          400|
    |comp_a_12_U      |comp_a_3_RAM_AUTO_1R1W          |        0|   16|   17|    0|    40|   10|     1|          400|
    |comp_a_13_U      |comp_a_3_RAM_AUTO_1R1W          |        0|   16|   17|    0|    40|   10|     1|          400|
    |comp_a_14_U      |comp_a_3_RAM_AUTO_1R1W          |        0|   16|   17|    0|    40|   10|     1|          400|
    |cpy_U            |cpy_RAM_2P_LUTRAM_1R1W          |        0|   16|   17|    0|    38|   10|     1|          380|
    |cpy_1_U          |cpy_RAM_2P_LUTRAM_1R1W          |        0|   16|   17|    0|    38|   10|     1|          380|
    |cpy_2_U          |cpy_RAM_2P_LUTRAM_1R1W          |        0|   16|   17|    0|    38|   10|     1|          380|
    |cpy_3_U          |cpy_RAM_2P_LUTRAM_1R1W          |        0|   16|   17|    0|    38|   10|     1|          380|
    |cpy_4_U          |cpy_RAM_2P_LUTRAM_1R1W          |        0|   16|   17|    0|    38|   10|     1|          380|
    |cpy_5_U          |cpy_RAM_2P_LUTRAM_1R1W          |        0|   16|   17|    0|    38|   10|     1|          380|
    |cpy_6_U          |cpy_RAM_2P_LUTRAM_1R1W          |        0|   16|   17|    0|    38|   10|     1|          380|
    |cpy_7_U          |cpy_RAM_2P_LUTRAM_1R1W          |        0|   16|   17|    0|    38|   10|     1|          380|
    |cpy_8_U          |cpy_RAM_2P_LUTRAM_1R1W          |        0|   16|   17|    0|    38|   10|     1|          380|
    |cpy_9_U          |cpy_RAM_2P_LUTRAM_1R1W          |        0|   16|   17|    0|    38|   10|     1|          380|
    |cpy_10_U         |cpy_RAM_2P_LUTRAM_1R1W          |        0|   16|   17|    0|    38|   10|     1|          380|
    |cpy_11_U         |cpy_RAM_2P_LUTRAM_1R1W          |        0|   16|   17|    0|    38|   10|     1|          380|
    |cpy_12_U         |cpy_RAM_2P_LUTRAM_1R1W          |        0|   16|   17|    0|    38|   10|     1|          380|
    |cpy_13_U         |cpy_RAM_2P_LUTRAM_1R1W          |        0|   16|   17|    0|    38|   10|     1|          380|
    |cpy_14_U         |cpy_RAM_2P_LUTRAM_1R1W          |        0|   16|   17|    0|    38|   10|     1|          380|
    |cpy_15_U         |cpy_RAM_2P_LUTRAM_1R1W          |        0|   16|   17|    0|    38|   10|     1|          380|
    |cpy_16_U         |cpy_RAM_2P_LUTRAM_1R1W          |        0|   16|   17|    0|    38|   10|     1|          380|
    |cpy_17_U         |cpy_RAM_2P_LUTRAM_1R1W          |        0|   16|   17|    0|    38|   10|     1|          380|
    |cpy_18_U         |cpy_RAM_2P_LUTRAM_1R1W          |        0|   16|   17|    0|    38|   10|     1|          380|
    |cpy_19_U         |cpy_RAM_2P_LUTRAM_1R1W          |        0|   16|   17|    0|    38|   10|     1|          380|
    |cpy_20_U         |cpy_RAM_2P_LUTRAM_1R1W          |        0|   16|   17|    0|    38|   10|     1|          380|
    |cpy_21_U         |cpy_RAM_2P_LUTRAM_1R1W          |        0|   16|   17|    0|    38|   10|     1|          380|
    |cpy_22_U         |cpy_RAM_2P_LUTRAM_1R1W          |        0|   16|   17|    0|    38|   10|     1|          380|
    |cpy_23_U         |cpy_RAM_2P_LUTRAM_1R1W          |        0|   16|   17|    0|    38|   10|     1|          380|
    |cpy_24_U         |cpy_RAM_2P_LUTRAM_1R1W          |        0|   16|   17|    0|    38|   10|     1|          380|
    |cpy_25_U         |cpy_RAM_2P_LUTRAM_1R1W          |        0|   16|   17|    0|    38|   10|     1|          380|
    |cpy_26_U         |cpy_RAM_2P_LUTRAM_1R1W          |        0|   16|   17|    0|    38|   10|     1|          380|
    |cpy_27_U         |cpy_RAM_2P_LUTRAM_1R1W          |        0|   16|   17|    0|    38|   10|     1|          380|
    |cpy_28_U         |cpy_RAM_2P_LUTRAM_1R1W          |        0|   16|   17|    0|    38|   10|     1|          380|
    |cpy_29_U         |cpy_RAM_2P_LUTRAM_1R1W          |        0|   16|   17|    0|    38|   10|     1|          380|
    |cpy_30_U         |cpy_RAM_2P_LUTRAM_1R1W          |        0|   16|   17|    0|    38|   10|     1|          380|
    |cpy_31_U         |cpy_RAM_2P_LUTRAM_1R1W          |        0|   16|   17|    0|    38|   10|     1|          380|
    |cpy_32_U         |cpy_RAM_2P_LUTRAM_1R1W          |        0|   16|   17|    0|    38|   10|     1|          380|
    |cpy_33_U         |cpy_RAM_2P_LUTRAM_1R1W          |        0|   16|   17|    0|    38|   10|     1|          380|
    |cpy_34_U         |cpy_RAM_2P_LUTRAM_1R1W          |        0|   16|   17|    0|    38|   10|     1|          380|
    |cpy_35_U         |cpy_RAM_2P_LUTRAM_1R1W          |        0|   16|   17|    0|    38|   10|     1|          380|
    |cpy_36_U         |cpy_RAM_2P_LUTRAM_1R1W          |        0|   16|   17|    0|    38|   10|     1|          380|
    |cpy_37_U         |cpy_RAM_2P_LUTRAM_1R1W          |        0|   16|   17|    0|    38|   10|     1|          380|
    |cpy_38_U         |cpy_RAM_2P_LUTRAM_1R1W          |        0|   16|   17|    0|    38|   10|     1|          380|
    |cpy_39_U         |cpy_RAM_2P_LUTRAM_1R1W          |        0|   16|   17|    0|    38|   10|     1|          380|
    |cpy_40_U         |cpy_RAM_2P_LUTRAM_1R1W          |        0|   16|   17|    0|    38|   10|     1|          380|
    |cpy_41_U         |cpy_RAM_2P_LUTRAM_1R1W          |        0|   16|   17|    0|    38|   10|     1|          380|
    |cpy_42_U         |cpy_RAM_2P_LUTRAM_1R1W          |        0|   16|   17|    0|    38|   10|     1|          380|
    |cpy_43_U         |cpy_RAM_2P_LUTRAM_1R1W          |        0|   16|   17|    0|    38|   10|     1|          380|
    |cpy_44_U         |cpy_RAM_2P_LUTRAM_1R1W          |        0|   16|   17|    0|    38|   10|     1|          380|
    |cpy_45_U         |cpy_RAM_2P_LUTRAM_1R1W          |        0|   16|   17|    0|    38|   10|     1|          380|
    |cpy_46_U         |cpy_RAM_2P_LUTRAM_1R1W          |        0|   16|   17|    0|    38|   10|     1|          380|
    |cpy_47_U         |cpy_RAM_2P_LUTRAM_1R1W          |        0|   16|   17|    0|    38|   10|     1|          380|
    |cpy_48_U         |cpy_RAM_2P_LUTRAM_1R1W          |        0|   16|   17|    0|    38|   10|     1|          380|
    |cpy_49_U         |cpy_RAM_2P_LUTRAM_1R1W          |        0|   16|   17|    0|    38|   10|     1|          380|
    |cpy_50_U         |cpy_RAM_2P_LUTRAM_1R1W          |        0|   16|   17|    0|    38|   10|     1|          380|
    |cpy_51_U         |cpy_RAM_2P_LUTRAM_1R1W          |        0|   16|   17|    0|    38|   10|     1|          380|
    |cpy_52_U         |cpy_RAM_2P_LUTRAM_1R1W          |        0|   16|   17|    0|    38|   10|     1|          380|
    |cpy_53_U         |cpy_RAM_2P_LUTRAM_1R1W          |        0|   16|   17|    0|    38|   10|     1|          380|
    |cpy_54_U         |cpy_RAM_2P_LUTRAM_1R1W          |        0|   16|   17|    0|    38|   10|     1|          380|
    |cpy_55_U         |cpy_RAM_2P_LUTRAM_1R1W          |        0|   16|   17|    0|    38|   10|     1|          380|
    |cpy_56_U         |cpy_RAM_2P_LUTRAM_1R1W          |        0|   16|   17|    0|    38|   10|     1|          380|
    |cpy_57_U         |cpy_RAM_2P_LUTRAM_1R1W          |        0|   16|   17|    0|    38|   10|     1|          380|
    |cpy_58_U         |cpy_RAM_2P_LUTRAM_1R1W          |        0|   16|   17|    0|    38|   10|     1|          380|
    |cpy_59_U         |cpy_RAM_2P_LUTRAM_1R1W          |        0|   16|   17|    0|    38|   10|     1|          380|
    |cpy_60_U         |cpy_RAM_2P_LUTRAM_1R1W          |        0|   16|   17|    0|    38|   10|     1|          380|
    |cpy_61_U         |cpy_RAM_2P_LUTRAM_1R1W          |        0|   16|   17|    0|    38|   10|     1|          380|
    |cpy_62_U         |cpy_RAM_2P_LUTRAM_1R1W          |        0|   16|   17|    0|    38|   10|     1|          380|
    |cpy_63_U         |cpy_RAM_2P_LUTRAM_1R1W          |        0|   16|   17|    0|    38|   10|     1|          380|
    |cpy_64_U         |cpy_RAM_2P_LUTRAM_1R1W          |        0|   16|   17|    0|    38|   10|     1|          380|
    |cpy_65_U         |cpy_RAM_2P_LUTRAM_1R1W          |        0|   16|   17|    0|    38|   10|     1|          380|
    |cpy_66_U         |cpy_RAM_2P_LUTRAM_1R1W          |        0|   16|   17|    0|    38|   10|     1|          380|
    |cpy_67_U         |cpy_RAM_2P_LUTRAM_1R1W          |        0|   16|   17|    0|    38|   10|     1|          380|
    |cpy_68_U         |cpy_RAM_2P_LUTRAM_1R1W          |        0|   16|   17|    0|    38|   10|     1|          380|
    |cpy_69_U         |cpy_RAM_2P_LUTRAM_1R1W          |        0|   16|   17|    0|    38|   10|     1|          380|
    |cpy_70_U         |cpy_RAM_2P_LUTRAM_1R1W          |        0|   16|   17|    0|    38|   10|     1|          380|
    |cpy_71_U         |cpy_RAM_2P_LUTRAM_1R1W          |        0|   16|   17|    0|    38|   10|     1|          380|
    |cpy_72_U         |cpy_RAM_2P_LUTRAM_1R1W          |        0|   16|   17|    0|    38|   10|     1|          380|
    |cpy_73_U         |cpy_RAM_2P_LUTRAM_1R1W          |        0|   16|   17|    0|    38|   10|     1|          380|
    |cpy_74_U         |cpy_RAM_2P_LUTRAM_1R1W          |        0|   16|   17|    0|    38|   10|     1|          380|
    |cpy_75_U         |cpy_RAM_2P_LUTRAM_1R1W          |        0|   16|   17|    0|    38|   10|     1|          380|
    |cpy_76_U         |cpy_RAM_2P_LUTRAM_1R1W          |        0|   16|   17|    0|    38|   10|     1|          380|
    |cpy_77_U         |cpy_RAM_2P_LUTRAM_1R1W          |        0|   16|   17|    0|    38|   10|     1|          380|
    |cpy_78_U         |cpy_RAM_2P_LUTRAM_1R1W          |        0|   16|   17|    0|    38|   10|     1|          380|
    |cpy_79_U         |cpy_RAM_2P_LUTRAM_1R1W          |        0|   16|   17|    0|    38|   10|     1|          380|
    |cpy_80_U         |cpy_RAM_2P_LUTRAM_1R1W          |        0|   16|   17|    0|    38|   10|     1|          380|
    |cpy_81_U         |cpy_RAM_2P_LUTRAM_1R1W          |        0|   16|   17|    0|    38|   10|     1|          380|
    |cpy_82_U         |cpy_RAM_2P_LUTRAM_1R1W          |        0|   16|   17|    0|    38|   10|     1|          380|
    |cpy_83_U         |cpy_RAM_2P_LUTRAM_1R1W          |        0|   16|   17|    0|    38|   10|     1|          380|
    |cpy_84_U         |cpy_RAM_2P_LUTRAM_1R1W          |        0|   16|   17|    0|    38|   10|     1|          380|
    |cpy_85_U         |cpy_RAM_2P_LUTRAM_1R1W          |        0|   16|   17|    0|    38|   10|     1|          380|
    |cpy_86_U         |cpy_RAM_2P_LUTRAM_1R1W          |        0|   16|   17|    0|    38|   10|     1|          380|
    |cpy_87_U         |cpy_RAM_2P_LUTRAM_1R1W          |        0|   16|   17|    0|    38|   10|     1|          380|
    |cpy_88_U         |cpy_RAM_2P_LUTRAM_1R1W          |        0|   16|   17|    0|    38|   10|     1|          380|
    |cpy_89_U         |cpy_RAM_2P_LUTRAM_1R1W          |        0|   16|   17|    0|    38|   10|     1|          380|
    |cpy_90_U         |cpy_RAM_2P_LUTRAM_1R1W          |        0|   16|   17|    0|    38|   10|     1|          380|
    |cpy_91_U         |cpy_RAM_2P_LUTRAM_1R1W          |        0|   16|   17|    0|    38|   10|     1|          380|
    |cpy_92_U         |cpy_RAM_2P_LUTRAM_1R1W          |        0|   16|   17|    0|    38|   10|     1|          380|
    |cpy_93_U         |cpy_RAM_2P_LUTRAM_1R1W          |        0|   16|   17|    0|    38|   10|     1|          380|
    |cpy_94_U         |cpy_RAM_2P_LUTRAM_1R1W          |        0|   16|   17|    0|    38|   10|     1|          380|
    |cpy_95_U         |cpy_RAM_2P_LUTRAM_1R1W          |        0|   16|   17|    0|    38|   10|     1|          380|
    |cpy_96_U         |cpy_RAM_2P_LUTRAM_1R1W          |        0|   16|   17|    0|    38|   10|     1|          380|
    |cpy_97_U         |cpy_RAM_2P_LUTRAM_1R1W          |        0|   16|   17|    0|    38|   10|     1|          380|
    |cpy_98_U         |cpy_RAM_2P_LUTRAM_1R1W          |        0|   16|   17|    0|    38|   10|     1|          380|
    |cpy_99_U         |cpy_RAM_2P_LUTRAM_1R1W          |        0|   16|   17|    0|    38|   10|     1|          380|
    |cpy_100_U        |cpy_RAM_2P_LUTRAM_1R1W          |        0|   16|   17|    0|    38|   10|     1|          380|
    |cpy_101_U        |cpy_RAM_2P_LUTRAM_1R1W          |        0|   16|   17|    0|    38|   10|     1|          380|
    |cpy_102_U        |cpy_RAM_2P_LUTRAM_1R1W          |        0|   16|   17|    0|    38|   10|     1|          380|
    |cpy_103_U        |cpy_RAM_2P_LUTRAM_1R1W          |        0|   16|   17|    0|    38|   10|     1|          380|
    |cpy_104_U        |cpy_RAM_2P_LUTRAM_1R1W          |        0|   16|   17|    0|    38|   10|     1|          380|
    |cpy_105_U        |cpy_RAM_2P_LUTRAM_1R1W          |        0|   16|   17|    0|    38|   10|     1|          380|
    |cpy_106_U        |cpy_RAM_2P_LUTRAM_1R1W          |        0|   16|   17|    0|    38|   10|     1|          380|
    |cpy_107_U        |cpy_RAM_2P_LUTRAM_1R1W          |        0|   16|   17|    0|    38|   10|     1|          380|
    |cpy_108_U        |cpy_RAM_2P_LUTRAM_1R1W          |        0|   16|   17|    0|    38|   10|     1|          380|
    |cpy_109_U        |cpy_RAM_2P_LUTRAM_1R1W          |        0|   16|   17|    0|    38|   10|     1|          380|
    |cpy_110_U        |cpy_RAM_2P_LUTRAM_1R1W          |        0|   16|   17|    0|    38|   10|     1|          380|
    |cpy_111_U        |cpy_RAM_2P_LUTRAM_1R1W          |        0|   16|   17|    0|    38|   10|     1|          380|
    |cpy_112_U        |cpy_RAM_2P_LUTRAM_1R1W          |        0|   16|   17|    0|    38|   10|     1|          380|
    |cpy_113_U        |cpy_RAM_2P_LUTRAM_1R1W          |        0|   16|   17|    0|    38|   10|     1|          380|
    |cpy_114_U        |cpy_RAM_2P_LUTRAM_1R1W          |        0|   16|   17|    0|    38|   10|     1|          380|
    |cpy_115_U        |cpy_RAM_2P_LUTRAM_1R1W          |        0|   16|   17|    0|    38|   10|     1|          380|
    |cpy_116_U        |cpy_RAM_2P_LUTRAM_1R1W          |        0|   16|   17|    0|    38|   10|     1|          380|
    |cpy_117_U        |cpy_RAM_2P_LUTRAM_1R1W          |        0|   16|   17|    0|    38|   10|     1|          380|
    |cpy_118_U        |cpy_RAM_2P_LUTRAM_1R1W          |        0|   16|   17|    0|    38|   10|     1|          380|
    |cpy_119_U        |cpy_RAM_2P_LUTRAM_1R1W          |        0|   16|   17|    0|    38|   10|     1|          380|
    |cpy_120_U        |cpy_RAM_2P_LUTRAM_1R1W          |        0|   16|   17|    0|    38|   10|     1|          380|
    |cpy_121_U        |cpy_RAM_2P_LUTRAM_1R1W          |        0|   16|   17|    0|    38|   10|     1|          380|
    |cpy_122_U        |cpy_RAM_2P_LUTRAM_1R1W          |        0|   16|   17|    0|    38|   10|     1|          380|
    |cpy_123_U        |cpy_RAM_2P_LUTRAM_1R1W          |        0|   16|   17|    0|    38|   10|     1|          380|
    |cpy_124_U        |cpy_RAM_2P_LUTRAM_1R1W          |        0|   16|   17|    0|    38|   10|     1|          380|
    |cpy_125_U        |cpy_RAM_2P_LUTRAM_1R1W          |        0|   16|   17|    0|    38|   10|     1|          380|
    |cpy_126_U        |cpy_RAM_2P_LUTRAM_1R1W          |        0|   16|   17|    0|    38|   10|     1|          380|
    |cpy_127_U        |cpy_RAM_2P_LUTRAM_1R1W          |        0|   16|   17|    0|    38|   10|     1|          380|
    |cpy_128_U        |cpy_RAM_2P_LUTRAM_1R1W          |        0|   16|   17|    0|    38|   10|     1|          380|
    |cpy_129_U        |cpy_RAM_2P_LUTRAM_1R1W          |        0|   16|   17|    0|    38|   10|     1|          380|
    |cpy_130_U        |cpy_RAM_2P_LUTRAM_1R1W          |        0|   16|   17|    0|    38|   10|     1|          380|
    |cpy_131_U        |cpy_RAM_2P_LUTRAM_1R1W          |        0|   16|   17|    0|    38|   10|     1|          380|
    |cpy_132_U        |cpy_RAM_2P_LUTRAM_1R1W          |        0|   16|   17|    0|    38|   10|     1|          380|
    |cpy_133_U        |cpy_RAM_2P_LUTRAM_1R1W          |        0|   16|   17|    0|    38|   10|     1|          380|
    |cpy_134_U        |cpy_RAM_2P_LUTRAM_1R1W          |        0|   16|   17|    0|    38|   10|     1|          380|
    |cpy_135_U        |cpy_RAM_2P_LUTRAM_1R1W          |        0|   16|   17|    0|    38|   10|     1|          380|
    |cpy_136_U        |cpy_RAM_2P_LUTRAM_1R1W          |        0|   16|   17|    0|    38|   10|     1|          380|
    |cpy_137_U        |cpy_RAM_2P_LUTRAM_1R1W          |        0|   16|   17|    0|    38|   10|     1|          380|
    |cpy_138_U        |cpy_RAM_2P_LUTRAM_1R1W          |        0|   16|   17|    0|    38|   10|     1|          380|
    |cpy_139_U        |cpy_RAM_2P_LUTRAM_1R1W          |        0|   16|   17|    0|    38|   10|     1|          380|
    |cpy_140_U        |cpy_RAM_2P_LUTRAM_1R1W          |        0|   16|   17|    0|    38|   10|     1|          380|
    |cpy_141_U        |cpy_RAM_2P_LUTRAM_1R1W          |        0|   16|   17|    0|    38|   10|     1|          380|
    |cpy_142_U        |cpy_RAM_2P_LUTRAM_1R1W          |        0|   16|   17|    0|    38|   10|     1|          380|
    |cpy_143_U        |cpy_RAM_2P_LUTRAM_1R1W          |        0|   16|   17|    0|    38|   10|     1|          380|
    |cpy_144_U        |cpy_RAM_2P_LUTRAM_1R1W          |        0|   16|   17|    0|    38|   10|     1|          380|
    |cpy_145_U        |cpy_RAM_2P_LUTRAM_1R1W          |        0|   16|   17|    0|    38|   10|     1|          380|
    |cpy_146_U        |cpy_RAM_2P_LUTRAM_1R1W          |        0|   16|   17|    0|    38|   10|     1|          380|
    |cpy_147_U        |cpy_RAM_2P_LUTRAM_1R1W          |        0|   16|   17|    0|    38|   10|     1|          380|
    |cpy_148_U        |cpy_RAM_2P_LUTRAM_1R1W          |        0|   16|   17|    0|    38|   10|     1|          380|
    |cpy_149_U        |cpy_RAM_2P_LUTRAM_1R1W          |        0|   16|   17|    0|    38|   10|     1|          380|
    |cpy_150_U        |cpy_RAM_2P_LUTRAM_1R1W          |        0|   16|   17|    0|    38|   10|     1|          380|
    |cpy_151_U        |cpy_RAM_2P_LUTRAM_1R1W          |        0|   16|   17|    0|    38|   10|     1|          380|
    |cpy_152_U        |cpy_RAM_2P_LUTRAM_1R1W          |        0|   16|   17|    0|    38|   10|     1|          380|
    |cpy_153_U        |cpy_RAM_2P_LUTRAM_1R1W          |        0|   16|   17|    0|    38|   10|     1|          380|
    |cpy_154_U        |cpy_RAM_2P_LUTRAM_1R1W          |        0|   16|   17|    0|    38|   10|     1|          380|
    |cpy_155_U        |cpy_RAM_2P_LUTRAM_1R1W          |        0|   16|   17|    0|    38|   10|     1|          380|
    |cpy_156_U        |cpy_RAM_2P_LUTRAM_1R1W          |        0|   16|   17|    0|    38|   10|     1|          380|
    |cpy_157_U        |cpy_RAM_2P_LUTRAM_1R1W          |        0|   16|   17|    0|    38|   10|     1|          380|
    |cpy_158_U        |cpy_RAM_2P_LUTRAM_1R1W          |        0|   16|   17|    0|    38|   10|     1|          380|
    |cpy_159_U        |cpy_RAM_2P_LUTRAM_1R1W          |        0|   16|   17|    0|    38|   10|     1|          380|
    |cpy_160_U        |cpy_RAM_2P_LUTRAM_1R1W          |        0|   16|   17|    0|    38|   10|     1|          380|
    |cpy_161_U        |cpy_RAM_2P_LUTRAM_1R1W          |        0|   16|   17|    0|    38|   10|     1|          380|
    |cpy_162_U        |cpy_RAM_2P_LUTRAM_1R1W          |        0|   16|   17|    0|    38|   10|     1|          380|
    |cpy_163_U        |cpy_RAM_2P_LUTRAM_1R1W          |        0|   16|   17|    0|    38|   10|     1|          380|
    |cpy_164_U        |cpy_RAM_2P_LUTRAM_1R1W          |        0|   16|   17|    0|    38|   10|     1|          380|
    |cpy_165_U        |cpy_RAM_2P_LUTRAM_1R1W          |        0|   16|   17|    0|    38|   10|     1|          380|
    |cpy_166_U        |cpy_RAM_2P_LUTRAM_1R1W          |        0|   16|   17|    0|    38|   10|     1|          380|
    |cpy_167_U        |cpy_RAM_2P_LUTRAM_1R1W          |        0|   16|   17|    0|    38|   10|     1|          380|
    |cpy_168_U        |cpy_RAM_2P_LUTRAM_1R1W          |        0|   16|   17|    0|    38|   10|     1|          380|
    |cpy_169_U        |cpy_RAM_2P_LUTRAM_1R1W          |        0|   16|   17|    0|    38|   10|     1|          380|
    |cpy_170_U        |cpy_RAM_2P_LUTRAM_1R1W          |        0|   16|   17|    0|    38|   10|     1|          380|
    |cpy_171_U        |cpy_RAM_2P_LUTRAM_1R1W          |        0|   16|   17|    0|    38|   10|     1|          380|
    |cpy_172_U        |cpy_RAM_2P_LUTRAM_1R1W          |        0|   16|   17|    0|    38|   10|     1|          380|
    |cpy_173_U        |cpy_RAM_2P_LUTRAM_1R1W          |        0|   16|   17|    0|    38|   10|     1|          380|
    |cpy_174_U        |cpy_RAM_2P_LUTRAM_1R1W          |        0|   16|   17|    0|    38|   10|     1|          380|
    |cpy_175_U        |cpy_RAM_2P_LUTRAM_1R1W          |        0|   16|   17|    0|    38|   10|     1|          380|
    |cpy_176_U        |cpy_RAM_2P_LUTRAM_1R1W          |        0|   16|   17|    0|    38|   10|     1|          380|
    |cpy_177_U        |cpy_RAM_2P_LUTRAM_1R1W          |        0|   16|   17|    0|    38|   10|     1|          380|
    |cpy_178_U        |cpy_RAM_2P_LUTRAM_1R1W          |        0|   16|   17|    0|    38|   10|     1|          380|
    |cpy_179_U        |cpy_RAM_2P_LUTRAM_1R1W          |        0|   16|   17|    0|    38|   10|     1|          380|
    |cpy_180_U        |cpy_RAM_2P_LUTRAM_1R1W          |        0|   16|   17|    0|    38|   10|     1|          380|
    |cpy_181_U        |cpy_RAM_2P_LUTRAM_1R1W          |        0|   16|   17|    0|    38|   10|     1|          380|
    |cpy_182_U        |cpy_RAM_2P_LUTRAM_1R1W          |        0|   16|   17|    0|    38|   10|     1|          380|
    |cpy_183_U        |cpy_RAM_2P_LUTRAM_1R1W          |        0|   16|   17|    0|    38|   10|     1|          380|
    |cpy_184_U        |cpy_RAM_2P_LUTRAM_1R1W          |        0|   16|   17|    0|    38|   10|     1|          380|
    |cpy_185_U        |cpy_RAM_2P_LUTRAM_1R1W          |        0|   16|   17|    0|    38|   10|     1|          380|
    |cpy_186_U        |cpy_RAM_2P_LUTRAM_1R1W          |        0|   16|   17|    0|    38|   10|     1|          380|
    |cpy_187_U        |cpy_RAM_2P_LUTRAM_1R1W          |        0|   16|   17|    0|    38|   10|     1|          380|
    |cpy_188_U        |cpy_RAM_2P_LUTRAM_1R1W          |        0|   16|   17|    0|    38|   10|     1|          380|
    |cpy_189_U        |cpy_RAM_2P_LUTRAM_1R1W          |        0|   16|   17|    0|    38|   10|     1|          380|
    |cpy_190_U        |cpy_RAM_2P_LUTRAM_1R1W          |        0|   16|   17|    0|    38|   10|     1|          380|
    |cpy_191_U        |cpy_RAM_2P_LUTRAM_1R1W          |        0|   16|   17|    0|    38|   10|     1|          380|
    |cpy_192_U        |cpy_RAM_2P_LUTRAM_1R1W          |        0|   16|   17|    0|    38|   10|     1|          380|
    |cpy_193_U        |cpy_RAM_2P_LUTRAM_1R1W          |        0|   16|   17|    0|    38|   10|     1|          380|
    |cpy_194_U        |cpy_RAM_2P_LUTRAM_1R1W          |        0|   16|   17|    0|    38|   10|     1|          380|
    |cpy_195_U        |cpy_RAM_2P_LUTRAM_1R1W          |        0|   16|   17|    0|    38|   10|     1|          380|
    |cpy_196_U        |cpy_RAM_2P_LUTRAM_1R1W          |        0|   16|   17|    0|    38|   10|     1|          380|
    |cpy_197_U        |cpy_RAM_2P_LUTRAM_1R1W          |        0|   16|   17|    0|    38|   10|     1|          380|
    |cpy_198_U        |cpy_RAM_2P_LUTRAM_1R1W          |        0|   16|   17|    0|    38|   10|     1|          380|
    |cpy_199_U        |cpy_RAM_2P_LUTRAM_1R1W          |        0|   16|   17|    0|    38|   10|     1|          380|
    |cpy_200_U        |cpy_RAM_2P_LUTRAM_1R1W          |        0|   16|   17|    0|    38|   10|     1|          380|
    |cpy_201_U        |cpy_RAM_2P_LUTRAM_1R1W          |        0|   16|   17|    0|    38|   10|     1|          380|
    |cpy_202_U        |cpy_RAM_2P_LUTRAM_1R1W          |        0|   16|   17|    0|    38|   10|     1|          380|
    |cpy_203_U        |cpy_RAM_2P_LUTRAM_1R1W          |        0|   16|   17|    0|    38|   10|     1|          380|
    |cpy_204_U        |cpy_RAM_2P_LUTRAM_1R1W          |        0|   16|   17|    0|    38|   10|     1|          380|
    |cpy_205_U        |cpy_RAM_2P_LUTRAM_1R1W          |        0|   16|   17|    0|    38|   10|     1|          380|
    |cpy_206_U        |cpy_RAM_2P_LUTRAM_1R1W          |        0|   16|   17|    0|    38|   10|     1|          380|
    |cpy_207_U        |cpy_RAM_2P_LUTRAM_1R1W          |        0|   16|   17|    0|    38|   10|     1|          380|
    |cpy_208_U        |cpy_RAM_2P_LUTRAM_1R1W          |        0|   16|   17|    0|    38|   10|     1|          380|
    |cpy_209_U        |cpy_RAM_2P_LUTRAM_1R1W          |        0|   16|   17|    0|    38|   10|     1|          380|
    |cpy_210_U        |cpy_RAM_2P_LUTRAM_1R1W          |        0|   16|   17|    0|    38|   10|     1|          380|
    |cpy_211_U        |cpy_RAM_2P_LUTRAM_1R1W          |        0|   16|   17|    0|    38|   10|     1|          380|
    |cpy_212_U        |cpy_RAM_2P_LUTRAM_1R1W          |        0|   16|   17|    0|    38|   10|     1|          380|
    |cpy_213_U        |cpy_RAM_2P_LUTRAM_1R1W          |        0|   16|   17|    0|    38|   10|     1|          380|
    |cpy_214_U        |cpy_RAM_2P_LUTRAM_1R1W          |        0|   16|   17|    0|    38|   10|     1|          380|
    |cpy_215_U        |cpy_RAM_2P_LUTRAM_1R1W          |        0|   16|   17|    0|    38|   10|     1|          380|
    |cpy_216_U        |cpy_RAM_2P_LUTRAM_1R1W          |        0|   16|   17|    0|    38|   10|     1|          380|
    |cpy_217_U        |cpy_RAM_2P_LUTRAM_1R1W          |        0|   16|   17|    0|    38|   10|     1|          380|
    |cpy_218_U        |cpy_RAM_2P_LUTRAM_1R1W          |        0|   16|   17|    0|    38|   10|     1|          380|
    |cpy_219_U        |cpy_RAM_2P_LUTRAM_1R1W          |        0|   16|   17|    0|    38|   10|     1|          380|
    |cpy_220_U        |cpy_RAM_2P_LUTRAM_1R1W          |        0|   16|   17|    0|    38|   10|     1|          380|
    |cpy_221_U        |cpy_RAM_2P_LUTRAM_1R1W          |        0|   16|   17|    0|    38|   10|     1|          380|
    |cpy_222_U        |cpy_RAM_2P_LUTRAM_1R1W          |        0|   16|   17|    0|    38|   10|     1|          380|
    |cpy_223_U        |cpy_RAM_2P_LUTRAM_1R1W          |        0|   16|   17|    0|    38|   10|     1|          380|
    |cpy_224_U        |cpy_RAM_2P_LUTRAM_1R1W          |        0|   16|   17|    0|    38|   10|     1|          380|
    |cpy_225_U        |cpy_RAM_2P_LUTRAM_1R1W          |        0|   16|   17|    0|    38|   10|     1|          380|
    |cpy_226_U        |cpy_RAM_2P_LUTRAM_1R1W          |        0|   16|   17|    0|    38|   10|     1|          380|
    |cpy_227_U        |cpy_RAM_2P_LUTRAM_1R1W          |        0|   16|   17|    0|    38|   10|     1|          380|
    |cpy_228_U        |cpy_RAM_2P_LUTRAM_1R1W          |        0|   16|   17|    0|    38|   10|     1|          380|
    |cpy_229_U        |cpy_RAM_2P_LUTRAM_1R1W          |        0|   16|   17|    0|    38|   10|     1|          380|
    |cpy_230_U        |cpy_RAM_2P_LUTRAM_1R1W          |        0|   16|   17|    0|    38|   10|     1|          380|
    |cpy_231_U        |cpy_RAM_2P_LUTRAM_1R1W          |        0|   16|   17|    0|    38|   10|     1|          380|
    |cpy_232_U        |cpy_RAM_2P_LUTRAM_1R1W          |        0|   16|   17|    0|    38|   10|     1|          380|
    |cpy_233_U        |cpy_RAM_2P_LUTRAM_1R1W          |        0|   16|   17|    0|    38|   10|     1|          380|
    |cpy_234_U        |cpy_RAM_2P_LUTRAM_1R1W          |        0|   16|   17|    0|    38|   10|     1|          380|
    |cpy_235_U        |cpy_RAM_2P_LUTRAM_1R1W          |        0|   16|   17|    0|    38|   10|     1|          380|
    |cpy_236_U        |cpy_RAM_2P_LUTRAM_1R1W          |        0|   16|   17|    0|    38|   10|     1|          380|
    |cpy_237_U        |cpy_RAM_2P_LUTRAM_1R1W          |        0|   16|   17|    0|    38|   10|     1|          380|
    |cpy_238_U        |cpy_RAM_2P_LUTRAM_1R1W          |        0|   16|   17|    0|    38|   10|     1|          380|
    |cpy_239_U        |cpy_RAM_2P_LUTRAM_1R1W          |        0|   16|   17|    0|    38|   10|     1|          380|
    |cpy2_U           |cpy_RAM_2P_LUTRAM_1R1W          |        0|   16|   17|    0|    38|   10|     1|          380|
    |cpy2_1_U         |cpy_RAM_2P_LUTRAM_1R1W          |        0|   16|   17|    0|    38|   10|     1|          380|
    |cpy2_2_U         |cpy_RAM_2P_LUTRAM_1R1W          |        0|   16|   17|    0|    38|   10|     1|          380|
    |cpy2_3_U         |cpy_RAM_2P_LUTRAM_1R1W          |        0|   16|   17|    0|    38|   10|     1|          380|
    |cpy2_4_U         |cpy_RAM_2P_LUTRAM_1R1W          |        0|   16|   17|    0|    38|   10|     1|          380|
    |cpy2_5_U         |cpy_RAM_2P_LUTRAM_1R1W          |        0|   16|   17|    0|    38|   10|     1|          380|
    |cpy2_6_U         |cpy_RAM_2P_LUTRAM_1R1W          |        0|   16|   17|    0|    38|   10|     1|          380|
    |cpy2_7_U         |cpy_RAM_2P_LUTRAM_1R1W          |        0|   16|   17|    0|    38|   10|     1|          380|
    |cpy2_8_U         |cpy_RAM_2P_LUTRAM_1R1W          |        0|   16|   17|    0|    38|   10|     1|          380|
    |cpy2_9_U         |cpy_RAM_2P_LUTRAM_1R1W          |        0|   16|   17|    0|    38|   10|     1|          380|
    |cpy2_10_U        |cpy_RAM_2P_LUTRAM_1R1W          |        0|   16|   17|    0|    38|   10|     1|          380|
    |cpy2_11_U        |cpy_RAM_2P_LUTRAM_1R1W          |        0|   16|   17|    0|    38|   10|     1|          380|
    |cpy2_12_U        |cpy_RAM_2P_LUTRAM_1R1W          |        0|   16|   17|    0|    38|   10|     1|          380|
    |cpy2_13_U        |cpy_RAM_2P_LUTRAM_1R1W          |        0|   16|   17|    0|    38|   10|     1|          380|
    |cpy2_14_U        |cpy_RAM_2P_LUTRAM_1R1W          |        0|   16|   17|    0|    38|   10|     1|          380|
    |cpy2_15_U        |cpy_RAM_2P_LUTRAM_1R1W          |        0|   16|   17|    0|    38|   10|     1|          380|
    |cpy2_16_U        |cpy_RAM_2P_LUTRAM_1R1W          |        0|   16|   17|    0|    38|   10|     1|          380|
    |cpy2_17_U        |cpy_RAM_2P_LUTRAM_1R1W          |        0|   16|   17|    0|    38|   10|     1|          380|
    |cpy2_18_U        |cpy_RAM_2P_LUTRAM_1R1W          |        0|   16|   17|    0|    38|   10|     1|          380|
    |cpy2_19_U        |cpy_RAM_2P_LUTRAM_1R1W          |        0|   16|   17|    0|    38|   10|     1|          380|
    |cpy2_20_U        |cpy_RAM_2P_LUTRAM_1R1W          |        0|   16|   17|    0|    38|   10|     1|          380|
    |cpy2_21_U        |cpy_RAM_2P_LUTRAM_1R1W          |        0|   16|   17|    0|    38|   10|     1|          380|
    |cpy2_22_U        |cpy_RAM_2P_LUTRAM_1R1W          |        0|   16|   17|    0|    38|   10|     1|          380|
    |cpy2_23_U        |cpy_RAM_2P_LUTRAM_1R1W          |        0|   16|   17|    0|    38|   10|     1|          380|
    |cpy2_24_U        |cpy_RAM_2P_LUTRAM_1R1W          |        0|   16|   17|    0|    38|   10|     1|          380|
    |cpy2_25_U        |cpy_RAM_2P_LUTRAM_1R1W          |        0|   16|   17|    0|    38|   10|     1|          380|
    |cpy2_26_U        |cpy_RAM_2P_LUTRAM_1R1W          |        0|   16|   17|    0|    38|   10|     1|          380|
    |cpy2_27_U        |cpy_RAM_2P_LUTRAM_1R1W          |        0|   16|   17|    0|    38|   10|     1|          380|
    |cpy2_28_U        |cpy_RAM_2P_LUTRAM_1R1W          |        0|   16|   17|    0|    38|   10|     1|          380|
    |cpy2_29_U        |cpy_RAM_2P_LUTRAM_1R1W          |        0|   16|   17|    0|    38|   10|     1|          380|
    |cpy2_30_U        |cpy_RAM_2P_LUTRAM_1R1W          |        0|   16|   17|    0|    38|   10|     1|          380|
    |cpy2_31_U        |cpy_RAM_2P_LUTRAM_1R1W          |        0|   16|   17|    0|    38|   10|     1|          380|
    |cpy2_32_U        |cpy_RAM_2P_LUTRAM_1R1W          |        0|   16|   17|    0|    38|   10|     1|          380|
    |cpy2_33_U        |cpy_RAM_2P_LUTRAM_1R1W          |        0|   16|   17|    0|    38|   10|     1|          380|
    |cpy2_34_U        |cpy_RAM_2P_LUTRAM_1R1W          |        0|   16|   17|    0|    38|   10|     1|          380|
    |cpy2_35_U        |cpy_RAM_2P_LUTRAM_1R1W          |        0|   16|   17|    0|    38|   10|     1|          380|
    |cpy2_36_U        |cpy_RAM_2P_LUTRAM_1R1W          |        0|   16|   17|    0|    38|   10|     1|          380|
    |cpy2_37_U        |cpy_RAM_2P_LUTRAM_1R1W          |        0|   16|   17|    0|    38|   10|     1|          380|
    |cpy2_38_U        |cpy_RAM_2P_LUTRAM_1R1W          |        0|   16|   17|    0|    38|   10|     1|          380|
    |cpy2_39_U        |cpy_RAM_2P_LUTRAM_1R1W          |        0|   16|   17|    0|    38|   10|     1|          380|
    |cpy2_40_U        |cpy_RAM_2P_LUTRAM_1R1W          |        0|   16|   17|    0|    38|   10|     1|          380|
    |cpy2_41_U        |cpy_RAM_2P_LUTRAM_1R1W          |        0|   16|   17|    0|    38|   10|     1|          380|
    |cpy2_42_U        |cpy_RAM_2P_LUTRAM_1R1W          |        0|   16|   17|    0|    38|   10|     1|          380|
    |cpy2_43_U        |cpy_RAM_2P_LUTRAM_1R1W          |        0|   16|   17|    0|    38|   10|     1|          380|
    |cpy2_44_U        |cpy_RAM_2P_LUTRAM_1R1W          |        0|   16|   17|    0|    38|   10|     1|          380|
    |cpy2_45_U        |cpy_RAM_2P_LUTRAM_1R1W          |        0|   16|   17|    0|    38|   10|     1|          380|
    |cpy2_46_U        |cpy_RAM_2P_LUTRAM_1R1W          |        0|   16|   17|    0|    38|   10|     1|          380|
    |cpy2_47_U        |cpy_RAM_2P_LUTRAM_1R1W          |        0|   16|   17|    0|    38|   10|     1|          380|
    |cpy2_48_U        |cpy_RAM_2P_LUTRAM_1R1W          |        0|   16|   17|    0|    38|   10|     1|          380|
    |cpy2_49_U        |cpy_RAM_2P_LUTRAM_1R1W          |        0|   16|   17|    0|    38|   10|     1|          380|
    |cpy2_50_U        |cpy_RAM_2P_LUTRAM_1R1W          |        0|   16|   17|    0|    38|   10|     1|          380|
    |cpy2_51_U        |cpy_RAM_2P_LUTRAM_1R1W          |        0|   16|   17|    0|    38|   10|     1|          380|
    |cpy2_52_U        |cpy_RAM_2P_LUTRAM_1R1W          |        0|   16|   17|    0|    38|   10|     1|          380|
    |cpy2_53_U        |cpy_RAM_2P_LUTRAM_1R1W          |        0|   16|   17|    0|    38|   10|     1|          380|
    |cpy2_54_U        |cpy_RAM_2P_LUTRAM_1R1W          |        0|   16|   17|    0|    38|   10|     1|          380|
    |cpy2_55_U        |cpy_RAM_2P_LUTRAM_1R1W          |        0|   16|   17|    0|    38|   10|     1|          380|
    |cpy2_56_U        |cpy_RAM_2P_LUTRAM_1R1W          |        0|   16|   17|    0|    38|   10|     1|          380|
    |cpy2_57_U        |cpy_RAM_2P_LUTRAM_1R1W          |        0|   16|   17|    0|    38|   10|     1|          380|
    |cpy2_58_U        |cpy_RAM_2P_LUTRAM_1R1W          |        0|   16|   17|    0|    38|   10|     1|          380|
    |cpy2_59_U        |cpy_RAM_2P_LUTRAM_1R1W          |        0|   16|   17|    0|    38|   10|     1|          380|
    |cpy2_60_U        |cpy_RAM_2P_LUTRAM_1R1W          |        0|   16|   17|    0|    38|   10|     1|          380|
    |cpy2_61_U        |cpy_RAM_2P_LUTRAM_1R1W          |        0|   16|   17|    0|    38|   10|     1|          380|
    |cpy2_62_U        |cpy_RAM_2P_LUTRAM_1R1W          |        0|   16|   17|    0|    38|   10|     1|          380|
    |cpy2_63_U        |cpy_RAM_2P_LUTRAM_1R1W          |        0|   16|   17|    0|    38|   10|     1|          380|
    |cpy2_64_U        |cpy_RAM_2P_LUTRAM_1R1W          |        0|   16|   17|    0|    38|   10|     1|          380|
    |cpy2_65_U        |cpy_RAM_2P_LUTRAM_1R1W          |        0|   16|   17|    0|    38|   10|     1|          380|
    |cpy2_66_U        |cpy_RAM_2P_LUTRAM_1R1W          |        0|   16|   17|    0|    38|   10|     1|          380|
    |cpy2_67_U        |cpy_RAM_2P_LUTRAM_1R1W          |        0|   16|   17|    0|    38|   10|     1|          380|
    |cpy2_68_U        |cpy_RAM_2P_LUTRAM_1R1W          |        0|   16|   17|    0|    38|   10|     1|          380|
    |cpy2_69_U        |cpy_RAM_2P_LUTRAM_1R1W          |        0|   16|   17|    0|    38|   10|     1|          380|
    |cpy2_70_U        |cpy_RAM_2P_LUTRAM_1R1W          |        0|   16|   17|    0|    38|   10|     1|          380|
    |cpy2_71_U        |cpy_RAM_2P_LUTRAM_1R1W          |        0|   16|   17|    0|    38|   10|     1|          380|
    |cpy2_72_U        |cpy_RAM_2P_LUTRAM_1R1W          |        0|   16|   17|    0|    38|   10|     1|          380|
    |cpy2_73_U        |cpy_RAM_2P_LUTRAM_1R1W          |        0|   16|   17|    0|    38|   10|     1|          380|
    |cpy2_74_U        |cpy_RAM_2P_LUTRAM_1R1W          |        0|   16|   17|    0|    38|   10|     1|          380|
    |cpy2_75_U        |cpy_RAM_2P_LUTRAM_1R1W          |        0|   16|   17|    0|    38|   10|     1|          380|
    |cpy2_76_U        |cpy_RAM_2P_LUTRAM_1R1W          |        0|   16|   17|    0|    38|   10|     1|          380|
    |cpy2_77_U        |cpy_RAM_2P_LUTRAM_1R1W          |        0|   16|   17|    0|    38|   10|     1|          380|
    |cpy2_78_U        |cpy_RAM_2P_LUTRAM_1R1W          |        0|   16|   17|    0|    38|   10|     1|          380|
    |cpy2_79_U        |cpy_RAM_2P_LUTRAM_1R1W          |        0|   16|   17|    0|    38|   10|     1|          380|
    |cpy2_80_U        |cpy_RAM_2P_LUTRAM_1R1W          |        0|   16|   17|    0|    38|   10|     1|          380|
    |cpy2_81_U        |cpy_RAM_2P_LUTRAM_1R1W          |        0|   16|   17|    0|    38|   10|     1|          380|
    |cpy2_82_U        |cpy_RAM_2P_LUTRAM_1R1W          |        0|   16|   17|    0|    38|   10|     1|          380|
    |cpy2_83_U        |cpy_RAM_2P_LUTRAM_1R1W          |        0|   16|   17|    0|    38|   10|     1|          380|
    |cpy2_84_U        |cpy_RAM_2P_LUTRAM_1R1W          |        0|   16|   17|    0|    38|   10|     1|          380|
    |cpy2_85_U        |cpy_RAM_2P_LUTRAM_1R1W          |        0|   16|   17|    0|    38|   10|     1|          380|
    |cpy2_86_U        |cpy_RAM_2P_LUTRAM_1R1W          |        0|   16|   17|    0|    38|   10|     1|          380|
    |cpy2_87_U        |cpy_RAM_2P_LUTRAM_1R1W          |        0|   16|   17|    0|    38|   10|     1|          380|
    |cpy2_88_U        |cpy_RAM_2P_LUTRAM_1R1W          |        0|   16|   17|    0|    38|   10|     1|          380|
    |cpy2_89_U        |cpy_RAM_2P_LUTRAM_1R1W          |        0|   16|   17|    0|    38|   10|     1|          380|
    |cpy2_90_U        |cpy_RAM_2P_LUTRAM_1R1W          |        0|   16|   17|    0|    38|   10|     1|          380|
    |cpy2_91_U        |cpy_RAM_2P_LUTRAM_1R1W          |        0|   16|   17|    0|    38|   10|     1|          380|
    |cpy2_92_U        |cpy_RAM_2P_LUTRAM_1R1W          |        0|   16|   17|    0|    38|   10|     1|          380|
    |cpy2_93_U        |cpy_RAM_2P_LUTRAM_1R1W          |        0|   16|   17|    0|    38|   10|     1|          380|
    |cpy2_94_U        |cpy_RAM_2P_LUTRAM_1R1W          |        0|   16|   17|    0|    38|   10|     1|          380|
    |cpy2_95_U        |cpy_RAM_2P_LUTRAM_1R1W          |        0|   16|   17|    0|    38|   10|     1|          380|
    |cpy2_96_U        |cpy_RAM_2P_LUTRAM_1R1W          |        0|   16|   17|    0|    38|   10|     1|          380|
    |cpy2_97_U        |cpy_RAM_2P_LUTRAM_1R1W          |        0|   16|   17|    0|    38|   10|     1|          380|
    |cpy2_98_U        |cpy_RAM_2P_LUTRAM_1R1W          |        0|   16|   17|    0|    38|   10|     1|          380|
    |cpy2_99_U        |cpy_RAM_2P_LUTRAM_1R1W          |        0|   16|   17|    0|    38|   10|     1|          380|
    |cpy2_100_U       |cpy_RAM_2P_LUTRAM_1R1W          |        0|   16|   17|    0|    38|   10|     1|          380|
    |cpy2_101_U       |cpy_RAM_2P_LUTRAM_1R1W          |        0|   16|   17|    0|    38|   10|     1|          380|
    |cpy2_102_U       |cpy_RAM_2P_LUTRAM_1R1W          |        0|   16|   17|    0|    38|   10|     1|          380|
    |cpy2_103_U       |cpy_RAM_2P_LUTRAM_1R1W          |        0|   16|   17|    0|    38|   10|     1|          380|
    |cpy2_104_U       |cpy_RAM_2P_LUTRAM_1R1W          |        0|   16|   17|    0|    38|   10|     1|          380|
    |cpy2_105_U       |cpy_RAM_2P_LUTRAM_1R1W          |        0|   16|   17|    0|    38|   10|     1|          380|
    |cpy2_106_U       |cpy_RAM_2P_LUTRAM_1R1W          |        0|   16|   17|    0|    38|   10|     1|          380|
    |cpy2_107_U       |cpy_RAM_2P_LUTRAM_1R1W          |        0|   16|   17|    0|    38|   10|     1|          380|
    |cpy2_108_U       |cpy_RAM_2P_LUTRAM_1R1W          |        0|   16|   17|    0|    38|   10|     1|          380|
    |cpy2_109_U       |cpy_RAM_2P_LUTRAM_1R1W          |        0|   16|   17|    0|    38|   10|     1|          380|
    |cpy2_110_U       |cpy_RAM_2P_LUTRAM_1R1W          |        0|   16|   17|    0|    38|   10|     1|          380|
    |cpy2_111_U       |cpy_RAM_2P_LUTRAM_1R1W          |        0|   16|   17|    0|    38|   10|     1|          380|
    |cpy2_112_U       |cpy_RAM_2P_LUTRAM_1R1W          |        0|   16|   17|    0|    38|   10|     1|          380|
    |cpy2_113_U       |cpy_RAM_2P_LUTRAM_1R1W          |        0|   16|   17|    0|    38|   10|     1|          380|
    |cpy2_114_U       |cpy_RAM_2P_LUTRAM_1R1W          |        0|   16|   17|    0|    38|   10|     1|          380|
    |cpy2_115_U       |cpy_RAM_2P_LUTRAM_1R1W          |        0|   16|   17|    0|    38|   10|     1|          380|
    |cpy2_116_U       |cpy_RAM_2P_LUTRAM_1R1W          |        0|   16|   17|    0|    38|   10|     1|          380|
    |cpy2_117_U       |cpy_RAM_2P_LUTRAM_1R1W          |        0|   16|   17|    0|    38|   10|     1|          380|
    |cpy2_118_U       |cpy_RAM_2P_LUTRAM_1R1W          |        0|   16|   17|    0|    38|   10|     1|          380|
    |cpy2_119_U       |cpy_RAM_2P_LUTRAM_1R1W          |        0|   16|   17|    0|    38|   10|     1|          380|
    |cpy2_120_U       |cpy_RAM_2P_LUTRAM_1R1W          |        0|   16|   17|    0|    38|   10|     1|          380|
    |cpy2_121_U       |cpy_RAM_2P_LUTRAM_1R1W          |        0|   16|   17|    0|    38|   10|     1|          380|
    |cpy2_122_U       |cpy_RAM_2P_LUTRAM_1R1W          |        0|   16|   17|    0|    38|   10|     1|          380|
    |cpy2_123_U       |cpy_RAM_2P_LUTRAM_1R1W          |        0|   16|   17|    0|    38|   10|     1|          380|
    |cpy2_124_U       |cpy_RAM_2P_LUTRAM_1R1W          |        0|   16|   17|    0|    38|   10|     1|          380|
    |cpy2_125_U       |cpy_RAM_2P_LUTRAM_1R1W          |        0|   16|   17|    0|    38|   10|     1|          380|
    |cpy2_126_U       |cpy_RAM_2P_LUTRAM_1R1W          |        0|   16|   17|    0|    38|   10|     1|          380|
    |cpy2_127_U       |cpy_RAM_2P_LUTRAM_1R1W          |        0|   16|   17|    0|    38|   10|     1|          380|
    |cpy2_128_U       |cpy_RAM_2P_LUTRAM_1R1W          |        0|   16|   17|    0|    38|   10|     1|          380|
    |cpy2_129_U       |cpy_RAM_2P_LUTRAM_1R1W          |        0|   16|   17|    0|    38|   10|     1|          380|
    |cpy2_130_U       |cpy_RAM_2P_LUTRAM_1R1W          |        0|   16|   17|    0|    38|   10|     1|          380|
    |cpy2_131_U       |cpy_RAM_2P_LUTRAM_1R1W          |        0|   16|   17|    0|    38|   10|     1|          380|
    |cpy2_132_U       |cpy_RAM_2P_LUTRAM_1R1W          |        0|   16|   17|    0|    38|   10|     1|          380|
    |cpy2_133_U       |cpy_RAM_2P_LUTRAM_1R1W          |        0|   16|   17|    0|    38|   10|     1|          380|
    |cpy2_134_U       |cpy_RAM_2P_LUTRAM_1R1W          |        0|   16|   17|    0|    38|   10|     1|          380|
    |cpy2_135_U       |cpy_RAM_2P_LUTRAM_1R1W          |        0|   16|   17|    0|    38|   10|     1|          380|
    |cpy2_136_U       |cpy_RAM_2P_LUTRAM_1R1W          |        0|   16|   17|    0|    38|   10|     1|          380|
    |cpy2_137_U       |cpy_RAM_2P_LUTRAM_1R1W          |        0|   16|   17|    0|    38|   10|     1|          380|
    |cpy2_138_U       |cpy_RAM_2P_LUTRAM_1R1W          |        0|   16|   17|    0|    38|   10|     1|          380|
    |cpy2_139_U       |cpy_RAM_2P_LUTRAM_1R1W          |        0|   16|   17|    0|    38|   10|     1|          380|
    |cpy2_140_U       |cpy_RAM_2P_LUTRAM_1R1W          |        0|   16|   17|    0|    38|   10|     1|          380|
    |cpy2_141_U       |cpy_RAM_2P_LUTRAM_1R1W          |        0|   16|   17|    0|    38|   10|     1|          380|
    |cpy2_142_U       |cpy_RAM_2P_LUTRAM_1R1W          |        0|   16|   17|    0|    38|   10|     1|          380|
    |cpy2_143_U       |cpy_RAM_2P_LUTRAM_1R1W          |        0|   16|   17|    0|    38|   10|     1|          380|
    |cpy2_144_U       |cpy_RAM_2P_LUTRAM_1R1W          |        0|   16|   17|    0|    38|   10|     1|          380|
    |cpy2_145_U       |cpy_RAM_2P_LUTRAM_1R1W          |        0|   16|   17|    0|    38|   10|     1|          380|
    |cpy2_146_U       |cpy_RAM_2P_LUTRAM_1R1W          |        0|   16|   17|    0|    38|   10|     1|          380|
    |cpy2_147_U       |cpy_RAM_2P_LUTRAM_1R1W          |        0|   16|   17|    0|    38|   10|     1|          380|
    |cpy2_148_U       |cpy_RAM_2P_LUTRAM_1R1W          |        0|   16|   17|    0|    38|   10|     1|          380|
    |cpy2_149_U       |cpy_RAM_2P_LUTRAM_1R1W          |        0|   16|   17|    0|    38|   10|     1|          380|
    |cpy2_150_U       |cpy_RAM_2P_LUTRAM_1R1W          |        0|   16|   17|    0|    38|   10|     1|          380|
    |cpy2_151_U       |cpy_RAM_2P_LUTRAM_1R1W          |        0|   16|   17|    0|    38|   10|     1|          380|
    |cpy2_152_U       |cpy_RAM_2P_LUTRAM_1R1W          |        0|   16|   17|    0|    38|   10|     1|          380|
    |cpy2_153_U       |cpy_RAM_2P_LUTRAM_1R1W          |        0|   16|   17|    0|    38|   10|     1|          380|
    |cpy2_154_U       |cpy_RAM_2P_LUTRAM_1R1W          |        0|   16|   17|    0|    38|   10|     1|          380|
    |cpy2_155_U       |cpy_RAM_2P_LUTRAM_1R1W          |        0|   16|   17|    0|    38|   10|     1|          380|
    |cpy2_156_U       |cpy_RAM_2P_LUTRAM_1R1W          |        0|   16|   17|    0|    38|   10|     1|          380|
    |cpy2_157_U       |cpy_RAM_2P_LUTRAM_1R1W          |        0|   16|   17|    0|    38|   10|     1|          380|
    |cpy2_158_U       |cpy_RAM_2P_LUTRAM_1R1W          |        0|   16|   17|    0|    38|   10|     1|          380|
    |cpy2_159_U       |cpy_RAM_2P_LUTRAM_1R1W          |        0|   16|   17|    0|    38|   10|     1|          380|
    |cpy2_160_U       |cpy_RAM_2P_LUTRAM_1R1W          |        0|   16|   17|    0|    38|   10|     1|          380|
    |cpy2_161_U       |cpy_RAM_2P_LUTRAM_1R1W          |        0|   16|   17|    0|    38|   10|     1|          380|
    |cpy2_162_U       |cpy_RAM_2P_LUTRAM_1R1W          |        0|   16|   17|    0|    38|   10|     1|          380|
    |cpy2_163_U       |cpy_RAM_2P_LUTRAM_1R1W          |        0|   16|   17|    0|    38|   10|     1|          380|
    |cpy2_164_U       |cpy_RAM_2P_LUTRAM_1R1W          |        0|   16|   17|    0|    38|   10|     1|          380|
    |cpy2_165_U       |cpy_RAM_2P_LUTRAM_1R1W          |        0|   16|   17|    0|    38|   10|     1|          380|
    |cpy2_166_U       |cpy_RAM_2P_LUTRAM_1R1W          |        0|   16|   17|    0|    38|   10|     1|          380|
    |cpy2_167_U       |cpy_RAM_2P_LUTRAM_1R1W          |        0|   16|   17|    0|    38|   10|     1|          380|
    |cpy2_168_U       |cpy_RAM_2P_LUTRAM_1R1W          |        0|   16|   17|    0|    38|   10|     1|          380|
    |cpy2_169_U       |cpy_RAM_2P_LUTRAM_1R1W          |        0|   16|   17|    0|    38|   10|     1|          380|
    |cpy2_170_U       |cpy_RAM_2P_LUTRAM_1R1W          |        0|   16|   17|    0|    38|   10|     1|          380|
    |cpy2_171_U       |cpy_RAM_2P_LUTRAM_1R1W          |        0|   16|   17|    0|    38|   10|     1|          380|
    |cpy2_172_U       |cpy_RAM_2P_LUTRAM_1R1W          |        0|   16|   17|    0|    38|   10|     1|          380|
    |cpy2_173_U       |cpy_RAM_2P_LUTRAM_1R1W          |        0|   16|   17|    0|    38|   10|     1|          380|
    |cpy2_174_U       |cpy_RAM_2P_LUTRAM_1R1W          |        0|   16|   17|    0|    38|   10|     1|          380|
    |cpy2_175_U       |cpy_RAM_2P_LUTRAM_1R1W          |        0|   16|   17|    0|    38|   10|     1|          380|
    |cpy2_176_U       |cpy_RAM_2P_LUTRAM_1R1W          |        0|   16|   17|    0|    38|   10|     1|          380|
    |cpy2_177_U       |cpy_RAM_2P_LUTRAM_1R1W          |        0|   16|   17|    0|    38|   10|     1|          380|
    |cpy2_178_U       |cpy_RAM_2P_LUTRAM_1R1W          |        0|   16|   17|    0|    38|   10|     1|          380|
    |cpy2_179_U       |cpy_RAM_2P_LUTRAM_1R1W          |        0|   16|   17|    0|    38|   10|     1|          380|
    |cpy2_180_U       |cpy_RAM_2P_LUTRAM_1R1W          |        0|   16|   17|    0|    38|   10|     1|          380|
    |cpy2_181_U       |cpy_RAM_2P_LUTRAM_1R1W          |        0|   16|   17|    0|    38|   10|     1|          380|
    |cpy2_182_U       |cpy_RAM_2P_LUTRAM_1R1W          |        0|   16|   17|    0|    38|   10|     1|          380|
    |cpy2_183_U       |cpy_RAM_2P_LUTRAM_1R1W          |        0|   16|   17|    0|    38|   10|     1|          380|
    |cpy2_184_U       |cpy_RAM_2P_LUTRAM_1R1W          |        0|   16|   17|    0|    38|   10|     1|          380|
    |cpy2_185_U       |cpy_RAM_2P_LUTRAM_1R1W          |        0|   16|   17|    0|    38|   10|     1|          380|
    |cpy2_186_U       |cpy_RAM_2P_LUTRAM_1R1W          |        0|   16|   17|    0|    38|   10|     1|          380|
    |cpy2_187_U       |cpy_RAM_2P_LUTRAM_1R1W          |        0|   16|   17|    0|    38|   10|     1|          380|
    |cpy2_188_U       |cpy_RAM_2P_LUTRAM_1R1W          |        0|   16|   17|    0|    38|   10|     1|          380|
    |cpy2_189_U       |cpy_RAM_2P_LUTRAM_1R1W          |        0|   16|   17|    0|    38|   10|     1|          380|
    |cpy2_190_U       |cpy_RAM_2P_LUTRAM_1R1W          |        0|   16|   17|    0|    38|   10|     1|          380|
    |cpy2_191_U       |cpy_RAM_2P_LUTRAM_1R1W          |        0|   16|   17|    0|    38|   10|     1|          380|
    |cpy2_192_U       |cpy_RAM_2P_LUTRAM_1R1W          |        0|   16|   17|    0|    38|   10|     1|          380|
    |cpy2_193_U       |cpy_RAM_2P_LUTRAM_1R1W          |        0|   16|   17|    0|    38|   10|     1|          380|
    |cpy2_194_U       |cpy_RAM_2P_LUTRAM_1R1W          |        0|   16|   17|    0|    38|   10|     1|          380|
    |cpy2_195_U       |cpy_RAM_2P_LUTRAM_1R1W          |        0|   16|   17|    0|    38|   10|     1|          380|
    |cpy2_196_U       |cpy_RAM_2P_LUTRAM_1R1W          |        0|   16|   17|    0|    38|   10|     1|          380|
    |cpy2_197_U       |cpy_RAM_2P_LUTRAM_1R1W          |        0|   16|   17|    0|    38|   10|     1|          380|
    |cpy2_198_U       |cpy_RAM_2P_LUTRAM_1R1W          |        0|   16|   17|    0|    38|   10|     1|          380|
    |cpy2_199_U       |cpy_RAM_2P_LUTRAM_1R1W          |        0|   16|   17|    0|    38|   10|     1|          380|
    |cpy2_200_U       |cpy_RAM_2P_LUTRAM_1R1W          |        0|   16|   17|    0|    38|   10|     1|          380|
    |cpy2_201_U       |cpy_RAM_2P_LUTRAM_1R1W          |        0|   16|   17|    0|    38|   10|     1|          380|
    |cpy2_202_U       |cpy_RAM_2P_LUTRAM_1R1W          |        0|   16|   17|    0|    38|   10|     1|          380|
    |cpy2_203_U       |cpy_RAM_2P_LUTRAM_1R1W          |        0|   16|   17|    0|    38|   10|     1|          380|
    |cpy2_204_U       |cpy_RAM_2P_LUTRAM_1R1W          |        0|   16|   17|    0|    38|   10|     1|          380|
    |cpy2_205_U       |cpy_RAM_2P_LUTRAM_1R1W          |        0|   16|   17|    0|    38|   10|     1|          380|
    |cpy2_206_U       |cpy_RAM_2P_LUTRAM_1R1W          |        0|   16|   17|    0|    38|   10|     1|          380|
    |cpy2_207_U       |cpy_RAM_2P_LUTRAM_1R1W          |        0|   16|   17|    0|    38|   10|     1|          380|
    |cpy2_208_U       |cpy_RAM_2P_LUTRAM_1R1W          |        0|   16|   17|    0|    38|   10|     1|          380|
    |cpy2_209_U       |cpy_RAM_2P_LUTRAM_1R1W          |        0|   16|   17|    0|    38|   10|     1|          380|
    |cpy2_210_U       |cpy_RAM_2P_LUTRAM_1R1W          |        0|   16|   17|    0|    38|   10|     1|          380|
    |cpy2_211_U       |cpy_RAM_2P_LUTRAM_1R1W          |        0|   16|   17|    0|    38|   10|     1|          380|
    |cpy2_212_U       |cpy_RAM_2P_LUTRAM_1R1W          |        0|   16|   17|    0|    38|   10|     1|          380|
    |cpy2_213_U       |cpy_RAM_2P_LUTRAM_1R1W          |        0|   16|   17|    0|    38|   10|     1|          380|
    |cpy2_214_U       |cpy_RAM_2P_LUTRAM_1R1W          |        0|   16|   17|    0|    38|   10|     1|          380|
    |cpy2_215_U       |cpy_RAM_2P_LUTRAM_1R1W          |        0|   16|   17|    0|    38|   10|     1|          380|
    |cpy2_216_U       |cpy_RAM_2P_LUTRAM_1R1W          |        0|   16|   17|    0|    38|   10|     1|          380|
    |cpy2_217_U       |cpy_RAM_2P_LUTRAM_1R1W          |        0|   16|   17|    0|    38|   10|     1|          380|
    |cpy2_218_U       |cpy_RAM_2P_LUTRAM_1R1W          |        0|   16|   17|    0|    38|   10|     1|          380|
    |cpy2_219_U       |cpy_RAM_2P_LUTRAM_1R1W          |        0|   16|   17|    0|    38|   10|     1|          380|
    |cpy2_220_U       |cpy_RAM_2P_LUTRAM_1R1W          |        0|   16|   17|    0|    38|   10|     1|          380|
    |cpy2_221_U       |cpy_RAM_2P_LUTRAM_1R1W          |        0|   16|   17|    0|    38|   10|     1|          380|
    |cpy2_222_U       |cpy_RAM_2P_LUTRAM_1R1W          |        0|   16|   17|    0|    38|   10|     1|          380|
    |cpy2_223_U       |cpy_RAM_2P_LUTRAM_1R1W          |        0|   16|   17|    0|    38|   10|     1|          380|
    |cpy2_224_U       |cpy_RAM_2P_LUTRAM_1R1W          |        0|   16|   17|    0|    38|   10|     1|          380|
    |cpy2_225_U       |cpy_RAM_2P_LUTRAM_1R1W          |        0|   16|   17|    0|    38|   10|     1|          380|
    |cpy2_226_U       |cpy_RAM_2P_LUTRAM_1R1W          |        0|   16|   17|    0|    38|   10|     1|          380|
    |cpy2_227_U       |cpy_RAM_2P_LUTRAM_1R1W          |        0|   16|   17|    0|    38|   10|     1|          380|
    |cpy2_228_U       |cpy_RAM_2P_LUTRAM_1R1W          |        0|   16|   17|    0|    38|   10|     1|          380|
    |cpy2_229_U       |cpy_RAM_2P_LUTRAM_1R1W          |        0|   16|   17|    0|    38|   10|     1|          380|
    |cpy2_230_U       |cpy_RAM_2P_LUTRAM_1R1W          |        0|   16|   17|    0|    38|   10|     1|          380|
    |cpy2_231_U       |cpy_RAM_2P_LUTRAM_1R1W          |        0|   16|   17|    0|    38|   10|     1|          380|
    |cpy2_232_U       |cpy_RAM_2P_LUTRAM_1R1W          |        0|   16|   17|    0|    38|   10|     1|          380|
    |cpy2_233_U       |cpy_RAM_2P_LUTRAM_1R1W          |        0|   16|   17|    0|    38|   10|     1|          380|
    |cpy2_234_U       |cpy_RAM_2P_LUTRAM_1R1W          |        0|   16|   17|    0|    38|   10|     1|          380|
    |cpy2_235_U       |cpy_RAM_2P_LUTRAM_1R1W          |        0|   16|   17|    0|    38|   10|     1|          380|
    |cpy2_236_U       |cpy_RAM_2P_LUTRAM_1R1W          |        0|   16|   17|    0|    38|   10|     1|          380|
    |cpy2_237_U       |cpy_RAM_2P_LUTRAM_1R1W          |        0|   16|   17|    0|    38|   10|     1|          380|
    |cpy2_238_U       |cpy_RAM_2P_LUTRAM_1R1W          |        0|   16|   17|    0|    38|   10|     1|          380|
    |cpy2_239_U       |cpy_RAM_2P_LUTRAM_1R1W          |        0|   16|   17|    0|    38|   10|     1|          380|
    |edge_mask_U      |edge_mask_RAM_1WNR_AUTO_1R1W    |        0|    2|    3|    0|    40|    1|     1|           40|
    |edge_mask_1_U    |edge_mask_RAM_1WNR_AUTO_1R1W    |        0|    2|    3|    0|    40|    1|     1|           40|
    |edge_mask_2_U    |edge_mask_RAM_1WNR_AUTO_1R1W    |        0|    2|    3|    0|    40|    1|     1|           40|
    |edge_mask_3_U    |edge_mask_RAM_1WNR_AUTO_1R1W    |        0|    2|    3|    0|    40|    1|     1|           40|
    |edge_mask_4_U    |edge_mask_RAM_1WNR_AUTO_1R1W    |        0|    2|    3|    0|    40|    1|     1|           40|
    |edge_mask_5_U    |edge_mask_RAM_1WNR_AUTO_1R1W    |        0|    2|    3|    0|    40|    1|     1|           40|
    |edge_mask_6_U    |edge_mask_RAM_1WNR_AUTO_1R1W    |        0|    2|    3|    0|    40|    1|     1|           40|
    |edge_mask_7_U    |edge_mask_RAM_1WNR_AUTO_1R1W    |        0|    2|    3|    0|    40|    1|     1|           40|
    |edge_mask_8_U    |edge_mask_RAM_1WNR_AUTO_1R1W    |        0|    2|    3|    0|    40|    1|     1|           40|
    |edge_mask_9_U    |edge_mask_RAM_1WNR_AUTO_1R1W    |        0|    2|    3|    0|    40|    1|     1|           40|
    |edge_mask_10_U   |edge_mask_RAM_1WNR_AUTO_1R1W    |        0|    2|    3|    0|    40|    1|     1|           40|
    |edge_mask_11_U   |edge_mask_RAM_1WNR_AUTO_1R1W    |        0|    2|    3|    0|    40|    1|     1|           40|
    |edge_mask_12_U   |edge_mask_RAM_1WNR_AUTO_1R1W    |        0|    2|    3|    0|    40|    1|     1|           40|
    |edge_mask_13_U   |edge_mask_RAM_1WNR_AUTO_1R1W    |        0|    2|    3|    0|    40|    1|     1|           40|
    |edge_mask_14_U   |edge_mask_RAM_1WNR_AUTO_1R1W    |        0|    2|    3|    0|    40|    1|     1|           40|
    |edge_mask_15_U   |edge_mask_RAM_1WNR_AUTO_1R1W    |        0|    2|    3|    0|    40|    1|     1|           40|
    |edge_mask_16_U   |edge_mask_RAM_1WNR_AUTO_1R1W    |        0|    2|    3|    0|    40|    1|     1|           40|
    |edge_mask_17_U   |edge_mask_RAM_1WNR_AUTO_1R1W    |        0|    2|    3|    0|    40|    1|     1|           40|
    |edge_mask_18_U   |edge_mask_RAM_1WNR_AUTO_1R1W    |        0|    2|    3|    0|    40|    1|     1|           40|
    |edge_mask_19_U   |edge_mask_RAM_1WNR_AUTO_1R1W    |        0|    2|    3|    0|    40|    1|     1|           40|
    |edge_mask_20_U   |edge_mask_RAM_1WNR_AUTO_1R1W    |        0|    2|    3|    0|    40|    1|     1|           40|
    |edge_mask_21_U   |edge_mask_RAM_1WNR_AUTO_1R1W    |        0|    2|    3|    0|    40|    1|     1|           40|
    |edge_mask_22_U   |edge_mask_RAM_1WNR_AUTO_1R1W    |        0|    2|    3|    0|    40|    1|     1|           40|
    |edge_mask_23_U   |edge_mask_RAM_1WNR_AUTO_1R1W    |        0|    2|    3|    0|    40|    1|     1|           40|
    |edge_mask_24_U   |edge_mask_RAM_1WNR_AUTO_1R1W    |        0|    2|    3|    0|    40|    1|     1|           40|
    |edge_mask_25_U   |edge_mask_RAM_1WNR_AUTO_1R1W    |        0|    2|    3|    0|    40|    1|     1|           40|
    |edge_mask_26_U   |edge_mask_RAM_1WNR_AUTO_1R1W    |        0|    2|    3|    0|    40|    1|     1|           40|
    |edge_mask_27_U   |edge_mask_RAM_1WNR_AUTO_1R1W    |        0|    2|    3|    0|    40|    1|     1|           40|
    |edge_mask_28_U   |edge_mask_RAM_1WNR_AUTO_1R1W    |        0|    2|    3|    0|    40|    1|     1|           40|
    |edge_mask_29_U   |edge_mask_RAM_1WNR_AUTO_1R1W    |        0|    2|    3|    0|    40|    1|     1|           40|
    |edge_mask_30_U   |edge_mask_RAM_1WNR_AUTO_1R1W    |        0|    2|    3|    0|    40|    1|     1|           40|
    |edge_mask_31_U   |edge_mask_RAM_1WNR_AUTO_1R1W    |        0|    2|    3|    0|    40|    1|     1|           40|
    |edge_mask_32_U   |edge_mask_RAM_1WNR_AUTO_1R1W    |        0|    2|    3|    0|    40|    1|     1|           40|
    |edge_mask_33_U   |edge_mask_RAM_1WNR_AUTO_1R1W    |        0|    2|    3|    0|    40|    1|     1|           40|
    |edge_mask_34_U   |edge_mask_RAM_1WNR_AUTO_1R1W    |        0|    2|    3|    0|    40|    1|     1|           40|
    |edge_mask_35_U   |edge_mask_RAM_1WNR_AUTO_1R1W    |        0|    2|    3|    0|    40|    1|     1|           40|
    |edge_mask_36_U   |edge_mask_RAM_1WNR_AUTO_1R1W    |        0|    2|    3|    0|    40|    1|     1|           40|
    |edge_mask_37_U   |edge_mask_RAM_1WNR_AUTO_1R1W    |        0|    2|    3|    0|    40|    1|     1|           40|
    |edge_mask_38_U   |edge_mask_RAM_1WNR_AUTO_1R1W    |        0|    2|    3|    0|    40|    1|     1|           40|
    |edge_mask_39_U   |edge_mask_RAM_1WNR_AUTO_1R1W    |        0|    2|    3|    0|    40|    1|     1|           40|
    |edge_mask_40_U   |edge_mask_RAM_1WNR_AUTO_1R1W    |        0|    2|    3|    0|    40|    1|     1|           40|
    |edge_mask_41_U   |edge_mask_RAM_1WNR_AUTO_1R1W    |        0|    2|    3|    0|    40|    1|     1|           40|
    |edge_mask_42_U   |edge_mask_RAM_1WNR_AUTO_1R1W    |        0|    2|    3|    0|    40|    1|     1|           40|
    |edge_mask_43_U   |edge_mask_RAM_1WNR_AUTO_1R1W    |        0|    2|    3|    0|    40|    1|     1|           40|
    |edge_mask_44_U   |edge_mask_RAM_1WNR_AUTO_1R1W    |        0|    2|    3|    0|    40|    1|     1|           40|
    |edge_mask_45_U   |edge_mask_RAM_1WNR_AUTO_1R1W    |        0|    2|    3|    0|    40|    1|     1|           40|
    |edge_mask_46_U   |edge_mask_RAM_1WNR_AUTO_1R1W    |        0|    2|    3|    0|    40|    1|     1|           40|
    |edge_mask_47_U   |edge_mask_RAM_1WNR_AUTO_1R1W    |        0|    2|    3|    0|    40|    1|     1|           40|
    |edge_mask_48_U   |edge_mask_RAM_1WNR_AUTO_1R1W    |        0|    2|    3|    0|    40|    1|     1|           40|
    |edge_mask_49_U   |edge_mask_RAM_1WNR_AUTO_1R1W    |        0|    2|    3|    0|    40|    1|     1|           40|
    |edge_mask_50_U   |edge_mask_RAM_1WNR_AUTO_1R1W    |        0|    2|    3|    0|    40|    1|     1|           40|
    |edge_mask_51_U   |edge_mask_RAM_1WNR_AUTO_1R1W    |        0|    2|    3|    0|    40|    1|     1|           40|
    |edge_mask_52_U   |edge_mask_RAM_1WNR_AUTO_1R1W    |        0|    2|    3|    0|    40|    1|     1|           40|
    |edge_mask_53_U   |edge_mask_RAM_1WNR_AUTO_1R1W    |        0|    2|    3|    0|    40|    1|     1|           40|
    |edge_mask_54_U   |edge_mask_RAM_1WNR_AUTO_1R1W    |        0|    2|    3|    0|    40|    1|     1|           40|
    |edge_mask_55_U   |edge_mask_RAM_1WNR_AUTO_1R1W    |        0|    2|    3|    0|    40|    1|     1|           40|
    |edge_mask_56_U   |edge_mask_RAM_1WNR_AUTO_1R1W    |        0|    2|    3|    0|    40|    1|     1|           40|
    |edge_mask_57_U   |edge_mask_RAM_1WNR_AUTO_1R1W    |        0|    2|    3|    0|    40|    1|     1|           40|
    |edge_mask_58_U   |edge_mask_RAM_1WNR_AUTO_1R1W    |        0|    2|    3|    0|    40|    1|     1|           40|
    |edge_mask_59_U   |edge_mask_RAM_1WNR_AUTO_1R1W    |        0|    2|    3|    0|    40|    1|     1|           40|
    |edge_mask_60_U   |edge_mask_RAM_1WNR_AUTO_1R1W    |        0|    2|    3|    0|    40|    1|     1|           40|
    |edge_mask_61_U   |edge_mask_RAM_1WNR_AUTO_1R1W    |        0|    2|    3|    0|    40|    1|     1|           40|
    |edge_mask_62_U   |edge_mask_RAM_1WNR_AUTO_1R1W    |        0|    2|    3|    0|    40|    1|     1|           40|
    |edge_mask_63_U   |edge_mask_RAM_1WNR_AUTO_1R1W    |        0|    2|    3|    0|    40|    1|     1|           40|
    |edge_mask_64_U   |edge_mask_RAM_1WNR_AUTO_1R1W    |        0|    2|    3|    0|    40|    1|     1|           40|
    |edge_mask_65_U   |edge_mask_RAM_1WNR_AUTO_1R1W    |        0|    2|    3|    0|    40|    1|     1|           40|
    |edge_mask_66_U   |edge_mask_RAM_1WNR_AUTO_1R1W    |        0|    2|    3|    0|    40|    1|     1|           40|
    |edge_mask_67_U   |edge_mask_RAM_1WNR_AUTO_1R1W    |        0|    2|    3|    0|    40|    1|     1|           40|
    |edge_mask_68_U   |edge_mask_RAM_1WNR_AUTO_1R1W    |        0|    2|    3|    0|    40|    1|     1|           40|
    |edge_mask_69_U   |edge_mask_RAM_1WNR_AUTO_1R1W    |        0|    2|    3|    0|    40|    1|     1|           40|
    |edge_mask_70_U   |edge_mask_RAM_1WNR_AUTO_1R1W    |        0|    2|    3|    0|    40|    1|     1|           40|
    |edge_mask_71_U   |edge_mask_RAM_1WNR_AUTO_1R1W    |        0|    2|    3|    0|    40|    1|     1|           40|
    |edge_mask_72_U   |edge_mask_RAM_1WNR_AUTO_1R1W    |        0|    2|    3|    0|    40|    1|     1|           40|
    |edge_mask_73_U   |edge_mask_RAM_1WNR_AUTO_1R1W    |        0|    2|    3|    0|    40|    1|     1|           40|
    |edge_mask_74_U   |edge_mask_RAM_1WNR_AUTO_1R1W    |        0|    2|    3|    0|    40|    1|     1|           40|
    |edge_mask_75_U   |edge_mask_RAM_1WNR_AUTO_1R1W    |        0|    2|    3|    0|    40|    1|     1|           40|
    |edge_mask_76_U   |edge_mask_RAM_1WNR_AUTO_1R1W    |        0|    2|    3|    0|    40|    1|     1|           40|
    |edge_mask_77_U   |edge_mask_RAM_1WNR_AUTO_1R1W    |        0|    2|    3|    0|    40|    1|     1|           40|
    |edge_mask_78_U   |edge_mask_RAM_1WNR_AUTO_1R1W    |        0|    2|    3|    0|    40|    1|     1|           40|
    |edge_mask_79_U   |edge_mask_RAM_1WNR_AUTO_1R1W    |        0|    2|    3|    0|    40|    1|     1|           40|
    |edge_mask_80_U   |edge_mask_RAM_1WNR_AUTO_1R1W    |        0|    2|    3|    0|    40|    1|     1|           40|
    |edge_mask_81_U   |edge_mask_RAM_1WNR_AUTO_1R1W    |        0|    2|    3|    0|    40|    1|     1|           40|
    |edge_mask_82_U   |edge_mask_RAM_1WNR_AUTO_1R1W    |        0|    2|    3|    0|    40|    1|     1|           40|
    |edge_mask_83_U   |edge_mask_RAM_1WNR_AUTO_1R1W    |        0|    2|    3|    0|    40|    1|     1|           40|
    |edge_mask_84_U   |edge_mask_RAM_1WNR_AUTO_1R1W    |        0|    2|    3|    0|    40|    1|     1|           40|
    |edge_mask_85_U   |edge_mask_RAM_1WNR_AUTO_1R1W    |        0|    2|    3|    0|    40|    1|     1|           40|
    |edge_mask_86_U   |edge_mask_RAM_1WNR_AUTO_1R1W    |        0|    2|    3|    0|    40|    1|     1|           40|
    |edge_mask_87_U   |edge_mask_RAM_1WNR_AUTO_1R1W    |        0|    2|    3|    0|    40|    1|     1|           40|
    |edge_mask_88_U   |edge_mask_RAM_1WNR_AUTO_1R1W    |        0|    2|    3|    0|    40|    1|     1|           40|
    |edge_mask_89_U   |edge_mask_RAM_1WNR_AUTO_1R1W    |        0|    2|    3|    0|    40|    1|     1|           40|
    |edge_mask_90_U   |edge_mask_RAM_1WNR_AUTO_1R1W    |        0|    2|    3|    0|    40|    1|     1|           40|
    |edge_mask_91_U   |edge_mask_RAM_1WNR_AUTO_1R1W    |        0|    2|    3|    0|    40|    1|     1|           40|
    |edge_mask_92_U   |edge_mask_RAM_1WNR_AUTO_1R1W    |        0|    2|    3|    0|    40|    1|     1|           40|
    |edge_mask_93_U   |edge_mask_RAM_1WNR_AUTO_1R1W    |        0|    2|    3|    0|    40|    1|     1|           40|
    |edge_mask_94_U   |edge_mask_RAM_1WNR_AUTO_1R1W    |        0|    2|    3|    0|    40|    1|     1|           40|
    |edge_mask_95_U   |edge_mask_RAM_1WNR_AUTO_1R1W    |        0|    2|    3|    0|    40|    1|     1|           40|
    |edge_mask_96_U   |edge_mask_RAM_1WNR_AUTO_1R1W    |        0|    2|    3|    0|    40|    1|     1|           40|
    |edge_mask_97_U   |edge_mask_RAM_1WNR_AUTO_1R1W    |        0|    2|    3|    0|    40|    1|     1|           40|
    |edge_mask_98_U   |edge_mask_RAM_1WNR_AUTO_1R1W    |        0|    2|    3|    0|    40|    1|     1|           40|
    |edge_mask_99_U   |edge_mask_RAM_1WNR_AUTO_1R1W    |        0|    2|    3|    0|    40|    1|     1|           40|
    |edge_mask_100_U  |edge_mask_RAM_1WNR_AUTO_1R1W    |        0|    2|    3|    0|    40|    1|     1|           40|
    |edge_mask_101_U  |edge_mask_RAM_1WNR_AUTO_1R1W    |        0|    2|    3|    0|    40|    1|     1|           40|
    |edge_mask_102_U  |edge_mask_RAM_1WNR_AUTO_1R1W    |        0|    2|    3|    0|    40|    1|     1|           40|
    |edge_mask_103_U  |edge_mask_RAM_1WNR_AUTO_1R1W    |        0|    2|    3|    0|    40|    1|     1|           40|
    |edge_mask_104_U  |edge_mask_RAM_1WNR_AUTO_1R1W    |        0|    2|    3|    0|    40|    1|     1|           40|
    |edge_mask_105_U  |edge_mask_RAM_1WNR_AUTO_1R1W    |        0|    2|    3|    0|    40|    1|     1|           40|
    |edge_mask_106_U  |edge_mask_RAM_1WNR_AUTO_1R1W    |        0|    2|    3|    0|    40|    1|     1|           40|
    |edge_mask_107_U  |edge_mask_RAM_1WNR_AUTO_1R1W    |        0|    2|    3|    0|    40|    1|     1|           40|
    |edge_mask_108_U  |edge_mask_RAM_1WNR_AUTO_1R1W    |        0|    2|    3|    0|    40|    1|     1|           40|
    |edge_mask_109_U  |edge_mask_RAM_1WNR_AUTO_1R1W    |        0|    2|    3|    0|    40|    1|     1|           40|
    |edge_mask_110_U  |edge_mask_RAM_1WNR_AUTO_1R1W    |        0|    2|    3|    0|    40|    1|     1|           40|
    |edge_mask_111_U  |edge_mask_RAM_1WNR_AUTO_1R1W    |        0|    2|    3|    0|    40|    1|     1|           40|
    |edge_mask_112_U  |edge_mask_RAM_1WNR_AUTO_1R1W    |        0|    2|    3|    0|    40|    1|     1|           40|
    |edge_mask_113_U  |edge_mask_RAM_1WNR_AUTO_1R1W    |        0|    2|    3|    0|    40|    1|     1|           40|
    |edge_mask_114_U  |edge_mask_RAM_1WNR_AUTO_1R1W    |        0|    2|    3|    0|    40|    1|     1|           40|
    |edge_mask_115_U  |edge_mask_RAM_1WNR_AUTO_1R1W    |        0|    2|    3|    0|    40|    1|     1|           40|
    |edge_mask_116_U  |edge_mask_RAM_1WNR_AUTO_1R1W    |        0|    2|    3|    0|    40|    1|     1|           40|
    |edge_mask_117_U  |edge_mask_RAM_1WNR_AUTO_1R1W    |        0|    2|    3|    0|    40|    1|     1|           40|
    |edge_mask_118_U  |edge_mask_RAM_1WNR_AUTO_1R1W    |        0|    2|    3|    0|    40|    1|     1|           40|
    |edge_mask_119_U  |edge_mask_RAM_1WNR_AUTO_1R1W    |        0|    2|    3|    0|    40|    1|     1|           40|
    |edge_mask_120_U  |edge_mask_RAM_1WNR_AUTO_1R1W    |        0|    2|    3|    0|    40|    1|     1|           40|
    |edge_mask_121_U  |edge_mask_RAM_1WNR_AUTO_1R1W    |        0|    2|    3|    0|    40|    1|     1|           40|
    |edge_mask_122_U  |edge_mask_RAM_1WNR_AUTO_1R1W    |        0|    2|    3|    0|    40|    1|     1|           40|
    |edge_mask_123_U  |edge_mask_RAM_1WNR_AUTO_1R1W    |        0|    2|    3|    0|    40|    1|     1|           40|
    |edge_mask_124_U  |edge_mask_RAM_1WNR_AUTO_1R1W    |        0|    2|    3|    0|    40|    1|     1|           40|
    |edge_mask_125_U  |edge_mask_RAM_1WNR_AUTO_1R1W    |        0|    2|    3|    0|    40|    1|     1|           40|
    |edge_mask_126_U  |edge_mask_RAM_1WNR_AUTO_1R1W    |        0|    2|    3|    0|    40|    1|     1|           40|
    |edge_mask_127_U  |edge_mask_RAM_1WNR_AUTO_1R1W    |        0|    2|    3|    0|    40|    1|     1|           40|
    |edge_mask_128_U  |edge_mask_RAM_1WNR_AUTO_1R1W    |        0|    2|    3|    0|    40|    1|     1|           40|
    |edge_mask_129_U  |edge_mask_RAM_1WNR_AUTO_1R1W    |        0|    2|    3|    0|    40|    1|     1|           40|
    |edge_mask_130_U  |edge_mask_RAM_1WNR_AUTO_1R1W    |        0|    2|    3|    0|    40|    1|     1|           40|
    |edge_mask_131_U  |edge_mask_RAM_1WNR_AUTO_1R1W    |        0|    2|    3|    0|    40|    1|     1|           40|
    |edge_mask_132_U  |edge_mask_RAM_1WNR_AUTO_1R1W    |        0|    2|    3|    0|    40|    1|     1|           40|
    |edge_mask_133_U  |edge_mask_RAM_1WNR_AUTO_1R1W    |        0|    2|    3|    0|    40|    1|     1|           40|
    |edge_mask_134_U  |edge_mask_RAM_1WNR_AUTO_1R1W    |        0|    2|    3|    0|    40|    1|     1|           40|
    |edge_mask_135_U  |edge_mask_RAM_1WNR_AUTO_1R1W    |        0|    2|    3|    0|    40|    1|     1|           40|
    |edge_mask_136_U  |edge_mask_RAM_1WNR_AUTO_1R1W    |        0|    2|    3|    0|    40|    1|     1|           40|
    |edge_mask_137_U  |edge_mask_RAM_1WNR_AUTO_1R1W    |        0|    2|    3|    0|    40|    1|     1|           40|
    |edge_mask_138_U  |edge_mask_RAM_1WNR_AUTO_1R1W    |        0|    2|    3|    0|    40|    1|     1|           40|
    |edge_mask_139_U  |edge_mask_RAM_1WNR_AUTO_1R1W    |        0|    2|    3|    0|    40|    1|     1|           40|
    |edge_mask_140_U  |edge_mask_RAM_1WNR_AUTO_1R1W    |        0|    2|    3|    0|    40|    1|     1|           40|
    |edge_mask_141_U  |edge_mask_RAM_1WNR_AUTO_1R1W    |        0|    2|    3|    0|    40|    1|     1|           40|
    |edge_mask_142_U  |edge_mask_RAM_1WNR_AUTO_1R1W    |        0|    2|    3|    0|    40|    1|     1|           40|
    |edge_mask_143_U  |edge_mask_RAM_1WNR_AUTO_1R1W    |        0|    2|    3|    0|    40|    1|     1|           40|
    |edge_mask_144_U  |edge_mask_RAM_1WNR_AUTO_1R1W    |        0|    2|    3|    0|    40|    1|     1|           40|
    |edge_mask_145_U  |edge_mask_RAM_1WNR_AUTO_1R1W    |        0|    2|    3|    0|    40|    1|     1|           40|
    |edge_mask_146_U  |edge_mask_RAM_1WNR_AUTO_1R1W    |        0|    2|    3|    0|    40|    1|     1|           40|
    |edge_mask_147_U  |edge_mask_RAM_1WNR_AUTO_1R1W    |        0|    2|    3|    0|    40|    1|     1|           40|
    |edge_mask_148_U  |edge_mask_RAM_1WNR_AUTO_1R1W    |        0|    2|    3|    0|    40|    1|     1|           40|
    |edge_mask_149_U  |edge_mask_RAM_1WNR_AUTO_1R1W    |        0|    2|    3|    0|    40|    1|     1|           40|
    |edge_mask_150_U  |edge_mask_RAM_1WNR_AUTO_1R1W    |        0|    2|    3|    0|    40|    1|     1|           40|
    |edge_mask_151_U  |edge_mask_RAM_1WNR_AUTO_1R1W    |        0|    2|    3|    0|    40|    1|     1|           40|
    |edge_mask_152_U  |edge_mask_RAM_1WNR_AUTO_1R1W    |        0|    2|    3|    0|    40|    1|     1|           40|
    |edge_mask_153_U  |edge_mask_RAM_1WNR_AUTO_1R1W    |        0|    2|    3|    0|    40|    1|     1|           40|
    |edge_mask_154_U  |edge_mask_RAM_1WNR_AUTO_1R1W    |        0|    2|    3|    0|    40|    1|     1|           40|
    |edge_mask_155_U  |edge_mask_RAM_1WNR_AUTO_1R1W    |        0|    2|    3|    0|    40|    1|     1|           40|
    |edge_mask_156_U  |edge_mask_RAM_1WNR_AUTO_1R1W    |        0|    2|    3|    0|    40|    1|     1|           40|
    |edge_mask_157_U  |edge_mask_RAM_1WNR_AUTO_1R1W    |        0|    2|    3|    0|    40|    1|     1|           40|
    |edge_mask_158_U  |edge_mask_RAM_1WNR_AUTO_1R1W    |        0|    2|    3|    0|    40|    1|     1|           40|
    |edge_mask_159_U  |edge_mask_RAM_1WNR_AUTO_1R1W    |        0|    2|    3|    0|    40|    1|     1|           40|
    |edge_mask_160_U  |edge_mask_RAM_1WNR_AUTO_1R1W    |        0|    2|    3|    0|    40|    1|     1|           40|
    |edge_mask_161_U  |edge_mask_RAM_1WNR_AUTO_1R1W    |        0|    2|    3|    0|    40|    1|     1|           40|
    |edge_mask_162_U  |edge_mask_RAM_1WNR_AUTO_1R1W    |        0|    2|    3|    0|    40|    1|     1|           40|
    |edge_mask_163_U  |edge_mask_RAM_1WNR_AUTO_1R1W    |        0|    2|    3|    0|    40|    1|     1|           40|
    |edge_mask_164_U  |edge_mask_RAM_1WNR_AUTO_1R1W    |        0|    2|    3|    0|    40|    1|     1|           40|
    |edge_mask_165_U  |edge_mask_RAM_1WNR_AUTO_1R1W    |        0|    2|    3|    0|    40|    1|     1|           40|
    |edge_mask_166_U  |edge_mask_RAM_1WNR_AUTO_1R1W    |        0|    2|    3|    0|    40|    1|     1|           40|
    |edge_mask_167_U  |edge_mask_RAM_1WNR_AUTO_1R1W    |        0|    2|    3|    0|    40|    1|     1|           40|
    |edge_mask_168_U  |edge_mask_RAM_1WNR_AUTO_1R1W    |        0|    2|    3|    0|    40|    1|     1|           40|
    |edge_mask_169_U  |edge_mask_RAM_1WNR_AUTO_1R1W    |        0|    2|    3|    0|    40|    1|     1|           40|
    |edge_mask_170_U  |edge_mask_RAM_1WNR_AUTO_1R1W    |        0|    2|    3|    0|    40|    1|     1|           40|
    |edge_mask_171_U  |edge_mask_RAM_1WNR_AUTO_1R1W    |        0|    2|    3|    0|    40|    1|     1|           40|
    |edge_mask_172_U  |edge_mask_RAM_1WNR_AUTO_1R1W    |        0|    2|    3|    0|    40|    1|     1|           40|
    |edge_mask_173_U  |edge_mask_RAM_1WNR_AUTO_1R1W    |        0|    2|    3|    0|    40|    1|     1|           40|
    |edge_mask_174_U  |edge_mask_RAM_1WNR_AUTO_1R1W    |        0|    2|    3|    0|    40|    1|     1|           40|
    |edge_mask_175_U  |edge_mask_RAM_1WNR_AUTO_1R1W    |        0|    2|    3|    0|    40|    1|     1|           40|
    |edge_mask_176_U  |edge_mask_RAM_1WNR_AUTO_1R1W    |        0|    2|    3|    0|    40|    1|     1|           40|
    |edge_mask_177_U  |edge_mask_RAM_1WNR_AUTO_1R1W    |        0|    2|    3|    0|    40|    1|     1|           40|
    |edge_mask_178_U  |edge_mask_RAM_1WNR_AUTO_1R1W    |        0|    2|    3|    0|    40|    1|     1|           40|
    |edge_mask_179_U  |edge_mask_RAM_1WNR_AUTO_1R1W    |        0|    2|    3|    0|    40|    1|     1|           40|
    |hist_U           |hist_RAM_T2P_BRAM_1R1W          |        1|    0|    0|    0|   168|   10|     1|         1680|
    |hist_1_U         |hist_RAM_T2P_BRAM_1R1W          |        1|    0|    0|    0|   168|   10|     1|         1680|
    |hist_2_U         |hist_RAM_T2P_BRAM_1R1W          |        1|    0|    0|    0|   168|   10|     1|         1680|
    |hist_3_U         |hist_RAM_T2P_BRAM_1R1W          |        1|    0|    0|    0|   168|   10|     1|         1680|
    |hist_4_U         |hist_RAM_T2P_BRAM_1R1W          |        1|    0|    0|    0|   168|   10|     1|         1680|
    |hist_5_U         |hist_RAM_T2P_BRAM_1R1W          |        1|    0|    0|    0|   168|   10|     1|         1680|
    |hist_6_U         |hist_RAM_T2P_BRAM_1R1W          |        1|    0|    0|    0|   168|   10|     1|         1680|
    |hist_7_U         |hist_RAM_T2P_BRAM_1R1W          |        1|    0|    0|    0|   168|   10|     1|         1680|
    |hist_8_U         |hist_RAM_T2P_BRAM_1R1W          |        1|    0|    0|    0|   168|   10|     1|         1680|
    |hist_9_U         |hist_RAM_T2P_BRAM_1R1W          |        1|    0|    0|    0|   168|   10|     1|         1680|
    |hist_10_U        |hist_RAM_T2P_BRAM_1R1W          |        1|    0|    0|    0|   168|   10|     1|         1680|
    |hist_11_U        |hist_RAM_T2P_BRAM_1R1W          |        1|    0|    0|    0|   168|   10|     1|         1680|
    |hist_12_U        |hist_RAM_T2P_BRAM_1R1W          |        1|    0|    0|    0|   168|   10|     1|         1680|
    |hist_13_U        |hist_RAM_T2P_BRAM_1R1W          |        1|    0|    0|    0|   168|   10|     1|         1680|
    |hist_14_U        |hist_RAM_T2P_BRAM_1R1W          |        1|    0|    0|    0|   168|   10|     1|         1680|
    |lane_cur_U       |lane_cur_RAM_T2P_BRAM_1R1W      |        1|    0|    0|    0|   168|   10|     1|         1680|
    |lane_cur_1_U     |lane_cur_RAM_T2P_BRAM_1R1W      |        1|    0|    0|    0|   168|   10|     1|         1680|
    |lane_cur_2_U     |lane_cur_RAM_T2P_BRAM_1R1W      |        1|    0|    0|    0|   168|   10|     1|         1680|
    |lane_cur_3_U     |lane_cur_RAM_T2P_BRAM_1R1W      |        1|    0|    0|    0|   168|   10|     1|         1680|
    |lane_cur_4_U     |lane_cur_RAM_T2P_BRAM_1R1W      |        1|    0|    0|    0|   168|   10|     1|         1680|
    |lane_cur_5_U     |lane_cur_RAM_T2P_BRAM_1R1W      |        1|    0|    0|    0|   168|   10|     1|         1680|
    |lane_cur_6_U     |lane_cur_RAM_T2P_BRAM_1R1W      |        1|    0|    0|    0|   168|   10|     1|         1680|
    |lane_cur_7_U     |lane_cur_RAM_T2P_BRAM_1R1W      |        1|    0|    0|    0|   168|   10|     1|         1680|
    |lane_cur_8_U     |lane_cur_RAM_T2P_BRAM_1R1W      |        1|    0|    0|    0|   168|   10|     1|         1680|
    |lane_cur_9_U     |lane_cur_RAM_T2P_BRAM_1R1W      |        1|    0|    0|    0|   168|   10|     1|         1680|
    |lane_cur_10_U    |lane_cur_RAM_T2P_BRAM_1R1W      |        1|    0|    0|    0|   168|   10|     1|         1680|
    |lane_cur_11_U    |lane_cur_RAM_T2P_BRAM_1R1W      |        1|    0|    0|    0|   168|   10|     1|         1680|
    |lane_cur_12_U    |lane_cur_RAM_T2P_BRAM_1R1W      |        1|    0|    0|    0|   168|   10|     1|         1680|
    |lane_cur_13_U    |lane_cur_RAM_T2P_BRAM_1R1W      |        1|    0|    0|    0|   168|   10|     1|         1680|
    |lane_cur_14_U    |lane_cur_RAM_T2P_BRAM_1R1W      |        1|    0|    0|    0|   168|   10|     1|         1680|
    |lane_off_1_U     |lane_off_1_RAM_T2P_BRAM_1R1W    |        1|    0|    0|    0|   168|   10|     1|         1680|
    |lane_off_2_U     |lane_off_1_RAM_T2P_BRAM_1R1W    |        1|    0|    0|    0|   168|   10|     1|         1680|
    |lane_off_3_U     |lane_off_1_RAM_T2P_BRAM_1R1W    |        1|    0|    0|    0|   168|   10|     1|         1680|
    |lane_off_4_U     |lane_off_1_RAM_T2P_BRAM_1R1W    |        1|    0|    0|    0|   168|   10|     1|         1680|
    |lane_off_5_U     |lane_off_1_RAM_T2P_BRAM_1R1W    |        1|    0|    0|    0|   168|   10|     1|         1680|
    |lane_off_6_U     |lane_off_1_RAM_T2P_BRAM_1R1W    |        1|    0|    0|    0|   168|   10|     1|         1680|
    |lane_off_7_U     |lane_off_1_RAM_T2P_BRAM_1R1W    |        1|    0|    0|    0|   168|   10|     1|         1680|
    |lane_off_8_U     |lane_off_1_RAM_T2P_BRAM_1R1W    |        1|    0|    0|    0|   168|   10|     1|         1680|
    |lane_off_9_U     |lane_off_1_RAM_T2P_BRAM_1R1W    |        1|    0|    0|    0|   168|   10|     1|         1680|
    |lane_off_10_U    |lane_off_1_RAM_T2P_BRAM_1R1W    |        1|    0|    0|    0|   168|   10|     1|         1680|
    |lane_off_11_U    |lane_off_1_RAM_T2P_BRAM_1R1W    |        1|    0|    0|    0|   168|   10|     1|         1680|
    |lane_off_12_U    |lane_off_1_RAM_T2P_BRAM_1R1W    |        1|    0|    0|    0|   168|   10|     1|         1680|
    |lane_off_13_U    |lane_off_1_RAM_T2P_BRAM_1R1W    |        1|    0|    0|    0|   168|   10|     1|         1680|
    |lane_off_14_U    |lane_off_1_RAM_T2P_BRAM_1R1W    |        1|    0|    0|    0|   168|   10|     1|         1680|
    |lane_off_U       |lane_off_RAM_T2P_BRAM_1R1W      |        1|    0|    0|    0|   168|    1|     1|          168|
    |order_U          |order_RAM_AUTO_1R1W             |        0|   16|   17|    0|    40|   10|     1|          400|
    |order_1_U        |order_RAM_AUTO_1R1W             |        0|   16|   17|    0|    40|   10|     1|          400|
    |order_2_U        |order_RAM_AUTO_1R1W             |        0|   16|   17|    0|    40|   10|     1|          400|
    |order_3_U        |order_RAM_AUTO_1R1W             |        0|   16|   17|    0|    40|   10|     1|          400|
    |order_4_U        |order_RAM_AUTO_1R1W             |        0|   16|   17|    0|    40|   10|     1|          400|
    |order_5_U        |order_RAM_AUTO_1R1W             |        0|   16|   17|    0|    40|   10|     1|          400|
    |order_6_U        |order_RAM_AUTO_1R1W             |        0|   16|   17|    0|    40|   10|     1|          400|
    |order_7_U        |order_RAM_AUTO_1R1W             |        0|   16|   17|    0|    40|   10|     1|          400|
    |order_8_U        |order_RAM_AUTO_1R1W             |        0|   16|   17|    0|    40|   10|     1|          400|
    |order_9_U        |order_RAM_AUTO_1R1W             |        0|   16|   17|    0|    40|   10|     1|          400|
    |order_10_U       |order_RAM_AUTO_1R1W             |        0|   16|   17|    0|    40|   10|     1|          400|
    |order_11_U       |order_RAM_AUTO_1R1W             |        0|   16|   17|    0|    40|   10|     1|          400|
    |order_12_U       |order_RAM_AUTO_1R1W             |        0|   16|   17|    0|    40|   10|     1|          400|
    |order_13_U       |order_RAM_AUTO_1R1W             |        0|   16|   17|    0|    40|   10|     1|          400|
    |order_14_U       |order_RAM_AUTO_1R1W             |        0|   16|   17|    0|    40|   10|     1|          400|
    |comp_a_U         |order_RAM_AUTO_1R1W             |        0|   16|   17|    0|    40|   10|     1|          400|
    |comp_a_1_U       |order_RAM_AUTO_1R1W             |        0|   16|   17|    0|    40|   10|     1|          400|
    |comp_a_2_U       |order_RAM_AUTO_1R1W             |        0|   16|   17|    0|    40|   10|     1|          400|
    |comp_b_U         |order_RAM_AUTO_1R1W             |        0|   16|   17|    0|    40|   10|     1|          400|
    |comp_b_1_U       |order_RAM_AUTO_1R1W             |        0|   16|   17|    0|    40|   10|     1|          400|
    |comp_b_2_U       |order_RAM_AUTO_1R1W             |        0|   16|   17|    0|    40|   10|     1|          400|
    |comp_b_3_U       |order_RAM_AUTO_1R1W             |        0|   16|   17|    0|    40|   10|     1|          400|
    |comp_b_4_U       |order_RAM_AUTO_1R1W             |        0|   16|   17|    0|    40|   10|     1|          400|
    |comp_b_5_U       |order_RAM_AUTO_1R1W             |        0|   16|   17|    0|    40|   10|     1|          400|
    |comp_b_6_U       |order_RAM_AUTO_1R1W             |        0|   16|   17|    0|    40|   10|     1|          400|
    |comp_b_7_U       |order_RAM_AUTO_1R1W             |        0|   16|   17|    0|    40|   10|     1|          400|
    |comp_b_8_U       |order_RAM_AUTO_1R1W             |        0|   16|   17|    0|    40|   10|     1|          400|
    |comp_b_9_U       |order_RAM_AUTO_1R1W             |        0|   16|   17|    0|    40|   10|     1|          400|
    |comp_b_10_U      |order_RAM_AUTO_1R1W             |        0|   16|   17|    0|    40|   10|     1|          400|
    |comp_b_11_U      |order_RAM_AUTO_1R1W             |        0|   16|   17|    0|    40|   10|     1|          400|
    |comp_b_12_U      |order_RAM_AUTO_1R1W             |        0|   16|   17|    0|    40|   10|     1|          400|
    |comp_b_13_U      |order_RAM_AUTO_1R1W             |        0|   16|   17|    0|    40|   10|     1|          400|
    |comp_b_14_U      |order_RAM_AUTO_1R1W             |        0|   16|   17|    0|    40|   10|     1|          400|
    |comp_r_U         |order_RAM_AUTO_1R1W             |        0|   16|   17|    0|    40|   10|     1|          400|
    |comp_r_1_U       |order_RAM_AUTO_1R1W             |        0|   16|   17|    0|    40|   10|     1|          400|
    |comp_r_2_U       |order_RAM_AUTO_1R1W             |        0|   16|   17|    0|    40|   10|     1|          400|
    |comp_r_3_U       |order_RAM_AUTO_1R1W             |        0|   16|   17|    0|    40|   10|     1|          400|
    |comp_r_4_U       |order_RAM_AUTO_1R1W             |        0|   16|   17|    0|    40|   10|     1|          400|
    |comp_r_5_U       |order_RAM_AUTO_1R1W             |        0|   16|   17|    0|    40|   10|     1|          400|
    |comp_r_6_U       |order_RAM_AUTO_1R1W             |        0|   16|   17|    0|    40|   10|     1|          400|
    |comp_r_7_U       |order_RAM_AUTO_1R1W             |        0|   16|   17|    0|    40|   10|     1|          400|
    |comp_r_8_U       |order_RAM_AUTO_1R1W             |        0|   16|   17|    0|    40|   10|     1|          400|
    |comp_r_9_U       |order_RAM_AUTO_1R1W             |        0|   16|   17|    0|    40|   10|     1|          400|
    |comp_r_10_U      |order_RAM_AUTO_1R1W             |        0|   16|   17|    0|    40|   10|     1|          400|
    |comp_r_11_U      |order_RAM_AUTO_1R1W             |        0|   16|   17|    0|    40|   10|     1|          400|
    |comp_r_12_U      |order_RAM_AUTO_1R1W             |        0|   16|   17|    0|    40|   10|     1|          400|
    |comp_r_13_U      |order_RAM_AUTO_1R1W             |        0|   16|   17|    0|    40|   10|     1|          400|
    |comp_r_14_U      |order_RAM_AUTO_1R1W             |        0|   16|   17|    0|    40|   10|     1|          400|
    |pca8_7_U         |pca8_7_RAM_AUTO_1R1W            |        0|   16|   17|    0|    40|   15|     1|          600|
    |pca8_15_U        |pca8_7_RAM_AUTO_1R1W            |        0|   16|   17|    0|    40|   15|     1|          600|
    |pca8_23_U        |pca8_7_RAM_AUTO_1R1W            |        0|   16|   17|    0|    40|   15|     1|          600|
    |pca8_31_U        |pca8_7_RAM_AUTO_1R1W            |        0|   16|   17|    0|    40|   15|     1|          600|
    |pca8_39_U        |pca8_7_RAM_AUTO_1R1W            |        0|   16|   17|    0|    40|   15|     1|          600|
    |pca8_47_U        |pca8_7_RAM_AUTO_1R1W            |        0|   16|   17|    0|    40|   15|     1|          600|
    |pca8_55_U        |pca8_7_RAM_AUTO_1R1W            |        0|   16|   17|    0|    40|   15|     1|          600|
    |pca8_63_U        |pca8_7_RAM_AUTO_1R1W            |        0|   16|   17|    0|    40|   15|     1|          600|
    |pca8_71_U        |pca8_7_RAM_AUTO_1R1W            |        0|   16|   17|    0|    40|   15|     1|          600|
    |pca8_79_U        |pca8_7_RAM_AUTO_1R1W            |        0|   16|   17|    0|    40|   15|     1|          600|
    |pca8_87_U        |pca8_7_RAM_AUTO_1R1W            |        0|   16|   17|    0|    40|   15|     1|          600|
    |pca8_95_U        |pca8_7_RAM_AUTO_1R1W            |        0|   16|   17|    0|    40|   15|     1|          600|
    |pca8_103_U       |pca8_7_RAM_AUTO_1R1W            |        0|   16|   17|    0|    40|   15|     1|          600|
    |pca8_111_U       |pca8_7_RAM_AUTO_1R1W            |        0|   16|   17|    0|    40|   15|     1|          600|
    |pca8_119_U       |pca8_7_RAM_AUTO_1R1W            |        0|   16|   17|    0|    40|   15|     1|          600|
    |pca8_U           |pca8_RAM_AUTO_1R1W              |        0|   16|   17|    0|    40|   16|     1|          640|
    |pca8_1_U         |pca8_RAM_AUTO_1R1W              |        0|   16|   17|    0|    40|   16|     1|          640|
    |pca8_2_U         |pca8_RAM_AUTO_1R1W              |        0|   16|   17|    0|    40|   16|     1|          640|
    |pca8_3_U         |pca8_RAM_AUTO_1R1W              |        0|   16|   17|    0|    40|   16|     1|          640|
    |pca8_4_U         |pca8_RAM_AUTO_1R1W              |        0|   16|   17|    0|    40|   16|     1|          640|
    |pca8_5_U         |pca8_RAM_AUTO_1R1W              |        0|   16|   17|    0|    40|   16|     1|          640|
    |pca8_6_U         |pca8_RAM_AUTO_1R1W              |        0|   16|   17|    0|    40|   16|     1|          640|
    |pca8_8_U         |pca8_RAM_AUTO_1R1W              |        0|   16|   17|    0|    40|   16|     1|          640|
    |pca8_9_U         |pca8_RAM_AUTO_1R1W              |        0|   16|   17|    0|    40|   16|     1|          640|
    |pca8_10_U        |pca8_RAM_AUTO_1R1W              |        0|   16|   17|    0|    40|   16|     1|          640|
    |pca8_11_U        |pca8_RAM_AUTO_1R1W              |        0|   16|   17|    0|    40|   16|     1|          640|
    |pca8_12_U        |pca8_RAM_AUTO_1R1W              |        0|   16|   17|    0|    40|   16|     1|          640|
    |pca8_13_U        |pca8_RAM_AUTO_1R1W              |        0|   16|   17|    0|    40|   16|     1|          640|
    |pca8_14_U        |pca8_RAM_AUTO_1R1W              |        0|   16|   17|    0|    40|   16|     1|          640|
    |pca8_16_U        |pca8_RAM_AUTO_1R1W              |        0|   16|   17|    0|    40|   16|     1|          640|
    |pca8_17_U        |pca8_RAM_AUTO_1R1W              |        0|   16|   17|    0|    40|   16|     1|          640|
    |pca8_18_U        |pca8_RAM_AUTO_1R1W              |        0|   16|   17|    0|    40|   16|     1|          640|
    |pca8_19_U        |pca8_RAM_AUTO_1R1W              |        0|   16|   17|    0|    40|   16|     1|          640|
    |pca8_20_U        |pca8_RAM_AUTO_1R1W              |        0|   16|   17|    0|    40|   16|     1|          640|
    |pca8_21_U        |pca8_RAM_AUTO_1R1W              |        0|   16|   17|    0|    40|   16|     1|          640|
    |pca8_22_U        |pca8_RAM_AUTO_1R1W              |        0|   16|   17|    0|    40|   16|     1|          640|
    |pca8_24_U        |pca8_RAM_AUTO_1R1W              |        0|   16|   17|    0|    40|   16|     1|          640|
    |pca8_25_U        |pca8_RAM_AUTO_1R1W              |        0|   16|   17|    0|    40|   16|     1|          640|
    |pca8_26_U        |pca8_RAM_AUTO_1R1W              |        0|   16|   17|    0|    40|   16|     1|          640|
    |pca8_27_U        |pca8_RAM_AUTO_1R1W              |        0|   16|   17|    0|    40|   16|     1|          640|
    |pca8_28_U        |pca8_RAM_AUTO_1R1W              |        0|   16|   17|    0|    40|   16|     1|          640|
    |pca8_29_U        |pca8_RAM_AUTO_1R1W              |        0|   16|   17|    0|    40|   16|     1|          640|
    |pca8_30_U        |pca8_RAM_AUTO_1R1W              |        0|   16|   17|    0|    40|   16|     1|          640|
    |pca8_32_U        |pca8_RAM_AUTO_1R1W              |        0|   16|   17|    0|    40|   16|     1|          640|
    |pca8_33_U        |pca8_RAM_AUTO_1R1W              |        0|   16|   17|    0|    40|   16|     1|          640|
    |pca8_34_U        |pca8_RAM_AUTO_1R1W              |        0|   16|   17|    0|    40|   16|     1|          640|
    |pca8_35_U        |pca8_RAM_AUTO_1R1W              |        0|   16|   17|    0|    40|   16|     1|          640|
    |pca8_36_U        |pca8_RAM_AUTO_1R1W              |        0|   16|   17|    0|    40|   16|     1|          640|
    |pca8_37_U        |pca8_RAM_AUTO_1R1W              |        0|   16|   17|    0|    40|   16|     1|          640|
    |pca8_38_U        |pca8_RAM_AUTO_1R1W              |        0|   16|   17|    0|    40|   16|     1|          640|
    |pca8_40_U        |pca8_RAM_AUTO_1R1W              |        0|   16|   17|    0|    40|   16|     1|          640|
    |pca8_41_U        |pca8_RAM_AUTO_1R1W              |        0|   16|   17|    0|    40|   16|     1|          640|
    |pca8_42_U        |pca8_RAM_AUTO_1R1W              |        0|   16|   17|    0|    40|   16|     1|          640|
    |pca8_43_U        |pca8_RAM_AUTO_1R1W              |        0|   16|   17|    0|    40|   16|     1|          640|
    |pca8_44_U        |pca8_RAM_AUTO_1R1W              |        0|   16|   17|    0|    40|   16|     1|          640|
    |pca8_45_U        |pca8_RAM_AUTO_1R1W              |        0|   16|   17|    0|    40|   16|     1|          640|
    |pca8_46_U        |pca8_RAM_AUTO_1R1W              |        0|   16|   17|    0|    40|   16|     1|          640|
    |pca8_48_U        |pca8_RAM_AUTO_1R1W              |        0|   16|   17|    0|    40|   16|     1|          640|
    |pca8_49_U        |pca8_RAM_AUTO_1R1W              |        0|   16|   17|    0|    40|   16|     1|          640|
    |pca8_50_U        |pca8_RAM_AUTO_1R1W              |        0|   16|   17|    0|    40|   16|     1|          640|
    |pca8_51_U        |pca8_RAM_AUTO_1R1W              |        0|   16|   17|    0|    40|   16|     1|          640|
    |pca8_52_U        |pca8_RAM_AUTO_1R1W              |        0|   16|   17|    0|    40|   16|     1|          640|
    |pca8_53_U        |pca8_RAM_AUTO_1R1W              |        0|   16|   17|    0|    40|   16|     1|          640|
    |pca8_54_U        |pca8_RAM_AUTO_1R1W              |        0|   16|   17|    0|    40|   16|     1|          640|
    |pca8_56_U        |pca8_RAM_AUTO_1R1W              |        0|   16|   17|    0|    40|   16|     1|          640|
    |pca8_57_U        |pca8_RAM_AUTO_1R1W              |        0|   16|   17|    0|    40|   16|     1|          640|
    |pca8_58_U        |pca8_RAM_AUTO_1R1W              |        0|   16|   17|    0|    40|   16|     1|          640|
    |pca8_59_U        |pca8_RAM_AUTO_1R1W              |        0|   16|   17|    0|    40|   16|     1|          640|
    |pca8_60_U        |pca8_RAM_AUTO_1R1W              |        0|   16|   17|    0|    40|   16|     1|          640|
    |pca8_61_U        |pca8_RAM_AUTO_1R1W              |        0|   16|   17|    0|    40|   16|     1|          640|
    |pca8_62_U        |pca8_RAM_AUTO_1R1W              |        0|   16|   17|    0|    40|   16|     1|          640|
    |pca8_64_U        |pca8_RAM_AUTO_1R1W              |        0|   16|   17|    0|    40|   16|     1|          640|
    |pca8_65_U        |pca8_RAM_AUTO_1R1W              |        0|   16|   17|    0|    40|   16|     1|          640|
    |pca8_66_U        |pca8_RAM_AUTO_1R1W              |        0|   16|   17|    0|    40|   16|     1|          640|
    |pca8_67_U        |pca8_RAM_AUTO_1R1W              |        0|   16|   17|    0|    40|   16|     1|          640|
    |pca8_68_U        |pca8_RAM_AUTO_1R1W              |        0|   16|   17|    0|    40|   16|     1|          640|
    |pca8_69_U        |pca8_RAM_AUTO_1R1W              |        0|   16|   17|    0|    40|   16|     1|          640|
    |pca8_70_U        |pca8_RAM_AUTO_1R1W              |        0|   16|   17|    0|    40|   16|     1|          640|
    |pca8_72_U        |pca8_RAM_AUTO_1R1W              |        0|   16|   17|    0|    40|   16|     1|          640|
    |pca8_73_U        |pca8_RAM_AUTO_1R1W              |        0|   16|   17|    0|    40|   16|     1|          640|
    |pca8_74_U        |pca8_RAM_AUTO_1R1W              |        0|   16|   17|    0|    40|   16|     1|          640|
    |pca8_75_U        |pca8_RAM_AUTO_1R1W              |        0|   16|   17|    0|    40|   16|     1|          640|
    |pca8_76_U        |pca8_RAM_AUTO_1R1W              |        0|   16|   17|    0|    40|   16|     1|          640|
    |pca8_77_U        |pca8_RAM_AUTO_1R1W              |        0|   16|   17|    0|    40|   16|     1|          640|
    |pca8_78_U        |pca8_RAM_AUTO_1R1W              |        0|   16|   17|    0|    40|   16|     1|          640|
    |pca8_80_U        |pca8_RAM_AUTO_1R1W              |        0|   16|   17|    0|    40|   16|     1|          640|
    |pca8_81_U        |pca8_RAM_AUTO_1R1W              |        0|   16|   17|    0|    40|   16|     1|          640|
    |pca8_82_U        |pca8_RAM_AUTO_1R1W              |        0|   16|   17|    0|    40|   16|     1|          640|
    |pca8_83_U        |pca8_RAM_AUTO_1R1W              |        0|   16|   17|    0|    40|   16|     1|          640|
    |pca8_84_U        |pca8_RAM_AUTO_1R1W              |        0|   16|   17|    0|    40|   16|     1|          640|
    |pca8_85_U        |pca8_RAM_AUTO_1R1W              |        0|   16|   17|    0|    40|   16|     1|          640|
    |pca8_86_U        |pca8_RAM_AUTO_1R1W              |        0|   16|   17|    0|    40|   16|     1|          640|
    |pca8_88_U        |pca8_RAM_AUTO_1R1W              |        0|   16|   17|    0|    40|   16|     1|          640|
    |pca8_89_U        |pca8_RAM_AUTO_1R1W              |        0|   16|   17|    0|    40|   16|     1|          640|
    |pca8_90_U        |pca8_RAM_AUTO_1R1W              |        0|   16|   17|    0|    40|   16|     1|          640|
    |pca8_91_U        |pca8_RAM_AUTO_1R1W              |        0|   16|   17|    0|    40|   16|     1|          640|
    |pca8_92_U        |pca8_RAM_AUTO_1R1W              |        0|   16|   17|    0|    40|   16|     1|          640|
    |pca8_93_U        |pca8_RAM_AUTO_1R1W              |        0|   16|   17|    0|    40|   16|     1|          640|
    |pca8_94_U        |pca8_RAM_AUTO_1R1W              |        0|   16|   17|    0|    40|   16|     1|          640|
    |pca8_96_U        |pca8_RAM_AUTO_1R1W              |        0|   16|   17|    0|    40|   16|     1|          640|
    |pca8_97_U        |pca8_RAM_AUTO_1R1W              |        0|   16|   17|    0|    40|   16|     1|          640|
    |pca8_98_U        |pca8_RAM_AUTO_1R1W              |        0|   16|   17|    0|    40|   16|     1|          640|
    |pca8_99_U        |pca8_RAM_AUTO_1R1W              |        0|   16|   17|    0|    40|   16|     1|          640|
    |pca8_100_U       |pca8_RAM_AUTO_1R1W              |        0|   16|   17|    0|    40|   16|     1|          640|
    |pca8_101_U       |pca8_RAM_AUTO_1R1W              |        0|   16|   17|    0|    40|   16|     1|          640|
    |pca8_102_U       |pca8_RAM_AUTO_1R1W              |        0|   16|   17|    0|    40|   16|     1|          640|
    |pca8_104_U       |pca8_RAM_AUTO_1R1W              |        0|   16|   17|    0|    40|   16|     1|          640|
    |pca8_105_U       |pca8_RAM_AUTO_1R1W              |        0|   16|   17|    0|    40|   16|     1|          640|
    |pca8_106_U       |pca8_RAM_AUTO_1R1W              |        0|   16|   17|    0|    40|   16|     1|          640|
    |pca8_107_U       |pca8_RAM_AUTO_1R1W              |        0|   16|   17|    0|    40|   16|     1|          640|
    |pca8_108_U       |pca8_RAM_AUTO_1R1W              |        0|   16|   17|    0|    40|   16|     1|          640|
    |pca8_109_U       |pca8_RAM_AUTO_1R1W              |        0|   16|   17|    0|    40|   16|     1|          640|
    |pca8_110_U       |pca8_RAM_AUTO_1R1W              |        0|   16|   17|    0|    40|   16|     1|          640|
    |pca8_112_U       |pca8_RAM_AUTO_1R1W              |        0|   16|   17|    0|    40|   16|     1|          640|
    |pca8_113_U       |pca8_RAM_AUTO_1R1W              |        0|   16|   17|    0|    40|   16|     1|          640|
    |pca8_114_U       |pca8_RAM_AUTO_1R1W              |        0|   16|   17|    0|    40|   16|     1|          640|
    |pca8_115_U       |pca8_RAM_AUTO_1R1W              |        0|   16|   17|    0|    40|   16|     1|          640|
    |pca8_116_U       |pca8_RAM_AUTO_1R1W              |        0|   16|   17|    0|    40|   16|     1|          640|
    |pca8_117_U       |pca8_RAM_AUTO_1R1W              |        0|   16|   17|    0|    40|   16|     1|          640|
    |pca8_118_U       |pca8_RAM_AUTO_1R1W              |        0|   16|   17|    0|    40|   16|     1|          640|
    |srt_ord_15_U     |srt_ord_15_RAM_2P_LUTRAM_1R1W   |        0|    8|    9|    0|    40|    7|     1|          280|
    |srt_ord_16_U     |srt_ord_15_RAM_2P_LUTRAM_1R1W   |        0|    8|    9|    0|    40|    7|     1|          280|
    |srt_ord_17_U     |srt_ord_15_RAM_2P_LUTRAM_1R1W   |        0|    8|    9|    0|    40|    7|     1|          280|
    |srt_ord_18_U     |srt_ord_15_RAM_2P_LUTRAM_1R1W   |        0|    8|    9|    0|    40|    7|     1|          280|
    |srt_ord_19_U     |srt_ord_15_RAM_2P_LUTRAM_1R1W   |        0|    8|    9|    0|    40|    7|     1|          280|
    |srt_ord_20_U     |srt_ord_15_RAM_2P_LUTRAM_1R1W   |        0|    8|    9|    0|    40|    7|     1|          280|
    |srt_ord_21_U     |srt_ord_15_RAM_2P_LUTRAM_1R1W   |        0|    8|    9|    0|    40|    7|     1|          280|
    |srt_ord_22_U     |srt_ord_15_RAM_2P_LUTRAM_1R1W   |        0|    8|    9|    0|    40|    7|     1|          280|
    |srt_ord_23_U     |srt_ord_15_RAM_2P_LUTRAM_1R1W   |        0|    8|    9|    0|    40|    7|     1|          280|
    |srt_ord_24_U     |srt_ord_15_RAM_2P_LUTRAM_1R1W   |        0|    8|    9|    0|    40|    7|     1|          280|
    |srt_ord_25_U     |srt_ord_15_RAM_2P_LUTRAM_1R1W   |        0|    8|    9|    0|    40|    7|     1|          280|
    |srt_ord_26_U     |srt_ord_15_RAM_2P_LUTRAM_1R1W   |        0|    8|    9|    0|    40|    7|     1|          280|
    |srt_ord_27_U     |srt_ord_15_RAM_2P_LUTRAM_1R1W   |        0|    8|    9|    0|    40|    7|     1|          280|
    |srt_ord_28_U     |srt_ord_15_RAM_2P_LUTRAM_1R1W   |        0|    8|    9|    0|    40|    7|     1|          280|
    |srt_ord_29_U     |srt_ord_15_RAM_2P_LUTRAM_1R1W   |        0|    8|    9|    0|    40|    7|     1|          280|
    |srt_ord_30_U     |srt_ord_15_RAM_2P_LUTRAM_1R1W   |        0|    8|    9|    0|    40|    7|     1|          280|
    |srt_ord_31_U     |srt_ord_15_RAM_2P_LUTRAM_1R1W   |        0|    8|    9|    0|    40|    7|     1|          280|
    |srt_ord_32_U     |srt_ord_15_RAM_2P_LUTRAM_1R1W   |        0|    8|    9|    0|    40|    7|     1|          280|
    |srt_ord_33_U     |srt_ord_15_RAM_2P_LUTRAM_1R1W   |        0|    8|    9|    0|    40|    7|     1|          280|
    |srt_ord_34_U     |srt_ord_15_RAM_2P_LUTRAM_1R1W   |        0|    8|    9|    0|    40|    7|     1|          280|
    |srt_ord_35_U     |srt_ord_15_RAM_2P_LUTRAM_1R1W   |        0|    8|    9|    0|    40|    7|     1|          280|
    |srt_ord_36_U     |srt_ord_15_RAM_2P_LUTRAM_1R1W   |        0|    8|    9|    0|    40|    7|     1|          280|
    |srt_ord_37_U     |srt_ord_15_RAM_2P_LUTRAM_1R1W   |        0|    8|    9|    0|    40|    7|     1|          280|
    |srt_ord_38_U     |srt_ord_15_RAM_2P_LUTRAM_1R1W   |        0|    8|    9|    0|    40|    7|     1|          280|
    |srt_ord_39_U     |srt_ord_15_RAM_2P_LUTRAM_1R1W   |        0|    8|    9|    0|    40|    7|     1|          280|
    |srt_ord_40_U     |srt_ord_15_RAM_2P_LUTRAM_1R1W   |        0|    8|    9|    0|    40|    7|     1|          280|
    |srt_ord_41_U     |srt_ord_15_RAM_2P_LUTRAM_1R1W   |        0|    8|    9|    0|    40|    7|     1|          280|
    |srt_ord_42_U     |srt_ord_15_RAM_2P_LUTRAM_1R1W   |        0|    8|    9|    0|    40|    7|     1|          280|
    |srt_ord_43_U     |srt_ord_15_RAM_2P_LUTRAM_1R1W   |        0|    8|    9|    0|    40|    7|     1|          280|
    |srt_ord_44_U     |srt_ord_15_RAM_2P_LUTRAM_1R1W   |        0|    8|    9|    0|    40|    7|     1|          280|
    |srt_ord_75_U     |srt_ord_15_RAM_2P_LUTRAM_1R1W   |        0|    8|    9|    0|    40|    7|     1|          280|
    |srt_ord_76_U     |srt_ord_15_RAM_2P_LUTRAM_1R1W   |        0|    8|    9|    0|    40|    7|     1|          280|
    |srt_ord_77_U     |srt_ord_15_RAM_2P_LUTRAM_1R1W   |        0|    8|    9|    0|    40|    7|     1|          280|
    |srt_ord_78_U     |srt_ord_15_RAM_2P_LUTRAM_1R1W   |        0|    8|    9|    0|    40|    7|     1|          280|
    |srt_ord_79_U     |srt_ord_15_RAM_2P_LUTRAM_1R1W   |        0|    8|    9|    0|    40|    7|     1|          280|
    |srt_ord_80_U     |srt_ord_15_RAM_2P_LUTRAM_1R1W   |        0|    8|    9|    0|    40|    7|     1|          280|
    |srt_ord_81_U     |srt_ord_15_RAM_2P_LUTRAM_1R1W   |        0|    8|    9|    0|    40|    7|     1|          280|
    |srt_ord_82_U     |srt_ord_15_RAM_2P_LUTRAM_1R1W   |        0|    8|    9|    0|    40|    7|     1|          280|
    |srt_ord_83_U     |srt_ord_15_RAM_2P_LUTRAM_1R1W   |        0|    8|    9|    0|    40|    7|     1|          280|
    |srt_ord_84_U     |srt_ord_15_RAM_2P_LUTRAM_1R1W   |        0|    8|    9|    0|    40|    7|     1|          280|
    |srt_ord_85_U     |srt_ord_15_RAM_2P_LUTRAM_1R1W   |        0|    8|    9|    0|    40|    7|     1|          280|
    |srt_ord_86_U     |srt_ord_15_RAM_2P_LUTRAM_1R1W   |        0|    8|    9|    0|    40|    7|     1|          280|
    |srt_ord_87_U     |srt_ord_15_RAM_2P_LUTRAM_1R1W   |        0|    8|    9|    0|    40|    7|     1|          280|
    |srt_ord_88_U     |srt_ord_15_RAM_2P_LUTRAM_1R1W   |        0|    8|    9|    0|    40|    7|     1|          280|
    |srt_ord_89_U     |srt_ord_15_RAM_2P_LUTRAM_1R1W   |        0|    8|    9|    0|    40|    7|     1|          280|
    |srt_ord_180_U    |srt_ord_180_RAM_2P_LUTRAM_1R1W  |        0|   16|   17|    0|    40|   10|     1|          400|
    |srt_ord_181_U    |srt_ord_180_RAM_2P_LUTRAM_1R1W  |        0|   16|   17|    0|    40|   10|     1|          400|
    |srt_ord_182_U    |srt_ord_180_RAM_2P_LUTRAM_1R1W  |        0|   16|   17|    0|    40|   10|     1|          400|
    |srt_ord_183_U    |srt_ord_180_RAM_2P_LUTRAM_1R1W  |        0|   16|   17|    0|    40|   10|     1|          400|
    |srt_ord_184_U    |srt_ord_180_RAM_2P_LUTRAM_1R1W  |        0|   16|   17|    0|    40|   10|     1|          400|
    |srt_ord_185_U    |srt_ord_180_RAM_2P_LUTRAM_1R1W  |        0|   16|   17|    0|    40|   10|     1|          400|
    |srt_ord_186_U    |srt_ord_180_RAM_2P_LUTRAM_1R1W  |        0|   16|   17|    0|    40|   10|     1|          400|
    |srt_ord_187_U    |srt_ord_180_RAM_2P_LUTRAM_1R1W  |        0|   16|   17|    0|    40|   10|     1|          400|
    |srt_ord_188_U    |srt_ord_180_RAM_2P_LUTRAM_1R1W  |        0|   16|   17|    0|    40|   10|     1|          400|
    |srt_ord_189_U    |srt_ord_180_RAM_2P_LUTRAM_1R1W  |        0|   16|   17|    0|    40|   10|     1|          400|
    |srt_ord_190_U    |srt_ord_180_RAM_2P_LUTRAM_1R1W  |        0|   16|   17|    0|    40|   10|     1|          400|
    |srt_ord_191_U    |srt_ord_180_RAM_2P_LUTRAM_1R1W  |        0|   16|   17|    0|    40|   10|     1|          400|
    |srt_ord_192_U    |srt_ord_180_RAM_2P_LUTRAM_1R1W  |        0|   16|   17|    0|    40|   10|     1|          400|
    |srt_ord_193_U    |srt_ord_180_RAM_2P_LUTRAM_1R1W  |        0|   16|   17|    0|    40|   10|     1|          400|
    |srt_ord_194_U    |srt_ord_180_RAM_2P_LUTRAM_1R1W  |        0|   16|   17|    0|    40|   10|     1|          400|
    |srt_ord_195_U    |srt_ord_180_RAM_2P_LUTRAM_1R1W  |        0|   16|   17|    0|    40|   10|     1|          400|
    |srt_ord_196_U    |srt_ord_180_RAM_2P_LUTRAM_1R1W  |        0|   16|   17|    0|    40|   10|     1|          400|
    |srt_ord_197_U    |srt_ord_180_RAM_2P_LUTRAM_1R1W  |        0|   16|   17|    0|    40|   10|     1|          400|
    |srt_ord_198_U    |srt_ord_180_RAM_2P_LUTRAM_1R1W  |        0|   16|   17|    0|    40|   10|     1|          400|
    |srt_ord_199_U    |srt_ord_180_RAM_2P_LUTRAM_1R1W  |        0|   16|   17|    0|    40|   10|     1|          400|
    |srt_ord_200_U    |srt_ord_180_RAM_2P_LUTRAM_1R1W  |        0|   16|   17|    0|    40|   10|     1|          400|
    |srt_ord_201_U    |srt_ord_180_RAM_2P_LUTRAM_1R1W  |        0|   16|   17|    0|    40|   10|     1|          400|
    |srt_ord_202_U    |srt_ord_180_RAM_2P_LUTRAM_1R1W  |        0|   16|   17|    0|    40|   10|     1|          400|
    |srt_ord_203_U    |srt_ord_180_RAM_2P_LUTRAM_1R1W  |        0|   16|   17|    0|    40|   10|     1|          400|
    |srt_ord_204_U    |srt_ord_180_RAM_2P_LUTRAM_1R1W  |        0|   16|   17|    0|    40|   10|     1|          400|
    |srt_ord_205_U    |srt_ord_180_RAM_2P_LUTRAM_1R1W  |        0|   16|   17|    0|    40|   10|     1|          400|
    |srt_ord_206_U    |srt_ord_180_RAM_2P_LUTRAM_1R1W  |        0|   16|   17|    0|    40|   10|     1|          400|
    |srt_ord_207_U    |srt_ord_180_RAM_2P_LUTRAM_1R1W  |        0|   16|   17|    0|    40|   10|     1|          400|
    |srt_ord_208_U    |srt_ord_180_RAM_2P_LUTRAM_1R1W  |        0|   16|   17|    0|    40|   10|     1|          400|
    |srt_ord_209_U    |srt_ord_180_RAM_2P_LUTRAM_1R1W  |        0|   16|   17|    0|    40|   10|     1|          400|
    |srt_ord_210_U    |srt_ord_180_RAM_2P_LUTRAM_1R1W  |        0|   16|   17|    0|    40|   10|     1|          400|
    |srt_ord_211_U    |srt_ord_180_RAM_2P_LUTRAM_1R1W  |        0|   16|   17|    0|    40|   10|     1|          400|
    |srt_ord_212_U    |srt_ord_180_RAM_2P_LUTRAM_1R1W  |        0|   16|   17|    0|    40|   10|     1|          400|
    |srt_ord_213_U    |srt_ord_180_RAM_2P_LUTRAM_1R1W  |        0|   16|   17|    0|    40|   10|     1|          400|
    |srt_ord_214_U    |srt_ord_180_RAM_2P_LUTRAM_1R1W  |        0|   16|   17|    0|    40|   10|     1|          400|
    |srt_ord_215_U    |srt_ord_180_RAM_2P_LUTRAM_1R1W  |        0|   16|   17|    0|    40|   10|     1|          400|
    |srt_ord_216_U    |srt_ord_180_RAM_2P_LUTRAM_1R1W  |        0|   16|   17|    0|    40|   10|     1|          400|
    |srt_ord_217_U    |srt_ord_180_RAM_2P_LUTRAM_1R1W  |        0|   16|   17|    0|    40|   10|     1|          400|
    |srt_ord_218_U    |srt_ord_180_RAM_2P_LUTRAM_1R1W  |        0|   16|   17|    0|    40|   10|     1|          400|
    |srt_ord_219_U    |srt_ord_180_RAM_2P_LUTRAM_1R1W  |        0|   16|   17|    0|    40|   10|     1|          400|
    |srt_ord_220_U    |srt_ord_180_RAM_2P_LUTRAM_1R1W  |        0|   16|   17|    0|    40|   10|     1|          400|
    |srt_ord_221_U    |srt_ord_180_RAM_2P_LUTRAM_1R1W  |        0|   16|   17|    0|    40|   10|     1|          400|
    |srt_ord_222_U    |srt_ord_180_RAM_2P_LUTRAM_1R1W  |        0|   16|   17|    0|    40|   10|     1|          400|
    |srt_ord_223_U    |srt_ord_180_RAM_2P_LUTRAM_1R1W  |        0|   16|   17|    0|    40|   10|     1|          400|
    |srt_ord_224_U    |srt_ord_180_RAM_2P_LUTRAM_1R1W  |        0|   16|   17|    0|    40|   10|     1|          400|
    |co_val_U         |srt_ord_180_RAM_2P_LUTRAM_1R1W  |        0|   16|   17|    0|    40|   10|     1|          400|
    |co_val_1_U       |srt_ord_180_RAM_2P_LUTRAM_1R1W  |        0|   16|   17|    0|    40|   10|     1|          400|
    |co_val_2_U       |srt_ord_180_RAM_2P_LUTRAM_1R1W  |        0|   16|   17|    0|    40|   10|     1|          400|
    |co_val_3_U       |srt_ord_180_RAM_2P_LUTRAM_1R1W  |        0|   16|   17|    0|    40|   10|     1|          400|
    |co_val_4_U       |srt_ord_180_RAM_2P_LUTRAM_1R1W  |        0|   16|   17|    0|    40|   10|     1|          400|
    |co_val_5_U       |srt_ord_180_RAM_2P_LUTRAM_1R1W  |        0|   16|   17|    0|    40|   10|     1|          400|
    |co_val_6_U       |srt_ord_180_RAM_2P_LUTRAM_1R1W  |        0|   16|   17|    0|    40|   10|     1|          400|
    |co_val_7_U       |srt_ord_180_RAM_2P_LUTRAM_1R1W  |        0|   16|   17|    0|    40|   10|     1|          400|
    |co_val_8_U       |srt_ord_180_RAM_2P_LUTRAM_1R1W  |        0|   16|   17|    0|    40|   10|     1|          400|
    |co_val_9_U       |srt_ord_180_RAM_2P_LUTRAM_1R1W  |        0|   16|   17|    0|    40|   10|     1|          400|
    |co_val_10_U      |srt_ord_180_RAM_2P_LUTRAM_1R1W  |        0|   16|   17|    0|    40|   10|     1|          400|
    |co_val_11_U      |srt_ord_180_RAM_2P_LUTRAM_1R1W  |        0|   16|   17|    0|    40|   10|     1|          400|
    |co_val_12_U      |srt_ord_180_RAM_2P_LUTRAM_1R1W  |        0|   16|   17|    0|    40|   10|     1|          400|
    |co_val_13_U      |srt_ord_180_RAM_2P_LUTRAM_1R1W  |        0|   16|   17|    0|    40|   10|     1|          400|
    |co_val_14_U      |srt_ord_180_RAM_2P_LUTRAM_1R1W  |        0|   16|   17|    0|    40|   10|     1|          400|
    |co_val_15_U      |srt_ord_180_RAM_2P_LUTRAM_1R1W  |        0|   16|   17|    0|    40|   10|     1|          400|
    |co_val_16_U      |srt_ord_180_RAM_2P_LUTRAM_1R1W  |        0|   16|   17|    0|    40|   10|     1|          400|
    |co_val_17_U      |srt_ord_180_RAM_2P_LUTRAM_1R1W  |        0|   16|   17|    0|    40|   10|     1|          400|
    |co_val_18_U      |srt_ord_180_RAM_2P_LUTRAM_1R1W  |        0|   16|   17|    0|    40|   10|     1|          400|
    |co_val_19_U      |srt_ord_180_RAM_2P_LUTRAM_1R1W  |        0|   16|   17|    0|    40|   10|     1|          400|
    |co_val_20_U      |srt_ord_180_RAM_2P_LUTRAM_1R1W  |        0|   16|   17|    0|    40|   10|     1|          400|
    |co_val_21_U      |srt_ord_180_RAM_2P_LUTRAM_1R1W  |        0|   16|   17|    0|    40|   10|     1|          400|
    |co_val_22_U      |srt_ord_180_RAM_2P_LUTRAM_1R1W  |        0|   16|   17|    0|    40|   10|     1|          400|
    |co_val_23_U      |srt_ord_180_RAM_2P_LUTRAM_1R1W  |        0|   16|   17|    0|    40|   10|     1|          400|
    |co_val_24_U      |srt_ord_180_RAM_2P_LUTRAM_1R1W  |        0|   16|   17|    0|    40|   10|     1|          400|
    |co_val_25_U      |srt_ord_180_RAM_2P_LUTRAM_1R1W  |        0|   16|   17|    0|    40|   10|     1|          400|
    |co_val_26_U      |srt_ord_180_RAM_2P_LUTRAM_1R1W  |        0|   16|   17|    0|    40|   10|     1|          400|
    |co_val_27_U      |srt_ord_180_RAM_2P_LUTRAM_1R1W  |        0|   16|   17|    0|    40|   10|     1|          400|
    |co_val_28_U      |srt_ord_180_RAM_2P_LUTRAM_1R1W  |        0|   16|   17|    0|    40|   10|     1|          400|
    |co_val_29_U      |srt_ord_180_RAM_2P_LUTRAM_1R1W  |        0|   16|   17|    0|    40|   10|     1|          400|
    |co_val_30_U      |srt_ord_180_RAM_2P_LUTRAM_1R1W  |        0|   16|   17|    0|    40|   10|     1|          400|
    |co_val_31_U      |srt_ord_180_RAM_2P_LUTRAM_1R1W  |        0|   16|   17|    0|    40|   10|     1|          400|
    |co_val_32_U      |srt_ord_180_RAM_2P_LUTRAM_1R1W  |        0|   16|   17|    0|    40|   10|     1|          400|
    |co_val_33_U      |srt_ord_180_RAM_2P_LUTRAM_1R1W  |        0|   16|   17|    0|    40|   10|     1|          400|
    |co_val_34_U      |srt_ord_180_RAM_2P_LUTRAM_1R1W  |        0|   16|   17|    0|    40|   10|     1|          400|
    |co_val_35_U      |srt_ord_180_RAM_2P_LUTRAM_1R1W  |        0|   16|   17|    0|    40|   10|     1|          400|
    |co_val_36_U      |srt_ord_180_RAM_2P_LUTRAM_1R1W  |        0|   16|   17|    0|    40|   10|     1|          400|
    |co_val_37_U      |srt_ord_180_RAM_2P_LUTRAM_1R1W  |        0|   16|   17|    0|    40|   10|     1|          400|
    |co_val_38_U      |srt_ord_180_RAM_2P_LUTRAM_1R1W  |        0|   16|   17|    0|    40|   10|     1|          400|
    |co_val_39_U      |srt_ord_180_RAM_2P_LUTRAM_1R1W  |        0|   16|   17|    0|    40|   10|     1|          400|
    |co_val_40_U      |srt_ord_180_RAM_2P_LUTRAM_1R1W  |        0|   16|   17|    0|    40|   10|     1|          400|
    |co_val_41_U      |srt_ord_180_RAM_2P_LUTRAM_1R1W  |        0|   16|   17|    0|    40|   10|     1|          400|
    |co_val_42_U      |srt_ord_180_RAM_2P_LUTRAM_1R1W  |        0|   16|   17|    0|    40|   10|     1|          400|
    |co_val_43_U      |srt_ord_180_RAM_2P_LUTRAM_1R1W  |        0|   16|   17|    0|    40|   10|     1|          400|
    |co_val_44_U      |srt_ord_180_RAM_2P_LUTRAM_1R1W  |        0|   16|   17|    0|    40|   10|     1|          400|
    |co_val_45_U      |srt_ord_180_RAM_2P_LUTRAM_1R1W  |        0|   16|   17|    0|    40|   10|     1|          400|
    |co_val_46_U      |srt_ord_180_RAM_2P_LUTRAM_1R1W  |        0|   16|   17|    0|    40|   10|     1|          400|
    |co_val_47_U      |srt_ord_180_RAM_2P_LUTRAM_1R1W  |        0|   16|   17|    0|    40|   10|     1|          400|
    |co_val_48_U      |srt_ord_180_RAM_2P_LUTRAM_1R1W  |        0|   16|   17|    0|    40|   10|     1|          400|
    |co_val_49_U      |srt_ord_180_RAM_2P_LUTRAM_1R1W  |        0|   16|   17|    0|    40|   10|     1|          400|
    |co_val_50_U      |srt_ord_180_RAM_2P_LUTRAM_1R1W  |        0|   16|   17|    0|    40|   10|     1|          400|
    |co_val_51_U      |srt_ord_180_RAM_2P_LUTRAM_1R1W  |        0|   16|   17|    0|    40|   10|     1|          400|
    |co_val_52_U      |srt_ord_180_RAM_2P_LUTRAM_1R1W  |        0|   16|   17|    0|    40|   10|     1|          400|
    |co_val_53_U      |srt_ord_180_RAM_2P_LUTRAM_1R1W  |        0|   16|   17|    0|    40|   10|     1|          400|
    |co_val_54_U      |srt_ord_180_RAM_2P_LUTRAM_1R1W  |        0|   16|   17|    0|    40|   10|     1|          400|
    |co_val_55_U      |srt_ord_180_RAM_2P_LUTRAM_1R1W  |        0|   16|   17|    0|    40|   10|     1|          400|
    |co_val_56_U      |srt_ord_180_RAM_2P_LUTRAM_1R1W  |        0|   16|   17|    0|    40|   10|     1|          400|
    |co_val_57_U      |srt_ord_180_RAM_2P_LUTRAM_1R1W  |        0|   16|   17|    0|    40|   10|     1|          400|
    |co_val_58_U      |srt_ord_180_RAM_2P_LUTRAM_1R1W  |        0|   16|   17|    0|    40|   10|     1|          400|
    |co_val_59_U      |srt_ord_180_RAM_2P_LUTRAM_1R1W  |        0|   16|   17|    0|    40|   10|     1|          400|
    |co_val_60_U      |srt_ord_180_RAM_2P_LUTRAM_1R1W  |        0|   16|   17|    0|    40|   10|     1|          400|
    |co_val_61_U      |srt_ord_180_RAM_2P_LUTRAM_1R1W  |        0|   16|   17|    0|    40|   10|     1|          400|
    |co_val_62_U      |srt_ord_180_RAM_2P_LUTRAM_1R1W  |        0|   16|   17|    0|    40|   10|     1|          400|
    |co_val_63_U      |srt_ord_180_RAM_2P_LUTRAM_1R1W  |        0|   16|   17|    0|    40|   10|     1|          400|
    |co_val_64_U      |srt_ord_180_RAM_2P_LUTRAM_1R1W  |        0|   16|   17|    0|    40|   10|     1|          400|
    |co_val_65_U      |srt_ord_180_RAM_2P_LUTRAM_1R1W  |        0|   16|   17|    0|    40|   10|     1|          400|
    |co_val_66_U      |srt_ord_180_RAM_2P_LUTRAM_1R1W  |        0|   16|   17|    0|    40|   10|     1|          400|
    |co_val_67_U      |srt_ord_180_RAM_2P_LUTRAM_1R1W  |        0|   16|   17|    0|    40|   10|     1|          400|
    |co_val_68_U      |srt_ord_180_RAM_2P_LUTRAM_1R1W  |        0|   16|   17|    0|    40|   10|     1|          400|
    |co_val_69_U      |srt_ord_180_RAM_2P_LUTRAM_1R1W  |        0|   16|   17|    0|    40|   10|     1|          400|
    |co_val_70_U      |srt_ord_180_RAM_2P_LUTRAM_1R1W  |        0|   16|   17|    0|    40|   10|     1|          400|
    |co_val_71_U      |srt_ord_180_RAM_2P_LUTRAM_1R1W  |        0|   16|   17|    0|    40|   10|     1|          400|
    |co_val_72_U      |srt_ord_180_RAM_2P_LUTRAM_1R1W  |        0|   16|   17|    0|    40|   10|     1|          400|
    |co_val_73_U      |srt_ord_180_RAM_2P_LUTRAM_1R1W  |        0|   16|   17|    0|    40|   10|     1|          400|
    |co_val_74_U      |srt_ord_180_RAM_2P_LUTRAM_1R1W  |        0|   16|   17|    0|    40|   10|     1|          400|
    |co_val_75_U      |srt_ord_180_RAM_2P_LUTRAM_1R1W  |        0|   16|   17|    0|    40|   10|     1|          400|
    |co_val_76_U      |srt_ord_180_RAM_2P_LUTRAM_1R1W  |        0|   16|   17|    0|    40|   10|     1|          400|
    |co_val_77_U      |srt_ord_180_RAM_2P_LUTRAM_1R1W  |        0|   16|   17|    0|    40|   10|     1|          400|
    |co_val_78_U      |srt_ord_180_RAM_2P_LUTRAM_1R1W  |        0|   16|   17|    0|    40|   10|     1|          400|
    |co_val_79_U      |srt_ord_180_RAM_2P_LUTRAM_1R1W  |        0|   16|   17|    0|    40|   10|     1|          400|
    |co_val_80_U      |srt_ord_180_RAM_2P_LUTRAM_1R1W  |        0|   16|   17|    0|    40|   10|     1|          400|
    |co_val_81_U      |srt_ord_180_RAM_2P_LUTRAM_1R1W  |        0|   16|   17|    0|    40|   10|     1|          400|
    |co_val_82_U      |srt_ord_180_RAM_2P_LUTRAM_1R1W  |        0|   16|   17|    0|    40|   10|     1|          400|
    |co_val_83_U      |srt_ord_180_RAM_2P_LUTRAM_1R1W  |        0|   16|   17|    0|    40|   10|     1|          400|
    |co_val_84_U      |srt_ord_180_RAM_2P_LUTRAM_1R1W  |        0|   16|   17|    0|    40|   10|     1|          400|
    |co_val_85_U      |srt_ord_180_RAM_2P_LUTRAM_1R1W  |        0|   16|   17|    0|    40|   10|     1|          400|
    |co_val_86_U      |srt_ord_180_RAM_2P_LUTRAM_1R1W  |        0|   16|   17|    0|    40|   10|     1|          400|
    |co_val_87_U      |srt_ord_180_RAM_2P_LUTRAM_1R1W  |        0|   16|   17|    0|    40|   10|     1|          400|
    |co_val_88_U      |srt_ord_180_RAM_2P_LUTRAM_1R1W  |        0|   16|   17|    0|    40|   10|     1|          400|
    |co_val_89_U      |srt_ord_180_RAM_2P_LUTRAM_1R1W  |        0|   16|   17|    0|    40|   10|     1|          400|
    |co_val_90_U      |srt_ord_180_RAM_2P_LUTRAM_1R1W  |        0|   16|   17|    0|    40|   10|     1|          400|
    |co_val_91_U      |srt_ord_180_RAM_2P_LUTRAM_1R1W  |        0|   16|   17|    0|    40|   10|     1|          400|
    |co_val_92_U      |srt_ord_180_RAM_2P_LUTRAM_1R1W  |        0|   16|   17|    0|    40|   10|     1|          400|
    |co_val_93_U      |srt_ord_180_RAM_2P_LUTRAM_1R1W  |        0|   16|   17|    0|    40|   10|     1|          400|
    |co_val_94_U      |srt_ord_180_RAM_2P_LUTRAM_1R1W  |        0|   16|   17|    0|    40|   10|     1|          400|
    |co_val_95_U      |srt_ord_180_RAM_2P_LUTRAM_1R1W  |        0|   16|   17|    0|    40|   10|     1|          400|
    |co_val_96_U      |srt_ord_180_RAM_2P_LUTRAM_1R1W  |        0|   16|   17|    0|    40|   10|     1|          400|
    |co_val_97_U      |srt_ord_180_RAM_2P_LUTRAM_1R1W  |        0|   16|   17|    0|    40|   10|     1|          400|
    |co_val_98_U      |srt_ord_180_RAM_2P_LUTRAM_1R1W  |        0|   16|   17|    0|    40|   10|     1|          400|
    |co_val_99_U      |srt_ord_180_RAM_2P_LUTRAM_1R1W  |        0|   16|   17|    0|    40|   10|     1|          400|
    |co_val_100_U     |srt_ord_180_RAM_2P_LUTRAM_1R1W  |        0|   16|   17|    0|    40|   10|     1|          400|
    |co_val_101_U     |srt_ord_180_RAM_2P_LUTRAM_1R1W  |        0|   16|   17|    0|    40|   10|     1|          400|
    |co_val_102_U     |srt_ord_180_RAM_2P_LUTRAM_1R1W  |        0|   16|   17|    0|    40|   10|     1|          400|
    |co_val_103_U     |srt_ord_180_RAM_2P_LUTRAM_1R1W  |        0|   16|   17|    0|    40|   10|     1|          400|
    |co_val_104_U     |srt_ord_180_RAM_2P_LUTRAM_1R1W  |        0|   16|   17|    0|    40|   10|     1|          400|
    |co_val_105_U     |srt_ord_180_RAM_2P_LUTRAM_1R1W  |        0|   16|   17|    0|    40|   10|     1|          400|
    |co_val_106_U     |srt_ord_180_RAM_2P_LUTRAM_1R1W  |        0|   16|   17|    0|    40|   10|     1|          400|
    |co_val_107_U     |srt_ord_180_RAM_2P_LUTRAM_1R1W  |        0|   16|   17|    0|    40|   10|     1|          400|
    |co_val_108_U     |srt_ord_180_RAM_2P_LUTRAM_1R1W  |        0|   16|   17|    0|    40|   10|     1|          400|
    |co_val_109_U     |srt_ord_180_RAM_2P_LUTRAM_1R1W  |        0|   16|   17|    0|    40|   10|     1|          400|
    |co_val_110_U     |srt_ord_180_RAM_2P_LUTRAM_1R1W  |        0|   16|   17|    0|    40|   10|     1|          400|
    |co_val_111_U     |srt_ord_180_RAM_2P_LUTRAM_1R1W  |        0|   16|   17|    0|    40|   10|     1|          400|
    |co_val_112_U     |srt_ord_180_RAM_2P_LUTRAM_1R1W  |        0|   16|   17|    0|    40|   10|     1|          400|
    |co_val_113_U     |srt_ord_180_RAM_2P_LUTRAM_1R1W  |        0|   16|   17|    0|    40|   10|     1|          400|
    |co_val_114_U     |srt_ord_180_RAM_2P_LUTRAM_1R1W  |        0|   16|   17|    0|    40|   10|     1|          400|
    |co_val_115_U     |srt_ord_180_RAM_2P_LUTRAM_1R1W  |        0|   16|   17|    0|    40|   10|     1|          400|
    |co_val_116_U     |srt_ord_180_RAM_2P_LUTRAM_1R1W  |        0|   16|   17|    0|    40|   10|     1|          400|
    |co_val_117_U     |srt_ord_180_RAM_2P_LUTRAM_1R1W  |        0|   16|   17|    0|    40|   10|     1|          400|
    |co_val_118_U     |srt_ord_180_RAM_2P_LUTRAM_1R1W  |        0|   16|   17|    0|    40|   10|     1|          400|
    |co_val_119_U     |srt_ord_180_RAM_2P_LUTRAM_1R1W  |        0|   16|   17|    0|    40|   10|     1|          400|
    |co_val_120_U     |srt_ord_180_RAM_2P_LUTRAM_1R1W  |        0|   16|   17|    0|    40|   10|     1|          400|
    |co_val_121_U     |srt_ord_180_RAM_2P_LUTRAM_1R1W  |        0|   16|   17|    0|    40|   10|     1|          400|
    |co_val_122_U     |srt_ord_180_RAM_2P_LUTRAM_1R1W  |        0|   16|   17|    0|    40|   10|     1|          400|
    |co_val_123_U     |srt_ord_180_RAM_2P_LUTRAM_1R1W  |        0|   16|   17|    0|    40|   10|     1|          400|
    |co_val_124_U     |srt_ord_180_RAM_2P_LUTRAM_1R1W  |        0|   16|   17|    0|    40|   10|     1|          400|
    |co_val_125_U     |srt_ord_180_RAM_2P_LUTRAM_1R1W  |        0|   16|   17|    0|    40|   10|     1|          400|
    |co_val_126_U     |srt_ord_180_RAM_2P_LUTRAM_1R1W  |        0|   16|   17|    0|    40|   10|     1|          400|
    |co_val_127_U     |srt_ord_180_RAM_2P_LUTRAM_1R1W  |        0|   16|   17|    0|    40|   10|     1|          400|
    |co_val_128_U     |srt_ord_180_RAM_2P_LUTRAM_1R1W  |        0|   16|   17|    0|    40|   10|     1|          400|
    |co_val_129_U     |srt_ord_180_RAM_2P_LUTRAM_1R1W  |        0|   16|   17|    0|    40|   10|     1|          400|
    |co_val_130_U     |srt_ord_180_RAM_2P_LUTRAM_1R1W  |        0|   16|   17|    0|    40|   10|     1|          400|
    |co_val_131_U     |srt_ord_180_RAM_2P_LUTRAM_1R1W  |        0|   16|   17|    0|    40|   10|     1|          400|
    |co_val_132_U     |srt_ord_180_RAM_2P_LUTRAM_1R1W  |        0|   16|   17|    0|    40|   10|     1|          400|
    |co_val_133_U     |srt_ord_180_RAM_2P_LUTRAM_1R1W  |        0|   16|   17|    0|    40|   10|     1|          400|
    |co_val_134_U     |srt_ord_180_RAM_2P_LUTRAM_1R1W  |        0|   16|   17|    0|    40|   10|     1|          400|
    |co_val_135_U     |srt_ord_180_RAM_2P_LUTRAM_1R1W  |        0|   16|   17|    0|    40|   10|     1|          400|
    |co_val_136_U     |srt_ord_180_RAM_2P_LUTRAM_1R1W  |        0|   16|   17|    0|    40|   10|     1|          400|
    |co_val_137_U     |srt_ord_180_RAM_2P_LUTRAM_1R1W  |        0|   16|   17|    0|    40|   10|     1|          400|
    |co_val_138_U     |srt_ord_180_RAM_2P_LUTRAM_1R1W  |        0|   16|   17|    0|    40|   10|     1|          400|
    |co_val_139_U     |srt_ord_180_RAM_2P_LUTRAM_1R1W  |        0|   16|   17|    0|    40|   10|     1|          400|
    |co_val_140_U     |srt_ord_180_RAM_2P_LUTRAM_1R1W  |        0|   16|   17|    0|    40|   10|     1|          400|
    |co_val_141_U     |srt_ord_180_RAM_2P_LUTRAM_1R1W  |        0|   16|   17|    0|    40|   10|     1|          400|
    |co_val_142_U     |srt_ord_180_RAM_2P_LUTRAM_1R1W  |        0|   16|   17|    0|    40|   10|     1|          400|
    |co_val_143_U     |srt_ord_180_RAM_2P_LUTRAM_1R1W  |        0|   16|   17|    0|    40|   10|     1|          400|
    |co_val_144_U     |srt_ord_180_RAM_2P_LUTRAM_1R1W  |        0|   16|   17|    0|    40|   10|     1|          400|
    |co_val_145_U     |srt_ord_180_RAM_2P_LUTRAM_1R1W  |        0|   16|   17|    0|    40|   10|     1|          400|
    |co_val_146_U     |srt_ord_180_RAM_2P_LUTRAM_1R1W  |        0|   16|   17|    0|    40|   10|     1|          400|
    |co_val_147_U     |srt_ord_180_RAM_2P_LUTRAM_1R1W  |        0|   16|   17|    0|    40|   10|     1|          400|
    |co_val_148_U     |srt_ord_180_RAM_2P_LUTRAM_1R1W  |        0|   16|   17|    0|    40|   10|     1|          400|
    |co_val_149_U     |srt_ord_180_RAM_2P_LUTRAM_1R1W  |        0|   16|   17|    0|    40|   10|     1|          400|
    |co_val_150_U     |srt_ord_180_RAM_2P_LUTRAM_1R1W  |        0|   16|   17|    0|    40|   10|     1|          400|
    |co_val_151_U     |srt_ord_180_RAM_2P_LUTRAM_1R1W  |        0|   16|   17|    0|    40|   10|     1|          400|
    |co_val_152_U     |srt_ord_180_RAM_2P_LUTRAM_1R1W  |        0|   16|   17|    0|    40|   10|     1|          400|
    |co_val_153_U     |srt_ord_180_RAM_2P_LUTRAM_1R1W  |        0|   16|   17|    0|    40|   10|     1|          400|
    |co_val_154_U     |srt_ord_180_RAM_2P_LUTRAM_1R1W  |        0|   16|   17|    0|    40|   10|     1|          400|
    |co_val_155_U     |srt_ord_180_RAM_2P_LUTRAM_1R1W  |        0|   16|   17|    0|    40|   10|     1|          400|
    |co_val_156_U     |srt_ord_180_RAM_2P_LUTRAM_1R1W  |        0|   16|   17|    0|    40|   10|     1|          400|
    |co_val_157_U     |srt_ord_180_RAM_2P_LUTRAM_1R1W  |        0|   16|   17|    0|    40|   10|     1|          400|
    |co_val_158_U     |srt_ord_180_RAM_2P_LUTRAM_1R1W  |        0|   16|   17|    0|    40|   10|     1|          400|
    |co_val_159_U     |srt_ord_180_RAM_2P_LUTRAM_1R1W  |        0|   16|   17|    0|    40|   10|     1|          400|
    |co_val_160_U     |srt_ord_180_RAM_2P_LUTRAM_1R1W  |        0|   16|   17|    0|    40|   10|     1|          400|
    |co_val_161_U     |srt_ord_180_RAM_2P_LUTRAM_1R1W  |        0|   16|   17|    0|    40|   10|     1|          400|
    |co_val_162_U     |srt_ord_180_RAM_2P_LUTRAM_1R1W  |        0|   16|   17|    0|    40|   10|     1|          400|
    |co_val_163_U     |srt_ord_180_RAM_2P_LUTRAM_1R1W  |        0|   16|   17|    0|    40|   10|     1|          400|
    |co_val_164_U     |srt_ord_180_RAM_2P_LUTRAM_1R1W  |        0|   16|   17|    0|    40|   10|     1|          400|
    |co_val_165_U     |srt_ord_180_RAM_2P_LUTRAM_1R1W  |        0|   16|   17|    0|    40|   10|     1|          400|
    |co_val_166_U     |srt_ord_180_RAM_2P_LUTRAM_1R1W  |        0|   16|   17|    0|    40|   10|     1|          400|
    |co_val_167_U     |srt_ord_180_RAM_2P_LUTRAM_1R1W  |        0|   16|   17|    0|    40|   10|     1|          400|
    |co_val_168_U     |srt_ord_180_RAM_2P_LUTRAM_1R1W  |        0|   16|   17|    0|    40|   10|     1|          400|
    |co_val_169_U     |srt_ord_180_RAM_2P_LUTRAM_1R1W  |        0|   16|   17|    0|    40|   10|     1|          400|
    |co_val_170_U     |srt_ord_180_RAM_2P_LUTRAM_1R1W  |        0|   16|   17|    0|    40|   10|     1|          400|
    |co_val_171_U     |srt_ord_180_RAM_2P_LUTRAM_1R1W  |        0|   16|   17|    0|    40|   10|     1|          400|
    |co_val_172_U     |srt_ord_180_RAM_2P_LUTRAM_1R1W  |        0|   16|   17|    0|    40|   10|     1|          400|
    |co_val_173_U     |srt_ord_180_RAM_2P_LUTRAM_1R1W  |        0|   16|   17|    0|    40|   10|     1|          400|
    |co_val_174_U     |srt_ord_180_RAM_2P_LUTRAM_1R1W  |        0|   16|   17|    0|    40|   10|     1|          400|
    |co_val_175_U     |srt_ord_180_RAM_2P_LUTRAM_1R1W  |        0|   16|   17|    0|    40|   10|     1|          400|
    |co_val_176_U     |srt_ord_180_RAM_2P_LUTRAM_1R1W  |        0|   16|   17|    0|    40|   10|     1|          400|
    |co_val_177_U     |srt_ord_180_RAM_2P_LUTRAM_1R1W  |        0|   16|   17|    0|    40|   10|     1|          400|
    |co_val_178_U     |srt_ord_180_RAM_2P_LUTRAM_1R1W  |        0|   16|   17|    0|    40|   10|     1|          400|
    |co_val_179_U     |srt_ord_180_RAM_2P_LUTRAM_1R1W  |        0|   16|   17|    0|    40|   10|     1|          400|
    |co_val_180_U     |srt_ord_180_RAM_2P_LUTRAM_1R1W  |        0|   16|   17|    0|    40|   10|     1|          400|
    |co_val_181_U     |srt_ord_180_RAM_2P_LUTRAM_1R1W  |        0|   16|   17|    0|    40|   10|     1|          400|
    |co_val_182_U     |srt_ord_180_RAM_2P_LUTRAM_1R1W  |        0|   16|   17|    0|    40|   10|     1|          400|
    |co_val_183_U     |srt_ord_180_RAM_2P_LUTRAM_1R1W  |        0|   16|   17|    0|    40|   10|     1|          400|
    |co_val_184_U     |srt_ord_180_RAM_2P_LUTRAM_1R1W  |        0|   16|   17|    0|    40|   10|     1|          400|
    |co_val_185_U     |srt_ord_180_RAM_2P_LUTRAM_1R1W  |        0|   16|   17|    0|    40|   10|     1|          400|
    |co_val_186_U     |srt_ord_180_RAM_2P_LUTRAM_1R1W  |        0|   16|   17|    0|    40|   10|     1|          400|
    |co_val_187_U     |srt_ord_180_RAM_2P_LUTRAM_1R1W  |        0|   16|   17|    0|    40|   10|     1|          400|
    |co_val_188_U     |srt_ord_180_RAM_2P_LUTRAM_1R1W  |        0|   16|   17|    0|    40|   10|     1|          400|
    |co_val_189_U     |srt_ord_180_RAM_2P_LUTRAM_1R1W  |        0|   16|   17|    0|    40|   10|     1|          400|
    |co_val_190_U     |srt_ord_180_RAM_2P_LUTRAM_1R1W  |        0|   16|   17|    0|    40|   10|     1|          400|
    |co_val_191_U     |srt_ord_180_RAM_2P_LUTRAM_1R1W  |        0|   16|   17|    0|    40|   10|     1|          400|
    |co_val_192_U     |srt_ord_180_RAM_2P_LUTRAM_1R1W  |        0|   16|   17|    0|    40|   10|     1|          400|
    |co_val_193_U     |srt_ord_180_RAM_2P_LUTRAM_1R1W  |        0|   16|   17|    0|    40|   10|     1|          400|
    |co_val_194_U     |srt_ord_180_RAM_2P_LUTRAM_1R1W  |        0|   16|   17|    0|    40|   10|     1|          400|
    |co_val_195_U     |srt_ord_180_RAM_2P_LUTRAM_1R1W  |        0|   16|   17|    0|    40|   10|     1|          400|
    |co_val_196_U     |srt_ord_180_RAM_2P_LUTRAM_1R1W  |        0|   16|   17|    0|    40|   10|     1|          400|
    |co_val_197_U     |srt_ord_180_RAM_2P_LUTRAM_1R1W  |        0|   16|   17|    0|    40|   10|     1|          400|
    |co_val_198_U     |srt_ord_180_RAM_2P_LUTRAM_1R1W  |        0|   16|   17|    0|    40|   10|     1|          400|
    |co_val_199_U     |srt_ord_180_RAM_2P_LUTRAM_1R1W  |        0|   16|   17|    0|    40|   10|     1|          400|
    |co_val_200_U     |srt_ord_180_RAM_2P_LUTRAM_1R1W  |        0|   16|   17|    0|    40|   10|     1|          400|
    |co_val_201_U     |srt_ord_180_RAM_2P_LUTRAM_1R1W  |        0|   16|   17|    0|    40|   10|     1|          400|
    |co_val_202_U     |srt_ord_180_RAM_2P_LUTRAM_1R1W  |        0|   16|   17|    0|    40|   10|     1|          400|
    |co_val_203_U     |srt_ord_180_RAM_2P_LUTRAM_1R1W  |        0|   16|   17|    0|    40|   10|     1|          400|
    |co_val_204_U     |srt_ord_180_RAM_2P_LUTRAM_1R1W  |        0|   16|   17|    0|    40|   10|     1|          400|
    |co_val_205_U     |srt_ord_180_RAM_2P_LUTRAM_1R1W  |        0|   16|   17|    0|    40|   10|     1|          400|
    |co_val_206_U     |srt_ord_180_RAM_2P_LUTRAM_1R1W  |        0|   16|   17|    0|    40|   10|     1|          400|
    |co_val_207_U     |srt_ord_180_RAM_2P_LUTRAM_1R1W  |        0|   16|   17|    0|    40|   10|     1|          400|
    |co_val_208_U     |srt_ord_180_RAM_2P_LUTRAM_1R1W  |        0|   16|   17|    0|    40|   10|     1|          400|
    |co_val_209_U     |srt_ord_180_RAM_2P_LUTRAM_1R1W  |        0|   16|   17|    0|    40|   10|     1|          400|
    |co_val_210_U     |srt_ord_180_RAM_2P_LUTRAM_1R1W  |        0|   16|   17|    0|    40|   10|     1|          400|
    |co_val_211_U     |srt_ord_180_RAM_2P_LUTRAM_1R1W  |        0|   16|   17|    0|    40|   10|     1|          400|
    |co_val_212_U     |srt_ord_180_RAM_2P_LUTRAM_1R1W  |        0|   16|   17|    0|    40|   10|     1|          400|
    |co_val_213_U     |srt_ord_180_RAM_2P_LUTRAM_1R1W  |        0|   16|   17|    0|    40|   10|     1|          400|
    |co_val_214_U     |srt_ord_180_RAM_2P_LUTRAM_1R1W  |        0|   16|   17|    0|    40|   10|     1|          400|
    |co_val_215_U     |srt_ord_180_RAM_2P_LUTRAM_1R1W  |        0|   16|   17|    0|    40|   10|     1|          400|
    |co_val_216_U     |srt_ord_180_RAM_2P_LUTRAM_1R1W  |        0|   16|   17|    0|    40|   10|     1|          400|
    |co_val_217_U     |srt_ord_180_RAM_2P_LUTRAM_1R1W  |        0|   16|   17|    0|    40|   10|     1|          400|
    |co_val_218_U     |srt_ord_180_RAM_2P_LUTRAM_1R1W  |        0|   16|   17|    0|    40|   10|     1|          400|
    |co_val_219_U     |srt_ord_180_RAM_2P_LUTRAM_1R1W  |        0|   16|   17|    0|    40|   10|     1|          400|
    |co_val_220_U     |srt_ord_180_RAM_2P_LUTRAM_1R1W  |        0|   16|   17|    0|    40|   10|     1|          400|
    |co_val_221_U     |srt_ord_180_RAM_2P_LUTRAM_1R1W  |        0|   16|   17|    0|    40|   10|     1|          400|
    |co_val_222_U     |srt_ord_180_RAM_2P_LUTRAM_1R1W  |        0|   16|   17|    0|    40|   10|     1|          400|
    |co_val_223_U     |srt_ord_180_RAM_2P_LUTRAM_1R1W  |        0|   16|   17|    0|    40|   10|     1|          400|
    |co_val_224_U     |srt_ord_180_RAM_2P_LUTRAM_1R1W  |        0|   16|   17|    0|    40|   10|     1|          400|
    |srt_ord_45_U     |srt_ord_45_RAM_2P_LUTRAM_1R1W   |        0|    8|    9|    0|    40|    8|     1|          320|
    |srt_ord_46_U     |srt_ord_45_RAM_2P_LUTRAM_1R1W   |        0|    8|    9|    0|    40|    8|     1|          320|
    |srt_ord_47_U     |srt_ord_45_RAM_2P_LUTRAM_1R1W   |        0|    8|    9|    0|    40|    8|     1|          320|
    |srt_ord_48_U     |srt_ord_45_RAM_2P_LUTRAM_1R1W   |        0|    8|    9|    0|    40|    8|     1|          320|
    |srt_ord_49_U     |srt_ord_45_RAM_2P_LUTRAM_1R1W   |        0|    8|    9|    0|    40|    8|     1|          320|
    |srt_ord_50_U     |srt_ord_45_RAM_2P_LUTRAM_1R1W   |        0|    8|    9|    0|    40|    8|     1|          320|
    |srt_ord_51_U     |srt_ord_45_RAM_2P_LUTRAM_1R1W   |        0|    8|    9|    0|    40|    8|     1|          320|
    |srt_ord_52_U     |srt_ord_45_RAM_2P_LUTRAM_1R1W   |        0|    8|    9|    0|    40|    8|     1|          320|
    |srt_ord_53_U     |srt_ord_45_RAM_2P_LUTRAM_1R1W   |        0|    8|    9|    0|    40|    8|     1|          320|
    |srt_ord_54_U     |srt_ord_45_RAM_2P_LUTRAM_1R1W   |        0|    8|    9|    0|    40|    8|     1|          320|
    |srt_ord_55_U     |srt_ord_45_RAM_2P_LUTRAM_1R1W   |        0|    8|    9|    0|    40|    8|     1|          320|
    |srt_ord_56_U     |srt_ord_45_RAM_2P_LUTRAM_1R1W   |        0|    8|    9|    0|    40|    8|     1|          320|
    |srt_ord_57_U     |srt_ord_45_RAM_2P_LUTRAM_1R1W   |        0|    8|    9|    0|    40|    8|     1|          320|
    |srt_ord_58_U     |srt_ord_45_RAM_2P_LUTRAM_1R1W   |        0|    8|    9|    0|    40|    8|     1|          320|
    |srt_ord_59_U     |srt_ord_45_RAM_2P_LUTRAM_1R1W   |        0|    8|    9|    0|    40|    8|     1|          320|
    |srt_ord_60_U     |srt_ord_45_RAM_2P_LUTRAM_1R1W   |        0|    8|    9|    0|    40|    8|     1|          320|
    |srt_ord_61_U     |srt_ord_45_RAM_2P_LUTRAM_1R1W   |        0|    8|    9|    0|    40|    8|     1|          320|
    |srt_ord_62_U     |srt_ord_45_RAM_2P_LUTRAM_1R1W   |        0|    8|    9|    0|    40|    8|     1|          320|
    |srt_ord_63_U     |srt_ord_45_RAM_2P_LUTRAM_1R1W   |        0|    8|    9|    0|    40|    8|     1|          320|
    |srt_ord_64_U     |srt_ord_45_RAM_2P_LUTRAM_1R1W   |        0|    8|    9|    0|    40|    8|     1|          320|
    |srt_ord_65_U     |srt_ord_45_RAM_2P_LUTRAM_1R1W   |        0|    8|    9|    0|    40|    8|     1|          320|
    |srt_ord_66_U     |srt_ord_45_RAM_2P_LUTRAM_1R1W   |        0|    8|    9|    0|    40|    8|     1|          320|
    |srt_ord_67_U     |srt_ord_45_RAM_2P_LUTRAM_1R1W   |        0|    8|    9|    0|    40|    8|     1|          320|
    |srt_ord_68_U     |srt_ord_45_RAM_2P_LUTRAM_1R1W   |        0|    8|    9|    0|    40|    8|     1|          320|
    |srt_ord_69_U     |srt_ord_45_RAM_2P_LUTRAM_1R1W   |        0|    8|    9|    0|    40|    8|     1|          320|
    |srt_ord_70_U     |srt_ord_45_RAM_2P_LUTRAM_1R1W   |        0|    8|    9|    0|    40|    8|     1|          320|
    |srt_ord_71_U     |srt_ord_45_RAM_2P_LUTRAM_1R1W   |        0|    8|    9|    0|    40|    8|     1|          320|
    |srt_ord_72_U     |srt_ord_45_RAM_2P_LUTRAM_1R1W   |        0|    8|    9|    0|    40|    8|     1|          320|
    |srt_ord_73_U     |srt_ord_45_RAM_2P_LUTRAM_1R1W   |        0|    8|    9|    0|    40|    8|     1|          320|
    |srt_ord_74_U     |srt_ord_45_RAM_2P_LUTRAM_1R1W   |        0|    8|    9|    0|    40|    8|     1|          320|
    |srt_ord_150_U    |srt_ord_45_RAM_2P_LUTRAM_1R1W   |        0|    8|    9|    0|    40|    8|     1|          320|
    |srt_ord_151_U    |srt_ord_45_RAM_2P_LUTRAM_1R1W   |        0|    8|    9|    0|    40|    8|     1|          320|
    |srt_ord_152_U    |srt_ord_45_RAM_2P_LUTRAM_1R1W   |        0|    8|    9|    0|    40|    8|     1|          320|
    |srt_ord_153_U    |srt_ord_45_RAM_2P_LUTRAM_1R1W   |        0|    8|    9|    0|    40|    8|     1|          320|
    |srt_ord_154_U    |srt_ord_45_RAM_2P_LUTRAM_1R1W   |        0|    8|    9|    0|    40|    8|     1|          320|
    |srt_ord_155_U    |srt_ord_45_RAM_2P_LUTRAM_1R1W   |        0|    8|    9|    0|    40|    8|     1|          320|
    |srt_ord_156_U    |srt_ord_45_RAM_2P_LUTRAM_1R1W   |        0|    8|    9|    0|    40|    8|     1|          320|
    |srt_ord_157_U    |srt_ord_45_RAM_2P_LUTRAM_1R1W   |        0|    8|    9|    0|    40|    8|     1|          320|
    |srt_ord_158_U    |srt_ord_45_RAM_2P_LUTRAM_1R1W   |        0|    8|    9|    0|    40|    8|     1|          320|
    |srt_ord_159_U    |srt_ord_45_RAM_2P_LUTRAM_1R1W   |        0|    8|    9|    0|    40|    8|     1|          320|
    |srt_ord_160_U    |srt_ord_45_RAM_2P_LUTRAM_1R1W   |        0|    8|    9|    0|    40|    8|     1|          320|
    |srt_ord_161_U    |srt_ord_45_RAM_2P_LUTRAM_1R1W   |        0|    8|    9|    0|    40|    8|     1|          320|
    |srt_ord_162_U    |srt_ord_45_RAM_2P_LUTRAM_1R1W   |        0|    8|    9|    0|    40|    8|     1|          320|
    |srt_ord_163_U    |srt_ord_45_RAM_2P_LUTRAM_1R1W   |        0|    8|    9|    0|    40|    8|     1|          320|
    |srt_ord_164_U    |srt_ord_45_RAM_2P_LUTRAM_1R1W   |        0|    8|    9|    0|    40|    8|     1|          320|
    |srt_ord_165_U    |srt_ord_45_RAM_2P_LUTRAM_1R1W   |        0|    8|    9|    0|    40|    8|     1|          320|
    |srt_ord_166_U    |srt_ord_45_RAM_2P_LUTRAM_1R1W   |        0|    8|    9|    0|    40|    8|     1|          320|
    |srt_ord_167_U    |srt_ord_45_RAM_2P_LUTRAM_1R1W   |        0|    8|    9|    0|    40|    8|     1|          320|
    |srt_ord_168_U    |srt_ord_45_RAM_2P_LUTRAM_1R1W   |        0|    8|    9|    0|    40|    8|     1|          320|
    |srt_ord_169_U    |srt_ord_45_RAM_2P_LUTRAM_1R1W   |        0|    8|    9|    0|    40|    8|     1|          320|
    |srt_ord_170_U    |srt_ord_45_RAM_2P_LUTRAM_1R1W   |        0|    8|    9|    0|    40|    8|     1|          320|
    |srt_ord_171_U    |srt_ord_45_RAM_2P_LUTRAM_1R1W   |        0|    8|    9|    0|    40|    8|     1|          320|
    |srt_ord_172_U    |srt_ord_45_RAM_2P_LUTRAM_1R1W   |        0|    8|    9|    0|    40|    8|     1|          320|
    |srt_ord_173_U    |srt_ord_45_RAM_2P_LUTRAM_1R1W   |        0|    8|    9|    0|    40|    8|     1|          320|
    |srt_ord_174_U    |srt_ord_45_RAM_2P_LUTRAM_1R1W   |        0|    8|    9|    0|    40|    8|     1|          320|
    |srt_ord_175_U    |srt_ord_45_RAM_2P_LUTRAM_1R1W   |        0|    8|    9|    0|    40|    8|     1|          320|
    |srt_ord_176_U    |srt_ord_45_RAM_2P_LUTRAM_1R1W   |        0|    8|    9|    0|    40|    8|     1|          320|
    |srt_ord_177_U    |srt_ord_45_RAM_2P_LUTRAM_1R1W   |        0|    8|    9|    0|    40|    8|     1|          320|
    |srt_ord_178_U    |srt_ord_45_RAM_2P_LUTRAM_1R1W   |        0|    8|    9|    0|    40|    8|     1|          320|
    |srt_ord_179_U    |srt_ord_45_RAM_2P_LUTRAM_1R1W   |        0|    8|    9|    0|    40|    8|     1|          320|
    |srt_ord_90_U     |srt_ord_90_RAM_2P_LUTRAM_1R1W   |        0|   16|   17|    0|    40|    9|     1|          360|
    |srt_ord_91_U     |srt_ord_90_RAM_2P_LUTRAM_1R1W   |        0|   16|   17|    0|    40|    9|     1|          360|
    |srt_ord_92_U     |srt_ord_90_RAM_2P_LUTRAM_1R1W   |        0|   16|   17|    0|    40|    9|     1|          360|
    |srt_ord_93_U     |srt_ord_90_RAM_2P_LUTRAM_1R1W   |        0|   16|   17|    0|    40|    9|     1|          360|
    |srt_ord_94_U     |srt_ord_90_RAM_2P_LUTRAM_1R1W   |        0|   16|   17|    0|    40|    9|     1|          360|
    |srt_ord_95_U     |srt_ord_90_RAM_2P_LUTRAM_1R1W   |        0|   16|   17|    0|    40|    9|     1|          360|
    |srt_ord_96_U     |srt_ord_90_RAM_2P_LUTRAM_1R1W   |        0|   16|   17|    0|    40|    9|     1|          360|
    |srt_ord_97_U     |srt_ord_90_RAM_2P_LUTRAM_1R1W   |        0|   16|   17|    0|    40|    9|     1|          360|
    |srt_ord_98_U     |srt_ord_90_RAM_2P_LUTRAM_1R1W   |        0|   16|   17|    0|    40|    9|     1|          360|
    |srt_ord_99_U     |srt_ord_90_RAM_2P_LUTRAM_1R1W   |        0|   16|   17|    0|    40|    9|     1|          360|
    |srt_ord_100_U    |srt_ord_90_RAM_2P_LUTRAM_1R1W   |        0|   16|   17|    0|    40|    9|     1|          360|
    |srt_ord_101_U    |srt_ord_90_RAM_2P_LUTRAM_1R1W   |        0|   16|   17|    0|    40|    9|     1|          360|
    |srt_ord_102_U    |srt_ord_90_RAM_2P_LUTRAM_1R1W   |        0|   16|   17|    0|    40|    9|     1|          360|
    |srt_ord_103_U    |srt_ord_90_RAM_2P_LUTRAM_1R1W   |        0|   16|   17|    0|    40|    9|     1|          360|
    |srt_ord_104_U    |srt_ord_90_RAM_2P_LUTRAM_1R1W   |        0|   16|   17|    0|    40|    9|     1|          360|
    |srt_ord_105_U    |srt_ord_90_RAM_2P_LUTRAM_1R1W   |        0|   16|   17|    0|    40|    9|     1|          360|
    |srt_ord_106_U    |srt_ord_90_RAM_2P_LUTRAM_1R1W   |        0|   16|   17|    0|    40|    9|     1|          360|
    |srt_ord_107_U    |srt_ord_90_RAM_2P_LUTRAM_1R1W   |        0|   16|   17|    0|    40|    9|     1|          360|
    |srt_ord_108_U    |srt_ord_90_RAM_2P_LUTRAM_1R1W   |        0|   16|   17|    0|    40|    9|     1|          360|
    |srt_ord_109_U    |srt_ord_90_RAM_2P_LUTRAM_1R1W   |        0|   16|   17|    0|    40|    9|     1|          360|
    |srt_ord_110_U    |srt_ord_90_RAM_2P_LUTRAM_1R1W   |        0|   16|   17|    0|    40|    9|     1|          360|
    |srt_ord_111_U    |srt_ord_90_RAM_2P_LUTRAM_1R1W   |        0|   16|   17|    0|    40|    9|     1|          360|
    |srt_ord_112_U    |srt_ord_90_RAM_2P_LUTRAM_1R1W   |        0|   16|   17|    0|    40|    9|     1|          360|
    |srt_ord_113_U    |srt_ord_90_RAM_2P_LUTRAM_1R1W   |        0|   16|   17|    0|    40|    9|     1|          360|
    |srt_ord_114_U    |srt_ord_90_RAM_2P_LUTRAM_1R1W   |        0|   16|   17|    0|    40|    9|     1|          360|
    |srt_ord_115_U    |srt_ord_90_RAM_2P_LUTRAM_1R1W   |        0|   16|   17|    0|    40|    9|     1|          360|
    |srt_ord_116_U    |srt_ord_90_RAM_2P_LUTRAM_1R1W   |        0|   16|   17|    0|    40|    9|     1|          360|
    |srt_ord_117_U    |srt_ord_90_RAM_2P_LUTRAM_1R1W   |        0|   16|   17|    0|    40|    9|     1|          360|
    |srt_ord_118_U    |srt_ord_90_RAM_2P_LUTRAM_1R1W   |        0|   16|   17|    0|    40|    9|     1|          360|
    |srt_ord_119_U    |srt_ord_90_RAM_2P_LUTRAM_1R1W   |        0|   16|   17|    0|    40|    9|     1|          360|
    |srt_ord_120_U    |srt_ord_90_RAM_2P_LUTRAM_1R1W   |        0|   16|   17|    0|    40|    9|     1|          360|
    |srt_ord_121_U    |srt_ord_90_RAM_2P_LUTRAM_1R1W   |        0|   16|   17|    0|    40|    9|     1|          360|
    |srt_ord_122_U    |srt_ord_90_RAM_2P_LUTRAM_1R1W   |        0|   16|   17|    0|    40|    9|     1|          360|
    |srt_ord_123_U    |srt_ord_90_RAM_2P_LUTRAM_1R1W   |        0|   16|   17|    0|    40|    9|     1|          360|
    |srt_ord_124_U    |srt_ord_90_RAM_2P_LUTRAM_1R1W   |        0|   16|   17|    0|    40|    9|     1|          360|
    |srt_ord_125_U    |srt_ord_90_RAM_2P_LUTRAM_1R1W   |        0|   16|   17|    0|    40|    9|     1|          360|
    |srt_ord_126_U    |srt_ord_90_RAM_2P_LUTRAM_1R1W   |        0|   16|   17|    0|    40|    9|     1|          360|
    |srt_ord_127_U    |srt_ord_90_RAM_2P_LUTRAM_1R1W   |        0|   16|   17|    0|    40|    9|     1|          360|
    |srt_ord_128_U    |srt_ord_90_RAM_2P_LUTRAM_1R1W   |        0|   16|   17|    0|    40|    9|     1|          360|
    |srt_ord_129_U    |srt_ord_90_RAM_2P_LUTRAM_1R1W   |        0|   16|   17|    0|    40|    9|     1|          360|
    |srt_ord_130_U    |srt_ord_90_RAM_2P_LUTRAM_1R1W   |        0|   16|   17|    0|    40|    9|     1|          360|
    |srt_ord_131_U    |srt_ord_90_RAM_2P_LUTRAM_1R1W   |        0|   16|   17|    0|    40|    9|     1|          360|
    |srt_ord_132_U    |srt_ord_90_RAM_2P_LUTRAM_1R1W   |        0|   16|   17|    0|    40|    9|     1|          360|
    |srt_ord_133_U    |srt_ord_90_RAM_2P_LUTRAM_1R1W   |        0|   16|   17|    0|    40|    9|     1|          360|
    |srt_ord_134_U    |srt_ord_90_RAM_2P_LUTRAM_1R1W   |        0|   16|   17|    0|    40|    9|     1|          360|
    |srt_ord_135_U    |srt_ord_90_RAM_2P_LUTRAM_1R1W   |        0|   16|   17|    0|    40|    9|     1|          360|
    |srt_ord_136_U    |srt_ord_90_RAM_2P_LUTRAM_1R1W   |        0|   16|   17|    0|    40|    9|     1|          360|
    |srt_ord_137_U    |srt_ord_90_RAM_2P_LUTRAM_1R1W   |        0|   16|   17|    0|    40|    9|     1|          360|
    |srt_ord_138_U    |srt_ord_90_RAM_2P_LUTRAM_1R1W   |        0|   16|   17|    0|    40|    9|     1|          360|
    |srt_ord_139_U    |srt_ord_90_RAM_2P_LUTRAM_1R1W   |        0|   16|   17|    0|    40|    9|     1|          360|
    |srt_ord_140_U    |srt_ord_90_RAM_2P_LUTRAM_1R1W   |        0|   16|   17|    0|    40|    9|     1|          360|
    |srt_ord_141_U    |srt_ord_90_RAM_2P_LUTRAM_1R1W   |        0|   16|   17|    0|    40|    9|     1|          360|
    |srt_ord_142_U    |srt_ord_90_RAM_2P_LUTRAM_1R1W   |        0|   16|   17|    0|    40|    9|     1|          360|
    |srt_ord_143_U    |srt_ord_90_RAM_2P_LUTRAM_1R1W   |        0|   16|   17|    0|    40|    9|     1|          360|
    |srt_ord_144_U    |srt_ord_90_RAM_2P_LUTRAM_1R1W   |        0|   16|   17|    0|    40|    9|     1|          360|
    |srt_ord_145_U    |srt_ord_90_RAM_2P_LUTRAM_1R1W   |        0|   16|   17|    0|    40|    9|     1|          360|
    |srt_ord_146_U    |srt_ord_90_RAM_2P_LUTRAM_1R1W   |        0|   16|   17|    0|    40|    9|     1|          360|
    |srt_ord_147_U    |srt_ord_90_RAM_2P_LUTRAM_1R1W   |        0|   16|   17|    0|    40|    9|     1|          360|
    |srt_ord_148_U    |srt_ord_90_RAM_2P_LUTRAM_1R1W   |        0|   16|   17|    0|    40|    9|     1|          360|
    |srt_ord_149_U    |srt_ord_90_RAM_2P_LUTRAM_1R1W   |        0|   16|   17|    0|    40|    9|     1|          360|
    |srt_ord_U        |srt_ord_RAM_2P_LUTRAM_1R1W      |        0|    8|    9|    0|    40|    6|     1|          240|
    |srt_ord_1_U      |srt_ord_RAM_2P_LUTRAM_1R1W      |        0|    8|    9|    0|    40|    6|     1|          240|
    |srt_ord_2_U      |srt_ord_RAM_2P_LUTRAM_1R1W      |        0|    8|    9|    0|    40|    6|     1|          240|
    |srt_ord_3_U      |srt_ord_RAM_2P_LUTRAM_1R1W      |        0|    8|    9|    0|    40|    6|     1|          240|
    |srt_ord_4_U      |srt_ord_RAM_2P_LUTRAM_1R1W      |        0|    8|    9|    0|    40|    6|     1|          240|
    |srt_ord_5_U      |srt_ord_RAM_2P_LUTRAM_1R1W      |        0|    8|    9|    0|    40|    6|     1|          240|
    |srt_ord_6_U      |srt_ord_RAM_2P_LUTRAM_1R1W      |        0|    8|    9|    0|    40|    6|     1|          240|
    |srt_ord_7_U      |srt_ord_RAM_2P_LUTRAM_1R1W      |        0|    8|    9|    0|    40|    6|     1|          240|
    |srt_ord_8_U      |srt_ord_RAM_2P_LUTRAM_1R1W      |        0|    8|    9|    0|    40|    6|     1|          240|
    |srt_ord_9_U      |srt_ord_RAM_2P_LUTRAM_1R1W      |        0|    8|    9|    0|    40|    6|     1|          240|
    |srt_ord_10_U     |srt_ord_RAM_2P_LUTRAM_1R1W      |        0|    8|    9|    0|    40|    6|     1|          240|
    |srt_ord_11_U     |srt_ord_RAM_2P_LUTRAM_1R1W      |        0|    8|    9|    0|    40|    6|     1|          240|
    |srt_ord_12_U     |srt_ord_RAM_2P_LUTRAM_1R1W      |        0|    8|    9|    0|    40|    6|     1|          240|
    |srt_ord_13_U     |srt_ord_RAM_2P_LUTRAM_1R1W      |        0|    8|    9|    0|    40|    6|     1|          240|
    |srt_ord_14_U     |srt_ord_RAM_2P_LUTRAM_1R1W      |        0|    8|    9|    0|    40|    6|     1|          240|
    |srt_pres_U       |srt_pres_RAM_2P_LUTRAM_1R1W     |        0|    2|    3|    0|    40|    1|     1|           40|
    |srt_pres_1_U     |srt_pres_RAM_2P_LUTRAM_1R1W     |        0|    2|    3|    0|    40|    1|     1|           40|
    |srt_pres_2_U     |srt_pres_RAM_2P_LUTRAM_1R1W     |        0|    2|    3|    0|    40|    1|     1|           40|
    |srt_pres_3_U     |srt_pres_RAM_2P_LUTRAM_1R1W     |        0|    2|    3|    0|    40|    1|     1|           40|
    |srt_pres_4_U     |srt_pres_RAM_2P_LUTRAM_1R1W     |        0|    2|    3|    0|    40|    1|     1|           40|
    |srt_pres_5_U     |srt_pres_RAM_2P_LUTRAM_1R1W     |        0|    2|    3|    0|    40|    1|     1|           40|
    |srt_pres_6_U     |srt_pres_RAM_2P_LUTRAM_1R1W     |        0|    2|    3|    0|    40|    1|     1|           40|
    |srt_pres_7_U     |srt_pres_RAM_2P_LUTRAM_1R1W     |        0|    2|    3|    0|    40|    1|     1|           40|
    |srt_pres_8_U     |srt_pres_RAM_2P_LUTRAM_1R1W     |        0|    2|    3|    0|    40|    1|     1|           40|
    |srt_pres_9_U     |srt_pres_RAM_2P_LUTRAM_1R1W     |        0|    2|    3|    0|    40|    1|     1|           40|
    |srt_pres_10_U    |srt_pres_RAM_2P_LUTRAM_1R1W     |        0|    2|    3|    0|    40|    1|     1|           40|
    |srt_pres_11_U    |srt_pres_RAM_2P_LUTRAM_1R1W     |        0|    2|    3|    0|    40|    1|     1|           40|
    |srt_pres_12_U    |srt_pres_RAM_2P_LUTRAM_1R1W     |        0|    2|    3|    0|    40|    1|     1|           40|
    |srt_pres_13_U    |srt_pres_RAM_2P_LUTRAM_1R1W     |        0|    2|    3|    0|    40|    1|     1|           40|
    |srt_pres_14_U    |srt_pres_RAM_2P_LUTRAM_1R1W     |        0|    2|    3|    0|    40|    1|     1|           40|
    |srt_pres_15_U    |srt_pres_RAM_2P_LUTRAM_1R1W     |        0|    2|    3|    0|    40|    1|     1|           40|
    |srt_pres_16_U    |srt_pres_RAM_2P_LUTRAM_1R1W     |        0|    2|    3|    0|    40|    1|     1|           40|
    |srt_pres_17_U    |srt_pres_RAM_2P_LUTRAM_1R1W     |        0|    2|    3|    0|    40|    1|     1|           40|
    |srt_pres_18_U    |srt_pres_RAM_2P_LUTRAM_1R1W     |        0|    2|    3|    0|    40|    1|     1|           40|
    |srt_pres_19_U    |srt_pres_RAM_2P_LUTRAM_1R1W     |        0|    2|    3|    0|    40|    1|     1|           40|
    |srt_pres_20_U    |srt_pres_RAM_2P_LUTRAM_1R1W     |        0|    2|    3|    0|    40|    1|     1|           40|
    |srt_pres_21_U    |srt_pres_RAM_2P_LUTRAM_1R1W     |        0|    2|    3|    0|    40|    1|     1|           40|
    |srt_pres_22_U    |srt_pres_RAM_2P_LUTRAM_1R1W     |        0|    2|    3|    0|    40|    1|     1|           40|
    |srt_pres_23_U    |srt_pres_RAM_2P_LUTRAM_1R1W     |        0|    2|    3|    0|    40|    1|     1|           40|
    |srt_pres_24_U    |srt_pres_RAM_2P_LUTRAM_1R1W     |        0|    2|    3|    0|    40|    1|     1|           40|
    |srt_pres_25_U    |srt_pres_RAM_2P_LUTRAM_1R1W     |        0|    2|    3|    0|    40|    1|     1|           40|
    |srt_pres_26_U    |srt_pres_RAM_2P_LUTRAM_1R1W     |        0|    2|    3|    0|    40|    1|     1|           40|
    |srt_pres_27_U    |srt_pres_RAM_2P_LUTRAM_1R1W     |        0|    2|    3|    0|    40|    1|     1|           40|
    |srt_pres_28_U    |srt_pres_RAM_2P_LUTRAM_1R1W     |        0|    2|    3|    0|    40|    1|     1|           40|
    |srt_pres_29_U    |srt_pres_RAM_2P_LUTRAM_1R1W     |        0|    2|    3|    0|    40|    1|     1|           40|
    |srt_pres_30_U    |srt_pres_RAM_2P_LUTRAM_1R1W     |        0|    2|    3|    0|    40|    1|     1|           40|
    |srt_pres_31_U    |srt_pres_RAM_2P_LUTRAM_1R1W     |        0|    2|    3|    0|    40|    1|     1|           40|
    |srt_pres_32_U    |srt_pres_RAM_2P_LUTRAM_1R1W     |        0|    2|    3|    0|    40|    1|     1|           40|
    |srt_pres_33_U    |srt_pres_RAM_2P_LUTRAM_1R1W     |        0|    2|    3|    0|    40|    1|     1|           40|
    |srt_pres_34_U    |srt_pres_RAM_2P_LUTRAM_1R1W     |        0|    2|    3|    0|    40|    1|     1|           40|
    |srt_pres_35_U    |srt_pres_RAM_2P_LUTRAM_1R1W     |        0|    2|    3|    0|    40|    1|     1|           40|
    |srt_pres_36_U    |srt_pres_RAM_2P_LUTRAM_1R1W     |        0|    2|    3|    0|    40|    1|     1|           40|
    |srt_pres_37_U    |srt_pres_RAM_2P_LUTRAM_1R1W     |        0|    2|    3|    0|    40|    1|     1|           40|
    |srt_pres_38_U    |srt_pres_RAM_2P_LUTRAM_1R1W     |        0|    2|    3|    0|    40|    1|     1|           40|
    |srt_pres_39_U    |srt_pres_RAM_2P_LUTRAM_1R1W     |        0|    2|    3|    0|    40|    1|     1|           40|
    |srt_pres_40_U    |srt_pres_RAM_2P_LUTRAM_1R1W     |        0|    2|    3|    0|    40|    1|     1|           40|
    |srt_pres_41_U    |srt_pres_RAM_2P_LUTRAM_1R1W     |        0|    2|    3|    0|    40|    1|     1|           40|
    |srt_pres_42_U    |srt_pres_RAM_2P_LUTRAM_1R1W     |        0|    2|    3|    0|    40|    1|     1|           40|
    |srt_pres_43_U    |srt_pres_RAM_2P_LUTRAM_1R1W     |        0|    2|    3|    0|    40|    1|     1|           40|
    |srt_pres_44_U    |srt_pres_RAM_2P_LUTRAM_1R1W     |        0|    2|    3|    0|    40|    1|     1|           40|
    |srt_pres_45_U    |srt_pres_RAM_2P_LUTRAM_1R1W     |        0|    2|    3|    0|    40|    1|     1|           40|
    |srt_pres_46_U    |srt_pres_RAM_2P_LUTRAM_1R1W     |        0|    2|    3|    0|    40|    1|     1|           40|
    |srt_pres_47_U    |srt_pres_RAM_2P_LUTRAM_1R1W     |        0|    2|    3|    0|    40|    1|     1|           40|
    |srt_pres_48_U    |srt_pres_RAM_2P_LUTRAM_1R1W     |        0|    2|    3|    0|    40|    1|     1|           40|
    |srt_pres_49_U    |srt_pres_RAM_2P_LUTRAM_1R1W     |        0|    2|    3|    0|    40|    1|     1|           40|
    |srt_pres_50_U    |srt_pres_RAM_2P_LUTRAM_1R1W     |        0|    2|    3|    0|    40|    1|     1|           40|
    |srt_pres_51_U    |srt_pres_RAM_2P_LUTRAM_1R1W     |        0|    2|    3|    0|    40|    1|     1|           40|
    |srt_pres_52_U    |srt_pres_RAM_2P_LUTRAM_1R1W     |        0|    2|    3|    0|    40|    1|     1|           40|
    |srt_pres_53_U    |srt_pres_RAM_2P_LUTRAM_1R1W     |        0|    2|    3|    0|    40|    1|     1|           40|
    |srt_pres_54_U    |srt_pres_RAM_2P_LUTRAM_1R1W     |        0|    2|    3|    0|    40|    1|     1|           40|
    |srt_pres_55_U    |srt_pres_RAM_2P_LUTRAM_1R1W     |        0|    2|    3|    0|    40|    1|     1|           40|
    |srt_pres_56_U    |srt_pres_RAM_2P_LUTRAM_1R1W     |        0|    2|    3|    0|    40|    1|     1|           40|
    |srt_pres_57_U    |srt_pres_RAM_2P_LUTRAM_1R1W     |        0|    2|    3|    0|    40|    1|     1|           40|
    |srt_pres_58_U    |srt_pres_RAM_2P_LUTRAM_1R1W     |        0|    2|    3|    0|    40|    1|     1|           40|
    |srt_pres_59_U    |srt_pres_RAM_2P_LUTRAM_1R1W     |        0|    2|    3|    0|    40|    1|     1|           40|
    |srt_pres_60_U    |srt_pres_RAM_2P_LUTRAM_1R1W     |        0|    2|    3|    0|    40|    1|     1|           40|
    |srt_pres_61_U    |srt_pres_RAM_2P_LUTRAM_1R1W     |        0|    2|    3|    0|    40|    1|     1|           40|
    |srt_pres_62_U    |srt_pres_RAM_2P_LUTRAM_1R1W     |        0|    2|    3|    0|    40|    1|     1|           40|
    |srt_pres_63_U    |srt_pres_RAM_2P_LUTRAM_1R1W     |        0|    2|    3|    0|    40|    1|     1|           40|
    |srt_pres_64_U    |srt_pres_RAM_2P_LUTRAM_1R1W     |        0|    2|    3|    0|    40|    1|     1|           40|
    |srt_pres_65_U    |srt_pres_RAM_2P_LUTRAM_1R1W     |        0|    2|    3|    0|    40|    1|     1|           40|
    |srt_pres_66_U    |srt_pres_RAM_2P_LUTRAM_1R1W     |        0|    2|    3|    0|    40|    1|     1|           40|
    |srt_pres_67_U    |srt_pres_RAM_2P_LUTRAM_1R1W     |        0|    2|    3|    0|    40|    1|     1|           40|
    |srt_pres_68_U    |srt_pres_RAM_2P_LUTRAM_1R1W     |        0|    2|    3|    0|    40|    1|     1|           40|
    |srt_pres_69_U    |srt_pres_RAM_2P_LUTRAM_1R1W     |        0|    2|    3|    0|    40|    1|     1|           40|
    |srt_pres_70_U    |srt_pres_RAM_2P_LUTRAM_1R1W     |        0|    2|    3|    0|    40|    1|     1|           40|
    |srt_pres_71_U    |srt_pres_RAM_2P_LUTRAM_1R1W     |        0|    2|    3|    0|    40|    1|     1|           40|
    |srt_pres_72_U    |srt_pres_RAM_2P_LUTRAM_1R1W     |        0|    2|    3|    0|    40|    1|     1|           40|
    |srt_pres_73_U    |srt_pres_RAM_2P_LUTRAM_1R1W     |        0|    2|    3|    0|    40|    1|     1|           40|
    |srt_pres_74_U    |srt_pres_RAM_2P_LUTRAM_1R1W     |        0|    2|    3|    0|    40|    1|     1|           40|
    |srt_pres_75_U    |srt_pres_RAM_2P_LUTRAM_1R1W     |        0|    2|    3|    0|    40|    1|     1|           40|
    |srt_pres_76_U    |srt_pres_RAM_2P_LUTRAM_1R1W     |        0|    2|    3|    0|    40|    1|     1|           40|
    |srt_pres_77_U    |srt_pres_RAM_2P_LUTRAM_1R1W     |        0|    2|    3|    0|    40|    1|     1|           40|
    |srt_pres_78_U    |srt_pres_RAM_2P_LUTRAM_1R1W     |        0|    2|    3|    0|    40|    1|     1|           40|
    |srt_pres_79_U    |srt_pres_RAM_2P_LUTRAM_1R1W     |        0|    2|    3|    0|    40|    1|     1|           40|
    |srt_pres_80_U    |srt_pres_RAM_2P_LUTRAM_1R1W     |        0|    2|    3|    0|    40|    1|     1|           40|
    |srt_pres_81_U    |srt_pres_RAM_2P_LUTRAM_1R1W     |        0|    2|    3|    0|    40|    1|     1|           40|
    |srt_pres_82_U    |srt_pres_RAM_2P_LUTRAM_1R1W     |        0|    2|    3|    0|    40|    1|     1|           40|
    |srt_pres_83_U    |srt_pres_RAM_2P_LUTRAM_1R1W     |        0|    2|    3|    0|    40|    1|     1|           40|
    |srt_pres_84_U    |srt_pres_RAM_2P_LUTRAM_1R1W     |        0|    2|    3|    0|    40|    1|     1|           40|
    |srt_pres_85_U    |srt_pres_RAM_2P_LUTRAM_1R1W     |        0|    2|    3|    0|    40|    1|     1|           40|
    |srt_pres_86_U    |srt_pres_RAM_2P_LUTRAM_1R1W     |        0|    2|    3|    0|    40|    1|     1|           40|
    |srt_pres_87_U    |srt_pres_RAM_2P_LUTRAM_1R1W     |        0|    2|    3|    0|    40|    1|     1|           40|
    |srt_pres_88_U    |srt_pres_RAM_2P_LUTRAM_1R1W     |        0|    2|    3|    0|    40|    1|     1|           40|
    |srt_pres_89_U    |srt_pres_RAM_2P_LUTRAM_1R1W     |        0|    2|    3|    0|    40|    1|     1|           40|
    |srt_pres_90_U    |srt_pres_RAM_2P_LUTRAM_1R1W     |        0|    2|    3|    0|    40|    1|     1|           40|
    |srt_pres_91_U    |srt_pres_RAM_2P_LUTRAM_1R1W     |        0|    2|    3|    0|    40|    1|     1|           40|
    |srt_pres_92_U    |srt_pres_RAM_2P_LUTRAM_1R1W     |        0|    2|    3|    0|    40|    1|     1|           40|
    |srt_pres_93_U    |srt_pres_RAM_2P_LUTRAM_1R1W     |        0|    2|    3|    0|    40|    1|     1|           40|
    |srt_pres_94_U    |srt_pres_RAM_2P_LUTRAM_1R1W     |        0|    2|    3|    0|    40|    1|     1|           40|
    |srt_pres_95_U    |srt_pres_RAM_2P_LUTRAM_1R1W     |        0|    2|    3|    0|    40|    1|     1|           40|
    |srt_pres_96_U    |srt_pres_RAM_2P_LUTRAM_1R1W     |        0|    2|    3|    0|    40|    1|     1|           40|
    |srt_pres_97_U    |srt_pres_RAM_2P_LUTRAM_1R1W     |        0|    2|    3|    0|    40|    1|     1|           40|
    |srt_pres_98_U    |srt_pres_RAM_2P_LUTRAM_1R1W     |        0|    2|    3|    0|    40|    1|     1|           40|
    |srt_pres_99_U    |srt_pres_RAM_2P_LUTRAM_1R1W     |        0|    2|    3|    0|    40|    1|     1|           40|
    |srt_pres_100_U   |srt_pres_RAM_2P_LUTRAM_1R1W     |        0|    2|    3|    0|    40|    1|     1|           40|
    |srt_pres_101_U   |srt_pres_RAM_2P_LUTRAM_1R1W     |        0|    2|    3|    0|    40|    1|     1|           40|
    |srt_pres_102_U   |srt_pres_RAM_2P_LUTRAM_1R1W     |        0|    2|    3|    0|    40|    1|     1|           40|
    |srt_pres_103_U   |srt_pres_RAM_2P_LUTRAM_1R1W     |        0|    2|    3|    0|    40|    1|     1|           40|
    |srt_pres_104_U   |srt_pres_RAM_2P_LUTRAM_1R1W     |        0|    2|    3|    0|    40|    1|     1|           40|
    |srt_pres_105_U   |srt_pres_RAM_2P_LUTRAM_1R1W     |        0|    2|    3|    0|    40|    1|     1|           40|
    |srt_pres_106_U   |srt_pres_RAM_2P_LUTRAM_1R1W     |        0|    2|    3|    0|    40|    1|     1|           40|
    |srt_pres_107_U   |srt_pres_RAM_2P_LUTRAM_1R1W     |        0|    2|    3|    0|    40|    1|     1|           40|
    |srt_pres_108_U   |srt_pres_RAM_2P_LUTRAM_1R1W     |        0|    2|    3|    0|    40|    1|     1|           40|
    |srt_pres_109_U   |srt_pres_RAM_2P_LUTRAM_1R1W     |        0|    2|    3|    0|    40|    1|     1|           40|
    |srt_pres_110_U   |srt_pres_RAM_2P_LUTRAM_1R1W     |        0|    2|    3|    0|    40|    1|     1|           40|
    |srt_pres_111_U   |srt_pres_RAM_2P_LUTRAM_1R1W     |        0|    2|    3|    0|    40|    1|     1|           40|
    |srt_pres_112_U   |srt_pres_RAM_2P_LUTRAM_1R1W     |        0|    2|    3|    0|    40|    1|     1|           40|
    |srt_pres_113_U   |srt_pres_RAM_2P_LUTRAM_1R1W     |        0|    2|    3|    0|    40|    1|     1|           40|
    |srt_pres_114_U   |srt_pres_RAM_2P_LUTRAM_1R1W     |        0|    2|    3|    0|    40|    1|     1|           40|
    |srt_pres_115_U   |srt_pres_RAM_2P_LUTRAM_1R1W     |        0|    2|    3|    0|    40|    1|     1|           40|
    |srt_pres_116_U   |srt_pres_RAM_2P_LUTRAM_1R1W     |        0|    2|    3|    0|    40|    1|     1|           40|
    |srt_pres_117_U   |srt_pres_RAM_2P_LUTRAM_1R1W     |        0|    2|    3|    0|    40|    1|     1|           40|
    |srt_pres_118_U   |srt_pres_RAM_2P_LUTRAM_1R1W     |        0|    2|    3|    0|    40|    1|     1|           40|
    |srt_pres_119_U   |srt_pres_RAM_2P_LUTRAM_1R1W     |        0|    2|    3|    0|    40|    1|     1|           40|
    |srt_pres_120_U   |srt_pres_RAM_2P_LUTRAM_1R1W     |        0|    2|    3|    0|    40|    1|     1|           40|
    |srt_pres_121_U   |srt_pres_RAM_2P_LUTRAM_1R1W     |        0|    2|    3|    0|    40|    1|     1|           40|
    |srt_pres_122_U   |srt_pres_RAM_2P_LUTRAM_1R1W     |        0|    2|    3|    0|    40|    1|     1|           40|
    |srt_pres_123_U   |srt_pres_RAM_2P_LUTRAM_1R1W     |        0|    2|    3|    0|    40|    1|     1|           40|
    |srt_pres_124_U   |srt_pres_RAM_2P_LUTRAM_1R1W     |        0|    2|    3|    0|    40|    1|     1|           40|
    |srt_pres_125_U   |srt_pres_RAM_2P_LUTRAM_1R1W     |        0|    2|    3|    0|    40|    1|     1|           40|
    |srt_pres_126_U   |srt_pres_RAM_2P_LUTRAM_1R1W     |        0|    2|    3|    0|    40|    1|     1|           40|
    |srt_pres_127_U   |srt_pres_RAM_2P_LUTRAM_1R1W     |        0|    2|    3|    0|    40|    1|     1|           40|
    |srt_pres_128_U   |srt_pres_RAM_2P_LUTRAM_1R1W     |        0|    2|    3|    0|    40|    1|     1|           40|
    |srt_pres_129_U   |srt_pres_RAM_2P_LUTRAM_1R1W     |        0|    2|    3|    0|    40|    1|     1|           40|
    |srt_pres_130_U   |srt_pres_RAM_2P_LUTRAM_1R1W     |        0|    2|    3|    0|    40|    1|     1|           40|
    |srt_pres_131_U   |srt_pres_RAM_2P_LUTRAM_1R1W     |        0|    2|    3|    0|    40|    1|     1|           40|
    |srt_pres_132_U   |srt_pres_RAM_2P_LUTRAM_1R1W     |        0|    2|    3|    0|    40|    1|     1|           40|
    |srt_pres_133_U   |srt_pres_RAM_2P_LUTRAM_1R1W     |        0|    2|    3|    0|    40|    1|     1|           40|
    |srt_pres_134_U   |srt_pres_RAM_2P_LUTRAM_1R1W     |        0|    2|    3|    0|    40|    1|     1|           40|
    |srt_pres_135_U   |srt_pres_RAM_2P_LUTRAM_1R1W     |        0|    2|    3|    0|    40|    1|     1|           40|
    |srt_pres_136_U   |srt_pres_RAM_2P_LUTRAM_1R1W     |        0|    2|    3|    0|    40|    1|     1|           40|
    |srt_pres_137_U   |srt_pres_RAM_2P_LUTRAM_1R1W     |        0|    2|    3|    0|    40|    1|     1|           40|
    |srt_pres_138_U   |srt_pres_RAM_2P_LUTRAM_1R1W     |        0|    2|    3|    0|    40|    1|     1|           40|
    |srt_pres_139_U   |srt_pres_RAM_2P_LUTRAM_1R1W     |        0|    2|    3|    0|    40|    1|     1|           40|
    |srt_pres_140_U   |srt_pres_RAM_2P_LUTRAM_1R1W     |        0|    2|    3|    0|    40|    1|     1|           40|
    |srt_pres_141_U   |srt_pres_RAM_2P_LUTRAM_1R1W     |        0|    2|    3|    0|    40|    1|     1|           40|
    |srt_pres_142_U   |srt_pres_RAM_2P_LUTRAM_1R1W     |        0|    2|    3|    0|    40|    1|     1|           40|
    |srt_pres_143_U   |srt_pres_RAM_2P_LUTRAM_1R1W     |        0|    2|    3|    0|    40|    1|     1|           40|
    |srt_pres_144_U   |srt_pres_RAM_2P_LUTRAM_1R1W     |        0|    2|    3|    0|    40|    1|     1|           40|
    |srt_pres_145_U   |srt_pres_RAM_2P_LUTRAM_1R1W     |        0|    2|    3|    0|    40|    1|     1|           40|
    |srt_pres_146_U   |srt_pres_RAM_2P_LUTRAM_1R1W     |        0|    2|    3|    0|    40|    1|     1|           40|
    |srt_pres_147_U   |srt_pres_RAM_2P_LUTRAM_1R1W     |        0|    2|    3|    0|    40|    1|     1|           40|
    |srt_pres_148_U   |srt_pres_RAM_2P_LUTRAM_1R1W     |        0|    2|    3|    0|    40|    1|     1|           40|
    |srt_pres_149_U   |srt_pres_RAM_2P_LUTRAM_1R1W     |        0|    2|    3|    0|    40|    1|     1|           40|
    |srt_pres_150_U   |srt_pres_RAM_2P_LUTRAM_1R1W     |        0|    2|    3|    0|    40|    1|     1|           40|
    |srt_pres_151_U   |srt_pres_RAM_2P_LUTRAM_1R1W     |        0|    2|    3|    0|    40|    1|     1|           40|
    |srt_pres_152_U   |srt_pres_RAM_2P_LUTRAM_1R1W     |        0|    2|    3|    0|    40|    1|     1|           40|
    |srt_pres_153_U   |srt_pres_RAM_2P_LUTRAM_1R1W     |        0|    2|    3|    0|    40|    1|     1|           40|
    |srt_pres_154_U   |srt_pres_RAM_2P_LUTRAM_1R1W     |        0|    2|    3|    0|    40|    1|     1|           40|
    |srt_pres_155_U   |srt_pres_RAM_2P_LUTRAM_1R1W     |        0|    2|    3|    0|    40|    1|     1|           40|
    |srt_pres_156_U   |srt_pres_RAM_2P_LUTRAM_1R1W     |        0|    2|    3|    0|    40|    1|     1|           40|
    |srt_pres_157_U   |srt_pres_RAM_2P_LUTRAM_1R1W     |        0|    2|    3|    0|    40|    1|     1|           40|
    |srt_pres_158_U   |srt_pres_RAM_2P_LUTRAM_1R1W     |        0|    2|    3|    0|    40|    1|     1|           40|
    |srt_pres_159_U   |srt_pres_RAM_2P_LUTRAM_1R1W     |        0|    2|    3|    0|    40|    1|     1|           40|
    |srt_pres_160_U   |srt_pres_RAM_2P_LUTRAM_1R1W     |        0|    2|    3|    0|    40|    1|     1|           40|
    |srt_pres_161_U   |srt_pres_RAM_2P_LUTRAM_1R1W     |        0|    2|    3|    0|    40|    1|     1|           40|
    |srt_pres_162_U   |srt_pres_RAM_2P_LUTRAM_1R1W     |        0|    2|    3|    0|    40|    1|     1|           40|
    |srt_pres_163_U   |srt_pres_RAM_2P_LUTRAM_1R1W     |        0|    2|    3|    0|    40|    1|     1|           40|
    |srt_pres_164_U   |srt_pres_RAM_2P_LUTRAM_1R1W     |        0|    2|    3|    0|    40|    1|     1|           40|
    |srt_pres_165_U   |srt_pres_RAM_2P_LUTRAM_1R1W     |        0|    2|    3|    0|    40|    1|     1|           40|
    |srt_pres_166_U   |srt_pres_RAM_2P_LUTRAM_1R1W     |        0|    2|    3|    0|    40|    1|     1|           40|
    |srt_pres_167_U   |srt_pres_RAM_2P_LUTRAM_1R1W     |        0|    2|    3|    0|    40|    1|     1|           40|
    |srt_pres_168_U   |srt_pres_RAM_2P_LUTRAM_1R1W     |        0|    2|    3|    0|    40|    1|     1|           40|
    |srt_pres_169_U   |srt_pres_RAM_2P_LUTRAM_1R1W     |        0|    2|    3|    0|    40|    1|     1|           40|
    |srt_pres_170_U   |srt_pres_RAM_2P_LUTRAM_1R1W     |        0|    2|    3|    0|    40|    1|     1|           40|
    |srt_pres_171_U   |srt_pres_RAM_2P_LUTRAM_1R1W     |        0|    2|    3|    0|    40|    1|     1|           40|
    |srt_pres_172_U   |srt_pres_RAM_2P_LUTRAM_1R1W     |        0|    2|    3|    0|    40|    1|     1|           40|
    |srt_pres_173_U   |srt_pres_RAM_2P_LUTRAM_1R1W     |        0|    2|    3|    0|    40|    1|     1|           40|
    |srt_pres_174_U   |srt_pres_RAM_2P_LUTRAM_1R1W     |        0|    2|    3|    0|    40|    1|     1|           40|
    |srt_pres_175_U   |srt_pres_RAM_2P_LUTRAM_1R1W     |        0|    2|    3|    0|    40|    1|     1|           40|
    |srt_pres_176_U   |srt_pres_RAM_2P_LUTRAM_1R1W     |        0|    2|    3|    0|    40|    1|     1|           40|
    |srt_pres_177_U   |srt_pres_RAM_2P_LUTRAM_1R1W     |        0|    2|    3|    0|    40|    1|     1|           40|
    |srt_pres_178_U   |srt_pres_RAM_2P_LUTRAM_1R1W     |        0|    2|    3|    0|    40|    1|     1|           40|
    |srt_pres_179_U   |srt_pres_RAM_2P_LUTRAM_1R1W     |        0|    2|    3|    0|    40|    1|     1|           40|
    |srt_pres_180_U   |srt_pres_RAM_2P_LUTRAM_1R1W     |        0|    2|    3|    0|    40|    1|     1|           40|
    |srt_pres_181_U   |srt_pres_RAM_2P_LUTRAM_1R1W     |        0|    2|    3|    0|    40|    1|     1|           40|
    |srt_pres_182_U   |srt_pres_RAM_2P_LUTRAM_1R1W     |        0|    2|    3|    0|    40|    1|     1|           40|
    |srt_pres_183_U   |srt_pres_RAM_2P_LUTRAM_1R1W     |        0|    2|    3|    0|    40|    1|     1|           40|
    |srt_pres_184_U   |srt_pres_RAM_2P_LUTRAM_1R1W     |        0|    2|    3|    0|    40|    1|     1|           40|
    |srt_pres_185_U   |srt_pres_RAM_2P_LUTRAM_1R1W     |        0|    2|    3|    0|    40|    1|     1|           40|
    |srt_pres_186_U   |srt_pres_RAM_2P_LUTRAM_1R1W     |        0|    2|    3|    0|    40|    1|     1|           40|
    |srt_pres_187_U   |srt_pres_RAM_2P_LUTRAM_1R1W     |        0|    2|    3|    0|    40|    1|     1|           40|
    |srt_pres_188_U   |srt_pres_RAM_2P_LUTRAM_1R1W     |        0|    2|    3|    0|    40|    1|     1|           40|
    |srt_pres_189_U   |srt_pres_RAM_2P_LUTRAM_1R1W     |        0|    2|    3|    0|    40|    1|     1|           40|
    |srt_pres_190_U   |srt_pres_RAM_2P_LUTRAM_1R1W     |        0|    2|    3|    0|    40|    1|     1|           40|
    |srt_pres_191_U   |srt_pres_RAM_2P_LUTRAM_1R1W     |        0|    2|    3|    0|    40|    1|     1|           40|
    |srt_pres_192_U   |srt_pres_RAM_2P_LUTRAM_1R1W     |        0|    2|    3|    0|    40|    1|     1|           40|
    |srt_pres_193_U   |srt_pres_RAM_2P_LUTRAM_1R1W     |        0|    2|    3|    0|    40|    1|     1|           40|
    |srt_pres_194_U   |srt_pres_RAM_2P_LUTRAM_1R1W     |        0|    2|    3|    0|    40|    1|     1|           40|
    |srt_pres_195_U   |srt_pres_RAM_2P_LUTRAM_1R1W     |        0|    2|    3|    0|    40|    1|     1|           40|
    |srt_pres_196_U   |srt_pres_RAM_2P_LUTRAM_1R1W     |        0|    2|    3|    0|    40|    1|     1|           40|
    |srt_pres_197_U   |srt_pres_RAM_2P_LUTRAM_1R1W     |        0|    2|    3|    0|    40|    1|     1|           40|
    |srt_pres_198_U   |srt_pres_RAM_2P_LUTRAM_1R1W     |        0|    2|    3|    0|    40|    1|     1|           40|
    |srt_pres_199_U   |srt_pres_RAM_2P_LUTRAM_1R1W     |        0|    2|    3|    0|    40|    1|     1|           40|
    |srt_pres_200_U   |srt_pres_RAM_2P_LUTRAM_1R1W     |        0|    2|    3|    0|    40|    1|     1|           40|
    |srt_pres_201_U   |srt_pres_RAM_2P_LUTRAM_1R1W     |        0|    2|    3|    0|    40|    1|     1|           40|
    |srt_pres_202_U   |srt_pres_RAM_2P_LUTRAM_1R1W     |        0|    2|    3|    0|    40|    1|     1|           40|
    |srt_pres_203_U   |srt_pres_RAM_2P_LUTRAM_1R1W     |        0|    2|    3|    0|    40|    1|     1|           40|
    |srt_pres_204_U   |srt_pres_RAM_2P_LUTRAM_1R1W     |        0|    2|    3|    0|    40|    1|     1|           40|
    |srt_pres_205_U   |srt_pres_RAM_2P_LUTRAM_1R1W     |        0|    2|    3|    0|    40|    1|     1|           40|
    |srt_pres_206_U   |srt_pres_RAM_2P_LUTRAM_1R1W     |        0|    2|    3|    0|    40|    1|     1|           40|
    |srt_pres_207_U   |srt_pres_RAM_2P_LUTRAM_1R1W     |        0|    2|    3|    0|    40|    1|     1|           40|
    |srt_pres_208_U   |srt_pres_RAM_2P_LUTRAM_1R1W     |        0|    2|    3|    0|    40|    1|     1|           40|
    |srt_pres_209_U   |srt_pres_RAM_2P_LUTRAM_1R1W     |        0|    2|    3|    0|    40|    1|     1|           40|
    |srt_pres_210_U   |srt_pres_RAM_2P_LUTRAM_1R1W     |        0|    2|    3|    0|    40|    1|     1|           40|
    |srt_pres_211_U   |srt_pres_RAM_2P_LUTRAM_1R1W     |        0|    2|    3|    0|    40|    1|     1|           40|
    |srt_pres_212_U   |srt_pres_RAM_2P_LUTRAM_1R1W     |        0|    2|    3|    0|    40|    1|     1|           40|
    |srt_pres_213_U   |srt_pres_RAM_2P_LUTRAM_1R1W     |        0|    2|    3|    0|    40|    1|     1|           40|
    |srt_pres_214_U   |srt_pres_RAM_2P_LUTRAM_1R1W     |        0|    2|    3|    0|    40|    1|     1|           40|
    |srt_pres_215_U   |srt_pres_RAM_2P_LUTRAM_1R1W     |        0|    2|    3|    0|    40|    1|     1|           40|
    |srt_pres_216_U   |srt_pres_RAM_2P_LUTRAM_1R1W     |        0|    2|    3|    0|    40|    1|     1|           40|
    |srt_pres_217_U   |srt_pres_RAM_2P_LUTRAM_1R1W     |        0|    2|    3|    0|    40|    1|     1|           40|
    |srt_pres_218_U   |srt_pres_RAM_2P_LUTRAM_1R1W     |        0|    2|    3|    0|    40|    1|     1|           40|
    |srt_pres_219_U   |srt_pres_RAM_2P_LUTRAM_1R1W     |        0|    2|    3|    0|    40|    1|     1|           40|
    |srt_pres_220_U   |srt_pres_RAM_2P_LUTRAM_1R1W     |        0|    2|    3|    0|    40|    1|     1|           40|
    |srt_pres_221_U   |srt_pres_RAM_2P_LUTRAM_1R1W     |        0|    2|    3|    0|    40|    1|     1|           40|
    |srt_pres_222_U   |srt_pres_RAM_2P_LUTRAM_1R1W     |        0|    2|    3|    0|    40|    1|     1|           40|
    |srt_pres_223_U   |srt_pres_RAM_2P_LUTRAM_1R1W     |        0|    2|    3|    0|    40|    1|     1|           40|
    |srt_pres_224_U   |srt_pres_RAM_2P_LUTRAM_1R1W     |        0|    2|    3|    0|    40|    1|     1|           40|
    |co_pres_U        |srt_pres_RAM_2P_LUTRAM_1R1W     |        0|    2|    3|    0|    40|    1|     1|           40|
    |co_pres_1_U      |srt_pres_RAM_2P_LUTRAM_1R1W     |        0|    2|    3|    0|    40|    1|     1|           40|
    |co_pres_2_U      |srt_pres_RAM_2P_LUTRAM_1R1W     |        0|    2|    3|    0|    40|    1|     1|           40|
    |co_pres_3_U      |srt_pres_RAM_2P_LUTRAM_1R1W     |        0|    2|    3|    0|    40|    1|     1|           40|
    |co_pres_4_U      |srt_pres_RAM_2P_LUTRAM_1R1W     |        0|    2|    3|    0|    40|    1|     1|           40|
    |co_pres_5_U      |srt_pres_RAM_2P_LUTRAM_1R1W     |        0|    2|    3|    0|    40|    1|     1|           40|
    |co_pres_6_U      |srt_pres_RAM_2P_LUTRAM_1R1W     |        0|    2|    3|    0|    40|    1|     1|           40|
    |co_pres_7_U      |srt_pres_RAM_2P_LUTRAM_1R1W     |        0|    2|    3|    0|    40|    1|     1|           40|
    |co_pres_8_U      |srt_pres_RAM_2P_LUTRAM_1R1W     |        0|    2|    3|    0|    40|    1|     1|           40|
    |co_pres_9_U      |srt_pres_RAM_2P_LUTRAM_1R1W     |        0|    2|    3|    0|    40|    1|     1|           40|
    |co_pres_10_U     |srt_pres_RAM_2P_LUTRAM_1R1W     |        0|    2|    3|    0|    40|    1|     1|           40|
    |co_pres_11_U     |srt_pres_RAM_2P_LUTRAM_1R1W     |        0|    2|    3|    0|    40|    1|     1|           40|
    |co_pres_12_U     |srt_pres_RAM_2P_LUTRAM_1R1W     |        0|    2|    3|    0|    40|    1|     1|           40|
    |co_pres_13_U     |srt_pres_RAM_2P_LUTRAM_1R1W     |        0|    2|    3|    0|    40|    1|     1|           40|
    |co_pres_14_U     |srt_pres_RAM_2P_LUTRAM_1R1W     |        0|    2|    3|    0|    40|    1|     1|           40|
    |co_pres_15_U     |srt_pres_RAM_2P_LUTRAM_1R1W     |        0|    2|    3|    0|    40|    1|     1|           40|
    |co_pres_16_U     |srt_pres_RAM_2P_LUTRAM_1R1W     |        0|    2|    3|    0|    40|    1|     1|           40|
    |co_pres_17_U     |srt_pres_RAM_2P_LUTRAM_1R1W     |        0|    2|    3|    0|    40|    1|     1|           40|
    |co_pres_18_U     |srt_pres_RAM_2P_LUTRAM_1R1W     |        0|    2|    3|    0|    40|    1|     1|           40|
    |co_pres_19_U     |srt_pres_RAM_2P_LUTRAM_1R1W     |        0|    2|    3|    0|    40|    1|     1|           40|
    |co_pres_20_U     |srt_pres_RAM_2P_LUTRAM_1R1W     |        0|    2|    3|    0|    40|    1|     1|           40|
    |co_pres_21_U     |srt_pres_RAM_2P_LUTRAM_1R1W     |        0|    2|    3|    0|    40|    1|     1|           40|
    |co_pres_22_U     |srt_pres_RAM_2P_LUTRAM_1R1W     |        0|    2|    3|    0|    40|    1|     1|           40|
    |co_pres_23_U     |srt_pres_RAM_2P_LUTRAM_1R1W     |        0|    2|    3|    0|    40|    1|     1|           40|
    |co_pres_24_U     |srt_pres_RAM_2P_LUTRAM_1R1W     |        0|    2|    3|    0|    40|    1|     1|           40|
    |co_pres_25_U     |srt_pres_RAM_2P_LUTRAM_1R1W     |        0|    2|    3|    0|    40|    1|     1|           40|
    |co_pres_26_U     |srt_pres_RAM_2P_LUTRAM_1R1W     |        0|    2|    3|    0|    40|    1|     1|           40|
    |co_pres_27_U     |srt_pres_RAM_2P_LUTRAM_1R1W     |        0|    2|    3|    0|    40|    1|     1|           40|
    |co_pres_28_U     |srt_pres_RAM_2P_LUTRAM_1R1W     |        0|    2|    3|    0|    40|    1|     1|           40|
    |co_pres_29_U     |srt_pres_RAM_2P_LUTRAM_1R1W     |        0|    2|    3|    0|    40|    1|     1|           40|
    |co_pres_30_U     |srt_pres_RAM_2P_LUTRAM_1R1W     |        0|    2|    3|    0|    40|    1|     1|           40|
    |co_pres_31_U     |srt_pres_RAM_2P_LUTRAM_1R1W     |        0|    2|    3|    0|    40|    1|     1|           40|
    |co_pres_32_U     |srt_pres_RAM_2P_LUTRAM_1R1W     |        0|    2|    3|    0|    40|    1|     1|           40|
    |co_pres_33_U     |srt_pres_RAM_2P_LUTRAM_1R1W     |        0|    2|    3|    0|    40|    1|     1|           40|
    |co_pres_34_U     |srt_pres_RAM_2P_LUTRAM_1R1W     |        0|    2|    3|    0|    40|    1|     1|           40|
    |co_pres_35_U     |srt_pres_RAM_2P_LUTRAM_1R1W     |        0|    2|    3|    0|    40|    1|     1|           40|
    |co_pres_36_U     |srt_pres_RAM_2P_LUTRAM_1R1W     |        0|    2|    3|    0|    40|    1|     1|           40|
    |co_pres_37_U     |srt_pres_RAM_2P_LUTRAM_1R1W     |        0|    2|    3|    0|    40|    1|     1|           40|
    |co_pres_38_U     |srt_pres_RAM_2P_LUTRAM_1R1W     |        0|    2|    3|    0|    40|    1|     1|           40|
    |co_pres_39_U     |srt_pres_RAM_2P_LUTRAM_1R1W     |        0|    2|    3|    0|    40|    1|     1|           40|
    |co_pres_40_U     |srt_pres_RAM_2P_LUTRAM_1R1W     |        0|    2|    3|    0|    40|    1|     1|           40|
    |co_pres_41_U     |srt_pres_RAM_2P_LUTRAM_1R1W     |        0|    2|    3|    0|    40|    1|     1|           40|
    |co_pres_42_U     |srt_pres_RAM_2P_LUTRAM_1R1W     |        0|    2|    3|    0|    40|    1|     1|           40|
    |co_pres_43_U     |srt_pres_RAM_2P_LUTRAM_1R1W     |        0|    2|    3|    0|    40|    1|     1|           40|
    |co_pres_44_U     |srt_pres_RAM_2P_LUTRAM_1R1W     |        0|    2|    3|    0|    40|    1|     1|           40|
    |co_pres_45_U     |srt_pres_RAM_2P_LUTRAM_1R1W     |        0|    2|    3|    0|    40|    1|     1|           40|
    |co_pres_46_U     |srt_pres_RAM_2P_LUTRAM_1R1W     |        0|    2|    3|    0|    40|    1|     1|           40|
    |co_pres_47_U     |srt_pres_RAM_2P_LUTRAM_1R1W     |        0|    2|    3|    0|    40|    1|     1|           40|
    |co_pres_48_U     |srt_pres_RAM_2P_LUTRAM_1R1W     |        0|    2|    3|    0|    40|    1|     1|           40|
    |co_pres_49_U     |srt_pres_RAM_2P_LUTRAM_1R1W     |        0|    2|    3|    0|    40|    1|     1|           40|
    |co_pres_50_U     |srt_pres_RAM_2P_LUTRAM_1R1W     |        0|    2|    3|    0|    40|    1|     1|           40|
    |co_pres_51_U     |srt_pres_RAM_2P_LUTRAM_1R1W     |        0|    2|    3|    0|    40|    1|     1|           40|
    |co_pres_52_U     |srt_pres_RAM_2P_LUTRAM_1R1W     |        0|    2|    3|    0|    40|    1|     1|           40|
    |co_pres_53_U     |srt_pres_RAM_2P_LUTRAM_1R1W     |        0|    2|    3|    0|    40|    1|     1|           40|
    |co_pres_54_U     |srt_pres_RAM_2P_LUTRAM_1R1W     |        0|    2|    3|    0|    40|    1|     1|           40|
    |co_pres_55_U     |srt_pres_RAM_2P_LUTRAM_1R1W     |        0|    2|    3|    0|    40|    1|     1|           40|
    |co_pres_56_U     |srt_pres_RAM_2P_LUTRAM_1R1W     |        0|    2|    3|    0|    40|    1|     1|           40|
    |co_pres_57_U     |srt_pres_RAM_2P_LUTRAM_1R1W     |        0|    2|    3|    0|    40|    1|     1|           40|
    |co_pres_58_U     |srt_pres_RAM_2P_LUTRAM_1R1W     |        0|    2|    3|    0|    40|    1|     1|           40|
    |co_pres_59_U     |srt_pres_RAM_2P_LUTRAM_1R1W     |        0|    2|    3|    0|    40|    1|     1|           40|
    |co_pres_60_U     |srt_pres_RAM_2P_LUTRAM_1R1W     |        0|    2|    3|    0|    40|    1|     1|           40|
    |co_pres_61_U     |srt_pres_RAM_2P_LUTRAM_1R1W     |        0|    2|    3|    0|    40|    1|     1|           40|
    |co_pres_62_U     |srt_pres_RAM_2P_LUTRAM_1R1W     |        0|    2|    3|    0|    40|    1|     1|           40|
    |co_pres_63_U     |srt_pres_RAM_2P_LUTRAM_1R1W     |        0|    2|    3|    0|    40|    1|     1|           40|
    |co_pres_64_U     |srt_pres_RAM_2P_LUTRAM_1R1W     |        0|    2|    3|    0|    40|    1|     1|           40|
    |co_pres_65_U     |srt_pres_RAM_2P_LUTRAM_1R1W     |        0|    2|    3|    0|    40|    1|     1|           40|
    |co_pres_66_U     |srt_pres_RAM_2P_LUTRAM_1R1W     |        0|    2|    3|    0|    40|    1|     1|           40|
    |co_pres_67_U     |srt_pres_RAM_2P_LUTRAM_1R1W     |        0|    2|    3|    0|    40|    1|     1|           40|
    |co_pres_68_U     |srt_pres_RAM_2P_LUTRAM_1R1W     |        0|    2|    3|    0|    40|    1|     1|           40|
    |co_pres_69_U     |srt_pres_RAM_2P_LUTRAM_1R1W     |        0|    2|    3|    0|    40|    1|     1|           40|
    |co_pres_70_U     |srt_pres_RAM_2P_LUTRAM_1R1W     |        0|    2|    3|    0|    40|    1|     1|           40|
    |co_pres_71_U     |srt_pres_RAM_2P_LUTRAM_1R1W     |        0|    2|    3|    0|    40|    1|     1|           40|
    |co_pres_72_U     |srt_pres_RAM_2P_LUTRAM_1R1W     |        0|    2|    3|    0|    40|    1|     1|           40|
    |co_pres_73_U     |srt_pres_RAM_2P_LUTRAM_1R1W     |        0|    2|    3|    0|    40|    1|     1|           40|
    |co_pres_74_U     |srt_pres_RAM_2P_LUTRAM_1R1W     |        0|    2|    3|    0|    40|    1|     1|           40|
    |co_pres_75_U     |srt_pres_RAM_2P_LUTRAM_1R1W     |        0|    2|    3|    0|    40|    1|     1|           40|
    |co_pres_76_U     |srt_pres_RAM_2P_LUTRAM_1R1W     |        0|    2|    3|    0|    40|    1|     1|           40|
    |co_pres_77_U     |srt_pres_RAM_2P_LUTRAM_1R1W     |        0|    2|    3|    0|    40|    1|     1|           40|
    |co_pres_78_U     |srt_pres_RAM_2P_LUTRAM_1R1W     |        0|    2|    3|    0|    40|    1|     1|           40|
    |co_pres_79_U     |srt_pres_RAM_2P_LUTRAM_1R1W     |        0|    2|    3|    0|    40|    1|     1|           40|
    |co_pres_80_U     |srt_pres_RAM_2P_LUTRAM_1R1W     |        0|    2|    3|    0|    40|    1|     1|           40|
    |co_pres_81_U     |srt_pres_RAM_2P_LUTRAM_1R1W     |        0|    2|    3|    0|    40|    1|     1|           40|
    |co_pres_82_U     |srt_pres_RAM_2P_LUTRAM_1R1W     |        0|    2|    3|    0|    40|    1|     1|           40|
    |co_pres_83_U     |srt_pres_RAM_2P_LUTRAM_1R1W     |        0|    2|    3|    0|    40|    1|     1|           40|
    |co_pres_84_U     |srt_pres_RAM_2P_LUTRAM_1R1W     |        0|    2|    3|    0|    40|    1|     1|           40|
    |co_pres_85_U     |srt_pres_RAM_2P_LUTRAM_1R1W     |        0|    2|    3|    0|    40|    1|     1|           40|
    |co_pres_86_U     |srt_pres_RAM_2P_LUTRAM_1R1W     |        0|    2|    3|    0|    40|    1|     1|           40|
    |co_pres_87_U     |srt_pres_RAM_2P_LUTRAM_1R1W     |        0|    2|    3|    0|    40|    1|     1|           40|
    |co_pres_88_U     |srt_pres_RAM_2P_LUTRAM_1R1W     |        0|    2|    3|    0|    40|    1|     1|           40|
    |co_pres_89_U     |srt_pres_RAM_2P_LUTRAM_1R1W     |        0|    2|    3|    0|    40|    1|     1|           40|
    |co_pres_90_U     |srt_pres_RAM_2P_LUTRAM_1R1W     |        0|    2|    3|    0|    40|    1|     1|           40|
    |co_pres_91_U     |srt_pres_RAM_2P_LUTRAM_1R1W     |        0|    2|    3|    0|    40|    1|     1|           40|
    |co_pres_92_U     |srt_pres_RAM_2P_LUTRAM_1R1W     |        0|    2|    3|    0|    40|    1|     1|           40|
    |co_pres_93_U     |srt_pres_RAM_2P_LUTRAM_1R1W     |        0|    2|    3|    0|    40|    1|     1|           40|
    |co_pres_94_U     |srt_pres_RAM_2P_LUTRAM_1R1W     |        0|    2|    3|    0|    40|    1|     1|           40|
    |co_pres_95_U     |srt_pres_RAM_2P_LUTRAM_1R1W     |        0|    2|    3|    0|    40|    1|     1|           40|
    |co_pres_96_U     |srt_pres_RAM_2P_LUTRAM_1R1W     |        0|    2|    3|    0|    40|    1|     1|           40|
    |co_pres_97_U     |srt_pres_RAM_2P_LUTRAM_1R1W     |        0|    2|    3|    0|    40|    1|     1|           40|
    |co_pres_98_U     |srt_pres_RAM_2P_LUTRAM_1R1W     |        0|    2|    3|    0|    40|    1|     1|           40|
    |co_pres_99_U     |srt_pres_RAM_2P_LUTRAM_1R1W     |        0|    2|    3|    0|    40|    1|     1|           40|
    |co_pres_100_U    |srt_pres_RAM_2P_LUTRAM_1R1W     |        0|    2|    3|    0|    40|    1|     1|           40|
    |co_pres_101_U    |srt_pres_RAM_2P_LUTRAM_1R1W     |        0|    2|    3|    0|    40|    1|     1|           40|
    |co_pres_102_U    |srt_pres_RAM_2P_LUTRAM_1R1W     |        0|    2|    3|    0|    40|    1|     1|           40|
    |co_pres_103_U    |srt_pres_RAM_2P_LUTRAM_1R1W     |        0|    2|    3|    0|    40|    1|     1|           40|
    |co_pres_104_U    |srt_pres_RAM_2P_LUTRAM_1R1W     |        0|    2|    3|    0|    40|    1|     1|           40|
    |co_pres_105_U    |srt_pres_RAM_2P_LUTRAM_1R1W     |        0|    2|    3|    0|    40|    1|     1|           40|
    |co_pres_106_U    |srt_pres_RAM_2P_LUTRAM_1R1W     |        0|    2|    3|    0|    40|    1|     1|           40|
    |co_pres_107_U    |srt_pres_RAM_2P_LUTRAM_1R1W     |        0|    2|    3|    0|    40|    1|     1|           40|
    |co_pres_108_U    |srt_pres_RAM_2P_LUTRAM_1R1W     |        0|    2|    3|    0|    40|    1|     1|           40|
    |co_pres_109_U    |srt_pres_RAM_2P_LUTRAM_1R1W     |        0|    2|    3|    0|    40|    1|     1|           40|
    |co_pres_110_U    |srt_pres_RAM_2P_LUTRAM_1R1W     |        0|    2|    3|    0|    40|    1|     1|           40|
    |co_pres_111_U    |srt_pres_RAM_2P_LUTRAM_1R1W     |        0|    2|    3|    0|    40|    1|     1|           40|
    |co_pres_112_U    |srt_pres_RAM_2P_LUTRAM_1R1W     |        0|    2|    3|    0|    40|    1|     1|           40|
    |co_pres_113_U    |srt_pres_RAM_2P_LUTRAM_1R1W     |        0|    2|    3|    0|    40|    1|     1|           40|
    |co_pres_114_U    |srt_pres_RAM_2P_LUTRAM_1R1W     |        0|    2|    3|    0|    40|    1|     1|           40|
    |co_pres_115_U    |srt_pres_RAM_2P_LUTRAM_1R1W     |        0|    2|    3|    0|    40|    1|     1|           40|
    |co_pres_116_U    |srt_pres_RAM_2P_LUTRAM_1R1W     |        0|    2|    3|    0|    40|    1|     1|           40|
    |co_pres_117_U    |srt_pres_RAM_2P_LUTRAM_1R1W     |        0|    2|    3|    0|    40|    1|     1|           40|
    |co_pres_118_U    |srt_pres_RAM_2P_LUTRAM_1R1W     |        0|    2|    3|    0|    40|    1|     1|           40|
    |co_pres_119_U    |srt_pres_RAM_2P_LUTRAM_1R1W     |        0|    2|    3|    0|    40|    1|     1|           40|
    |co_pres_120_U    |srt_pres_RAM_2P_LUTRAM_1R1W     |        0|    2|    3|    0|    40|    1|     1|           40|
    |co_pres_121_U    |srt_pres_RAM_2P_LUTRAM_1R1W     |        0|    2|    3|    0|    40|    1|     1|           40|
    |co_pres_122_U    |srt_pres_RAM_2P_LUTRAM_1R1W     |        0|    2|    3|    0|    40|    1|     1|           40|
    |co_pres_123_U    |srt_pres_RAM_2P_LUTRAM_1R1W     |        0|    2|    3|    0|    40|    1|     1|           40|
    |co_pres_124_U    |srt_pres_RAM_2P_LUTRAM_1R1W     |        0|    2|    3|    0|    40|    1|     1|           40|
    |co_pres_125_U    |srt_pres_RAM_2P_LUTRAM_1R1W     |        0|    2|    3|    0|    40|    1|     1|           40|
    |co_pres_126_U    |srt_pres_RAM_2P_LUTRAM_1R1W     |        0|    2|    3|    0|    40|    1|     1|           40|
    |co_pres_127_U    |srt_pres_RAM_2P_LUTRAM_1R1W     |        0|    2|    3|    0|    40|    1|     1|           40|
    |co_pres_128_U    |srt_pres_RAM_2P_LUTRAM_1R1W     |        0|    2|    3|    0|    40|    1|     1|           40|
    |co_pres_129_U    |srt_pres_RAM_2P_LUTRAM_1R1W     |        0|    2|    3|    0|    40|    1|     1|           40|
    |co_pres_130_U    |srt_pres_RAM_2P_LUTRAM_1R1W     |        0|    2|    3|    0|    40|    1|     1|           40|
    |co_pres_131_U    |srt_pres_RAM_2P_LUTRAM_1R1W     |        0|    2|    3|    0|    40|    1|     1|           40|
    |co_pres_132_U    |srt_pres_RAM_2P_LUTRAM_1R1W     |        0|    2|    3|    0|    40|    1|     1|           40|
    |co_pres_133_U    |srt_pres_RAM_2P_LUTRAM_1R1W     |        0|    2|    3|    0|    40|    1|     1|           40|
    |co_pres_134_U    |srt_pres_RAM_2P_LUTRAM_1R1W     |        0|    2|    3|    0|    40|    1|     1|           40|
    |co_pres_135_U    |srt_pres_RAM_2P_LUTRAM_1R1W     |        0|    2|    3|    0|    40|    1|     1|           40|
    |co_pres_136_U    |srt_pres_RAM_2P_LUTRAM_1R1W     |        0|    2|    3|    0|    40|    1|     1|           40|
    |co_pres_137_U    |srt_pres_RAM_2P_LUTRAM_1R1W     |        0|    2|    3|    0|    40|    1|     1|           40|
    |co_pres_138_U    |srt_pres_RAM_2P_LUTRAM_1R1W     |        0|    2|    3|    0|    40|    1|     1|           40|
    |co_pres_139_U    |srt_pres_RAM_2P_LUTRAM_1R1W     |        0|    2|    3|    0|    40|    1|     1|           40|
    |co_pres_140_U    |srt_pres_RAM_2P_LUTRAM_1R1W     |        0|    2|    3|    0|    40|    1|     1|           40|
    |co_pres_141_U    |srt_pres_RAM_2P_LUTRAM_1R1W     |        0|    2|    3|    0|    40|    1|     1|           40|
    |co_pres_142_U    |srt_pres_RAM_2P_LUTRAM_1R1W     |        0|    2|    3|    0|    40|    1|     1|           40|
    |co_pres_143_U    |srt_pres_RAM_2P_LUTRAM_1R1W     |        0|    2|    3|    0|    40|    1|     1|           40|
    |co_pres_144_U    |srt_pres_RAM_2P_LUTRAM_1R1W     |        0|    2|    3|    0|    40|    1|     1|           40|
    |co_pres_145_U    |srt_pres_RAM_2P_LUTRAM_1R1W     |        0|    2|    3|    0|    40|    1|     1|           40|
    |co_pres_146_U    |srt_pres_RAM_2P_LUTRAM_1R1W     |        0|    2|    3|    0|    40|    1|     1|           40|
    |co_pres_147_U    |srt_pres_RAM_2P_LUTRAM_1R1W     |        0|    2|    3|    0|    40|    1|     1|           40|
    |co_pres_148_U    |srt_pres_RAM_2P_LUTRAM_1R1W     |        0|    2|    3|    0|    40|    1|     1|           40|
    |co_pres_149_U    |srt_pres_RAM_2P_LUTRAM_1R1W     |        0|    2|    3|    0|    40|    1|     1|           40|
    |co_pres_150_U    |srt_pres_RAM_2P_LUTRAM_1R1W     |        0|    2|    3|    0|    40|    1|     1|           40|
    |co_pres_151_U    |srt_pres_RAM_2P_LUTRAM_1R1W     |        0|    2|    3|    0|    40|    1|     1|           40|
    |co_pres_152_U    |srt_pres_RAM_2P_LUTRAM_1R1W     |        0|    2|    3|    0|    40|    1|     1|           40|
    |co_pres_153_U    |srt_pres_RAM_2P_LUTRAM_1R1W     |        0|    2|    3|    0|    40|    1|     1|           40|
    |co_pres_154_U    |srt_pres_RAM_2P_LUTRAM_1R1W     |        0|    2|    3|    0|    40|    1|     1|           40|
    |co_pres_155_U    |srt_pres_RAM_2P_LUTRAM_1R1W     |        0|    2|    3|    0|    40|    1|     1|           40|
    |co_pres_156_U    |srt_pres_RAM_2P_LUTRAM_1R1W     |        0|    2|    3|    0|    40|    1|     1|           40|
    |co_pres_157_U    |srt_pres_RAM_2P_LUTRAM_1R1W     |        0|    2|    3|    0|    40|    1|     1|           40|
    |co_pres_158_U    |srt_pres_RAM_2P_LUTRAM_1R1W     |        0|    2|    3|    0|    40|    1|     1|           40|
    |co_pres_159_U    |srt_pres_RAM_2P_LUTRAM_1R1W     |        0|    2|    3|    0|    40|    1|     1|           40|
    |co_pres_160_U    |srt_pres_RAM_2P_LUTRAM_1R1W     |        0|    2|    3|    0|    40|    1|     1|           40|
    |co_pres_161_U    |srt_pres_RAM_2P_LUTRAM_1R1W     |        0|    2|    3|    0|    40|    1|     1|           40|
    |co_pres_162_U    |srt_pres_RAM_2P_LUTRAM_1R1W     |        0|    2|    3|    0|    40|    1|     1|           40|
    |co_pres_163_U    |srt_pres_RAM_2P_LUTRAM_1R1W     |        0|    2|    3|    0|    40|    1|     1|           40|
    |co_pres_164_U    |srt_pres_RAM_2P_LUTRAM_1R1W     |        0|    2|    3|    0|    40|    1|     1|           40|
    |co_pres_165_U    |srt_pres_RAM_2P_LUTRAM_1R1W     |        0|    2|    3|    0|    40|    1|     1|           40|
    |co_pres_166_U    |srt_pres_RAM_2P_LUTRAM_1R1W     |        0|    2|    3|    0|    40|    1|     1|           40|
    |co_pres_167_U    |srt_pres_RAM_2P_LUTRAM_1R1W     |        0|    2|    3|    0|    40|    1|     1|           40|
    |co_pres_168_U    |srt_pres_RAM_2P_LUTRAM_1R1W     |        0|    2|    3|    0|    40|    1|     1|           40|
    |co_pres_169_U    |srt_pres_RAM_2P_LUTRAM_1R1W     |        0|    2|    3|    0|    40|    1|     1|           40|
    |co_pres_170_U    |srt_pres_RAM_2P_LUTRAM_1R1W     |        0|    2|    3|    0|    40|    1|     1|           40|
    |co_pres_171_U    |srt_pres_RAM_2P_LUTRAM_1R1W     |        0|    2|    3|    0|    40|    1|     1|           40|
    |co_pres_172_U    |srt_pres_RAM_2P_LUTRAM_1R1W     |        0|    2|    3|    0|    40|    1|     1|           40|
    |co_pres_173_U    |srt_pres_RAM_2P_LUTRAM_1R1W     |        0|    2|    3|    0|    40|    1|     1|           40|
    |co_pres_174_U    |srt_pres_RAM_2P_LUTRAM_1R1W     |        0|    2|    3|    0|    40|    1|     1|           40|
    |co_pres_175_U    |srt_pres_RAM_2P_LUTRAM_1R1W     |        0|    2|    3|    0|    40|    1|     1|           40|
    |co_pres_176_U    |srt_pres_RAM_2P_LUTRAM_1R1W     |        0|    2|    3|    0|    40|    1|     1|           40|
    |co_pres_177_U    |srt_pres_RAM_2P_LUTRAM_1R1W     |        0|    2|    3|    0|    40|    1|     1|           40|
    |co_pres_178_U    |srt_pres_RAM_2P_LUTRAM_1R1W     |        0|    2|    3|    0|    40|    1|     1|           40|
    |co_pres_179_U    |srt_pres_RAM_2P_LUTRAM_1R1W     |        0|    2|    3|    0|    40|    1|     1|           40|
    |co_pres_180_U    |srt_pres_RAM_2P_LUTRAM_1R1W     |        0|    2|    3|    0|    40|    1|     1|           40|
    |co_pres_181_U    |srt_pres_RAM_2P_LUTRAM_1R1W     |        0|    2|    3|    0|    40|    1|     1|           40|
    |co_pres_182_U    |srt_pres_RAM_2P_LUTRAM_1R1W     |        0|    2|    3|    0|    40|    1|     1|           40|
    |co_pres_183_U    |srt_pres_RAM_2P_LUTRAM_1R1W     |        0|    2|    3|    0|    40|    1|     1|           40|
    |co_pres_184_U    |srt_pres_RAM_2P_LUTRAM_1R1W     |        0|    2|    3|    0|    40|    1|     1|           40|
    |co_pres_185_U    |srt_pres_RAM_2P_LUTRAM_1R1W     |        0|    2|    3|    0|    40|    1|     1|           40|
    |co_pres_186_U    |srt_pres_RAM_2P_LUTRAM_1R1W     |        0|    2|    3|    0|    40|    1|     1|           40|
    |co_pres_187_U    |srt_pres_RAM_2P_LUTRAM_1R1W     |        0|    2|    3|    0|    40|    1|     1|           40|
    |co_pres_188_U    |srt_pres_RAM_2P_LUTRAM_1R1W     |        0|    2|    3|    0|    40|    1|     1|           40|
    |co_pres_189_U    |srt_pres_RAM_2P_LUTRAM_1R1W     |        0|    2|    3|    0|    40|    1|     1|           40|
    |co_pres_190_U    |srt_pres_RAM_2P_LUTRAM_1R1W     |        0|    2|    3|    0|    40|    1|     1|           40|
    |co_pres_191_U    |srt_pres_RAM_2P_LUTRAM_1R1W     |        0|    2|    3|    0|    40|    1|     1|           40|
    |co_pres_192_U    |srt_pres_RAM_2P_LUTRAM_1R1W     |        0|    2|    3|    0|    40|    1|     1|           40|
    |co_pres_193_U    |srt_pres_RAM_2P_LUTRAM_1R1W     |        0|    2|    3|    0|    40|    1|     1|           40|
    |co_pres_194_U    |srt_pres_RAM_2P_LUTRAM_1R1W     |        0|    2|    3|    0|    40|    1|     1|           40|
    |co_pres_195_U    |srt_pres_RAM_2P_LUTRAM_1R1W     |        0|    2|    3|    0|    40|    1|     1|           40|
    |co_pres_196_U    |srt_pres_RAM_2P_LUTRAM_1R1W     |        0|    2|    3|    0|    40|    1|     1|           40|
    |co_pres_197_U    |srt_pres_RAM_2P_LUTRAM_1R1W     |        0|    2|    3|    0|    40|    1|     1|           40|
    |co_pres_198_U    |srt_pres_RAM_2P_LUTRAM_1R1W     |        0|    2|    3|    0|    40|    1|     1|           40|
    |co_pres_199_U    |srt_pres_RAM_2P_LUTRAM_1R1W     |        0|    2|    3|    0|    40|    1|     1|           40|
    |co_pres_200_U    |srt_pres_RAM_2P_LUTRAM_1R1W     |        0|    2|    3|    0|    40|    1|     1|           40|
    |co_pres_201_U    |srt_pres_RAM_2P_LUTRAM_1R1W     |        0|    2|    3|    0|    40|    1|     1|           40|
    |co_pres_202_U    |srt_pres_RAM_2P_LUTRAM_1R1W     |        0|    2|    3|    0|    40|    1|     1|           40|
    |co_pres_203_U    |srt_pres_RAM_2P_LUTRAM_1R1W     |        0|    2|    3|    0|    40|    1|     1|           40|
    |co_pres_204_U    |srt_pres_RAM_2P_LUTRAM_1R1W     |        0|    2|    3|    0|    40|    1|     1|           40|
    |co_pres_205_U    |srt_pres_RAM_2P_LUTRAM_1R1W     |        0|    2|    3|    0|    40|    1|     1|           40|
    |co_pres_206_U    |srt_pres_RAM_2P_LUTRAM_1R1W     |        0|    2|    3|    0|    40|    1|     1|           40|
    |co_pres_207_U    |srt_pres_RAM_2P_LUTRAM_1R1W     |        0|    2|    3|    0|    40|    1|     1|           40|
    |co_pres_208_U    |srt_pres_RAM_2P_LUTRAM_1R1W     |        0|    2|    3|    0|    40|    1|     1|           40|
    |co_pres_209_U    |srt_pres_RAM_2P_LUTRAM_1R1W     |        0|    2|    3|    0|    40|    1|     1|           40|
    |co_pres_210_U    |srt_pres_RAM_2P_LUTRAM_1R1W     |        0|    2|    3|    0|    40|    1|     1|           40|
    |co_pres_211_U    |srt_pres_RAM_2P_LUTRAM_1R1W     |        0|    2|    3|    0|    40|    1|     1|           40|
    |co_pres_212_U    |srt_pres_RAM_2P_LUTRAM_1R1W     |        0|    2|    3|    0|    40|    1|     1|           40|
    |co_pres_213_U    |srt_pres_RAM_2P_LUTRAM_1R1W     |        0|    2|    3|    0|    40|    1|     1|           40|
    |co_pres_214_U    |srt_pres_RAM_2P_LUTRAM_1R1W     |        0|    2|    3|    0|    40|    1|     1|           40|
    |co_pres_215_U    |srt_pres_RAM_2P_LUTRAM_1R1W     |        0|    2|    3|    0|    40|    1|     1|           40|
    |co_pres_216_U    |srt_pres_RAM_2P_LUTRAM_1R1W     |        0|    2|    3|    0|    40|    1|     1|           40|
    |co_pres_217_U    |srt_pres_RAM_2P_LUTRAM_1R1W     |        0|    2|    3|    0|    40|    1|     1|           40|
    |co_pres_218_U    |srt_pres_RAM_2P_LUTRAM_1R1W     |        0|    2|    3|    0|    40|    1|     1|           40|
    |co_pres_219_U    |srt_pres_RAM_2P_LUTRAM_1R1W     |        0|    2|    3|    0|    40|    1|     1|           40|
    |co_pres_220_U    |srt_pres_RAM_2P_LUTRAM_1R1W     |        0|    2|    3|    0|    40|    1|     1|           40|
    |co_pres_221_U    |srt_pres_RAM_2P_LUTRAM_1R1W     |        0|    2|    3|    0|    40|    1|     1|           40|
    |co_pres_222_U    |srt_pres_RAM_2P_LUTRAM_1R1W     |        0|    2|    3|    0|    40|    1|     1|           40|
    |co_pres_223_U    |srt_pres_RAM_2P_LUTRAM_1R1W     |        0|    2|    3|    0|    40|    1|     1|           40|
    |co_pres_224_U    |srt_pres_RAM_2P_LUTRAM_1R1W     |        0|    2|    3|    0|    40|    1|     1|           40|
    |srt_val_U        |srt_val_RAM_2P_BRAM_1R1W        |        4|    0|    0|    0|    40|  127|     1|         5080|
    |srt_val_1_U      |srt_val_RAM_2P_BRAM_1R1W        |        4|    0|    0|    0|    40|  127|     1|         5080|
    |srt_val_2_U      |srt_val_RAM_2P_BRAM_1R1W        |        4|    0|    0|    0|    40|  127|     1|         5080|
    |srt_val_3_U      |srt_val_RAM_2P_BRAM_1R1W        |        4|    0|    0|    0|    40|  127|     1|         5080|
    |srt_val_4_U      |srt_val_RAM_2P_BRAM_1R1W        |        4|    0|    0|    0|    40|  127|     1|         5080|
    |srt_val_5_U      |srt_val_RAM_2P_BRAM_1R1W        |        4|    0|    0|    0|    40|  127|     1|         5080|
    |srt_val_6_U      |srt_val_RAM_2P_BRAM_1R1W        |        4|    0|    0|    0|    40|  127|     1|         5080|
    |srt_val_7_U      |srt_val_RAM_2P_BRAM_1R1W        |        4|    0|    0|    0|    40|  127|     1|         5080|
    |srt_val_8_U      |srt_val_RAM_2P_BRAM_1R1W        |        4|    0|    0|    0|    40|  127|     1|         5080|
    |srt_val_9_U      |srt_val_RAM_2P_BRAM_1R1W        |        4|    0|    0|    0|    40|  127|     1|         5080|
    |srt_val_10_U     |srt_val_RAM_2P_BRAM_1R1W        |        4|    0|    0|    0|    40|  127|     1|         5080|
    |srt_val_11_U     |srt_val_RAM_2P_BRAM_1R1W        |        4|    0|    0|    0|    40|  127|     1|         5080|
    |srt_val_12_U     |srt_val_RAM_2P_BRAM_1R1W        |        4|    0|    0|    0|    40|  127|     1|         5080|
    |srt_val_13_U     |srt_val_RAM_2P_BRAM_1R1W        |        4|    0|    0|    0|    40|  127|     1|         5080|
    |srt_val_14_U     |srt_val_RAM_2P_BRAM_1R1W        |        4|    0|    0|    0|    40|  127|     1|         5080|
    |srt_val_15_U     |srt_val_RAM_2P_BRAM_1R1W        |        4|    0|    0|    0|    40|  127|     1|         5080|
    |srt_val_16_U     |srt_val_RAM_2P_BRAM_1R1W        |        4|    0|    0|    0|    40|  127|     1|         5080|
    |srt_val_17_U     |srt_val_RAM_2P_BRAM_1R1W        |        4|    0|    0|    0|    40|  127|     1|         5080|
    |srt_val_18_U     |srt_val_RAM_2P_BRAM_1R1W        |        4|    0|    0|    0|    40|  127|     1|         5080|
    |srt_val_19_U     |srt_val_RAM_2P_BRAM_1R1W        |        4|    0|    0|    0|    40|  127|     1|         5080|
    |srt_val_20_U     |srt_val_RAM_2P_BRAM_1R1W        |        4|    0|    0|    0|    40|  127|     1|         5080|
    |srt_val_21_U     |srt_val_RAM_2P_BRAM_1R1W        |        4|    0|    0|    0|    40|  127|     1|         5080|
    |srt_val_22_U     |srt_val_RAM_2P_BRAM_1R1W        |        4|    0|    0|    0|    40|  127|     1|         5080|
    |srt_val_23_U     |srt_val_RAM_2P_BRAM_1R1W        |        4|    0|    0|    0|    40|  127|     1|         5080|
    |srt_val_24_U     |srt_val_RAM_2P_BRAM_1R1W        |        4|    0|    0|    0|    40|  127|     1|         5080|
    |srt_val_25_U     |srt_val_RAM_2P_BRAM_1R1W        |        4|    0|    0|    0|    40|  127|     1|         5080|
    |srt_val_26_U     |srt_val_RAM_2P_BRAM_1R1W        |        4|    0|    0|    0|    40|  127|     1|         5080|
    |srt_val_27_U     |srt_val_RAM_2P_BRAM_1R1W        |        4|    0|    0|    0|    40|  127|     1|         5080|
    |srt_val_28_U     |srt_val_RAM_2P_BRAM_1R1W        |        4|    0|    0|    0|    40|  127|     1|         5080|
    |srt_val_29_U     |srt_val_RAM_2P_BRAM_1R1W        |        4|    0|    0|    0|    40|  127|     1|         5080|
    |srt_val_30_U     |srt_val_RAM_2P_BRAM_1R1W        |        4|    0|    0|    0|    40|  127|     1|         5080|
    |srt_val_31_U     |srt_val_RAM_2P_BRAM_1R1W        |        4|    0|    0|    0|    40|  127|     1|         5080|
    |srt_val_32_U     |srt_val_RAM_2P_BRAM_1R1W        |        4|    0|    0|    0|    40|  127|     1|         5080|
    |srt_val_33_U     |srt_val_RAM_2P_BRAM_1R1W        |        4|    0|    0|    0|    40|  127|     1|         5080|
    |srt_val_34_U     |srt_val_RAM_2P_BRAM_1R1W        |        4|    0|    0|    0|    40|  127|     1|         5080|
    |srt_val_35_U     |srt_val_RAM_2P_BRAM_1R1W        |        4|    0|    0|    0|    40|  127|     1|         5080|
    |srt_val_36_U     |srt_val_RAM_2P_BRAM_1R1W        |        4|    0|    0|    0|    40|  127|     1|         5080|
    |srt_val_37_U     |srt_val_RAM_2P_BRAM_1R1W        |        4|    0|    0|    0|    40|  127|     1|         5080|
    |srt_val_38_U     |srt_val_RAM_2P_BRAM_1R1W        |        4|    0|    0|    0|    40|  127|     1|         5080|
    |srt_val_39_U     |srt_val_RAM_2P_BRAM_1R1W        |        4|    0|    0|    0|    40|  127|     1|         5080|
    |srt_val_40_U     |srt_val_RAM_2P_BRAM_1R1W        |        4|    0|    0|    0|    40|  127|     1|         5080|
    |srt_val_41_U     |srt_val_RAM_2P_BRAM_1R1W        |        4|    0|    0|    0|    40|  127|     1|         5080|
    |srt_val_42_U     |srt_val_RAM_2P_BRAM_1R1W        |        4|    0|    0|    0|    40|  127|     1|         5080|
    |srt_val_43_U     |srt_val_RAM_2P_BRAM_1R1W        |        4|    0|    0|    0|    40|  127|     1|         5080|
    |srt_val_44_U     |srt_val_RAM_2P_BRAM_1R1W        |        4|    0|    0|    0|    40|  127|     1|         5080|
    |srt_val_45_U     |srt_val_RAM_2P_BRAM_1R1W        |        4|    0|    0|    0|    40|  127|     1|         5080|
    |srt_val_46_U     |srt_val_RAM_2P_BRAM_1R1W        |        4|    0|    0|    0|    40|  127|     1|         5080|
    |srt_val_47_U     |srt_val_RAM_2P_BRAM_1R1W        |        4|    0|    0|    0|    40|  127|     1|         5080|
    |srt_val_48_U     |srt_val_RAM_2P_BRAM_1R1W        |        4|    0|    0|    0|    40|  127|     1|         5080|
    |srt_val_49_U     |srt_val_RAM_2P_BRAM_1R1W        |        4|    0|    0|    0|    40|  127|     1|         5080|
    |srt_val_50_U     |srt_val_RAM_2P_BRAM_1R1W        |        4|    0|    0|    0|    40|  127|     1|         5080|
    |srt_val_51_U     |srt_val_RAM_2P_BRAM_1R1W        |        4|    0|    0|    0|    40|  127|     1|         5080|
    |srt_val_52_U     |srt_val_RAM_2P_BRAM_1R1W        |        4|    0|    0|    0|    40|  127|     1|         5080|
    |srt_val_53_U     |srt_val_RAM_2P_BRAM_1R1W        |        4|    0|    0|    0|    40|  127|     1|         5080|
    |srt_val_54_U     |srt_val_RAM_2P_BRAM_1R1W        |        4|    0|    0|    0|    40|  127|     1|         5080|
    |srt_val_55_U     |srt_val_RAM_2P_BRAM_1R1W        |        4|    0|    0|    0|    40|  127|     1|         5080|
    |srt_val_56_U     |srt_val_RAM_2P_BRAM_1R1W        |        4|    0|    0|    0|    40|  127|     1|         5080|
    |srt_val_57_U     |srt_val_RAM_2P_BRAM_1R1W        |        4|    0|    0|    0|    40|  127|     1|         5080|
    |srt_val_58_U     |srt_val_RAM_2P_BRAM_1R1W        |        4|    0|    0|    0|    40|  127|     1|         5080|
    |srt_val_59_U     |srt_val_RAM_2P_BRAM_1R1W        |        4|    0|    0|    0|    40|  127|     1|         5080|
    |srt_val_60_U     |srt_val_RAM_2P_BRAM_1R1W        |        4|    0|    0|    0|    40|  127|     1|         5080|
    |srt_val_61_U     |srt_val_RAM_2P_BRAM_1R1W        |        4|    0|    0|    0|    40|  127|     1|         5080|
    |srt_val_62_U     |srt_val_RAM_2P_BRAM_1R1W        |        4|    0|    0|    0|    40|  127|     1|         5080|
    |srt_val_63_U     |srt_val_RAM_2P_BRAM_1R1W        |        4|    0|    0|    0|    40|  127|     1|         5080|
    |srt_val_64_U     |srt_val_RAM_2P_BRAM_1R1W        |        4|    0|    0|    0|    40|  127|     1|         5080|
    |srt_val_65_U     |srt_val_RAM_2P_BRAM_1R1W        |        4|    0|    0|    0|    40|  127|     1|         5080|
    |srt_val_66_U     |srt_val_RAM_2P_BRAM_1R1W        |        4|    0|    0|    0|    40|  127|     1|         5080|
    |srt_val_67_U     |srt_val_RAM_2P_BRAM_1R1W        |        4|    0|    0|    0|    40|  127|     1|         5080|
    |srt_val_68_U     |srt_val_RAM_2P_BRAM_1R1W        |        4|    0|    0|    0|    40|  127|     1|         5080|
    |srt_val_69_U     |srt_val_RAM_2P_BRAM_1R1W        |        4|    0|    0|    0|    40|  127|     1|         5080|
    |srt_val_70_U     |srt_val_RAM_2P_BRAM_1R1W        |        4|    0|    0|    0|    40|  127|     1|         5080|
    |srt_val_71_U     |srt_val_RAM_2P_BRAM_1R1W        |        4|    0|    0|    0|    40|  127|     1|         5080|
    |srt_val_72_U     |srt_val_RAM_2P_BRAM_1R1W        |        4|    0|    0|    0|    40|  127|     1|         5080|
    |srt_val_73_U     |srt_val_RAM_2P_BRAM_1R1W        |        4|    0|    0|    0|    40|  127|     1|         5080|
    |srt_val_74_U     |srt_val_RAM_2P_BRAM_1R1W        |        4|    0|    0|    0|    40|  127|     1|         5080|
    |srt_val_75_U     |srt_val_RAM_2P_BRAM_1R1W        |        4|    0|    0|    0|    40|  127|     1|         5080|
    |srt_val_76_U     |srt_val_RAM_2P_BRAM_1R1W        |        4|    0|    0|    0|    40|  127|     1|         5080|
    |srt_val_77_U     |srt_val_RAM_2P_BRAM_1R1W        |        4|    0|    0|    0|    40|  127|     1|         5080|
    |srt_val_78_U     |srt_val_RAM_2P_BRAM_1R1W        |        4|    0|    0|    0|    40|  127|     1|         5080|
    |srt_val_79_U     |srt_val_RAM_2P_BRAM_1R1W        |        4|    0|    0|    0|    40|  127|     1|         5080|
    |srt_val_80_U     |srt_val_RAM_2P_BRAM_1R1W        |        4|    0|    0|    0|    40|  127|     1|         5080|
    |srt_val_81_U     |srt_val_RAM_2P_BRAM_1R1W        |        4|    0|    0|    0|    40|  127|     1|         5080|
    |srt_val_82_U     |srt_val_RAM_2P_BRAM_1R1W        |        4|    0|    0|    0|    40|  127|     1|         5080|
    |srt_val_83_U     |srt_val_RAM_2P_BRAM_1R1W        |        4|    0|    0|    0|    40|  127|     1|         5080|
    |srt_val_84_U     |srt_val_RAM_2P_BRAM_1R1W        |        4|    0|    0|    0|    40|  127|     1|         5080|
    |srt_val_85_U     |srt_val_RAM_2P_BRAM_1R1W        |        4|    0|    0|    0|    40|  127|     1|         5080|
    |srt_val_86_U     |srt_val_RAM_2P_BRAM_1R1W        |        4|    0|    0|    0|    40|  127|     1|         5080|
    |srt_val_87_U     |srt_val_RAM_2P_BRAM_1R1W        |        4|    0|    0|    0|    40|  127|     1|         5080|
    |srt_val_88_U     |srt_val_RAM_2P_BRAM_1R1W        |        4|    0|    0|    0|    40|  127|     1|         5080|
    |srt_val_89_U     |srt_val_RAM_2P_BRAM_1R1W        |        4|    0|    0|    0|    40|  127|     1|         5080|
    |srt_val_90_U     |srt_val_RAM_2P_BRAM_1R1W        |        4|    0|    0|    0|    40|  127|     1|         5080|
    |srt_val_91_U     |srt_val_RAM_2P_BRAM_1R1W        |        4|    0|    0|    0|    40|  127|     1|         5080|
    |srt_val_92_U     |srt_val_RAM_2P_BRAM_1R1W        |        4|    0|    0|    0|    40|  127|     1|         5080|
    |srt_val_93_U     |srt_val_RAM_2P_BRAM_1R1W        |        4|    0|    0|    0|    40|  127|     1|         5080|
    |srt_val_94_U     |srt_val_RAM_2P_BRAM_1R1W        |        4|    0|    0|    0|    40|  127|     1|         5080|
    |srt_val_95_U     |srt_val_RAM_2P_BRAM_1R1W        |        4|    0|    0|    0|    40|  127|     1|         5080|
    |srt_val_96_U     |srt_val_RAM_2P_BRAM_1R1W        |        4|    0|    0|    0|    40|  127|     1|         5080|
    |srt_val_97_U     |srt_val_RAM_2P_BRAM_1R1W        |        4|    0|    0|    0|    40|  127|     1|         5080|
    |srt_val_98_U     |srt_val_RAM_2P_BRAM_1R1W        |        4|    0|    0|    0|    40|  127|     1|         5080|
    |srt_val_99_U     |srt_val_RAM_2P_BRAM_1R1W        |        4|    0|    0|    0|    40|  127|     1|         5080|
    |srt_val_100_U    |srt_val_RAM_2P_BRAM_1R1W        |        4|    0|    0|    0|    40|  127|     1|         5080|
    |srt_val_101_U    |srt_val_RAM_2P_BRAM_1R1W        |        4|    0|    0|    0|    40|  127|     1|         5080|
    |srt_val_102_U    |srt_val_RAM_2P_BRAM_1R1W        |        4|    0|    0|    0|    40|  127|     1|         5080|
    |srt_val_103_U    |srt_val_RAM_2P_BRAM_1R1W        |        4|    0|    0|    0|    40|  127|     1|         5080|
    |srt_val_104_U    |srt_val_RAM_2P_BRAM_1R1W        |        4|    0|    0|    0|    40|  127|     1|         5080|
    |srt_val_105_U    |srt_val_RAM_2P_BRAM_1R1W        |        4|    0|    0|    0|    40|  127|     1|         5080|
    |srt_val_106_U    |srt_val_RAM_2P_BRAM_1R1W        |        4|    0|    0|    0|    40|  127|     1|         5080|
    |srt_val_107_U    |srt_val_RAM_2P_BRAM_1R1W        |        4|    0|    0|    0|    40|  127|     1|         5080|
    |srt_val_108_U    |srt_val_RAM_2P_BRAM_1R1W        |        4|    0|    0|    0|    40|  127|     1|         5080|
    |srt_val_109_U    |srt_val_RAM_2P_BRAM_1R1W        |        4|    0|    0|    0|    40|  127|     1|         5080|
    |srt_val_110_U    |srt_val_RAM_2P_BRAM_1R1W        |        4|    0|    0|    0|    40|  127|     1|         5080|
    |srt_val_111_U    |srt_val_RAM_2P_BRAM_1R1W        |        4|    0|    0|    0|    40|  127|     1|         5080|
    |srt_val_112_U    |srt_val_RAM_2P_BRAM_1R1W        |        4|    0|    0|    0|    40|  127|     1|         5080|
    |srt_val_113_U    |srt_val_RAM_2P_BRAM_1R1W        |        4|    0|    0|    0|    40|  127|     1|         5080|
    |srt_val_114_U    |srt_val_RAM_2P_BRAM_1R1W        |        4|    0|    0|    0|    40|  127|     1|         5080|
    |srt_val_115_U    |srt_val_RAM_2P_BRAM_1R1W        |        4|    0|    0|    0|    40|  127|     1|         5080|
    |srt_val_116_U    |srt_val_RAM_2P_BRAM_1R1W        |        4|    0|    0|    0|    40|  127|     1|         5080|
    |srt_val_117_U    |srt_val_RAM_2P_BRAM_1R1W        |        4|    0|    0|    0|    40|  127|     1|         5080|
    |srt_val_118_U    |srt_val_RAM_2P_BRAM_1R1W        |        4|    0|    0|    0|    40|  127|     1|         5080|
    |srt_val_119_U    |srt_val_RAM_2P_BRAM_1R1W        |        4|    0|    0|    0|    40|  127|     1|         5080|
    |srt_val_120_U    |srt_val_RAM_2P_BRAM_1R1W        |        4|    0|    0|    0|    40|  127|     1|         5080|
    |srt_val_121_U    |srt_val_RAM_2P_BRAM_1R1W        |        4|    0|    0|    0|    40|  127|     1|         5080|
    |srt_val_122_U    |srt_val_RAM_2P_BRAM_1R1W        |        4|    0|    0|    0|    40|  127|     1|         5080|
    |srt_val_123_U    |srt_val_RAM_2P_BRAM_1R1W        |        4|    0|    0|    0|    40|  127|     1|         5080|
    |srt_val_124_U    |srt_val_RAM_2P_BRAM_1R1W        |        4|    0|    0|    0|    40|  127|     1|         5080|
    |srt_val_125_U    |srt_val_RAM_2P_BRAM_1R1W        |        4|    0|    0|    0|    40|  127|     1|         5080|
    |srt_val_126_U    |srt_val_RAM_2P_BRAM_1R1W        |        4|    0|    0|    0|    40|  127|     1|         5080|
    |srt_val_127_U    |srt_val_RAM_2P_BRAM_1R1W        |        4|    0|    0|    0|    40|  127|     1|         5080|
    |srt_val_128_U    |srt_val_RAM_2P_BRAM_1R1W        |        4|    0|    0|    0|    40|  127|     1|         5080|
    |srt_val_129_U    |srt_val_RAM_2P_BRAM_1R1W        |        4|    0|    0|    0|    40|  127|     1|         5080|
    |srt_val_130_U    |srt_val_RAM_2P_BRAM_1R1W        |        4|    0|    0|    0|    40|  127|     1|         5080|
    |srt_val_131_U    |srt_val_RAM_2P_BRAM_1R1W        |        4|    0|    0|    0|    40|  127|     1|         5080|
    |srt_val_132_U    |srt_val_RAM_2P_BRAM_1R1W        |        4|    0|    0|    0|    40|  127|     1|         5080|
    |srt_val_133_U    |srt_val_RAM_2P_BRAM_1R1W        |        4|    0|    0|    0|    40|  127|     1|         5080|
    |srt_val_134_U    |srt_val_RAM_2P_BRAM_1R1W        |        4|    0|    0|    0|    40|  127|     1|         5080|
    |srt_val_135_U    |srt_val_RAM_2P_BRAM_1R1W        |        4|    0|    0|    0|    40|  127|     1|         5080|
    |srt_val_136_U    |srt_val_RAM_2P_BRAM_1R1W        |        4|    0|    0|    0|    40|  127|     1|         5080|
    |srt_val_137_U    |srt_val_RAM_2P_BRAM_1R1W        |        4|    0|    0|    0|    40|  127|     1|         5080|
    |srt_val_138_U    |srt_val_RAM_2P_BRAM_1R1W        |        4|    0|    0|    0|    40|  127|     1|         5080|
    |srt_val_139_U    |srt_val_RAM_2P_BRAM_1R1W        |        4|    0|    0|    0|    40|  127|     1|         5080|
    |srt_val_140_U    |srt_val_RAM_2P_BRAM_1R1W        |        4|    0|    0|    0|    40|  127|     1|         5080|
    |srt_val_141_U    |srt_val_RAM_2P_BRAM_1R1W        |        4|    0|    0|    0|    40|  127|     1|         5080|
    |srt_val_142_U    |srt_val_RAM_2P_BRAM_1R1W        |        4|    0|    0|    0|    40|  127|     1|         5080|
    |srt_val_143_U    |srt_val_RAM_2P_BRAM_1R1W        |        4|    0|    0|    0|    40|  127|     1|         5080|
    |srt_val_144_U    |srt_val_RAM_2P_BRAM_1R1W        |        4|    0|    0|    0|    40|  127|     1|         5080|
    |srt_val_145_U    |srt_val_RAM_2P_BRAM_1R1W        |        4|    0|    0|    0|    40|  127|     1|         5080|
    |srt_val_146_U    |srt_val_RAM_2P_BRAM_1R1W        |        4|    0|    0|    0|    40|  127|     1|         5080|
    |srt_val_147_U    |srt_val_RAM_2P_BRAM_1R1W        |        4|    0|    0|    0|    40|  127|     1|         5080|
    |srt_val_148_U    |srt_val_RAM_2P_BRAM_1R1W        |        4|    0|    0|    0|    40|  127|     1|         5080|
    |srt_val_149_U    |srt_val_RAM_2P_BRAM_1R1W        |        4|    0|    0|    0|    40|  127|     1|         5080|
    |srt_val_150_U    |srt_val_RAM_2P_BRAM_1R1W        |        4|    0|    0|    0|    40|  127|     1|         5080|
    |srt_val_151_U    |srt_val_RAM_2P_BRAM_1R1W        |        4|    0|    0|    0|    40|  127|     1|         5080|
    |srt_val_152_U    |srt_val_RAM_2P_BRAM_1R1W        |        4|    0|    0|    0|    40|  127|     1|         5080|
    |srt_val_153_U    |srt_val_RAM_2P_BRAM_1R1W        |        4|    0|    0|    0|    40|  127|     1|         5080|
    |srt_val_154_U    |srt_val_RAM_2P_BRAM_1R1W        |        4|    0|    0|    0|    40|  127|     1|         5080|
    |srt_val_155_U    |srt_val_RAM_2P_BRAM_1R1W        |        4|    0|    0|    0|    40|  127|     1|         5080|
    |srt_val_156_U    |srt_val_RAM_2P_BRAM_1R1W        |        4|    0|    0|    0|    40|  127|     1|         5080|
    |srt_val_157_U    |srt_val_RAM_2P_BRAM_1R1W        |        4|    0|    0|    0|    40|  127|     1|         5080|
    |srt_val_158_U    |srt_val_RAM_2P_BRAM_1R1W        |        4|    0|    0|    0|    40|  127|     1|         5080|
    |srt_val_159_U    |srt_val_RAM_2P_BRAM_1R1W        |        4|    0|    0|    0|    40|  127|     1|         5080|
    |srt_val_160_U    |srt_val_RAM_2P_BRAM_1R1W        |        4|    0|    0|    0|    40|  127|     1|         5080|
    |srt_val_161_U    |srt_val_RAM_2P_BRAM_1R1W        |        4|    0|    0|    0|    40|  127|     1|         5080|
    |srt_val_162_U    |srt_val_RAM_2P_BRAM_1R1W        |        4|    0|    0|    0|    40|  127|     1|         5080|
    |srt_val_163_U    |srt_val_RAM_2P_BRAM_1R1W        |        4|    0|    0|    0|    40|  127|     1|         5080|
    |srt_val_164_U    |srt_val_RAM_2P_BRAM_1R1W        |        4|    0|    0|    0|    40|  127|     1|         5080|
    |srt_val_165_U    |srt_val_RAM_2P_BRAM_1R1W        |        4|    0|    0|    0|    40|  127|     1|         5080|
    |srt_val_166_U    |srt_val_RAM_2P_BRAM_1R1W        |        4|    0|    0|    0|    40|  127|     1|         5080|
    |srt_val_167_U    |srt_val_RAM_2P_BRAM_1R1W        |        4|    0|    0|    0|    40|  127|     1|         5080|
    |srt_val_168_U    |srt_val_RAM_2P_BRAM_1R1W        |        4|    0|    0|    0|    40|  127|     1|         5080|
    |srt_val_169_U    |srt_val_RAM_2P_BRAM_1R1W        |        4|    0|    0|    0|    40|  127|     1|         5080|
    |srt_val_170_U    |srt_val_RAM_2P_BRAM_1R1W        |        4|    0|    0|    0|    40|  127|     1|         5080|
    |srt_val_171_U    |srt_val_RAM_2P_BRAM_1R1W        |        4|    0|    0|    0|    40|  127|     1|         5080|
    |srt_val_172_U    |srt_val_RAM_2P_BRAM_1R1W        |        4|    0|    0|    0|    40|  127|     1|         5080|
    |srt_val_173_U    |srt_val_RAM_2P_BRAM_1R1W        |        4|    0|    0|    0|    40|  127|     1|         5080|
    |srt_val_174_U    |srt_val_RAM_2P_BRAM_1R1W        |        4|    0|    0|    0|    40|  127|     1|         5080|
    |srt_val_175_U    |srt_val_RAM_2P_BRAM_1R1W        |        4|    0|    0|    0|    40|  127|     1|         5080|
    |srt_val_176_U    |srt_val_RAM_2P_BRAM_1R1W        |        4|    0|    0|    0|    40|  127|     1|         5080|
    |srt_val_177_U    |srt_val_RAM_2P_BRAM_1R1W        |        4|    0|    0|    0|    40|  127|     1|         5080|
    |srt_val_178_U    |srt_val_RAM_2P_BRAM_1R1W        |        4|    0|    0|    0|    40|  127|     1|         5080|
    |srt_val_179_U    |srt_val_RAM_2P_BRAM_1R1W        |        4|    0|    0|    0|    40|  127|     1|         5080|
    |srt_val_180_U    |srt_val_RAM_2P_BRAM_1R1W        |        4|    0|    0|    0|    40|  127|     1|         5080|
    |srt_val_181_U    |srt_val_RAM_2P_BRAM_1R1W        |        4|    0|    0|    0|    40|  127|     1|         5080|
    |srt_val_182_U    |srt_val_RAM_2P_BRAM_1R1W        |        4|    0|    0|    0|    40|  127|     1|         5080|
    |srt_val_183_U    |srt_val_RAM_2P_BRAM_1R1W        |        4|    0|    0|    0|    40|  127|     1|         5080|
    |srt_val_184_U    |srt_val_RAM_2P_BRAM_1R1W        |        4|    0|    0|    0|    40|  127|     1|         5080|
    |srt_val_185_U    |srt_val_RAM_2P_BRAM_1R1W        |        4|    0|    0|    0|    40|  127|     1|         5080|
    |srt_val_186_U    |srt_val_RAM_2P_BRAM_1R1W        |        4|    0|    0|    0|    40|  127|     1|         5080|
    |srt_val_187_U    |srt_val_RAM_2P_BRAM_1R1W        |        4|    0|    0|    0|    40|  127|     1|         5080|
    |srt_val_188_U    |srt_val_RAM_2P_BRAM_1R1W        |        4|    0|    0|    0|    40|  127|     1|         5080|
    |srt_val_189_U    |srt_val_RAM_2P_BRAM_1R1W        |        4|    0|    0|    0|    40|  127|     1|         5080|
    |srt_val_190_U    |srt_val_RAM_2P_BRAM_1R1W        |        4|    0|    0|    0|    40|  127|     1|         5080|
    |srt_val_191_U    |srt_val_RAM_2P_BRAM_1R1W        |        4|    0|    0|    0|    40|  127|     1|         5080|
    |srt_val_192_U    |srt_val_RAM_2P_BRAM_1R1W        |        4|    0|    0|    0|    40|  127|     1|         5080|
    |srt_val_193_U    |srt_val_RAM_2P_BRAM_1R1W        |        4|    0|    0|    0|    40|  127|     1|         5080|
    |srt_val_194_U    |srt_val_RAM_2P_BRAM_1R1W        |        4|    0|    0|    0|    40|  127|     1|         5080|
    |srt_val_195_U    |srt_val_RAM_2P_BRAM_1R1W        |        4|    0|    0|    0|    40|  127|     1|         5080|
    |srt_val_196_U    |srt_val_RAM_2P_BRAM_1R1W        |        4|    0|    0|    0|    40|  127|     1|         5080|
    |srt_val_197_U    |srt_val_RAM_2P_BRAM_1R1W        |        4|    0|    0|    0|    40|  127|     1|         5080|
    |srt_val_198_U    |srt_val_RAM_2P_BRAM_1R1W        |        4|    0|    0|    0|    40|  127|     1|         5080|
    |srt_val_199_U    |srt_val_RAM_2P_BRAM_1R1W        |        4|    0|    0|    0|    40|  127|     1|         5080|
    |srt_val_200_U    |srt_val_RAM_2P_BRAM_1R1W        |        4|    0|    0|    0|    40|  127|     1|         5080|
    |srt_val_201_U    |srt_val_RAM_2P_BRAM_1R1W        |        4|    0|    0|    0|    40|  127|     1|         5080|
    |srt_val_202_U    |srt_val_RAM_2P_BRAM_1R1W        |        4|    0|    0|    0|    40|  127|     1|         5080|
    |srt_val_203_U    |srt_val_RAM_2P_BRAM_1R1W        |        4|    0|    0|    0|    40|  127|     1|         5080|
    |srt_val_204_U    |srt_val_RAM_2P_BRAM_1R1W        |        4|    0|    0|    0|    40|  127|     1|         5080|
    |srt_val_205_U    |srt_val_RAM_2P_BRAM_1R1W        |        4|    0|    0|    0|    40|  127|     1|         5080|
    |srt_val_206_U    |srt_val_RAM_2P_BRAM_1R1W        |        4|    0|    0|    0|    40|  127|     1|         5080|
    |srt_val_207_U    |srt_val_RAM_2P_BRAM_1R1W        |        4|    0|    0|    0|    40|  127|     1|         5080|
    |srt_val_208_U    |srt_val_RAM_2P_BRAM_1R1W        |        4|    0|    0|    0|    40|  127|     1|         5080|
    |srt_val_209_U    |srt_val_RAM_2P_BRAM_1R1W        |        4|    0|    0|    0|    40|  127|     1|         5080|
    |srt_val_210_U    |srt_val_RAM_2P_BRAM_1R1W        |        4|    0|    0|    0|    40|  127|     1|         5080|
    |srt_val_211_U    |srt_val_RAM_2P_BRAM_1R1W        |        4|    0|    0|    0|    40|  127|     1|         5080|
    |srt_val_212_U    |srt_val_RAM_2P_BRAM_1R1W        |        4|    0|    0|    0|    40|  127|     1|         5080|
    |srt_val_213_U    |srt_val_RAM_2P_BRAM_1R1W        |        4|    0|    0|    0|    40|  127|     1|         5080|
    |srt_val_214_U    |srt_val_RAM_2P_BRAM_1R1W        |        4|    0|    0|    0|    40|  127|     1|         5080|
    |srt_val_215_U    |srt_val_RAM_2P_BRAM_1R1W        |        4|    0|    0|    0|    40|  127|     1|         5080|
    |srt_val_216_U    |srt_val_RAM_2P_BRAM_1R1W        |        4|    0|    0|    0|    40|  127|     1|         5080|
    |srt_val_217_U    |srt_val_RAM_2P_BRAM_1R1W        |        4|    0|    0|    0|    40|  127|     1|         5080|
    |srt_val_218_U    |srt_val_RAM_2P_BRAM_1R1W        |        4|    0|    0|    0|    40|  127|     1|         5080|
    |srt_val_219_U    |srt_val_RAM_2P_BRAM_1R1W        |        4|    0|    0|    0|    40|  127|     1|         5080|
    |srt_val_220_U    |srt_val_RAM_2P_BRAM_1R1W        |        4|    0|    0|    0|    40|  127|     1|         5080|
    |srt_val_221_U    |srt_val_RAM_2P_BRAM_1R1W        |        4|    0|    0|    0|    40|  127|     1|         5080|
    |srt_val_222_U    |srt_val_RAM_2P_BRAM_1R1W        |        4|    0|    0|    0|    40|  127|     1|         5080|
    |srt_val_223_U    |srt_val_RAM_2P_BRAM_1R1W        |        4|    0|    0|    0|    40|  127|     1|         5080|
    |srt_val_224_U    |srt_val_RAM_2P_BRAM_1R1W        |        4|    0|    0|    0|    40|  127|     1|         5080|
    +-----------------+--------------------------------+---------+-----+-----+-----+------+-----+------+-------------+
    |Total            |                                |      945|18180|19935|    0| 85800|41196|  2025|      1694688|
    +-----------------+--------------------------------+---------+-----+-----+-----+------+-----+------+-------------+

    * FIFO: 
    N/A

    * Expression: 
    N/A

    * Multiplexer: 
    +------------------------+-----+-----------+-----+-----------+
    |          Name          | LUT | Input Size| Bits| Total Bits|
    +------------------------+-----+-----------+-----+-----------+
    |ap_NS_fsm               |   91|         19|    1|         19|
    |buck_10_address0        |   14|          3|    6|         18|
    |buck_10_ce0             |   14|          3|    1|          3|
    |buck_10_we0             |    9|          2|    1|          2|
    |buck_11_address0        |   14|          3|    6|         18|
    |buck_11_ce0             |   14|          3|    1|          3|
    |buck_11_we0             |    9|          2|    1|          2|
    |buck_12_address0        |   14|          3|    6|         18|
    |buck_12_ce0             |   14|          3|    1|          3|
    |buck_12_we0             |    9|          2|    1|          2|
    |buck_13_address0        |   14|          3|    6|         18|
    |buck_13_ce0             |   14|          3|    1|          3|
    |buck_13_we0             |    9|          2|    1|          2|
    |buck_14_address0        |   14|          3|    6|         18|
    |buck_14_ce0             |   14|          3|    1|          3|
    |buck_14_we0             |    9|          2|    1|          2|
    |buck_1_address0         |   14|          3|    6|         18|
    |buck_1_ce0              |   14|          3|    1|          3|
    |buck_1_we0              |    9|          2|    1|          2|
    |buck_2_address0         |   14|          3|    6|         18|
    |buck_2_ce0              |   14|          3|    1|          3|
    |buck_2_we0              |    9|          2|    1|          2|
    |buck_3_address0         |   14|          3|    6|         18|
    |buck_3_ce0              |   14|          3|    1|          3|
    |buck_3_we0              |    9|          2|    1|          2|
    |buck_4_address0         |   14|          3|    6|         18|
    |buck_4_ce0              |   14|          3|    1|          3|
    |buck_4_we0              |    9|          2|    1|          2|
    |buck_5_address0         |   14|          3|    6|         18|
    |buck_5_ce0              |   14|          3|    1|          3|
    |buck_5_we0              |    9|          2|    1|          2|
    |buck_6_address0         |   14|          3|    6|         18|
    |buck_6_ce0              |   14|          3|    1|          3|
    |buck_6_we0              |    9|          2|    1|          2|
    |buck_7_address0         |   14|          3|    6|         18|
    |buck_7_ce0              |   14|          3|    1|          3|
    |buck_7_we0              |    9|          2|    1|          2|
    |buck_8_address0         |   14|          3|    6|         18|
    |buck_8_ce0              |   14|          3|    1|          3|
    |buck_8_we0              |    9|          2|    1|          2|
    |buck_9_address0         |   14|          3|    6|         18|
    |buck_9_ce0              |   14|          3|    1|          3|
    |buck_9_we0              |    9|          2|    1|          2|
    |buck_address0           |   14|          3|    6|         18|
    |buck_ce0                |   14|          3|    1|          3|
    |buck_we0                |    9|          2|    1|          2|
    |co_pres_100_address1    |   14|          3|    6|         18|
    |co_pres_100_ce0         |    9|          2|    1|          2|
    |co_pres_100_ce1         |   14|          3|    1|          3|
    |co_pres_100_d1          |   14|          3|    1|          3|
    |co_pres_100_we1         |   14|          3|    1|          3|
    |co_pres_101_address1    |   14|          3|    6|         18|
    |co_pres_101_ce0         |    9|          2|    1|          2|
    |co_pres_101_ce1         |   14|          3|    1|          3|
    |co_pres_101_d1          |   14|          3|    1|          3|
    |co_pres_101_we1         |   14|          3|    1|          3|
    |co_pres_102_address1    |   14|          3|    6|         18|
    |co_pres_102_ce0         |    9|          2|    1|          2|
    |co_pres_102_ce1         |   14|          3|    1|          3|
    |co_pres_102_d1          |   14|          3|    1|          3|
    |co_pres_102_we1         |   14|          3|    1|          3|
    |co_pres_103_address1    |   14|          3|    6|         18|
    |co_pres_103_ce0         |    9|          2|    1|          2|
    |co_pres_103_ce1         |   14|          3|    1|          3|
    |co_pres_103_d1          |   14|          3|    1|          3|
    |co_pres_103_we1         |   14|          3|    1|          3|
    |co_pres_104_address1    |   14|          3|    6|         18|
    |co_pres_104_ce0         |    9|          2|    1|          2|
    |co_pres_104_ce1         |   14|          3|    1|          3|
    |co_pres_104_d1          |   14|          3|    1|          3|
    |co_pres_104_we1         |   14|          3|    1|          3|
    |co_pres_105_address1    |   14|          3|    6|         18|
    |co_pres_105_ce0         |    9|          2|    1|          2|
    |co_pres_105_ce1         |   14|          3|    1|          3|
    |co_pres_105_d1          |   14|          3|    1|          3|
    |co_pres_105_we1         |   14|          3|    1|          3|
    |co_pres_106_address1    |   14|          3|    6|         18|
    |co_pres_106_ce0         |    9|          2|    1|          2|
    |co_pres_106_ce1         |   14|          3|    1|          3|
    |co_pres_106_d1          |   14|          3|    1|          3|
    |co_pres_106_we1         |   14|          3|    1|          3|
    |co_pres_107_address1    |   14|          3|    6|         18|
    |co_pres_107_ce0         |    9|          2|    1|          2|
    |co_pres_107_ce1         |   14|          3|    1|          3|
    |co_pres_107_d1          |   14|          3|    1|          3|
    |co_pres_107_we1         |   14|          3|    1|          3|
    |co_pres_108_address1    |   14|          3|    6|         18|
    |co_pres_108_ce0         |    9|          2|    1|          2|
    |co_pres_108_ce1         |   14|          3|    1|          3|
    |co_pres_108_d1          |   14|          3|    1|          3|
    |co_pres_108_we1         |   14|          3|    1|          3|
    |co_pres_109_address1    |   14|          3|    6|         18|
    |co_pres_109_ce0         |    9|          2|    1|          2|
    |co_pres_109_ce1         |   14|          3|    1|          3|
    |co_pres_109_d1          |   14|          3|    1|          3|
    |co_pres_109_we1         |   14|          3|    1|          3|
    |co_pres_10_address1     |   14|          3|    6|         18|
    |co_pres_10_ce0          |    9|          2|    1|          2|
    |co_pres_10_ce1          |   14|          3|    1|          3|
    |co_pres_10_d1           |   14|          3|    1|          3|
    |co_pres_10_we1          |   14|          3|    1|          3|
    |co_pres_110_address1    |   14|          3|    6|         18|
    |co_pres_110_ce0         |    9|          2|    1|          2|
    |co_pres_110_ce1         |   14|          3|    1|          3|
    |co_pres_110_d1          |   14|          3|    1|          3|
    |co_pres_110_we1         |   14|          3|    1|          3|
    |co_pres_111_address1    |   14|          3|    6|         18|
    |co_pres_111_ce0         |    9|          2|    1|          2|
    |co_pres_111_ce1         |   14|          3|    1|          3|
    |co_pres_111_d1          |   14|          3|    1|          3|
    |co_pres_111_we1         |   14|          3|    1|          3|
    |co_pres_112_address1    |   14|          3|    6|         18|
    |co_pres_112_ce0         |    9|          2|    1|          2|
    |co_pres_112_ce1         |   14|          3|    1|          3|
    |co_pres_112_d1          |   14|          3|    1|          3|
    |co_pres_112_we1         |   14|          3|    1|          3|
    |co_pres_113_address1    |   14|          3|    6|         18|
    |co_pres_113_ce0         |    9|          2|    1|          2|
    |co_pres_113_ce1         |   14|          3|    1|          3|
    |co_pres_113_d1          |   14|          3|    1|          3|
    |co_pres_113_we1         |   14|          3|    1|          3|
    |co_pres_114_address1    |   14|          3|    6|         18|
    |co_pres_114_ce0         |    9|          2|    1|          2|
    |co_pres_114_ce1         |   14|          3|    1|          3|
    |co_pres_114_d1          |   14|          3|    1|          3|
    |co_pres_114_we1         |   14|          3|    1|          3|
    |co_pres_115_address1    |   14|          3|    6|         18|
    |co_pres_115_ce0         |    9|          2|    1|          2|
    |co_pres_115_ce1         |   14|          3|    1|          3|
    |co_pres_115_d1          |   14|          3|    1|          3|
    |co_pres_115_we1         |   14|          3|    1|          3|
    |co_pres_116_address1    |   14|          3|    6|         18|
    |co_pres_116_ce0         |    9|          2|    1|          2|
    |co_pres_116_ce1         |   14|          3|    1|          3|
    |co_pres_116_d1          |   14|          3|    1|          3|
    |co_pres_116_we1         |   14|          3|    1|          3|
    |co_pres_117_address1    |   14|          3|    6|         18|
    |co_pres_117_ce0         |    9|          2|    1|          2|
    |co_pres_117_ce1         |   14|          3|    1|          3|
    |co_pres_117_d1          |   14|          3|    1|          3|
    |co_pres_117_we1         |   14|          3|    1|          3|
    |co_pres_118_address1    |   14|          3|    6|         18|
    |co_pres_118_ce0         |    9|          2|    1|          2|
    |co_pres_118_ce1         |   14|          3|    1|          3|
    |co_pres_118_d1          |   14|          3|    1|          3|
    |co_pres_118_we1         |   14|          3|    1|          3|
    |co_pres_119_address1    |   14|          3|    6|         18|
    |co_pres_119_ce0         |    9|          2|    1|          2|
    |co_pres_119_ce1         |   14|          3|    1|          3|
    |co_pres_119_d1          |   14|          3|    1|          3|
    |co_pres_119_we1         |   14|          3|    1|          3|
    |co_pres_11_address1     |   14|          3|    6|         18|
    |co_pres_11_ce0          |    9|          2|    1|          2|
    |co_pres_11_ce1          |   14|          3|    1|          3|
    |co_pres_11_d1           |   14|          3|    1|          3|
    |co_pres_11_we1          |   14|          3|    1|          3|
    |co_pres_120_address1    |   14|          3|    6|         18|
    |co_pres_120_ce0         |    9|          2|    1|          2|
    |co_pres_120_ce1         |   14|          3|    1|          3|
    |co_pres_120_d1          |   14|          3|    1|          3|
    |co_pres_120_we1         |   14|          3|    1|          3|
    |co_pres_121_address1    |   14|          3|    6|         18|
    |co_pres_121_ce0         |    9|          2|    1|          2|
    |co_pres_121_ce1         |   14|          3|    1|          3|
    |co_pres_121_d1          |   14|          3|    1|          3|
    |co_pres_121_we1         |   14|          3|    1|          3|
    |co_pres_122_address1    |   14|          3|    6|         18|
    |co_pres_122_ce0         |    9|          2|    1|          2|
    |co_pres_122_ce1         |   14|          3|    1|          3|
    |co_pres_122_d1          |   14|          3|    1|          3|
    |co_pres_122_we1         |   14|          3|    1|          3|
    |co_pres_123_address1    |   14|          3|    6|         18|
    |co_pres_123_ce0         |    9|          2|    1|          2|
    |co_pres_123_ce1         |   14|          3|    1|          3|
    |co_pres_123_d1          |   14|          3|    1|          3|
    |co_pres_123_we1         |   14|          3|    1|          3|
    |co_pres_124_address1    |   14|          3|    6|         18|
    |co_pres_124_ce0         |    9|          2|    1|          2|
    |co_pres_124_ce1         |   14|          3|    1|          3|
    |co_pres_124_d1          |   14|          3|    1|          3|
    |co_pres_124_we1         |   14|          3|    1|          3|
    |co_pres_125_address1    |   14|          3|    6|         18|
    |co_pres_125_ce0         |    9|          2|    1|          2|
    |co_pres_125_ce1         |   14|          3|    1|          3|
    |co_pres_125_d1          |   14|          3|    1|          3|
    |co_pres_125_we1         |   14|          3|    1|          3|
    |co_pres_126_address1    |   14|          3|    6|         18|
    |co_pres_126_ce0         |    9|          2|    1|          2|
    |co_pres_126_ce1         |   14|          3|    1|          3|
    |co_pres_126_d1          |   14|          3|    1|          3|
    |co_pres_126_we1         |   14|          3|    1|          3|
    |co_pres_127_address1    |   14|          3|    6|         18|
    |co_pres_127_ce0         |    9|          2|    1|          2|
    |co_pres_127_ce1         |   14|          3|    1|          3|
    |co_pres_127_d1          |   14|          3|    1|          3|
    |co_pres_127_we1         |   14|          3|    1|          3|
    |co_pres_128_address1    |   14|          3|    6|         18|
    |co_pres_128_ce0         |    9|          2|    1|          2|
    |co_pres_128_ce1         |   14|          3|    1|          3|
    |co_pres_128_d1          |   14|          3|    1|          3|
    |co_pres_128_we1         |   14|          3|    1|          3|
    |co_pres_129_address1    |   14|          3|    6|         18|
    |co_pres_129_ce0         |    9|          2|    1|          2|
    |co_pres_129_ce1         |   14|          3|    1|          3|
    |co_pres_129_d1          |   14|          3|    1|          3|
    |co_pres_129_we1         |   14|          3|    1|          3|
    |co_pres_12_address1     |   14|          3|    6|         18|
    |co_pres_12_ce0          |    9|          2|    1|          2|
    |co_pres_12_ce1          |   14|          3|    1|          3|
    |co_pres_12_d1           |   14|          3|    1|          3|
    |co_pres_12_we1          |   14|          3|    1|          3|
    |co_pres_130_address1    |   14|          3|    6|         18|
    |co_pres_130_ce0         |    9|          2|    1|          2|
    |co_pres_130_ce1         |   14|          3|    1|          3|
    |co_pres_130_d1          |   14|          3|    1|          3|
    |co_pres_130_we1         |   14|          3|    1|          3|
    |co_pres_131_address1    |   14|          3|    6|         18|
    |co_pres_131_ce0         |    9|          2|    1|          2|
    |co_pres_131_ce1         |   14|          3|    1|          3|
    |co_pres_131_d1          |   14|          3|    1|          3|
    |co_pres_131_we1         |   14|          3|    1|          3|
    |co_pres_132_address1    |   14|          3|    6|         18|
    |co_pres_132_ce0         |    9|          2|    1|          2|
    |co_pres_132_ce1         |   14|          3|    1|          3|
    |co_pres_132_d1          |   14|          3|    1|          3|
    |co_pres_132_we1         |   14|          3|    1|          3|
    |co_pres_133_address1    |   14|          3|    6|         18|
    |co_pres_133_ce0         |    9|          2|    1|          2|
    |co_pres_133_ce1         |   14|          3|    1|          3|
    |co_pres_133_d1          |   14|          3|    1|          3|
    |co_pres_133_we1         |   14|          3|    1|          3|
    |co_pres_134_address1    |   14|          3|    6|         18|
    |co_pres_134_ce0         |    9|          2|    1|          2|
    |co_pres_134_ce1         |   14|          3|    1|          3|
    |co_pres_134_d1          |   14|          3|    1|          3|
    |co_pres_134_we1         |   14|          3|    1|          3|
    |co_pres_135_address1    |   14|          3|    6|         18|
    |co_pres_135_ce0         |    9|          2|    1|          2|
    |co_pres_135_ce1         |   14|          3|    1|          3|
    |co_pres_135_d1          |   14|          3|    1|          3|
    |co_pres_135_we1         |   14|          3|    1|          3|
    |co_pres_136_address1    |   14|          3|    6|         18|
    |co_pres_136_ce0         |    9|          2|    1|          2|
    |co_pres_136_ce1         |   14|          3|    1|          3|
    |co_pres_136_d1          |   14|          3|    1|          3|
    |co_pres_136_we1         |   14|          3|    1|          3|
    |co_pres_137_address1    |   14|          3|    6|         18|
    |co_pres_137_ce0         |    9|          2|    1|          2|
    |co_pres_137_ce1         |   14|          3|    1|          3|
    |co_pres_137_d1          |   14|          3|    1|          3|
    |co_pres_137_we1         |   14|          3|    1|          3|
    |co_pres_138_address1    |   14|          3|    6|         18|
    |co_pres_138_ce0         |    9|          2|    1|          2|
    |co_pres_138_ce1         |   14|          3|    1|          3|
    |co_pres_138_d1          |   14|          3|    1|          3|
    |co_pres_138_we1         |   14|          3|    1|          3|
    |co_pres_139_address1    |   14|          3|    6|         18|
    |co_pres_139_ce0         |    9|          2|    1|          2|
    |co_pres_139_ce1         |   14|          3|    1|          3|
    |co_pres_139_d1          |   14|          3|    1|          3|
    |co_pres_139_we1         |   14|          3|    1|          3|
    |co_pres_13_address1     |   14|          3|    6|         18|
    |co_pres_13_ce0          |    9|          2|    1|          2|
    |co_pres_13_ce1          |   14|          3|    1|          3|
    |co_pres_13_d1           |   14|          3|    1|          3|
    |co_pres_13_we1          |   14|          3|    1|          3|
    |co_pres_140_address1    |   14|          3|    6|         18|
    |co_pres_140_ce0         |    9|          2|    1|          2|
    |co_pres_140_ce1         |   14|          3|    1|          3|
    |co_pres_140_d1          |   14|          3|    1|          3|
    |co_pres_140_we1         |   14|          3|    1|          3|
    |co_pres_141_address1    |   14|          3|    6|         18|
    |co_pres_141_ce0         |    9|          2|    1|          2|
    |co_pres_141_ce1         |   14|          3|    1|          3|
    |co_pres_141_d1          |   14|          3|    1|          3|
    |co_pres_141_we1         |   14|          3|    1|          3|
    |co_pres_142_address1    |   14|          3|    6|         18|
    |co_pres_142_ce0         |    9|          2|    1|          2|
    |co_pres_142_ce1         |   14|          3|    1|          3|
    |co_pres_142_d1          |   14|          3|    1|          3|
    |co_pres_142_we1         |   14|          3|    1|          3|
    |co_pres_143_address1    |   14|          3|    6|         18|
    |co_pres_143_ce0         |    9|          2|    1|          2|
    |co_pres_143_ce1         |   14|          3|    1|          3|
    |co_pres_143_d1          |   14|          3|    1|          3|
    |co_pres_143_we1         |   14|          3|    1|          3|
    |co_pres_144_address1    |   14|          3|    6|         18|
    |co_pres_144_ce0         |    9|          2|    1|          2|
    |co_pres_144_ce1         |   14|          3|    1|          3|
    |co_pres_144_d1          |   14|          3|    1|          3|
    |co_pres_144_we1         |   14|          3|    1|          3|
    |co_pres_145_address1    |   14|          3|    6|         18|
    |co_pres_145_ce0         |    9|          2|    1|          2|
    |co_pres_145_ce1         |   14|          3|    1|          3|
    |co_pres_145_d1          |   14|          3|    1|          3|
    |co_pres_145_we1         |   14|          3|    1|          3|
    |co_pres_146_address1    |   14|          3|    6|         18|
    |co_pres_146_ce0         |    9|          2|    1|          2|
    |co_pres_146_ce1         |   14|          3|    1|          3|
    |co_pres_146_d1          |   14|          3|    1|          3|
    |co_pres_146_we1         |   14|          3|    1|          3|
    |co_pres_147_address1    |   14|          3|    6|         18|
    |co_pres_147_ce0         |    9|          2|    1|          2|
    |co_pres_147_ce1         |   14|          3|    1|          3|
    |co_pres_147_d1          |   14|          3|    1|          3|
    |co_pres_147_we1         |   14|          3|    1|          3|
    |co_pres_148_address1    |   14|          3|    6|         18|
    |co_pres_148_ce0         |    9|          2|    1|          2|
    |co_pres_148_ce1         |   14|          3|    1|          3|
    |co_pres_148_d1          |   14|          3|    1|          3|
    |co_pres_148_we1         |   14|          3|    1|          3|
    |co_pres_149_address1    |   14|          3|    6|         18|
    |co_pres_149_ce0         |    9|          2|    1|          2|
    |co_pres_149_ce1         |   14|          3|    1|          3|
    |co_pres_149_d1          |   14|          3|    1|          3|
    |co_pres_149_we1         |   14|          3|    1|          3|
    |co_pres_14_address1     |   14|          3|    6|         18|
    |co_pres_14_ce0          |    9|          2|    1|          2|
    |co_pres_14_ce1          |   14|          3|    1|          3|
    |co_pres_14_d1           |   14|          3|    1|          3|
    |co_pres_14_we1          |   14|          3|    1|          3|
    |co_pres_150_address1    |   14|          3|    6|         18|
    |co_pres_150_ce0         |    9|          2|    1|          2|
    |co_pres_150_ce1         |   14|          3|    1|          3|
    |co_pres_150_d1          |   14|          3|    1|          3|
    |co_pres_150_we1         |   14|          3|    1|          3|
    |co_pres_151_address1    |   14|          3|    6|         18|
    |co_pres_151_ce0         |    9|          2|    1|          2|
    |co_pres_151_ce1         |   14|          3|    1|          3|
    |co_pres_151_d1          |   14|          3|    1|          3|
    |co_pres_151_we1         |   14|          3|    1|          3|
    |co_pres_152_address1    |   14|          3|    6|         18|
    |co_pres_152_ce0         |    9|          2|    1|          2|
    |co_pres_152_ce1         |   14|          3|    1|          3|
    |co_pres_152_d1          |   14|          3|    1|          3|
    |co_pres_152_we1         |   14|          3|    1|          3|
    |co_pres_153_address1    |   14|          3|    6|         18|
    |co_pres_153_ce0         |    9|          2|    1|          2|
    |co_pres_153_ce1         |   14|          3|    1|          3|
    |co_pres_153_d1          |   14|          3|    1|          3|
    |co_pres_153_we1         |   14|          3|    1|          3|
    |co_pres_154_address1    |   14|          3|    6|         18|
    |co_pres_154_ce0         |    9|          2|    1|          2|
    |co_pres_154_ce1         |   14|          3|    1|          3|
    |co_pres_154_d1          |   14|          3|    1|          3|
    |co_pres_154_we1         |   14|          3|    1|          3|
    |co_pres_155_address1    |   14|          3|    6|         18|
    |co_pres_155_ce0         |    9|          2|    1|          2|
    |co_pres_155_ce1         |   14|          3|    1|          3|
    |co_pres_155_d1          |   14|          3|    1|          3|
    |co_pres_155_we1         |   14|          3|    1|          3|
    |co_pres_156_address1    |   14|          3|    6|         18|
    |co_pres_156_ce0         |    9|          2|    1|          2|
    |co_pres_156_ce1         |   14|          3|    1|          3|
    |co_pres_156_d1          |   14|          3|    1|          3|
    |co_pres_156_we1         |   14|          3|    1|          3|
    |co_pres_157_address1    |   14|          3|    6|         18|
    |co_pres_157_ce0         |    9|          2|    1|          2|
    |co_pres_157_ce1         |   14|          3|    1|          3|
    |co_pres_157_d1          |   14|          3|    1|          3|
    |co_pres_157_we1         |   14|          3|    1|          3|
    |co_pres_158_address1    |   14|          3|    6|         18|
    |co_pres_158_ce0         |    9|          2|    1|          2|
    |co_pres_158_ce1         |   14|          3|    1|          3|
    |co_pres_158_d1          |   14|          3|    1|          3|
    |co_pres_158_we1         |   14|          3|    1|          3|
    |co_pres_159_address1    |   14|          3|    6|         18|
    |co_pres_159_ce0         |    9|          2|    1|          2|
    |co_pres_159_ce1         |   14|          3|    1|          3|
    |co_pres_159_d1          |   14|          3|    1|          3|
    |co_pres_159_we1         |   14|          3|    1|          3|
    |co_pres_15_address1     |   14|          3|    6|         18|
    |co_pres_15_ce0          |    9|          2|    1|          2|
    |co_pres_15_ce1          |   14|          3|    1|          3|
    |co_pres_15_d1           |   14|          3|    1|          3|
    |co_pres_15_we1          |   14|          3|    1|          3|
    |co_pres_160_address1    |   14|          3|    6|         18|
    |co_pres_160_ce0         |    9|          2|    1|          2|
    |co_pres_160_ce1         |   14|          3|    1|          3|
    |co_pres_160_d1          |   14|          3|    1|          3|
    |co_pres_160_we1         |   14|          3|    1|          3|
    |co_pres_161_address1    |   14|          3|    6|         18|
    |co_pres_161_ce0         |    9|          2|    1|          2|
    |co_pres_161_ce1         |   14|          3|    1|          3|
    |co_pres_161_d1          |   14|          3|    1|          3|
    |co_pres_161_we1         |   14|          3|    1|          3|
    |co_pres_162_address1    |   14|          3|    6|         18|
    |co_pres_162_ce0         |    9|          2|    1|          2|
    |co_pres_162_ce1         |   14|          3|    1|          3|
    |co_pres_162_d1          |   14|          3|    1|          3|
    |co_pres_162_we1         |   14|          3|    1|          3|
    |co_pres_163_address1    |   14|          3|    6|         18|
    |co_pres_163_ce0         |    9|          2|    1|          2|
    |co_pres_163_ce1         |   14|          3|    1|          3|
    |co_pres_163_d1          |   14|          3|    1|          3|
    |co_pres_163_we1         |   14|          3|    1|          3|
    |co_pres_164_address1    |   14|          3|    6|         18|
    |co_pres_164_ce0         |    9|          2|    1|          2|
    |co_pres_164_ce1         |   14|          3|    1|          3|
    |co_pres_164_d1          |   14|          3|    1|          3|
    |co_pres_164_we1         |   14|          3|    1|          3|
    |co_pres_165_address1    |   14|          3|    6|         18|
    |co_pres_165_ce0         |    9|          2|    1|          2|
    |co_pres_165_ce1         |   14|          3|    1|          3|
    |co_pres_165_d1          |   14|          3|    1|          3|
    |co_pres_165_we1         |   14|          3|    1|          3|
    |co_pres_166_address1    |   14|          3|    6|         18|
    |co_pres_166_ce0         |    9|          2|    1|          2|
    |co_pres_166_ce1         |   14|          3|    1|          3|
    |co_pres_166_d1          |   14|          3|    1|          3|
    |co_pres_166_we1         |   14|          3|    1|          3|
    |co_pres_167_address1    |   14|          3|    6|         18|
    |co_pres_167_ce0         |    9|          2|    1|          2|
    |co_pres_167_ce1         |   14|          3|    1|          3|
    |co_pres_167_d1          |   14|          3|    1|          3|
    |co_pres_167_we1         |   14|          3|    1|          3|
    |co_pres_168_address1    |   14|          3|    6|         18|
    |co_pres_168_ce0         |    9|          2|    1|          2|
    |co_pres_168_ce1         |   14|          3|    1|          3|
    |co_pres_168_d1          |   14|          3|    1|          3|
    |co_pres_168_we1         |   14|          3|    1|          3|
    |co_pres_169_address1    |   14|          3|    6|         18|
    |co_pres_169_ce0         |    9|          2|    1|          2|
    |co_pres_169_ce1         |   14|          3|    1|          3|
    |co_pres_169_d1          |   14|          3|    1|          3|
    |co_pres_169_we1         |   14|          3|    1|          3|
    |co_pres_16_address1     |   14|          3|    6|         18|
    |co_pres_16_ce0          |    9|          2|    1|          2|
    |co_pres_16_ce1          |   14|          3|    1|          3|
    |co_pres_16_d1           |   14|          3|    1|          3|
    |co_pres_16_we1          |   14|          3|    1|          3|
    |co_pres_170_address1    |   14|          3|    6|         18|
    |co_pres_170_ce0         |    9|          2|    1|          2|
    |co_pres_170_ce1         |   14|          3|    1|          3|
    |co_pres_170_d1          |   14|          3|    1|          3|
    |co_pres_170_we1         |   14|          3|    1|          3|
    |co_pres_171_address1    |   14|          3|    6|         18|
    |co_pres_171_ce0         |    9|          2|    1|          2|
    |co_pres_171_ce1         |   14|          3|    1|          3|
    |co_pres_171_d1          |   14|          3|    1|          3|
    |co_pres_171_we1         |   14|          3|    1|          3|
    |co_pres_172_address1    |   14|          3|    6|         18|
    |co_pres_172_ce0         |    9|          2|    1|          2|
    |co_pres_172_ce1         |   14|          3|    1|          3|
    |co_pres_172_d1          |   14|          3|    1|          3|
    |co_pres_172_we1         |   14|          3|    1|          3|
    |co_pres_173_address1    |   14|          3|    6|         18|
    |co_pres_173_ce0         |    9|          2|    1|          2|
    |co_pres_173_ce1         |   14|          3|    1|          3|
    |co_pres_173_d1          |   14|          3|    1|          3|
    |co_pres_173_we1         |   14|          3|    1|          3|
    |co_pres_174_address1    |   14|          3|    6|         18|
    |co_pres_174_ce0         |    9|          2|    1|          2|
    |co_pres_174_ce1         |   14|          3|    1|          3|
    |co_pres_174_d1          |   14|          3|    1|          3|
    |co_pres_174_we1         |   14|          3|    1|          3|
    |co_pres_175_address1    |   14|          3|    6|         18|
    |co_pres_175_ce0         |    9|          2|    1|          2|
    |co_pres_175_ce1         |   14|          3|    1|          3|
    |co_pres_175_d1          |   14|          3|    1|          3|
    |co_pres_175_we1         |   14|          3|    1|          3|
    |co_pres_176_address1    |   14|          3|    6|         18|
    |co_pres_176_ce0         |    9|          2|    1|          2|
    |co_pres_176_ce1         |   14|          3|    1|          3|
    |co_pres_176_d1          |   14|          3|    1|          3|
    |co_pres_176_we1         |   14|          3|    1|          3|
    |co_pres_177_address1    |   14|          3|    6|         18|
    |co_pres_177_ce0         |    9|          2|    1|          2|
    |co_pres_177_ce1         |   14|          3|    1|          3|
    |co_pres_177_d1          |   14|          3|    1|          3|
    |co_pres_177_we1         |   14|          3|    1|          3|
    |co_pres_178_address1    |   14|          3|    6|         18|
    |co_pres_178_ce0         |    9|          2|    1|          2|
    |co_pres_178_ce1         |   14|          3|    1|          3|
    |co_pres_178_d1          |   14|          3|    1|          3|
    |co_pres_178_we1         |   14|          3|    1|          3|
    |co_pres_179_address1    |   14|          3|    6|         18|
    |co_pres_179_ce0         |    9|          2|    1|          2|
    |co_pres_179_ce1         |   14|          3|    1|          3|
    |co_pres_179_d1          |   14|          3|    1|          3|
    |co_pres_179_we1         |   14|          3|    1|          3|
    |co_pres_17_address1     |   14|          3|    6|         18|
    |co_pres_17_ce0          |    9|          2|    1|          2|
    |co_pres_17_ce1          |   14|          3|    1|          3|
    |co_pres_17_d1           |   14|          3|    1|          3|
    |co_pres_17_we1          |   14|          3|    1|          3|
    |co_pres_180_address1    |   14|          3|    6|         18|
    |co_pres_180_ce0         |    9|          2|    1|          2|
    |co_pres_180_ce1         |   14|          3|    1|          3|
    |co_pres_180_d1          |   14|          3|    1|          3|
    |co_pres_180_we1         |   14|          3|    1|          3|
    |co_pres_181_address1    |   14|          3|    6|         18|
    |co_pres_181_ce0         |    9|          2|    1|          2|
    |co_pres_181_ce1         |   14|          3|    1|          3|
    |co_pres_181_d1          |   14|          3|    1|          3|
    |co_pres_181_we1         |   14|          3|    1|          3|
    |co_pres_182_address1    |   14|          3|    6|         18|
    |co_pres_182_ce0         |    9|          2|    1|          2|
    |co_pres_182_ce1         |   14|          3|    1|          3|
    |co_pres_182_d1          |   14|          3|    1|          3|
    |co_pres_182_we1         |   14|          3|    1|          3|
    |co_pres_183_address1    |   14|          3|    6|         18|
    |co_pres_183_ce0         |    9|          2|    1|          2|
    |co_pres_183_ce1         |   14|          3|    1|          3|
    |co_pres_183_d1          |   14|          3|    1|          3|
    |co_pres_183_we1         |   14|          3|    1|          3|
    |co_pres_184_address1    |   14|          3|    6|         18|
    |co_pres_184_ce0         |    9|          2|    1|          2|
    |co_pres_184_ce1         |   14|          3|    1|          3|
    |co_pres_184_d1          |   14|          3|    1|          3|
    |co_pres_184_we1         |   14|          3|    1|          3|
    |co_pres_185_address1    |   14|          3|    6|         18|
    |co_pres_185_ce0         |    9|          2|    1|          2|
    |co_pres_185_ce1         |   14|          3|    1|          3|
    |co_pres_185_d1          |   14|          3|    1|          3|
    |co_pres_185_we1         |   14|          3|    1|          3|
    |co_pres_186_address1    |   14|          3|    6|         18|
    |co_pres_186_ce0         |    9|          2|    1|          2|
    |co_pres_186_ce1         |   14|          3|    1|          3|
    |co_pres_186_d1          |   14|          3|    1|          3|
    |co_pres_186_we1         |   14|          3|    1|          3|
    |co_pres_187_address1    |   14|          3|    6|         18|
    |co_pres_187_ce0         |    9|          2|    1|          2|
    |co_pres_187_ce1         |   14|          3|    1|          3|
    |co_pres_187_d1          |   14|          3|    1|          3|
    |co_pres_187_we1         |   14|          3|    1|          3|
    |co_pres_188_address1    |   14|          3|    6|         18|
    |co_pres_188_ce0         |    9|          2|    1|          2|
    |co_pres_188_ce1         |   14|          3|    1|          3|
    |co_pres_188_d1          |   14|          3|    1|          3|
    |co_pres_188_we1         |   14|          3|    1|          3|
    |co_pres_189_address1    |   14|          3|    6|         18|
    |co_pres_189_ce0         |    9|          2|    1|          2|
    |co_pres_189_ce1         |   14|          3|    1|          3|
    |co_pres_189_d1          |   14|          3|    1|          3|
    |co_pres_189_we1         |   14|          3|    1|          3|
    |co_pres_18_address1     |   14|          3|    6|         18|
    |co_pres_18_ce0          |    9|          2|    1|          2|
    |co_pres_18_ce1          |   14|          3|    1|          3|
    |co_pres_18_d1           |   14|          3|    1|          3|
    |co_pres_18_we1          |   14|          3|    1|          3|
    |co_pres_190_address1    |   14|          3|    6|         18|
    |co_pres_190_ce0         |    9|          2|    1|          2|
    |co_pres_190_ce1         |   14|          3|    1|          3|
    |co_pres_190_d1          |   14|          3|    1|          3|
    |co_pres_190_we1         |   14|          3|    1|          3|
    |co_pres_191_address1    |   14|          3|    6|         18|
    |co_pres_191_ce0         |    9|          2|    1|          2|
    |co_pres_191_ce1         |   14|          3|    1|          3|
    |co_pres_191_d1          |   14|          3|    1|          3|
    |co_pres_191_we1         |   14|          3|    1|          3|
    |co_pres_192_address1    |   14|          3|    6|         18|
    |co_pres_192_ce0         |    9|          2|    1|          2|
    |co_pres_192_ce1         |   14|          3|    1|          3|
    |co_pres_192_d1          |   14|          3|    1|          3|
    |co_pres_192_we1         |   14|          3|    1|          3|
    |co_pres_193_address1    |   14|          3|    6|         18|
    |co_pres_193_ce0         |    9|          2|    1|          2|
    |co_pres_193_ce1         |   14|          3|    1|          3|
    |co_pres_193_d1          |   14|          3|    1|          3|
    |co_pres_193_we1         |   14|          3|    1|          3|
    |co_pres_194_address1    |   14|          3|    6|         18|
    |co_pres_194_ce0         |    9|          2|    1|          2|
    |co_pres_194_ce1         |   14|          3|    1|          3|
    |co_pres_194_d1          |   14|          3|    1|          3|
    |co_pres_194_we1         |   14|          3|    1|          3|
    |co_pres_195_address1    |   14|          3|    6|         18|
    |co_pres_195_ce0         |    9|          2|    1|          2|
    |co_pres_195_ce1         |   14|          3|    1|          3|
    |co_pres_195_d1          |   14|          3|    1|          3|
    |co_pres_195_we1         |   14|          3|    1|          3|
    |co_pres_196_address1    |   14|          3|    6|         18|
    |co_pres_196_ce0         |    9|          2|    1|          2|
    |co_pres_196_ce1         |   14|          3|    1|          3|
    |co_pres_196_d1          |   14|          3|    1|          3|
    |co_pres_196_we1         |   14|          3|    1|          3|
    |co_pres_197_address1    |   14|          3|    6|         18|
    |co_pres_197_ce0         |    9|          2|    1|          2|
    |co_pres_197_ce1         |   14|          3|    1|          3|
    |co_pres_197_d1          |   14|          3|    1|          3|
    |co_pres_197_we1         |   14|          3|    1|          3|
    |co_pres_198_address1    |   14|          3|    6|         18|
    |co_pres_198_ce0         |    9|          2|    1|          2|
    |co_pres_198_ce1         |   14|          3|    1|          3|
    |co_pres_198_d1          |   14|          3|    1|          3|
    |co_pres_198_we1         |   14|          3|    1|          3|
    |co_pres_199_address1    |   14|          3|    6|         18|
    |co_pres_199_ce0         |    9|          2|    1|          2|
    |co_pres_199_ce1         |   14|          3|    1|          3|
    |co_pres_199_d1          |   14|          3|    1|          3|
    |co_pres_199_we1         |   14|          3|    1|          3|
    |co_pres_19_address1     |   14|          3|    6|         18|
    |co_pres_19_ce0          |    9|          2|    1|          2|
    |co_pres_19_ce1          |   14|          3|    1|          3|
    |co_pres_19_d1           |   14|          3|    1|          3|
    |co_pres_19_we1          |   14|          3|    1|          3|
    |co_pres_1_address1      |   14|          3|    6|         18|
    |co_pres_1_ce0           |    9|          2|    1|          2|
    |co_pres_1_ce1           |   14|          3|    1|          3|
    |co_pres_1_d1            |   14|          3|    1|          3|
    |co_pres_1_we1           |   14|          3|    1|          3|
    |co_pres_200_address1    |   14|          3|    6|         18|
    |co_pres_200_ce0         |    9|          2|    1|          2|
    |co_pres_200_ce1         |   14|          3|    1|          3|
    |co_pres_200_d1          |   14|          3|    1|          3|
    |co_pres_200_we1         |   14|          3|    1|          3|
    |co_pres_201_address1    |   14|          3|    6|         18|
    |co_pres_201_ce0         |    9|          2|    1|          2|
    |co_pres_201_ce1         |   14|          3|    1|          3|
    |co_pres_201_d1          |   14|          3|    1|          3|
    |co_pres_201_we1         |   14|          3|    1|          3|
    |co_pres_202_address1    |   14|          3|    6|         18|
    |co_pres_202_ce0         |    9|          2|    1|          2|
    |co_pres_202_ce1         |   14|          3|    1|          3|
    |co_pres_202_d1          |   14|          3|    1|          3|
    |co_pres_202_we1         |   14|          3|    1|          3|
    |co_pres_203_address1    |   14|          3|    6|         18|
    |co_pres_203_ce0         |    9|          2|    1|          2|
    |co_pres_203_ce1         |   14|          3|    1|          3|
    |co_pres_203_d1          |   14|          3|    1|          3|
    |co_pres_203_we1         |   14|          3|    1|          3|
    |co_pres_204_address1    |   14|          3|    6|         18|
    |co_pres_204_ce0         |    9|          2|    1|          2|
    |co_pres_204_ce1         |   14|          3|    1|          3|
    |co_pres_204_d1          |   14|          3|    1|          3|
    |co_pres_204_we1         |   14|          3|    1|          3|
    |co_pres_205_address1    |   14|          3|    6|         18|
    |co_pres_205_ce0         |    9|          2|    1|          2|
    |co_pres_205_ce1         |   14|          3|    1|          3|
    |co_pres_205_d1          |   14|          3|    1|          3|
    |co_pres_205_we1         |   14|          3|    1|          3|
    |co_pres_206_address1    |   14|          3|    6|         18|
    |co_pres_206_ce0         |    9|          2|    1|          2|
    |co_pres_206_ce1         |   14|          3|    1|          3|
    |co_pres_206_d1          |   14|          3|    1|          3|
    |co_pres_206_we1         |   14|          3|    1|          3|
    |co_pres_207_address1    |   14|          3|    6|         18|
    |co_pres_207_ce0         |    9|          2|    1|          2|
    |co_pres_207_ce1         |   14|          3|    1|          3|
    |co_pres_207_d1          |   14|          3|    1|          3|
    |co_pres_207_we1         |   14|          3|    1|          3|
    |co_pres_208_address1    |   14|          3|    6|         18|
    |co_pres_208_ce0         |    9|          2|    1|          2|
    |co_pres_208_ce1         |   14|          3|    1|          3|
    |co_pres_208_d1          |   14|          3|    1|          3|
    |co_pres_208_we1         |   14|          3|    1|          3|
    |co_pres_209_address1    |   14|          3|    6|         18|
    |co_pres_209_ce0         |    9|          2|    1|          2|
    |co_pres_209_ce1         |   14|          3|    1|          3|
    |co_pres_209_d1          |   14|          3|    1|          3|
    |co_pres_209_we1         |   14|          3|    1|          3|
    |co_pres_20_address1     |   14|          3|    6|         18|
    |co_pres_20_ce0          |    9|          2|    1|          2|
    |co_pres_20_ce1          |   14|          3|    1|          3|
    |co_pres_20_d1           |   14|          3|    1|          3|
    |co_pres_20_we1          |   14|          3|    1|          3|
    |co_pres_210_address1    |   14|          3|    6|         18|
    |co_pres_210_ce0         |    9|          2|    1|          2|
    |co_pres_210_ce1         |   14|          3|    1|          3|
    |co_pres_210_d1          |   14|          3|    1|          3|
    |co_pres_210_we1         |   14|          3|    1|          3|
    |co_pres_211_address1    |   14|          3|    6|         18|
    |co_pres_211_ce0         |    9|          2|    1|          2|
    |co_pres_211_ce1         |   14|          3|    1|          3|
    |co_pres_211_d1          |   14|          3|    1|          3|
    |co_pres_211_we1         |   14|          3|    1|          3|
    |co_pres_212_address1    |   14|          3|    6|         18|
    |co_pres_212_ce0         |    9|          2|    1|          2|
    |co_pres_212_ce1         |   14|          3|    1|          3|
    |co_pres_212_d1          |   14|          3|    1|          3|
    |co_pres_212_we1         |   14|          3|    1|          3|
    |co_pres_213_address1    |   14|          3|    6|         18|
    |co_pres_213_ce0         |    9|          2|    1|          2|
    |co_pres_213_ce1         |   14|          3|    1|          3|
    |co_pres_213_d1          |   14|          3|    1|          3|
    |co_pres_213_we1         |   14|          3|    1|          3|
    |co_pres_214_address1    |   14|          3|    6|         18|
    |co_pres_214_ce0         |    9|          2|    1|          2|
    |co_pres_214_ce1         |   14|          3|    1|          3|
    |co_pres_214_d1          |   14|          3|    1|          3|
    |co_pres_214_we1         |   14|          3|    1|          3|
    |co_pres_215_address1    |   14|          3|    6|         18|
    |co_pres_215_ce0         |    9|          2|    1|          2|
    |co_pres_215_ce1         |   14|          3|    1|          3|
    |co_pres_215_d1          |   14|          3|    1|          3|
    |co_pres_215_we1         |   14|          3|    1|          3|
    |co_pres_216_address1    |   14|          3|    6|         18|
    |co_pres_216_ce0         |    9|          2|    1|          2|
    |co_pres_216_ce1         |   14|          3|    1|          3|
    |co_pres_216_d1          |   14|          3|    1|          3|
    |co_pres_216_we1         |   14|          3|    1|          3|
    |co_pres_217_address1    |   14|          3|    6|         18|
    |co_pres_217_ce0         |    9|          2|    1|          2|
    |co_pres_217_ce1         |   14|          3|    1|          3|
    |co_pres_217_d1          |   14|          3|    1|          3|
    |co_pres_217_we1         |   14|          3|    1|          3|
    |co_pres_218_address1    |   14|          3|    6|         18|
    |co_pres_218_ce0         |    9|          2|    1|          2|
    |co_pres_218_ce1         |   14|          3|    1|          3|
    |co_pres_218_d1          |   14|          3|    1|          3|
    |co_pres_218_we1         |   14|          3|    1|          3|
    |co_pres_219_address1    |   14|          3|    6|         18|
    |co_pres_219_ce0         |    9|          2|    1|          2|
    |co_pres_219_ce1         |   14|          3|    1|          3|
    |co_pres_219_d1          |   14|          3|    1|          3|
    |co_pres_219_we1         |   14|          3|    1|          3|
    |co_pres_21_address1     |   14|          3|    6|         18|
    |co_pres_21_ce0          |    9|          2|    1|          2|
    |co_pres_21_ce1          |   14|          3|    1|          3|
    |co_pres_21_d1           |   14|          3|    1|          3|
    |co_pres_21_we1          |   14|          3|    1|          3|
    |co_pres_220_address1    |   14|          3|    6|         18|
    |co_pres_220_ce0         |    9|          2|    1|          2|
    |co_pres_220_ce1         |   14|          3|    1|          3|
    |co_pres_220_d1          |   14|          3|    1|          3|
    |co_pres_220_we1         |   14|          3|    1|          3|
    |co_pres_221_address1    |   14|          3|    6|         18|
    |co_pres_221_ce0         |    9|          2|    1|          2|
    |co_pres_221_ce1         |   14|          3|    1|          3|
    |co_pres_221_d1          |   14|          3|    1|          3|
    |co_pres_221_we1         |   14|          3|    1|          3|
    |co_pres_222_address1    |   14|          3|    6|         18|
    |co_pres_222_ce0         |    9|          2|    1|          2|
    |co_pres_222_ce1         |   14|          3|    1|          3|
    |co_pres_222_d1          |   14|          3|    1|          3|
    |co_pres_222_we1         |   14|          3|    1|          3|
    |co_pres_223_address1    |   14|          3|    6|         18|
    |co_pres_223_ce0         |    9|          2|    1|          2|
    |co_pres_223_ce1         |   14|          3|    1|          3|
    |co_pres_223_d1          |   14|          3|    1|          3|
    |co_pres_223_we1         |   14|          3|    1|          3|
    |co_pres_224_address1    |   14|          3|    6|         18|
    |co_pres_224_ce0         |    9|          2|    1|          2|
    |co_pres_224_ce1         |   14|          3|    1|          3|
    |co_pres_224_d1          |   14|          3|    1|          3|
    |co_pres_224_we1         |   14|          3|    1|          3|
    |co_pres_22_address1     |   14|          3|    6|         18|
    |co_pres_22_ce0          |    9|          2|    1|          2|
    |co_pres_22_ce1          |   14|          3|    1|          3|
    |co_pres_22_d1           |   14|          3|    1|          3|
    |co_pres_22_we1          |   14|          3|    1|          3|
    |co_pres_23_address1     |   14|          3|    6|         18|
    |co_pres_23_ce0          |    9|          2|    1|          2|
    |co_pres_23_ce1          |   14|          3|    1|          3|
    |co_pres_23_d1           |   14|          3|    1|          3|
    |co_pres_23_we1          |   14|          3|    1|          3|
    |co_pres_24_address1     |   14|          3|    6|         18|
    |co_pres_24_ce0          |    9|          2|    1|          2|
    |co_pres_24_ce1          |   14|          3|    1|          3|
    |co_pres_24_d1           |   14|          3|    1|          3|
    |co_pres_24_we1          |   14|          3|    1|          3|
    |co_pres_25_address1     |   14|          3|    6|         18|
    |co_pres_25_ce0          |    9|          2|    1|          2|
    |co_pres_25_ce1          |   14|          3|    1|          3|
    |co_pres_25_d1           |   14|          3|    1|          3|
    |co_pres_25_we1          |   14|          3|    1|          3|
    |co_pres_26_address1     |   14|          3|    6|         18|
    |co_pres_26_ce0          |    9|          2|    1|          2|
    |co_pres_26_ce1          |   14|          3|    1|          3|
    |co_pres_26_d1           |   14|          3|    1|          3|
    |co_pres_26_we1          |   14|          3|    1|          3|
    |co_pres_27_address1     |   14|          3|    6|         18|
    |co_pres_27_ce0          |    9|          2|    1|          2|
    |co_pres_27_ce1          |   14|          3|    1|          3|
    |co_pres_27_d1           |   14|          3|    1|          3|
    |co_pres_27_we1          |   14|          3|    1|          3|
    |co_pres_28_address1     |   14|          3|    6|         18|
    |co_pres_28_ce0          |    9|          2|    1|          2|
    |co_pres_28_ce1          |   14|          3|    1|          3|
    |co_pres_28_d1           |   14|          3|    1|          3|
    |co_pres_28_we1          |   14|          3|    1|          3|
    |co_pres_29_address1     |   14|          3|    6|         18|
    |co_pres_29_ce0          |    9|          2|    1|          2|
    |co_pres_29_ce1          |   14|          3|    1|          3|
    |co_pres_29_d1           |   14|          3|    1|          3|
    |co_pres_29_we1          |   14|          3|    1|          3|
    |co_pres_2_address1      |   14|          3|    6|         18|
    |co_pres_2_ce0           |    9|          2|    1|          2|
    |co_pres_2_ce1           |   14|          3|    1|          3|
    |co_pres_2_d1            |   14|          3|    1|          3|
    |co_pres_2_we1           |   14|          3|    1|          3|
    |co_pres_30_address1     |   14|          3|    6|         18|
    |co_pres_30_ce0          |    9|          2|    1|          2|
    |co_pres_30_ce1          |   14|          3|    1|          3|
    |co_pres_30_d1           |   14|          3|    1|          3|
    |co_pres_30_we1          |   14|          3|    1|          3|
    |co_pres_31_address1     |   14|          3|    6|         18|
    |co_pres_31_ce0          |    9|          2|    1|          2|
    |co_pres_31_ce1          |   14|          3|    1|          3|
    |co_pres_31_d1           |   14|          3|    1|          3|
    |co_pres_31_we1          |   14|          3|    1|          3|
    |co_pres_32_address1     |   14|          3|    6|         18|
    |co_pres_32_ce0          |    9|          2|    1|          2|
    |co_pres_32_ce1          |   14|          3|    1|          3|
    |co_pres_32_d1           |   14|          3|    1|          3|
    |co_pres_32_we1          |   14|          3|    1|          3|
    |co_pres_33_address1     |   14|          3|    6|         18|
    |co_pres_33_ce0          |    9|          2|    1|          2|
    |co_pres_33_ce1          |   14|          3|    1|          3|
    |co_pres_33_d1           |   14|          3|    1|          3|
    |co_pres_33_we1          |   14|          3|    1|          3|
    |co_pres_34_address1     |   14|          3|    6|         18|
    |co_pres_34_ce0          |    9|          2|    1|          2|
    |co_pres_34_ce1          |   14|          3|    1|          3|
    |co_pres_34_d1           |   14|          3|    1|          3|
    |co_pres_34_we1          |   14|          3|    1|          3|
    |co_pres_35_address1     |   14|          3|    6|         18|
    |co_pres_35_ce0          |    9|          2|    1|          2|
    |co_pres_35_ce1          |   14|          3|    1|          3|
    |co_pres_35_d1           |   14|          3|    1|          3|
    |co_pres_35_we1          |   14|          3|    1|          3|
    |co_pres_36_address1     |   14|          3|    6|         18|
    |co_pres_36_ce0          |    9|          2|    1|          2|
    |co_pres_36_ce1          |   14|          3|    1|          3|
    |co_pres_36_d1           |   14|          3|    1|          3|
    |co_pres_36_we1          |   14|          3|    1|          3|
    |co_pres_37_address1     |   14|          3|    6|         18|
    |co_pres_37_ce0          |    9|          2|    1|          2|
    |co_pres_37_ce1          |   14|          3|    1|          3|
    |co_pres_37_d1           |   14|          3|    1|          3|
    |co_pres_37_we1          |   14|          3|    1|          3|
    |co_pres_38_address1     |   14|          3|    6|         18|
    |co_pres_38_ce0          |    9|          2|    1|          2|
    |co_pres_38_ce1          |   14|          3|    1|          3|
    |co_pres_38_d1           |   14|          3|    1|          3|
    |co_pres_38_we1          |   14|          3|    1|          3|
    |co_pres_39_address1     |   14|          3|    6|         18|
    |co_pres_39_ce0          |    9|          2|    1|          2|
    |co_pres_39_ce1          |   14|          3|    1|          3|
    |co_pres_39_d1           |   14|          3|    1|          3|
    |co_pres_39_we1          |   14|          3|    1|          3|
    |co_pres_3_address1      |   14|          3|    6|         18|
    |co_pres_3_ce0           |    9|          2|    1|          2|
    |co_pres_3_ce1           |   14|          3|    1|          3|
    |co_pres_3_d1            |   14|          3|    1|          3|
    |co_pres_3_we1           |   14|          3|    1|          3|
    |co_pres_40_address1     |   14|          3|    6|         18|
    |co_pres_40_ce0          |    9|          2|    1|          2|
    |co_pres_40_ce1          |   14|          3|    1|          3|
    |co_pres_40_d1           |   14|          3|    1|          3|
    |co_pres_40_we1          |   14|          3|    1|          3|
    |co_pres_41_address1     |   14|          3|    6|         18|
    |co_pres_41_ce0          |    9|          2|    1|          2|
    |co_pres_41_ce1          |   14|          3|    1|          3|
    |co_pres_41_d1           |   14|          3|    1|          3|
    |co_pres_41_we1          |   14|          3|    1|          3|
    |co_pres_42_address1     |   14|          3|    6|         18|
    |co_pres_42_ce0          |    9|          2|    1|          2|
    |co_pres_42_ce1          |   14|          3|    1|          3|
    |co_pres_42_d1           |   14|          3|    1|          3|
    |co_pres_42_we1          |   14|          3|    1|          3|
    |co_pres_43_address1     |   14|          3|    6|         18|
    |co_pres_43_ce0          |    9|          2|    1|          2|
    |co_pres_43_ce1          |   14|          3|    1|          3|
    |co_pres_43_d1           |   14|          3|    1|          3|
    |co_pres_43_we1          |   14|          3|    1|          3|
    |co_pres_44_address1     |   14|          3|    6|         18|
    |co_pres_44_ce0          |    9|          2|    1|          2|
    |co_pres_44_ce1          |   14|          3|    1|          3|
    |co_pres_44_d1           |   14|          3|    1|          3|
    |co_pres_44_we1          |   14|          3|    1|          3|
    |co_pres_45_address1     |   14|          3|    6|         18|
    |co_pres_45_ce0          |    9|          2|    1|          2|
    |co_pres_45_ce1          |   14|          3|    1|          3|
    |co_pres_45_d1           |   14|          3|    1|          3|
    |co_pres_45_we1          |   14|          3|    1|          3|
    |co_pres_46_address1     |   14|          3|    6|         18|
    |co_pres_46_ce0          |    9|          2|    1|          2|
    |co_pres_46_ce1          |   14|          3|    1|          3|
    |co_pres_46_d1           |   14|          3|    1|          3|
    |co_pres_46_we1          |   14|          3|    1|          3|
    |co_pres_47_address1     |   14|          3|    6|         18|
    |co_pres_47_ce0          |    9|          2|    1|          2|
    |co_pres_47_ce1          |   14|          3|    1|          3|
    |co_pres_47_d1           |   14|          3|    1|          3|
    |co_pres_47_we1          |   14|          3|    1|          3|
    |co_pres_48_address1     |   14|          3|    6|         18|
    |co_pres_48_ce0          |    9|          2|    1|          2|
    |co_pres_48_ce1          |   14|          3|    1|          3|
    |co_pres_48_d1           |   14|          3|    1|          3|
    |co_pres_48_we1          |   14|          3|    1|          3|
    |co_pres_49_address1     |   14|          3|    6|         18|
    |co_pres_49_ce0          |    9|          2|    1|          2|
    |co_pres_49_ce1          |   14|          3|    1|          3|
    |co_pres_49_d1           |   14|          3|    1|          3|
    |co_pres_49_we1          |   14|          3|    1|          3|
    |co_pres_4_address1      |   14|          3|    6|         18|
    |co_pres_4_ce0           |    9|          2|    1|          2|
    |co_pres_4_ce1           |   14|          3|    1|          3|
    |co_pres_4_d1            |   14|          3|    1|          3|
    |co_pres_4_we1           |   14|          3|    1|          3|
    |co_pres_50_address1     |   14|          3|    6|         18|
    |co_pres_50_ce0          |    9|          2|    1|          2|
    |co_pres_50_ce1          |   14|          3|    1|          3|
    |co_pres_50_d1           |   14|          3|    1|          3|
    |co_pres_50_we1          |   14|          3|    1|          3|
    |co_pres_51_address1     |   14|          3|    6|         18|
    |co_pres_51_ce0          |    9|          2|    1|          2|
    |co_pres_51_ce1          |   14|          3|    1|          3|
    |co_pres_51_d1           |   14|          3|    1|          3|
    |co_pres_51_we1          |   14|          3|    1|          3|
    |co_pres_52_address1     |   14|          3|    6|         18|
    |co_pres_52_ce0          |    9|          2|    1|          2|
    |co_pres_52_ce1          |   14|          3|    1|          3|
    |co_pres_52_d1           |   14|          3|    1|          3|
    |co_pres_52_we1          |   14|          3|    1|          3|
    |co_pres_53_address1     |   14|          3|    6|         18|
    |co_pres_53_ce0          |    9|          2|    1|          2|
    |co_pres_53_ce1          |   14|          3|    1|          3|
    |co_pres_53_d1           |   14|          3|    1|          3|
    |co_pres_53_we1          |   14|          3|    1|          3|
    |co_pres_54_address1     |   14|          3|    6|         18|
    |co_pres_54_ce0          |    9|          2|    1|          2|
    |co_pres_54_ce1          |   14|          3|    1|          3|
    |co_pres_54_d1           |   14|          3|    1|          3|
    |co_pres_54_we1          |   14|          3|    1|          3|
    |co_pres_55_address1     |   14|          3|    6|         18|
    |co_pres_55_ce0          |    9|          2|    1|          2|
    |co_pres_55_ce1          |   14|          3|    1|          3|
    |co_pres_55_d1           |   14|          3|    1|          3|
    |co_pres_55_we1          |   14|          3|    1|          3|
    |co_pres_56_address1     |   14|          3|    6|         18|
    |co_pres_56_ce0          |    9|          2|    1|          2|
    |co_pres_56_ce1          |   14|          3|    1|          3|
    |co_pres_56_d1           |   14|          3|    1|          3|
    |co_pres_56_we1          |   14|          3|    1|          3|
    |co_pres_57_address1     |   14|          3|    6|         18|
    |co_pres_57_ce0          |    9|          2|    1|          2|
    |co_pres_57_ce1          |   14|          3|    1|          3|
    |co_pres_57_d1           |   14|          3|    1|          3|
    |co_pres_57_we1          |   14|          3|    1|          3|
    |co_pres_58_address1     |   14|          3|    6|         18|
    |co_pres_58_ce0          |    9|          2|    1|          2|
    |co_pres_58_ce1          |   14|          3|    1|          3|
    |co_pres_58_d1           |   14|          3|    1|          3|
    |co_pres_58_we1          |   14|          3|    1|          3|
    |co_pres_59_address1     |   14|          3|    6|         18|
    |co_pres_59_ce0          |    9|          2|    1|          2|
    |co_pres_59_ce1          |   14|          3|    1|          3|
    |co_pres_59_d1           |   14|          3|    1|          3|
    |co_pres_59_we1          |   14|          3|    1|          3|
    |co_pres_5_address1      |   14|          3|    6|         18|
    |co_pres_5_ce0           |    9|          2|    1|          2|
    |co_pres_5_ce1           |   14|          3|    1|          3|
    |co_pres_5_d1            |   14|          3|    1|          3|
    |co_pres_5_we1           |   14|          3|    1|          3|
    |co_pres_60_address1     |   14|          3|    6|         18|
    |co_pres_60_ce0          |    9|          2|    1|          2|
    |co_pres_60_ce1          |   14|          3|    1|          3|
    |co_pres_60_d1           |   14|          3|    1|          3|
    |co_pres_60_we1          |   14|          3|    1|          3|
    |co_pres_61_address1     |   14|          3|    6|         18|
    |co_pres_61_ce0          |    9|          2|    1|          2|
    |co_pres_61_ce1          |   14|          3|    1|          3|
    |co_pres_61_d1           |   14|          3|    1|          3|
    |co_pres_61_we1          |   14|          3|    1|          3|
    |co_pres_62_address1     |   14|          3|    6|         18|
    |co_pres_62_ce0          |    9|          2|    1|          2|
    |co_pres_62_ce1          |   14|          3|    1|          3|
    |co_pres_62_d1           |   14|          3|    1|          3|
    |co_pres_62_we1          |   14|          3|    1|          3|
    |co_pres_63_address1     |   14|          3|    6|         18|
    |co_pres_63_ce0          |    9|          2|    1|          2|
    |co_pres_63_ce1          |   14|          3|    1|          3|
    |co_pres_63_d1           |   14|          3|    1|          3|
    |co_pres_63_we1          |   14|          3|    1|          3|
    |co_pres_64_address1     |   14|          3|    6|         18|
    |co_pres_64_ce0          |    9|          2|    1|          2|
    |co_pres_64_ce1          |   14|          3|    1|          3|
    |co_pres_64_d1           |   14|          3|    1|          3|
    |co_pres_64_we1          |   14|          3|    1|          3|
    |co_pres_65_address1     |   14|          3|    6|         18|
    |co_pres_65_ce0          |    9|          2|    1|          2|
    |co_pres_65_ce1          |   14|          3|    1|          3|
    |co_pres_65_d1           |   14|          3|    1|          3|
    |co_pres_65_we1          |   14|          3|    1|          3|
    |co_pres_66_address1     |   14|          3|    6|         18|
    |co_pres_66_ce0          |    9|          2|    1|          2|
    |co_pres_66_ce1          |   14|          3|    1|          3|
    |co_pres_66_d1           |   14|          3|    1|          3|
    |co_pres_66_we1          |   14|          3|    1|          3|
    |co_pres_67_address1     |   14|          3|    6|         18|
    |co_pres_67_ce0          |    9|          2|    1|          2|
    |co_pres_67_ce1          |   14|          3|    1|          3|
    |co_pres_67_d1           |   14|          3|    1|          3|
    |co_pres_67_we1          |   14|          3|    1|          3|
    |co_pres_68_address1     |   14|          3|    6|         18|
    |co_pres_68_ce0          |    9|          2|    1|          2|
    |co_pres_68_ce1          |   14|          3|    1|          3|
    |co_pres_68_d1           |   14|          3|    1|          3|
    |co_pres_68_we1          |   14|          3|    1|          3|
    |co_pres_69_address1     |   14|          3|    6|         18|
    |co_pres_69_ce0          |    9|          2|    1|          2|
    |co_pres_69_ce1          |   14|          3|    1|          3|
    |co_pres_69_d1           |   14|          3|    1|          3|
    |co_pres_69_we1          |   14|          3|    1|          3|
    |co_pres_6_address1      |   14|          3|    6|         18|
    |co_pres_6_ce0           |    9|          2|    1|          2|
    |co_pres_6_ce1           |   14|          3|    1|          3|
    |co_pres_6_d1            |   14|          3|    1|          3|
    |co_pres_6_we1           |   14|          3|    1|          3|
    |co_pres_70_address1     |   14|          3|    6|         18|
    |co_pres_70_ce0          |    9|          2|    1|          2|
    |co_pres_70_ce1          |   14|          3|    1|          3|
    |co_pres_70_d1           |   14|          3|    1|          3|
    |co_pres_70_we1          |   14|          3|    1|          3|
    |co_pres_71_address1     |   14|          3|    6|         18|
    |co_pres_71_ce0          |    9|          2|    1|          2|
    |co_pres_71_ce1          |   14|          3|    1|          3|
    |co_pres_71_d1           |   14|          3|    1|          3|
    |co_pres_71_we1          |   14|          3|    1|          3|
    |co_pres_72_address1     |   14|          3|    6|         18|
    |co_pres_72_ce0          |    9|          2|    1|          2|
    |co_pres_72_ce1          |   14|          3|    1|          3|
    |co_pres_72_d1           |   14|          3|    1|          3|
    |co_pres_72_we1          |   14|          3|    1|          3|
    |co_pres_73_address1     |   14|          3|    6|         18|
    |co_pres_73_ce0          |    9|          2|    1|          2|
    |co_pres_73_ce1          |   14|          3|    1|          3|
    |co_pres_73_d1           |   14|          3|    1|          3|
    |co_pres_73_we1          |   14|          3|    1|          3|
    |co_pres_74_address1     |   14|          3|    6|         18|
    |co_pres_74_ce0          |    9|          2|    1|          2|
    |co_pres_74_ce1          |   14|          3|    1|          3|
    |co_pres_74_d1           |   14|          3|    1|          3|
    |co_pres_74_we1          |   14|          3|    1|          3|
    |co_pres_75_address1     |   14|          3|    6|         18|
    |co_pres_75_ce0          |    9|          2|    1|          2|
    |co_pres_75_ce1          |   14|          3|    1|          3|
    |co_pres_75_d1           |   14|          3|    1|          3|
    |co_pres_75_we1          |   14|          3|    1|          3|
    |co_pres_76_address1     |   14|          3|    6|         18|
    |co_pres_76_ce0          |    9|          2|    1|          2|
    |co_pres_76_ce1          |   14|          3|    1|          3|
    |co_pres_76_d1           |   14|          3|    1|          3|
    |co_pres_76_we1          |   14|          3|    1|          3|
    |co_pres_77_address1     |   14|          3|    6|         18|
    |co_pres_77_ce0          |    9|          2|    1|          2|
    |co_pres_77_ce1          |   14|          3|    1|          3|
    |co_pres_77_d1           |   14|          3|    1|          3|
    |co_pres_77_we1          |   14|          3|    1|          3|
    |co_pres_78_address1     |   14|          3|    6|         18|
    |co_pres_78_ce0          |    9|          2|    1|          2|
    |co_pres_78_ce1          |   14|          3|    1|          3|
    |co_pres_78_d1           |   14|          3|    1|          3|
    |co_pres_78_we1          |   14|          3|    1|          3|
    |co_pres_79_address1     |   14|          3|    6|         18|
    |co_pres_79_ce0          |    9|          2|    1|          2|
    |co_pres_79_ce1          |   14|          3|    1|          3|
    |co_pres_79_d1           |   14|          3|    1|          3|
    |co_pres_79_we1          |   14|          3|    1|          3|
    |co_pres_7_address1      |   14|          3|    6|         18|
    |co_pres_7_ce0           |    9|          2|    1|          2|
    |co_pres_7_ce1           |   14|          3|    1|          3|
    |co_pres_7_d1            |   14|          3|    1|          3|
    |co_pres_7_we1           |   14|          3|    1|          3|
    |co_pres_80_address1     |   14|          3|    6|         18|
    |co_pres_80_ce0          |    9|          2|    1|          2|
    |co_pres_80_ce1          |   14|          3|    1|          3|
    |co_pres_80_d1           |   14|          3|    1|          3|
    |co_pres_80_we1          |   14|          3|    1|          3|
    |co_pres_81_address1     |   14|          3|    6|         18|
    |co_pres_81_ce0          |    9|          2|    1|          2|
    |co_pres_81_ce1          |   14|          3|    1|          3|
    |co_pres_81_d1           |   14|          3|    1|          3|
    |co_pres_81_we1          |   14|          3|    1|          3|
    |co_pres_82_address1     |   14|          3|    6|         18|
    |co_pres_82_ce0          |    9|          2|    1|          2|
    |co_pres_82_ce1          |   14|          3|    1|          3|
    |co_pres_82_d1           |   14|          3|    1|          3|
    |co_pres_82_we1          |   14|          3|    1|          3|
    |co_pres_83_address1     |   14|          3|    6|         18|
    |co_pres_83_ce0          |    9|          2|    1|          2|
    |co_pres_83_ce1          |   14|          3|    1|          3|
    |co_pres_83_d1           |   14|          3|    1|          3|
    |co_pres_83_we1          |   14|          3|    1|          3|
    |co_pres_84_address1     |   14|          3|    6|         18|
    |co_pres_84_ce0          |    9|          2|    1|          2|
    |co_pres_84_ce1          |   14|          3|    1|          3|
    |co_pres_84_d1           |   14|          3|    1|          3|
    |co_pres_84_we1          |   14|          3|    1|          3|
    |co_pres_85_address1     |   14|          3|    6|         18|
    |co_pres_85_ce0          |    9|          2|    1|          2|
    |co_pres_85_ce1          |   14|          3|    1|          3|
    |co_pres_85_d1           |   14|          3|    1|          3|
    |co_pres_85_we1          |   14|          3|    1|          3|
    |co_pres_86_address1     |   14|          3|    6|         18|
    |co_pres_86_ce0          |    9|          2|    1|          2|
    |co_pres_86_ce1          |   14|          3|    1|          3|
    |co_pres_86_d1           |   14|          3|    1|          3|
    |co_pres_86_we1          |   14|          3|    1|          3|
    |co_pres_87_address1     |   14|          3|    6|         18|
    |co_pres_87_ce0          |    9|          2|    1|          2|
    |co_pres_87_ce1          |   14|          3|    1|          3|
    |co_pres_87_d1           |   14|          3|    1|          3|
    |co_pres_87_we1          |   14|          3|    1|          3|
    |co_pres_88_address1     |   14|          3|    6|         18|
    |co_pres_88_ce0          |    9|          2|    1|          2|
    |co_pres_88_ce1          |   14|          3|    1|          3|
    |co_pres_88_d1           |   14|          3|    1|          3|
    |co_pres_88_we1          |   14|          3|    1|          3|
    |co_pres_89_address1     |   14|          3|    6|         18|
    |co_pres_89_ce0          |    9|          2|    1|          2|
    |co_pres_89_ce1          |   14|          3|    1|          3|
    |co_pres_89_d1           |   14|          3|    1|          3|
    |co_pres_89_we1          |   14|          3|    1|          3|
    |co_pres_8_address1      |   14|          3|    6|         18|
    |co_pres_8_ce0           |    9|          2|    1|          2|
    |co_pres_8_ce1           |   14|          3|    1|          3|
    |co_pres_8_d1            |   14|          3|    1|          3|
    |co_pres_8_we1           |   14|          3|    1|          3|
    |co_pres_90_address1     |   14|          3|    6|         18|
    |co_pres_90_ce0          |    9|          2|    1|          2|
    |co_pres_90_ce1          |   14|          3|    1|          3|
    |co_pres_90_d1           |   14|          3|    1|          3|
    |co_pres_90_we1          |   14|          3|    1|          3|
    |co_pres_91_address1     |   14|          3|    6|         18|
    |co_pres_91_ce0          |    9|          2|    1|          2|
    |co_pres_91_ce1          |   14|          3|    1|          3|
    |co_pres_91_d1           |   14|          3|    1|          3|
    |co_pres_91_we1          |   14|          3|    1|          3|
    |co_pres_92_address1     |   14|          3|    6|         18|
    |co_pres_92_ce0          |    9|          2|    1|          2|
    |co_pres_92_ce1          |   14|          3|    1|          3|
    |co_pres_92_d1           |   14|          3|    1|          3|
    |co_pres_92_we1          |   14|          3|    1|          3|
    |co_pres_93_address1     |   14|          3|    6|         18|
    |co_pres_93_ce0          |    9|          2|    1|          2|
    |co_pres_93_ce1          |   14|          3|    1|          3|
    |co_pres_93_d1           |   14|          3|    1|          3|
    |co_pres_93_we1          |   14|          3|    1|          3|
    |co_pres_94_address1     |   14|          3|    6|         18|
    |co_pres_94_ce0          |    9|          2|    1|          2|
    |co_pres_94_ce1          |   14|          3|    1|          3|
    |co_pres_94_d1           |   14|          3|    1|          3|
    |co_pres_94_we1          |   14|          3|    1|          3|
    |co_pres_95_address1     |   14|          3|    6|         18|
    |co_pres_95_ce0          |    9|          2|    1|          2|
    |co_pres_95_ce1          |   14|          3|    1|          3|
    |co_pres_95_d1           |   14|          3|    1|          3|
    |co_pres_95_we1          |   14|          3|    1|          3|
    |co_pres_96_address1     |   14|          3|    6|         18|
    |co_pres_96_ce0          |    9|          2|    1|          2|
    |co_pres_96_ce1          |   14|          3|    1|          3|
    |co_pres_96_d1           |   14|          3|    1|          3|
    |co_pres_96_we1          |   14|          3|    1|          3|
    |co_pres_97_address1     |   14|          3|    6|         18|
    |co_pres_97_ce0          |    9|          2|    1|          2|
    |co_pres_97_ce1          |   14|          3|    1|          3|
    |co_pres_97_d1           |   14|          3|    1|          3|
    |co_pres_97_we1          |   14|          3|    1|          3|
    |co_pres_98_address1     |   14|          3|    6|         18|
    |co_pres_98_ce0          |    9|          2|    1|          2|
    |co_pres_98_ce1          |   14|          3|    1|          3|
    |co_pres_98_d1           |   14|          3|    1|          3|
    |co_pres_98_we1          |   14|          3|    1|          3|
    |co_pres_99_address1     |   14|          3|    6|         18|
    |co_pres_99_ce0          |    9|          2|    1|          2|
    |co_pres_99_ce1          |   14|          3|    1|          3|
    |co_pres_99_d1           |   14|          3|    1|          3|
    |co_pres_99_we1          |   14|          3|    1|          3|
    |co_pres_9_address1      |   14|          3|    6|         18|
    |co_pres_9_ce0           |    9|          2|    1|          2|
    |co_pres_9_ce1           |   14|          3|    1|          3|
    |co_pres_9_d1            |   14|          3|    1|          3|
    |co_pres_9_we1           |   14|          3|    1|          3|
    |co_pres_address1        |   14|          3|    6|         18|
    |co_pres_ce0             |    9|          2|    1|          2|
    |co_pres_ce1             |   14|          3|    1|          3|
    |co_pres_d1              |   14|          3|    1|          3|
    |co_pres_we1             |   14|          3|    1|          3|
    |co_val_100_ce0          |    9|          2|    1|          2|
    |co_val_100_ce1          |    9|          2|    1|          2|
    |co_val_100_we1          |    9|          2|    1|          2|
    |co_val_101_ce0          |    9|          2|    1|          2|
    |co_val_101_ce1          |    9|          2|    1|          2|
    |co_val_101_we1          |    9|          2|    1|          2|
    |co_val_102_ce0          |    9|          2|    1|          2|
    |co_val_102_ce1          |    9|          2|    1|          2|
    |co_val_102_we1          |    9|          2|    1|          2|
    |co_val_103_ce0          |    9|          2|    1|          2|
    |co_val_103_ce1          |    9|          2|    1|          2|
    |co_val_103_we1          |    9|          2|    1|          2|
    |co_val_104_ce0          |    9|          2|    1|          2|
    |co_val_104_ce1          |    9|          2|    1|          2|
    |co_val_104_we1          |    9|          2|    1|          2|
    |co_val_105_ce0          |    9|          2|    1|          2|
    |co_val_105_ce1          |    9|          2|    1|          2|
    |co_val_105_we1          |    9|          2|    1|          2|
    |co_val_106_ce0          |    9|          2|    1|          2|
    |co_val_106_ce1          |    9|          2|    1|          2|
    |co_val_106_we1          |    9|          2|    1|          2|
    |co_val_107_ce0          |    9|          2|    1|          2|
    |co_val_107_ce1          |    9|          2|    1|          2|
    |co_val_107_we1          |    9|          2|    1|          2|
    |co_val_108_ce0          |    9|          2|    1|          2|
    |co_val_108_ce1          |    9|          2|    1|          2|
    |co_val_108_we1          |    9|          2|    1|          2|
    |co_val_109_ce0          |    9|          2|    1|          2|
    |co_val_109_ce1          |    9|          2|    1|          2|
    |co_val_109_we1          |    9|          2|    1|          2|
    |co_val_10_ce0           |    9|          2|    1|          2|
    |co_val_10_ce1           |    9|          2|    1|          2|
    |co_val_10_we1           |    9|          2|    1|          2|
    |co_val_110_ce0          |    9|          2|    1|          2|
    |co_val_110_ce1          |    9|          2|    1|          2|
    |co_val_110_we1          |    9|          2|    1|          2|
    |co_val_111_ce0          |    9|          2|    1|          2|
    |co_val_111_ce1          |    9|          2|    1|          2|
    |co_val_111_we1          |    9|          2|    1|          2|
    |co_val_112_ce0          |    9|          2|    1|          2|
    |co_val_112_ce1          |    9|          2|    1|          2|
    |co_val_112_we1          |    9|          2|    1|          2|
    |co_val_113_ce0          |    9|          2|    1|          2|
    |co_val_113_ce1          |    9|          2|    1|          2|
    |co_val_113_we1          |    9|          2|    1|          2|
    |co_val_114_ce0          |    9|          2|    1|          2|
    |co_val_114_ce1          |    9|          2|    1|          2|
    |co_val_114_we1          |    9|          2|    1|          2|
    |co_val_115_ce0          |    9|          2|    1|          2|
    |co_val_115_ce1          |    9|          2|    1|          2|
    |co_val_115_we1          |    9|          2|    1|          2|
    |co_val_116_ce0          |    9|          2|    1|          2|
    |co_val_116_ce1          |    9|          2|    1|          2|
    |co_val_116_we1          |    9|          2|    1|          2|
    |co_val_117_ce0          |    9|          2|    1|          2|
    |co_val_117_ce1          |    9|          2|    1|          2|
    |co_val_117_we1          |    9|          2|    1|          2|
    |co_val_118_ce0          |    9|          2|    1|          2|
    |co_val_118_ce1          |    9|          2|    1|          2|
    |co_val_118_we1          |    9|          2|    1|          2|
    |co_val_119_ce0          |    9|          2|    1|          2|
    |co_val_119_ce1          |    9|          2|    1|          2|
    |co_val_119_we1          |    9|          2|    1|          2|
    |co_val_11_ce0           |    9|          2|    1|          2|
    |co_val_11_ce1           |    9|          2|    1|          2|
    |co_val_11_we1           |    9|          2|    1|          2|
    |co_val_120_ce0          |    9|          2|    1|          2|
    |co_val_120_ce1          |    9|          2|    1|          2|
    |co_val_120_we1          |    9|          2|    1|          2|
    |co_val_121_ce0          |    9|          2|    1|          2|
    |co_val_121_ce1          |    9|          2|    1|          2|
    |co_val_121_we1          |    9|          2|    1|          2|
    |co_val_122_ce0          |    9|          2|    1|          2|
    |co_val_122_ce1          |    9|          2|    1|          2|
    |co_val_122_we1          |    9|          2|    1|          2|
    |co_val_123_ce0          |    9|          2|    1|          2|
    |co_val_123_ce1          |    9|          2|    1|          2|
    |co_val_123_we1          |    9|          2|    1|          2|
    |co_val_124_ce0          |    9|          2|    1|          2|
    |co_val_124_ce1          |    9|          2|    1|          2|
    |co_val_124_we1          |    9|          2|    1|          2|
    |co_val_125_ce0          |    9|          2|    1|          2|
    |co_val_125_ce1          |    9|          2|    1|          2|
    |co_val_125_we1          |    9|          2|    1|          2|
    |co_val_126_ce0          |    9|          2|    1|          2|
    |co_val_126_ce1          |    9|          2|    1|          2|
    |co_val_126_we1          |    9|          2|    1|          2|
    |co_val_127_ce0          |    9|          2|    1|          2|
    |co_val_127_ce1          |    9|          2|    1|          2|
    |co_val_127_we1          |    9|          2|    1|          2|
    |co_val_128_ce0          |    9|          2|    1|          2|
    |co_val_128_ce1          |    9|          2|    1|          2|
    |co_val_128_we1          |    9|          2|    1|          2|
    |co_val_129_ce0          |    9|          2|    1|          2|
    |co_val_129_ce1          |    9|          2|    1|          2|
    |co_val_129_we1          |    9|          2|    1|          2|
    |co_val_12_ce0           |    9|          2|    1|          2|
    |co_val_12_ce1           |    9|          2|    1|          2|
    |co_val_12_we1           |    9|          2|    1|          2|
    |co_val_130_ce0          |    9|          2|    1|          2|
    |co_val_130_ce1          |    9|          2|    1|          2|
    |co_val_130_we1          |    9|          2|    1|          2|
    |co_val_131_ce0          |    9|          2|    1|          2|
    |co_val_131_ce1          |    9|          2|    1|          2|
    |co_val_131_we1          |    9|          2|    1|          2|
    |co_val_132_ce0          |    9|          2|    1|          2|
    |co_val_132_ce1          |    9|          2|    1|          2|
    |co_val_132_we1          |    9|          2|    1|          2|
    |co_val_133_ce0          |    9|          2|    1|          2|
    |co_val_133_ce1          |    9|          2|    1|          2|
    |co_val_133_we1          |    9|          2|    1|          2|
    |co_val_134_ce0          |    9|          2|    1|          2|
    |co_val_134_ce1          |    9|          2|    1|          2|
    |co_val_134_we1          |    9|          2|    1|          2|
    |co_val_135_ce0          |    9|          2|    1|          2|
    |co_val_135_ce1          |    9|          2|    1|          2|
    |co_val_135_we1          |    9|          2|    1|          2|
    |co_val_136_ce0          |    9|          2|    1|          2|
    |co_val_136_ce1          |    9|          2|    1|          2|
    |co_val_136_we1          |    9|          2|    1|          2|
    |co_val_137_ce0          |    9|          2|    1|          2|
    |co_val_137_ce1          |    9|          2|    1|          2|
    |co_val_137_we1          |    9|          2|    1|          2|
    |co_val_138_ce0          |    9|          2|    1|          2|
    |co_val_138_ce1          |    9|          2|    1|          2|
    |co_val_138_we1          |    9|          2|    1|          2|
    |co_val_139_ce0          |    9|          2|    1|          2|
    |co_val_139_ce1          |    9|          2|    1|          2|
    |co_val_139_we1          |    9|          2|    1|          2|
    |co_val_13_ce0           |    9|          2|    1|          2|
    |co_val_13_ce1           |    9|          2|    1|          2|
    |co_val_13_we1           |    9|          2|    1|          2|
    |co_val_140_ce0          |    9|          2|    1|          2|
    |co_val_140_ce1          |    9|          2|    1|          2|
    |co_val_140_we1          |    9|          2|    1|          2|
    |co_val_141_ce0          |    9|          2|    1|          2|
    |co_val_141_ce1          |    9|          2|    1|          2|
    |co_val_141_we1          |    9|          2|    1|          2|
    |co_val_142_ce0          |    9|          2|    1|          2|
    |co_val_142_ce1          |    9|          2|    1|          2|
    |co_val_142_we1          |    9|          2|    1|          2|
    |co_val_143_ce0          |    9|          2|    1|          2|
    |co_val_143_ce1          |    9|          2|    1|          2|
    |co_val_143_we1          |    9|          2|    1|          2|
    |co_val_144_ce0          |    9|          2|    1|          2|
    |co_val_144_ce1          |    9|          2|    1|          2|
    |co_val_144_we1          |    9|          2|    1|          2|
    |co_val_145_ce0          |    9|          2|    1|          2|
    |co_val_145_ce1          |    9|          2|    1|          2|
    |co_val_145_we1          |    9|          2|    1|          2|
    |co_val_146_ce0          |    9|          2|    1|          2|
    |co_val_146_ce1          |    9|          2|    1|          2|
    |co_val_146_we1          |    9|          2|    1|          2|
    |co_val_147_ce0          |    9|          2|    1|          2|
    |co_val_147_ce1          |    9|          2|    1|          2|
    |co_val_147_we1          |    9|          2|    1|          2|
    |co_val_148_ce0          |    9|          2|    1|          2|
    |co_val_148_ce1          |    9|          2|    1|          2|
    |co_val_148_we1          |    9|          2|    1|          2|
    |co_val_149_ce0          |    9|          2|    1|          2|
    |co_val_149_ce1          |    9|          2|    1|          2|
    |co_val_149_we1          |    9|          2|    1|          2|
    |co_val_14_ce0           |    9|          2|    1|          2|
    |co_val_14_ce1           |    9|          2|    1|          2|
    |co_val_14_we1           |    9|          2|    1|          2|
    |co_val_150_ce0          |    9|          2|    1|          2|
    |co_val_150_ce1          |    9|          2|    1|          2|
    |co_val_150_we1          |    9|          2|    1|          2|
    |co_val_151_ce0          |    9|          2|    1|          2|
    |co_val_151_ce1          |    9|          2|    1|          2|
    |co_val_151_we1          |    9|          2|    1|          2|
    |co_val_152_ce0          |    9|          2|    1|          2|
    |co_val_152_ce1          |    9|          2|    1|          2|
    |co_val_152_we1          |    9|          2|    1|          2|
    |co_val_153_ce0          |    9|          2|    1|          2|
    |co_val_153_ce1          |    9|          2|    1|          2|
    |co_val_153_we1          |    9|          2|    1|          2|
    |co_val_154_ce0          |    9|          2|    1|          2|
    |co_val_154_ce1          |    9|          2|    1|          2|
    |co_val_154_we1          |    9|          2|    1|          2|
    |co_val_155_ce0          |    9|          2|    1|          2|
    |co_val_155_ce1          |    9|          2|    1|          2|
    |co_val_155_we1          |    9|          2|    1|          2|
    |co_val_156_ce0          |    9|          2|    1|          2|
    |co_val_156_ce1          |    9|          2|    1|          2|
    |co_val_156_we1          |    9|          2|    1|          2|
    |co_val_157_ce0          |    9|          2|    1|          2|
    |co_val_157_ce1          |    9|          2|    1|          2|
    |co_val_157_we1          |    9|          2|    1|          2|
    |co_val_158_ce0          |    9|          2|    1|          2|
    |co_val_158_ce1          |    9|          2|    1|          2|
    |co_val_158_we1          |    9|          2|    1|          2|
    |co_val_159_ce0          |    9|          2|    1|          2|
    |co_val_159_ce1          |    9|          2|    1|          2|
    |co_val_159_we1          |    9|          2|    1|          2|
    |co_val_15_ce0           |    9|          2|    1|          2|
    |co_val_15_ce1           |    9|          2|    1|          2|
    |co_val_15_we1           |    9|          2|    1|          2|
    |co_val_160_ce0          |    9|          2|    1|          2|
    |co_val_160_ce1          |    9|          2|    1|          2|
    |co_val_160_we1          |    9|          2|    1|          2|
    |co_val_161_ce0          |    9|          2|    1|          2|
    |co_val_161_ce1          |    9|          2|    1|          2|
    |co_val_161_we1          |    9|          2|    1|          2|
    |co_val_162_ce0          |    9|          2|    1|          2|
    |co_val_162_ce1          |    9|          2|    1|          2|
    |co_val_162_we1          |    9|          2|    1|          2|
    |co_val_163_ce0          |    9|          2|    1|          2|
    |co_val_163_ce1          |    9|          2|    1|          2|
    |co_val_163_we1          |    9|          2|    1|          2|
    |co_val_164_ce0          |    9|          2|    1|          2|
    |co_val_164_ce1          |    9|          2|    1|          2|
    |co_val_164_we1          |    9|          2|    1|          2|
    |co_val_165_ce0          |    9|          2|    1|          2|
    |co_val_165_ce1          |    9|          2|    1|          2|
    |co_val_165_we1          |    9|          2|    1|          2|
    |co_val_166_ce0          |    9|          2|    1|          2|
    |co_val_166_ce1          |    9|          2|    1|          2|
    |co_val_166_we1          |    9|          2|    1|          2|
    |co_val_167_ce0          |    9|          2|    1|          2|
    |co_val_167_ce1          |    9|          2|    1|          2|
    |co_val_167_we1          |    9|          2|    1|          2|
    |co_val_168_ce0          |    9|          2|    1|          2|
    |co_val_168_ce1          |    9|          2|    1|          2|
    |co_val_168_we1          |    9|          2|    1|          2|
    |co_val_169_ce0          |    9|          2|    1|          2|
    |co_val_169_ce1          |    9|          2|    1|          2|
    |co_val_169_we1          |    9|          2|    1|          2|
    |co_val_16_ce0           |    9|          2|    1|          2|
    |co_val_16_ce1           |    9|          2|    1|          2|
    |co_val_16_we1           |    9|          2|    1|          2|
    |co_val_170_ce0          |    9|          2|    1|          2|
    |co_val_170_ce1          |    9|          2|    1|          2|
    |co_val_170_we1          |    9|          2|    1|          2|
    |co_val_171_ce0          |    9|          2|    1|          2|
    |co_val_171_ce1          |    9|          2|    1|          2|
    |co_val_171_we1          |    9|          2|    1|          2|
    |co_val_172_ce0          |    9|          2|    1|          2|
    |co_val_172_ce1          |    9|          2|    1|          2|
    |co_val_172_we1          |    9|          2|    1|          2|
    |co_val_173_ce0          |    9|          2|    1|          2|
    |co_val_173_ce1          |    9|          2|    1|          2|
    |co_val_173_we1          |    9|          2|    1|          2|
    |co_val_174_ce0          |    9|          2|    1|          2|
    |co_val_174_ce1          |    9|          2|    1|          2|
    |co_val_174_we1          |    9|          2|    1|          2|
    |co_val_175_ce0          |    9|          2|    1|          2|
    |co_val_175_ce1          |    9|          2|    1|          2|
    |co_val_175_we1          |    9|          2|    1|          2|
    |co_val_176_ce0          |    9|          2|    1|          2|
    |co_val_176_ce1          |    9|          2|    1|          2|
    |co_val_176_we1          |    9|          2|    1|          2|
    |co_val_177_ce0          |    9|          2|    1|          2|
    |co_val_177_ce1          |    9|          2|    1|          2|
    |co_val_177_we1          |    9|          2|    1|          2|
    |co_val_178_ce0          |    9|          2|    1|          2|
    |co_val_178_ce1          |    9|          2|    1|          2|
    |co_val_178_we1          |    9|          2|    1|          2|
    |co_val_179_ce0          |    9|          2|    1|          2|
    |co_val_179_ce1          |    9|          2|    1|          2|
    |co_val_179_we1          |    9|          2|    1|          2|
    |co_val_17_ce0           |    9|          2|    1|          2|
    |co_val_17_ce1           |    9|          2|    1|          2|
    |co_val_17_we1           |    9|          2|    1|          2|
    |co_val_180_ce0          |    9|          2|    1|          2|
    |co_val_180_ce1          |    9|          2|    1|          2|
    |co_val_180_we1          |    9|          2|    1|          2|
    |co_val_181_ce0          |    9|          2|    1|          2|
    |co_val_181_ce1          |    9|          2|    1|          2|
    |co_val_181_we1          |    9|          2|    1|          2|
    |co_val_182_ce0          |    9|          2|    1|          2|
    |co_val_182_ce1          |    9|          2|    1|          2|
    |co_val_182_we1          |    9|          2|    1|          2|
    |co_val_183_ce0          |    9|          2|    1|          2|
    |co_val_183_ce1          |    9|          2|    1|          2|
    |co_val_183_we1          |    9|          2|    1|          2|
    |co_val_184_ce0          |    9|          2|    1|          2|
    |co_val_184_ce1          |    9|          2|    1|          2|
    |co_val_184_we1          |    9|          2|    1|          2|
    |co_val_185_ce0          |    9|          2|    1|          2|
    |co_val_185_ce1          |    9|          2|    1|          2|
    |co_val_185_we1          |    9|          2|    1|          2|
    |co_val_186_ce0          |    9|          2|    1|          2|
    |co_val_186_ce1          |    9|          2|    1|          2|
    |co_val_186_we1          |    9|          2|    1|          2|
    |co_val_187_ce0          |    9|          2|    1|          2|
    |co_val_187_ce1          |    9|          2|    1|          2|
    |co_val_187_we1          |    9|          2|    1|          2|
    |co_val_188_ce0          |    9|          2|    1|          2|
    |co_val_188_ce1          |    9|          2|    1|          2|
    |co_val_188_we1          |    9|          2|    1|          2|
    |co_val_189_ce0          |    9|          2|    1|          2|
    |co_val_189_ce1          |    9|          2|    1|          2|
    |co_val_189_we1          |    9|          2|    1|          2|
    |co_val_18_ce0           |    9|          2|    1|          2|
    |co_val_18_ce1           |    9|          2|    1|          2|
    |co_val_18_we1           |    9|          2|    1|          2|
    |co_val_190_ce0          |    9|          2|    1|          2|
    |co_val_190_ce1          |    9|          2|    1|          2|
    |co_val_190_we1          |    9|          2|    1|          2|
    |co_val_191_ce0          |    9|          2|    1|          2|
    |co_val_191_ce1          |    9|          2|    1|          2|
    |co_val_191_we1          |    9|          2|    1|          2|
    |co_val_192_ce0          |    9|          2|    1|          2|
    |co_val_192_ce1          |    9|          2|    1|          2|
    |co_val_192_we1          |    9|          2|    1|          2|
    |co_val_193_ce0          |    9|          2|    1|          2|
    |co_val_193_ce1          |    9|          2|    1|          2|
    |co_val_193_we1          |    9|          2|    1|          2|
    |co_val_194_ce0          |    9|          2|    1|          2|
    |co_val_194_ce1          |    9|          2|    1|          2|
    |co_val_194_we1          |    9|          2|    1|          2|
    |co_val_195_ce0          |    9|          2|    1|          2|
    |co_val_195_ce1          |    9|          2|    1|          2|
    |co_val_195_we1          |    9|          2|    1|          2|
    |co_val_196_ce0          |    9|          2|    1|          2|
    |co_val_196_ce1          |    9|          2|    1|          2|
    |co_val_196_we1          |    9|          2|    1|          2|
    |co_val_197_ce0          |    9|          2|    1|          2|
    |co_val_197_ce1          |    9|          2|    1|          2|
    |co_val_197_we1          |    9|          2|    1|          2|
    |co_val_198_ce0          |    9|          2|    1|          2|
    |co_val_198_ce1          |    9|          2|    1|          2|
    |co_val_198_we1          |    9|          2|    1|          2|
    |co_val_199_ce0          |    9|          2|    1|          2|
    |co_val_199_ce1          |    9|          2|    1|          2|
    |co_val_199_we1          |    9|          2|    1|          2|
    |co_val_19_ce0           |    9|          2|    1|          2|
    |co_val_19_ce1           |    9|          2|    1|          2|
    |co_val_19_we1           |    9|          2|    1|          2|
    |co_val_1_ce0            |    9|          2|    1|          2|
    |co_val_1_ce1            |    9|          2|    1|          2|
    |co_val_1_we1            |    9|          2|    1|          2|
    |co_val_200_ce0          |    9|          2|    1|          2|
    |co_val_200_ce1          |    9|          2|    1|          2|
    |co_val_200_we1          |    9|          2|    1|          2|
    |co_val_201_ce0          |    9|          2|    1|          2|
    |co_val_201_ce1          |    9|          2|    1|          2|
    |co_val_201_we1          |    9|          2|    1|          2|
    |co_val_202_ce0          |    9|          2|    1|          2|
    |co_val_202_ce1          |    9|          2|    1|          2|
    |co_val_202_we1          |    9|          2|    1|          2|
    |co_val_203_ce0          |    9|          2|    1|          2|
    |co_val_203_ce1          |    9|          2|    1|          2|
    |co_val_203_we1          |    9|          2|    1|          2|
    |co_val_204_ce0          |    9|          2|    1|          2|
    |co_val_204_ce1          |    9|          2|    1|          2|
    |co_val_204_we1          |    9|          2|    1|          2|
    |co_val_205_ce0          |    9|          2|    1|          2|
    |co_val_205_ce1          |    9|          2|    1|          2|
    |co_val_205_we1          |    9|          2|    1|          2|
    |co_val_206_ce0          |    9|          2|    1|          2|
    |co_val_206_ce1          |    9|          2|    1|          2|
    |co_val_206_we1          |    9|          2|    1|          2|
    |co_val_207_ce0          |    9|          2|    1|          2|
    |co_val_207_ce1          |    9|          2|    1|          2|
    |co_val_207_we1          |    9|          2|    1|          2|
    |co_val_208_ce0          |    9|          2|    1|          2|
    |co_val_208_ce1          |    9|          2|    1|          2|
    |co_val_208_we1          |    9|          2|    1|          2|
    |co_val_209_ce0          |    9|          2|    1|          2|
    |co_val_209_ce1          |    9|          2|    1|          2|
    |co_val_209_we1          |    9|          2|    1|          2|
    |co_val_20_ce0           |    9|          2|    1|          2|
    |co_val_20_ce1           |    9|          2|    1|          2|
    |co_val_20_we1           |    9|          2|    1|          2|
    |co_val_210_ce0          |    9|          2|    1|          2|
    |co_val_210_ce1          |    9|          2|    1|          2|
    |co_val_210_we1          |    9|          2|    1|          2|
    |co_val_211_ce0          |    9|          2|    1|          2|
    |co_val_211_ce1          |    9|          2|    1|          2|
    |co_val_211_we1          |    9|          2|    1|          2|
    |co_val_212_ce0          |    9|          2|    1|          2|
    |co_val_212_ce1          |    9|          2|    1|          2|
    |co_val_212_we1          |    9|          2|    1|          2|
    |co_val_213_ce0          |    9|          2|    1|          2|
    |co_val_213_ce1          |    9|          2|    1|          2|
    |co_val_213_we1          |    9|          2|    1|          2|
    |co_val_214_ce0          |    9|          2|    1|          2|
    |co_val_214_ce1          |    9|          2|    1|          2|
    |co_val_214_we1          |    9|          2|    1|          2|
    |co_val_215_ce0          |    9|          2|    1|          2|
    |co_val_215_ce1          |    9|          2|    1|          2|
    |co_val_215_we1          |    9|          2|    1|          2|
    |co_val_216_ce0          |    9|          2|    1|          2|
    |co_val_216_ce1          |    9|          2|    1|          2|
    |co_val_216_we1          |    9|          2|    1|          2|
    |co_val_217_ce0          |    9|          2|    1|          2|
    |co_val_217_ce1          |    9|          2|    1|          2|
    |co_val_217_we1          |    9|          2|    1|          2|
    |co_val_218_ce0          |    9|          2|    1|          2|
    |co_val_218_ce1          |    9|          2|    1|          2|
    |co_val_218_we1          |    9|          2|    1|          2|
    |co_val_219_ce0          |    9|          2|    1|          2|
    |co_val_219_ce1          |    9|          2|    1|          2|
    |co_val_219_we1          |    9|          2|    1|          2|
    |co_val_21_ce0           |    9|          2|    1|          2|
    |co_val_21_ce1           |    9|          2|    1|          2|
    |co_val_21_we1           |    9|          2|    1|          2|
    |co_val_220_ce0          |    9|          2|    1|          2|
    |co_val_220_ce1          |    9|          2|    1|          2|
    |co_val_220_we1          |    9|          2|    1|          2|
    |co_val_221_ce0          |    9|          2|    1|          2|
    |co_val_221_ce1          |    9|          2|    1|          2|
    |co_val_221_we1          |    9|          2|    1|          2|
    |co_val_222_ce0          |    9|          2|    1|          2|
    |co_val_222_ce1          |    9|          2|    1|          2|
    |co_val_222_we1          |    9|          2|    1|          2|
    |co_val_223_ce0          |    9|          2|    1|          2|
    |co_val_223_ce1          |    9|          2|    1|          2|
    |co_val_223_we1          |    9|          2|    1|          2|
    |co_val_224_ce0          |    9|          2|    1|          2|
    |co_val_224_ce1          |    9|          2|    1|          2|
    |co_val_224_we1          |    9|          2|    1|          2|
    |co_val_22_ce0           |    9|          2|    1|          2|
    |co_val_22_ce1           |    9|          2|    1|          2|
    |co_val_22_we1           |    9|          2|    1|          2|
    |co_val_23_ce0           |    9|          2|    1|          2|
    |co_val_23_ce1           |    9|          2|    1|          2|
    |co_val_23_we1           |    9|          2|    1|          2|
    |co_val_24_ce0           |    9|          2|    1|          2|
    |co_val_24_ce1           |    9|          2|    1|          2|
    |co_val_24_we1           |    9|          2|    1|          2|
    |co_val_25_ce0           |    9|          2|    1|          2|
    |co_val_25_ce1           |    9|          2|    1|          2|
    |co_val_25_we1           |    9|          2|    1|          2|
    |co_val_26_ce0           |    9|          2|    1|          2|
    |co_val_26_ce1           |    9|          2|    1|          2|
    |co_val_26_we1           |    9|          2|    1|          2|
    |co_val_27_ce0           |    9|          2|    1|          2|
    |co_val_27_ce1           |    9|          2|    1|          2|
    |co_val_27_we1           |    9|          2|    1|          2|
    |co_val_28_ce0           |    9|          2|    1|          2|
    |co_val_28_ce1           |    9|          2|    1|          2|
    |co_val_28_we1           |    9|          2|    1|          2|
    |co_val_29_ce0           |    9|          2|    1|          2|
    |co_val_29_ce1           |    9|          2|    1|          2|
    |co_val_29_we1           |    9|          2|    1|          2|
    |co_val_2_ce0            |    9|          2|    1|          2|
    |co_val_2_ce1            |    9|          2|    1|          2|
    |co_val_2_we1            |    9|          2|    1|          2|
    |co_val_30_ce0           |    9|          2|    1|          2|
    |co_val_30_ce1           |    9|          2|    1|          2|
    |co_val_30_we1           |    9|          2|    1|          2|
    |co_val_31_ce0           |    9|          2|    1|          2|
    |co_val_31_ce1           |    9|          2|    1|          2|
    |co_val_31_we1           |    9|          2|    1|          2|
    |co_val_32_ce0           |    9|          2|    1|          2|
    |co_val_32_ce1           |    9|          2|    1|          2|
    |co_val_32_we1           |    9|          2|    1|          2|
    |co_val_33_ce0           |    9|          2|    1|          2|
    |co_val_33_ce1           |    9|          2|    1|          2|
    |co_val_33_we1           |    9|          2|    1|          2|
    |co_val_34_ce0           |    9|          2|    1|          2|
    |co_val_34_ce1           |    9|          2|    1|          2|
    |co_val_34_we1           |    9|          2|    1|          2|
    |co_val_35_ce0           |    9|          2|    1|          2|
    |co_val_35_ce1           |    9|          2|    1|          2|
    |co_val_35_we1           |    9|          2|    1|          2|
    |co_val_36_ce0           |    9|          2|    1|          2|
    |co_val_36_ce1           |    9|          2|    1|          2|
    |co_val_36_we1           |    9|          2|    1|          2|
    |co_val_37_ce0           |    9|          2|    1|          2|
    |co_val_37_ce1           |    9|          2|    1|          2|
    |co_val_37_we1           |    9|          2|    1|          2|
    |co_val_38_ce0           |    9|          2|    1|          2|
    |co_val_38_ce1           |    9|          2|    1|          2|
    |co_val_38_we1           |    9|          2|    1|          2|
    |co_val_39_ce0           |    9|          2|    1|          2|
    |co_val_39_ce1           |    9|          2|    1|          2|
    |co_val_39_we1           |    9|          2|    1|          2|
    |co_val_3_ce0            |    9|          2|    1|          2|
    |co_val_3_ce1            |    9|          2|    1|          2|
    |co_val_3_we1            |    9|          2|    1|          2|
    |co_val_40_ce0           |    9|          2|    1|          2|
    |co_val_40_ce1           |    9|          2|    1|          2|
    |co_val_40_we1           |    9|          2|    1|          2|
    |co_val_41_ce0           |    9|          2|    1|          2|
    |co_val_41_ce1           |    9|          2|    1|          2|
    |co_val_41_we1           |    9|          2|    1|          2|
    |co_val_42_ce0           |    9|          2|    1|          2|
    |co_val_42_ce1           |    9|          2|    1|          2|
    |co_val_42_we1           |    9|          2|    1|          2|
    |co_val_43_ce0           |    9|          2|    1|          2|
    |co_val_43_ce1           |    9|          2|    1|          2|
    |co_val_43_we1           |    9|          2|    1|          2|
    |co_val_44_ce0           |    9|          2|    1|          2|
    |co_val_44_ce1           |    9|          2|    1|          2|
    |co_val_44_we1           |    9|          2|    1|          2|
    |co_val_45_ce0           |    9|          2|    1|          2|
    |co_val_45_ce1           |    9|          2|    1|          2|
    |co_val_45_we1           |    9|          2|    1|          2|
    |co_val_46_ce0           |    9|          2|    1|          2|
    |co_val_46_ce1           |    9|          2|    1|          2|
    |co_val_46_we1           |    9|          2|    1|          2|
    |co_val_47_ce0           |    9|          2|    1|          2|
    |co_val_47_ce1           |    9|          2|    1|          2|
    |co_val_47_we1           |    9|          2|    1|          2|
    |co_val_48_ce0           |    9|          2|    1|          2|
    |co_val_48_ce1           |    9|          2|    1|          2|
    |co_val_48_we1           |    9|          2|    1|          2|
    |co_val_49_ce0           |    9|          2|    1|          2|
    |co_val_49_ce1           |    9|          2|    1|          2|
    |co_val_49_we1           |    9|          2|    1|          2|
    |co_val_4_ce0            |    9|          2|    1|          2|
    |co_val_4_ce1            |    9|          2|    1|          2|
    |co_val_4_we1            |    9|          2|    1|          2|
    |co_val_50_ce0           |    9|          2|    1|          2|
    |co_val_50_ce1           |    9|          2|    1|          2|
    |co_val_50_we1           |    9|          2|    1|          2|
    |co_val_51_ce0           |    9|          2|    1|          2|
    |co_val_51_ce1           |    9|          2|    1|          2|
    |co_val_51_we1           |    9|          2|    1|          2|
    |co_val_52_ce0           |    9|          2|    1|          2|
    |co_val_52_ce1           |    9|          2|    1|          2|
    |co_val_52_we1           |    9|          2|    1|          2|
    |co_val_53_ce0           |    9|          2|    1|          2|
    |co_val_53_ce1           |    9|          2|    1|          2|
    |co_val_53_we1           |    9|          2|    1|          2|
    |co_val_54_ce0           |    9|          2|    1|          2|
    |co_val_54_ce1           |    9|          2|    1|          2|
    |co_val_54_we1           |    9|          2|    1|          2|
    |co_val_55_ce0           |    9|          2|    1|          2|
    |co_val_55_ce1           |    9|          2|    1|          2|
    |co_val_55_we1           |    9|          2|    1|          2|
    |co_val_56_ce0           |    9|          2|    1|          2|
    |co_val_56_ce1           |    9|          2|    1|          2|
    |co_val_56_we1           |    9|          2|    1|          2|
    |co_val_57_ce0           |    9|          2|    1|          2|
    |co_val_57_ce1           |    9|          2|    1|          2|
    |co_val_57_we1           |    9|          2|    1|          2|
    |co_val_58_ce0           |    9|          2|    1|          2|
    |co_val_58_ce1           |    9|          2|    1|          2|
    |co_val_58_we1           |    9|          2|    1|          2|
    |co_val_59_ce0           |    9|          2|    1|          2|
    |co_val_59_ce1           |    9|          2|    1|          2|
    |co_val_59_we1           |    9|          2|    1|          2|
    |co_val_5_ce0            |    9|          2|    1|          2|
    |co_val_5_ce1            |    9|          2|    1|          2|
    |co_val_5_we1            |    9|          2|    1|          2|
    |co_val_60_ce0           |    9|          2|    1|          2|
    |co_val_60_ce1           |    9|          2|    1|          2|
    |co_val_60_we1           |    9|          2|    1|          2|
    |co_val_61_ce0           |    9|          2|    1|          2|
    |co_val_61_ce1           |    9|          2|    1|          2|
    |co_val_61_we1           |    9|          2|    1|          2|
    |co_val_62_ce0           |    9|          2|    1|          2|
    |co_val_62_ce1           |    9|          2|    1|          2|
    |co_val_62_we1           |    9|          2|    1|          2|
    |co_val_63_ce0           |    9|          2|    1|          2|
    |co_val_63_ce1           |    9|          2|    1|          2|
    |co_val_63_we1           |    9|          2|    1|          2|
    |co_val_64_ce0           |    9|          2|    1|          2|
    |co_val_64_ce1           |    9|          2|    1|          2|
    |co_val_64_we1           |    9|          2|    1|          2|
    |co_val_65_ce0           |    9|          2|    1|          2|
    |co_val_65_ce1           |    9|          2|    1|          2|
    |co_val_65_we1           |    9|          2|    1|          2|
    |co_val_66_ce0           |    9|          2|    1|          2|
    |co_val_66_ce1           |    9|          2|    1|          2|
    |co_val_66_we1           |    9|          2|    1|          2|
    |co_val_67_ce0           |    9|          2|    1|          2|
    |co_val_67_ce1           |    9|          2|    1|          2|
    |co_val_67_we1           |    9|          2|    1|          2|
    |co_val_68_ce0           |    9|          2|    1|          2|
    |co_val_68_ce1           |    9|          2|    1|          2|
    |co_val_68_we1           |    9|          2|    1|          2|
    |co_val_69_ce0           |    9|          2|    1|          2|
    |co_val_69_ce1           |    9|          2|    1|          2|
    |co_val_69_we1           |    9|          2|    1|          2|
    |co_val_6_ce0            |    9|          2|    1|          2|
    |co_val_6_ce1            |    9|          2|    1|          2|
    |co_val_6_we1            |    9|          2|    1|          2|
    |co_val_70_ce0           |    9|          2|    1|          2|
    |co_val_70_ce1           |    9|          2|    1|          2|
    |co_val_70_we1           |    9|          2|    1|          2|
    |co_val_71_ce0           |    9|          2|    1|          2|
    |co_val_71_ce1           |    9|          2|    1|          2|
    |co_val_71_we1           |    9|          2|    1|          2|
    |co_val_72_ce0           |    9|          2|    1|          2|
    |co_val_72_ce1           |    9|          2|    1|          2|
    |co_val_72_we1           |    9|          2|    1|          2|
    |co_val_73_ce0           |    9|          2|    1|          2|
    |co_val_73_ce1           |    9|          2|    1|          2|
    |co_val_73_we1           |    9|          2|    1|          2|
    |co_val_74_ce0           |    9|          2|    1|          2|
    |co_val_74_ce1           |    9|          2|    1|          2|
    |co_val_74_we1           |    9|          2|    1|          2|
    |co_val_75_ce0           |    9|          2|    1|          2|
    |co_val_75_ce1           |    9|          2|    1|          2|
    |co_val_75_we1           |    9|          2|    1|          2|
    |co_val_76_ce0           |    9|          2|    1|          2|
    |co_val_76_ce1           |    9|          2|    1|          2|
    |co_val_76_we1           |    9|          2|    1|          2|
    |co_val_77_ce0           |    9|          2|    1|          2|
    |co_val_77_ce1           |    9|          2|    1|          2|
    |co_val_77_we1           |    9|          2|    1|          2|
    |co_val_78_ce0           |    9|          2|    1|          2|
    |co_val_78_ce1           |    9|          2|    1|          2|
    |co_val_78_we1           |    9|          2|    1|          2|
    |co_val_79_ce0           |    9|          2|    1|          2|
    |co_val_79_ce1           |    9|          2|    1|          2|
    |co_val_79_we1           |    9|          2|    1|          2|
    |co_val_7_ce0            |    9|          2|    1|          2|
    |co_val_7_ce1            |    9|          2|    1|          2|
    |co_val_7_we1            |    9|          2|    1|          2|
    |co_val_80_ce0           |    9|          2|    1|          2|
    |co_val_80_ce1           |    9|          2|    1|          2|
    |co_val_80_we1           |    9|          2|    1|          2|
    |co_val_81_ce0           |    9|          2|    1|          2|
    |co_val_81_ce1           |    9|          2|    1|          2|
    |co_val_81_we1           |    9|          2|    1|          2|
    |co_val_82_ce0           |    9|          2|    1|          2|
    |co_val_82_ce1           |    9|          2|    1|          2|
    |co_val_82_we1           |    9|          2|    1|          2|
    |co_val_83_ce0           |    9|          2|    1|          2|
    |co_val_83_ce1           |    9|          2|    1|          2|
    |co_val_83_we1           |    9|          2|    1|          2|
    |co_val_84_ce0           |    9|          2|    1|          2|
    |co_val_84_ce1           |    9|          2|    1|          2|
    |co_val_84_we1           |    9|          2|    1|          2|
    |co_val_85_ce0           |    9|          2|    1|          2|
    |co_val_85_ce1           |    9|          2|    1|          2|
    |co_val_85_we1           |    9|          2|    1|          2|
    |co_val_86_ce0           |    9|          2|    1|          2|
    |co_val_86_ce1           |    9|          2|    1|          2|
    |co_val_86_we1           |    9|          2|    1|          2|
    |co_val_87_ce0           |    9|          2|    1|          2|
    |co_val_87_ce1           |    9|          2|    1|          2|
    |co_val_87_we1           |    9|          2|    1|          2|
    |co_val_88_ce0           |    9|          2|    1|          2|
    |co_val_88_ce1           |    9|          2|    1|          2|
    |co_val_88_we1           |    9|          2|    1|          2|
    |co_val_89_ce0           |    9|          2|    1|          2|
    |co_val_89_ce1           |    9|          2|    1|          2|
    |co_val_89_we1           |    9|          2|    1|          2|
    |co_val_8_ce0            |    9|          2|    1|          2|
    |co_val_8_ce1            |    9|          2|    1|          2|
    |co_val_8_we1            |    9|          2|    1|          2|
    |co_val_90_ce0           |    9|          2|    1|          2|
    |co_val_90_ce1           |    9|          2|    1|          2|
    |co_val_90_we1           |    9|          2|    1|          2|
    |co_val_91_ce0           |    9|          2|    1|          2|
    |co_val_91_ce1           |    9|          2|    1|          2|
    |co_val_91_we1           |    9|          2|    1|          2|
    |co_val_92_ce0           |    9|          2|    1|          2|
    |co_val_92_ce1           |    9|          2|    1|          2|
    |co_val_92_we1           |    9|          2|    1|          2|
    |co_val_93_ce0           |    9|          2|    1|          2|
    |co_val_93_ce1           |    9|          2|    1|          2|
    |co_val_93_we1           |    9|          2|    1|          2|
    |co_val_94_ce0           |    9|          2|    1|          2|
    |co_val_94_ce1           |    9|          2|    1|          2|
    |co_val_94_we1           |    9|          2|    1|          2|
    |co_val_95_ce0           |    9|          2|    1|          2|
    |co_val_95_ce1           |    9|          2|    1|          2|
    |co_val_95_we1           |    9|          2|    1|          2|
    |co_val_96_ce0           |    9|          2|    1|          2|
    |co_val_96_ce1           |    9|          2|    1|          2|
    |co_val_96_we1           |    9|          2|    1|          2|
    |co_val_97_ce0           |    9|          2|    1|          2|
    |co_val_97_ce1           |    9|          2|    1|          2|
    |co_val_97_we1           |    9|          2|    1|          2|
    |co_val_98_ce0           |    9|          2|    1|          2|
    |co_val_98_ce1           |    9|          2|    1|          2|
    |co_val_98_we1           |    9|          2|    1|          2|
    |co_val_99_ce0           |    9|          2|    1|          2|
    |co_val_99_ce1           |    9|          2|    1|          2|
    |co_val_99_we1           |    9|          2|    1|          2|
    |co_val_9_ce0            |    9|          2|    1|          2|
    |co_val_9_ce1            |    9|          2|    1|          2|
    |co_val_9_we1            |    9|          2|    1|          2|
    |co_val_ce0              |    9|          2|    1|          2|
    |co_val_ce1              |    9|          2|    1|          2|
    |co_val_we1              |    9|          2|    1|          2|
    |comp_a_10_address0      |   20|          4|    6|         24|
    |comp_a_10_ce0           |   20|          4|    1|          4|
    |comp_a_10_ce1           |    9|          2|    1|          2|
    |comp_a_10_d0            |   14|          3|   10|         30|
    |comp_a_10_we0           |   14|          3|    1|          3|
    |comp_a_11_address0      |   20|          4|    6|         24|
    |comp_a_11_ce0           |   20|          4|    1|          4|
    |comp_a_11_ce1           |    9|          2|    1|          2|
    |comp_a_11_d0            |   14|          3|   10|         30|
    |comp_a_11_we0           |   14|          3|    1|          3|
    |comp_a_12_address0      |   20|          4|    6|         24|
    |comp_a_12_ce0           |   20|          4|    1|          4|
    |comp_a_12_ce1           |    9|          2|    1|          2|
    |comp_a_12_d0            |   14|          3|   10|         30|
    |comp_a_12_we0           |   14|          3|    1|          3|
    |comp_a_13_address0      |   20|          4|    6|         24|
    |comp_a_13_ce0           |   20|          4|    1|          4|
    |comp_a_13_ce1           |    9|          2|    1|          2|
    |comp_a_13_d0            |   14|          3|   10|         30|
    |comp_a_13_we0           |   14|          3|    1|          3|
    |comp_a_14_address0      |   20|          4|    6|         24|
    |comp_a_14_ce0           |   20|          4|    1|          4|
    |comp_a_14_ce1           |    9|          2|    1|          2|
    |comp_a_14_d0            |   14|          3|   10|         30|
    |comp_a_14_we0           |   14|          3|    1|          3|
    |comp_a_1_address0       |   20|          4|    6|         24|
    |comp_a_1_ce0            |   20|          4|    1|          4|
    |comp_a_1_d0             |   14|          3|   10|         30|
    |comp_a_1_we0            |   14|          3|    1|          3|
    |comp_a_2_address0       |   20|          4|    6|         24|
    |comp_a_2_ce0            |   20|          4|    1|          4|
    |comp_a_2_d0             |   14|          3|   10|         30|
    |comp_a_2_we0            |   14|          3|    1|          3|
    |comp_a_3_address0       |   20|          4|    6|         24|
    |comp_a_3_ce0            |   20|          4|    1|          4|
    |comp_a_3_ce1            |    9|          2|    1|          2|
    |comp_a_3_d0             |   14|          3|   10|         30|
    |comp_a_3_we0            |   14|          3|    1|          3|
    |comp_a_4_address0       |   20|          4|    6|         24|
    |comp_a_4_ce0            |   20|          4|    1|          4|
    |comp_a_4_ce1            |    9|          2|    1|          2|
    |comp_a_4_d0             |   14|          3|   10|         30|
    |comp_a_4_we0            |   14|          3|    1|          3|
    |comp_a_5_address0       |   20|          4|    6|         24|
    |comp_a_5_ce0            |   20|          4|    1|          4|
    |comp_a_5_ce1            |    9|          2|    1|          2|
    |comp_a_5_d0             |   14|          3|   10|         30|
    |comp_a_5_we0            |   14|          3|    1|          3|
    |comp_a_6_address0       |   20|          4|    6|         24|
    |comp_a_6_ce0            |   20|          4|    1|          4|
    |comp_a_6_ce1            |    9|          2|    1|          2|
    |comp_a_6_d0             |   14|          3|   10|         30|
    |comp_a_6_we0            |   14|          3|    1|          3|
    |comp_a_7_address0       |   20|          4|    6|         24|
    |comp_a_7_ce0            |   20|          4|    1|          4|
    |comp_a_7_ce1            |    9|          2|    1|          2|
    |comp_a_7_d0             |   14|          3|   10|         30|
    |comp_a_7_we0            |   14|          3|    1|          3|
    |comp_a_8_address0       |   20|          4|    6|         24|
    |comp_a_8_ce0            |   20|          4|    1|          4|
    |comp_a_8_ce1            |    9|          2|    1|          2|
    |comp_a_8_d0             |   14|          3|   10|         30|
    |comp_a_8_we0            |   14|          3|    1|          3|
    |comp_a_9_address0       |   20|          4|    6|         24|
    |comp_a_9_ce0            |   20|          4|    1|          4|
    |comp_a_9_ce1            |    9|          2|    1|          2|
    |comp_a_9_d0             |   14|          3|   10|         30|
    |comp_a_9_we0            |   14|          3|    1|          3|
    |comp_a_address0         |   20|          4|    6|         24|
    |comp_a_ce0              |   20|          4|    1|          4|
    |comp_a_d0               |   14|          3|   10|         30|
    |comp_a_we0              |   14|          3|    1|          3|
    |comp_b_10_address0      |   14|          3|    6|         18|
    |comp_b_10_ce0           |   14|          3|    1|          3|
    |comp_b_10_we0           |    9|          2|    1|          2|
    |comp_b_11_address0      |   14|          3|    6|         18|
    |comp_b_11_ce0           |   14|          3|    1|          3|
    |comp_b_11_we0           |    9|          2|    1|          2|
    |comp_b_12_address0      |   14|          3|    6|         18|
    |comp_b_12_ce0           |   14|          3|    1|          3|
    |comp_b_12_we0           |    9|          2|    1|          2|
    |comp_b_13_address0      |   14|          3|    6|         18|
    |comp_b_13_ce0           |   14|          3|    1|          3|
    |comp_b_13_we0           |    9|          2|    1|          2|
    |comp_b_14_address0      |   14|          3|    6|         18|
    |comp_b_14_ce0           |   14|          3|    1|          3|
    |comp_b_14_we0           |    9|          2|    1|          2|
    |comp_b_1_address0       |   14|          3|    6|         18|
    |comp_b_1_ce0            |   14|          3|    1|          3|
    |comp_b_1_we0            |    9|          2|    1|          2|
    |comp_b_2_address0       |   14|          3|    6|         18|
    |comp_b_2_ce0            |   14|          3|    1|          3|
    |comp_b_2_we0            |    9|          2|    1|          2|
    |comp_b_3_address0       |   14|          3|    6|         18|
    |comp_b_3_ce0            |   14|          3|    1|          3|
    |comp_b_3_we0            |    9|          2|    1|          2|
    |comp_b_4_address0       |   14|          3|    6|         18|
    |comp_b_4_ce0            |   14|          3|    1|          3|
    |comp_b_4_we0            |    9|          2|    1|          2|
    |comp_b_5_address0       |   14|          3|    6|         18|
    |comp_b_5_ce0            |   14|          3|    1|          3|
    |comp_b_5_we0            |    9|          2|    1|          2|
    |comp_b_6_address0       |   14|          3|    6|         18|
    |comp_b_6_ce0            |   14|          3|    1|          3|
    |comp_b_6_we0            |    9|          2|    1|          2|
    |comp_b_7_address0       |   14|          3|    6|         18|
    |comp_b_7_ce0            |   14|          3|    1|          3|
    |comp_b_7_we0            |    9|          2|    1|          2|
    |comp_b_8_address0       |   14|          3|    6|         18|
    |comp_b_8_ce0            |   14|          3|    1|          3|
    |comp_b_8_we0            |    9|          2|    1|          2|
    |comp_b_9_address0       |   14|          3|    6|         18|
    |comp_b_9_ce0            |   14|          3|    1|          3|
    |comp_b_9_we0            |    9|          2|    1|          2|
    |comp_b_address0         |   14|          3|    6|         18|
    |comp_b_ce0              |   14|          3|    1|          3|
    |comp_b_we0              |    9|          2|    1|          2|
    |comp_r_10_address0      |   14|          3|    6|         18|
    |comp_r_10_ce0           |   14|          3|    1|          3|
    |comp_r_10_we0           |    9|          2|    1|          2|
    |comp_r_11_address0      |   14|          3|    6|         18|
    |comp_r_11_ce0           |   14|          3|    1|          3|
    |comp_r_11_we0           |    9|          2|    1|          2|
    |comp_r_12_address0      |   14|          3|    6|         18|
    |comp_r_12_ce0           |   14|          3|    1|          3|
    |comp_r_12_we0           |    9|          2|    1|          2|
    |comp_r_13_address0      |   14|          3|    6|         18|
    |comp_r_13_ce0           |   14|          3|    1|          3|
    |comp_r_13_we0           |    9|          2|    1|          2|
    |comp_r_14_address0      |   14|          3|    6|         18|
    |comp_r_14_ce0           |   14|          3|    1|          3|
    |comp_r_14_we0           |    9|          2|    1|          2|
    |comp_r_1_address0       |   14|          3|    6|         18|
    |comp_r_1_ce0            |   14|          3|    1|          3|
    |comp_r_1_we0            |    9|          2|    1|          2|
    |comp_r_2_address0       |   14|          3|    6|         18|
    |comp_r_2_ce0            |   14|          3|    1|          3|
    |comp_r_2_we0            |    9|          2|    1|          2|
    |comp_r_3_address0       |   14|          3|    6|         18|
    |comp_r_3_ce0            |   14|          3|    1|          3|
    |comp_r_3_we0            |    9|          2|    1|          2|
    |comp_r_4_address0       |   14|          3|    6|         18|
    |comp_r_4_ce0            |   14|          3|    1|          3|
    |comp_r_4_we0            |    9|          2|    1|          2|
    |comp_r_5_address0       |   14|          3|    6|         18|
    |comp_r_5_ce0            |   14|          3|    1|          3|
    |comp_r_5_we0            |    9|          2|    1|          2|
    |comp_r_6_address0       |   14|          3|    6|         18|
    |comp_r_6_ce0            |   14|          3|    1|          3|
    |comp_r_6_we0            |    9|          2|    1|          2|
    |comp_r_7_address0       |   14|          3|    6|         18|
    |comp_r_7_ce0            |   14|          3|    1|          3|
    |comp_r_7_we0            |    9|          2|    1|          2|
    |comp_r_8_address0       |   14|          3|    6|         18|
    |comp_r_8_ce0            |   14|          3|    1|          3|
    |comp_r_8_we0            |    9|          2|    1|          2|
    |comp_r_9_address0       |   14|          3|    6|         18|
    |comp_r_9_ce0            |   14|          3|    1|          3|
    |comp_r_9_we0            |    9|          2|    1|          2|
    |comp_r_address0         |   14|          3|    6|         18|
    |comp_r_ce0              |   14|          3|    1|          3|
    |comp_r_we0              |    9|          2|    1|          2|
    |cpy2_100_ce0            |    9|          2|    1|          2|
    |cpy2_100_ce1            |    9|          2|    1|          2|
    |cpy2_100_we1            |    9|          2|    1|          2|
    |cpy2_101_ce0            |    9|          2|    1|          2|
    |cpy2_101_ce1            |    9|          2|    1|          2|
    |cpy2_101_we1            |    9|          2|    1|          2|
    |cpy2_102_ce0            |    9|          2|    1|          2|
    |cpy2_102_ce1            |    9|          2|    1|          2|
    |cpy2_102_we1            |    9|          2|    1|          2|
    |cpy2_103_ce0            |    9|          2|    1|          2|
    |cpy2_103_ce1            |    9|          2|    1|          2|
    |cpy2_103_we1            |    9|          2|    1|          2|
    |cpy2_104_ce0            |    9|          2|    1|          2|
    |cpy2_104_ce1            |    9|          2|    1|          2|
    |cpy2_104_we1            |    9|          2|    1|          2|
    |cpy2_105_ce0            |    9|          2|    1|          2|
    |cpy2_105_ce1            |    9|          2|    1|          2|
    |cpy2_105_we1            |    9|          2|    1|          2|
    |cpy2_106_ce0            |    9|          2|    1|          2|
    |cpy2_106_ce1            |    9|          2|    1|          2|
    |cpy2_106_we1            |    9|          2|    1|          2|
    |cpy2_107_ce0            |    9|          2|    1|          2|
    |cpy2_107_ce1            |    9|          2|    1|          2|
    |cpy2_107_we1            |    9|          2|    1|          2|
    |cpy2_108_ce0            |    9|          2|    1|          2|
    |cpy2_108_ce1            |    9|          2|    1|          2|
    |cpy2_108_we1            |    9|          2|    1|          2|
    |cpy2_109_ce0            |    9|          2|    1|          2|
    |cpy2_109_ce1            |    9|          2|    1|          2|
    |cpy2_109_we1            |    9|          2|    1|          2|
    |cpy2_10_ce0             |    9|          2|    1|          2|
    |cpy2_10_ce1             |    9|          2|    1|          2|
    |cpy2_10_we1             |    9|          2|    1|          2|
    |cpy2_110_ce0            |    9|          2|    1|          2|
    |cpy2_110_ce1            |    9|          2|    1|          2|
    |cpy2_110_we1            |    9|          2|    1|          2|
    |cpy2_111_ce0            |    9|          2|    1|          2|
    |cpy2_111_ce1            |    9|          2|    1|          2|
    |cpy2_111_we1            |    9|          2|    1|          2|
    |cpy2_112_ce0            |    9|          2|    1|          2|
    |cpy2_112_ce1            |    9|          2|    1|          2|
    |cpy2_112_we1            |    9|          2|    1|          2|
    |cpy2_113_ce0            |    9|          2|    1|          2|
    |cpy2_113_ce1            |    9|          2|    1|          2|
    |cpy2_113_we1            |    9|          2|    1|          2|
    |cpy2_114_ce0            |    9|          2|    1|          2|
    |cpy2_114_ce1            |    9|          2|    1|          2|
    |cpy2_114_we1            |    9|          2|    1|          2|
    |cpy2_115_ce0            |    9|          2|    1|          2|
    |cpy2_115_ce1            |    9|          2|    1|          2|
    |cpy2_115_we1            |    9|          2|    1|          2|
    |cpy2_116_ce0            |    9|          2|    1|          2|
    |cpy2_116_ce1            |    9|          2|    1|          2|
    |cpy2_116_we1            |    9|          2|    1|          2|
    |cpy2_117_ce0            |    9|          2|    1|          2|
    |cpy2_117_ce1            |    9|          2|    1|          2|
    |cpy2_117_we1            |    9|          2|    1|          2|
    |cpy2_118_ce0            |    9|          2|    1|          2|
    |cpy2_118_ce1            |    9|          2|    1|          2|
    |cpy2_118_we1            |    9|          2|    1|          2|
    |cpy2_119_ce0            |    9|          2|    1|          2|
    |cpy2_119_ce1            |    9|          2|    1|          2|
    |cpy2_119_we1            |    9|          2|    1|          2|
    |cpy2_11_ce0             |    9|          2|    1|          2|
    |cpy2_11_ce1             |    9|          2|    1|          2|
    |cpy2_11_we1             |    9|          2|    1|          2|
    |cpy2_120_ce0            |    9|          2|    1|          2|
    |cpy2_120_ce1            |    9|          2|    1|          2|
    |cpy2_120_we1            |    9|          2|    1|          2|
    |cpy2_121_ce0            |    9|          2|    1|          2|
    |cpy2_121_ce1            |    9|          2|    1|          2|
    |cpy2_121_we1            |    9|          2|    1|          2|
    |cpy2_122_ce0            |    9|          2|    1|          2|
    |cpy2_122_ce1            |    9|          2|    1|          2|
    |cpy2_122_we1            |    9|          2|    1|          2|
    |cpy2_123_ce0            |    9|          2|    1|          2|
    |cpy2_123_ce1            |    9|          2|    1|          2|
    |cpy2_123_we1            |    9|          2|    1|          2|
    |cpy2_124_ce0            |    9|          2|    1|          2|
    |cpy2_124_ce1            |    9|          2|    1|          2|
    |cpy2_124_we1            |    9|          2|    1|          2|
    |cpy2_125_ce0            |    9|          2|    1|          2|
    |cpy2_125_ce1            |    9|          2|    1|          2|
    |cpy2_125_we1            |    9|          2|    1|          2|
    |cpy2_126_ce0            |    9|          2|    1|          2|
    |cpy2_126_ce1            |    9|          2|    1|          2|
    |cpy2_126_we1            |    9|          2|    1|          2|
    |cpy2_127_ce0            |    9|          2|    1|          2|
    |cpy2_127_ce1            |    9|          2|    1|          2|
    |cpy2_127_we1            |    9|          2|    1|          2|
    |cpy2_128_ce0            |    9|          2|    1|          2|
    |cpy2_128_ce1            |    9|          2|    1|          2|
    |cpy2_128_we1            |    9|          2|    1|          2|
    |cpy2_129_ce0            |    9|          2|    1|          2|
    |cpy2_129_ce1            |    9|          2|    1|          2|
    |cpy2_129_we1            |    9|          2|    1|          2|
    |cpy2_12_ce0             |    9|          2|    1|          2|
    |cpy2_12_ce1             |    9|          2|    1|          2|
    |cpy2_12_we1             |    9|          2|    1|          2|
    |cpy2_130_ce0            |    9|          2|    1|          2|
    |cpy2_130_ce1            |    9|          2|    1|          2|
    |cpy2_130_we1            |    9|          2|    1|          2|
    |cpy2_131_ce0            |    9|          2|    1|          2|
    |cpy2_131_ce1            |    9|          2|    1|          2|
    |cpy2_131_we1            |    9|          2|    1|          2|
    |cpy2_132_ce0            |    9|          2|    1|          2|
    |cpy2_132_ce1            |    9|          2|    1|          2|
    |cpy2_132_we1            |    9|          2|    1|          2|
    |cpy2_133_ce0            |    9|          2|    1|          2|
    |cpy2_133_ce1            |    9|          2|    1|          2|
    |cpy2_133_we1            |    9|          2|    1|          2|
    |cpy2_134_ce0            |    9|          2|    1|          2|
    |cpy2_134_ce1            |    9|          2|    1|          2|
    |cpy2_134_we1            |    9|          2|    1|          2|
    |cpy2_135_ce0            |    9|          2|    1|          2|
    |cpy2_135_ce1            |    9|          2|    1|          2|
    |cpy2_135_we1            |    9|          2|    1|          2|
    |cpy2_136_ce0            |    9|          2|    1|          2|
    |cpy2_136_ce1            |    9|          2|    1|          2|
    |cpy2_136_we1            |    9|          2|    1|          2|
    |cpy2_137_ce0            |    9|          2|    1|          2|
    |cpy2_137_ce1            |    9|          2|    1|          2|
    |cpy2_137_we1            |    9|          2|    1|          2|
    |cpy2_138_ce0            |    9|          2|    1|          2|
    |cpy2_138_ce1            |    9|          2|    1|          2|
    |cpy2_138_we1            |    9|          2|    1|          2|
    |cpy2_139_ce0            |    9|          2|    1|          2|
    |cpy2_139_ce1            |    9|          2|    1|          2|
    |cpy2_139_we1            |    9|          2|    1|          2|
    |cpy2_13_ce0             |    9|          2|    1|          2|
    |cpy2_13_ce1             |    9|          2|    1|          2|
    |cpy2_13_we1             |    9|          2|    1|          2|
    |cpy2_140_ce0            |    9|          2|    1|          2|
    |cpy2_140_ce1            |    9|          2|    1|          2|
    |cpy2_140_we1            |    9|          2|    1|          2|
    |cpy2_141_ce0            |    9|          2|    1|          2|
    |cpy2_141_ce1            |    9|          2|    1|          2|
    |cpy2_141_we1            |    9|          2|    1|          2|
    |cpy2_142_ce0            |    9|          2|    1|          2|
    |cpy2_142_ce1            |    9|          2|    1|          2|
    |cpy2_142_we1            |    9|          2|    1|          2|
    |cpy2_143_ce0            |    9|          2|    1|          2|
    |cpy2_143_ce1            |    9|          2|    1|          2|
    |cpy2_143_we1            |    9|          2|    1|          2|
    |cpy2_144_ce0            |    9|          2|    1|          2|
    |cpy2_144_ce1            |    9|          2|    1|          2|
    |cpy2_144_we1            |    9|          2|    1|          2|
    |cpy2_145_ce0            |    9|          2|    1|          2|
    |cpy2_145_ce1            |    9|          2|    1|          2|
    |cpy2_145_we1            |    9|          2|    1|          2|
    |cpy2_146_ce0            |    9|          2|    1|          2|
    |cpy2_146_ce1            |    9|          2|    1|          2|
    |cpy2_146_we1            |    9|          2|    1|          2|
    |cpy2_147_ce0            |    9|          2|    1|          2|
    |cpy2_147_ce1            |    9|          2|    1|          2|
    |cpy2_147_we1            |    9|          2|    1|          2|
    |cpy2_148_ce0            |    9|          2|    1|          2|
    |cpy2_148_ce1            |    9|          2|    1|          2|
    |cpy2_148_we1            |    9|          2|    1|          2|
    |cpy2_149_ce0            |    9|          2|    1|          2|
    |cpy2_149_ce1            |    9|          2|    1|          2|
    |cpy2_149_we1            |    9|          2|    1|          2|
    |cpy2_14_ce0             |    9|          2|    1|          2|
    |cpy2_14_ce1             |    9|          2|    1|          2|
    |cpy2_14_we1             |    9|          2|    1|          2|
    |cpy2_150_ce0            |    9|          2|    1|          2|
    |cpy2_150_ce1            |    9|          2|    1|          2|
    |cpy2_150_we1            |    9|          2|    1|          2|
    |cpy2_151_ce0            |    9|          2|    1|          2|
    |cpy2_151_ce1            |    9|          2|    1|          2|
    |cpy2_151_we1            |    9|          2|    1|          2|
    |cpy2_152_ce0            |    9|          2|    1|          2|
    |cpy2_152_ce1            |    9|          2|    1|          2|
    |cpy2_152_we1            |    9|          2|    1|          2|
    |cpy2_153_ce0            |    9|          2|    1|          2|
    |cpy2_153_ce1            |    9|          2|    1|          2|
    |cpy2_153_we1            |    9|          2|    1|          2|
    |cpy2_154_ce0            |    9|          2|    1|          2|
    |cpy2_154_ce1            |    9|          2|    1|          2|
    |cpy2_154_we1            |    9|          2|    1|          2|
    |cpy2_155_ce0            |    9|          2|    1|          2|
    |cpy2_155_ce1            |    9|          2|    1|          2|
    |cpy2_155_we1            |    9|          2|    1|          2|
    |cpy2_156_ce0            |    9|          2|    1|          2|
    |cpy2_156_ce1            |    9|          2|    1|          2|
    |cpy2_156_we1            |    9|          2|    1|          2|
    |cpy2_157_ce0            |    9|          2|    1|          2|
    |cpy2_157_ce1            |    9|          2|    1|          2|
    |cpy2_157_we1            |    9|          2|    1|          2|
    |cpy2_158_ce0            |    9|          2|    1|          2|
    |cpy2_158_ce1            |    9|          2|    1|          2|
    |cpy2_158_we1            |    9|          2|    1|          2|
    |cpy2_159_ce0            |    9|          2|    1|          2|
    |cpy2_159_ce1            |    9|          2|    1|          2|
    |cpy2_159_we1            |    9|          2|    1|          2|
    |cpy2_15_ce0             |    9|          2|    1|          2|
    |cpy2_15_ce1             |    9|          2|    1|          2|
    |cpy2_15_we1             |    9|          2|    1|          2|
    |cpy2_160_ce0            |    9|          2|    1|          2|
    |cpy2_160_ce1            |    9|          2|    1|          2|
    |cpy2_160_we1            |    9|          2|    1|          2|
    |cpy2_161_ce0            |    9|          2|    1|          2|
    |cpy2_161_ce1            |    9|          2|    1|          2|
    |cpy2_161_we1            |    9|          2|    1|          2|
    |cpy2_162_ce0            |    9|          2|    1|          2|
    |cpy2_162_ce1            |    9|          2|    1|          2|
    |cpy2_162_we1            |    9|          2|    1|          2|
    |cpy2_163_ce0            |    9|          2|    1|          2|
    |cpy2_163_ce1            |    9|          2|    1|          2|
    |cpy2_163_we1            |    9|          2|    1|          2|
    |cpy2_164_ce0            |    9|          2|    1|          2|
    |cpy2_164_ce1            |    9|          2|    1|          2|
    |cpy2_164_we1            |    9|          2|    1|          2|
    |cpy2_165_ce0            |    9|          2|    1|          2|
    |cpy2_165_ce1            |    9|          2|    1|          2|
    |cpy2_165_we1            |    9|          2|    1|          2|
    |cpy2_166_ce0            |    9|          2|    1|          2|
    |cpy2_166_ce1            |    9|          2|    1|          2|
    |cpy2_166_we1            |    9|          2|    1|          2|
    |cpy2_167_ce0            |    9|          2|    1|          2|
    |cpy2_167_ce1            |    9|          2|    1|          2|
    |cpy2_167_we1            |    9|          2|    1|          2|
    |cpy2_168_ce0            |    9|          2|    1|          2|
    |cpy2_168_ce1            |    9|          2|    1|          2|
    |cpy2_168_we1            |    9|          2|    1|          2|
    |cpy2_169_ce0            |    9|          2|    1|          2|
    |cpy2_169_ce1            |    9|          2|    1|          2|
    |cpy2_169_we1            |    9|          2|    1|          2|
    |cpy2_16_ce0             |    9|          2|    1|          2|
    |cpy2_16_ce1             |    9|          2|    1|          2|
    |cpy2_16_we1             |    9|          2|    1|          2|
    |cpy2_170_ce0            |    9|          2|    1|          2|
    |cpy2_170_ce1            |    9|          2|    1|          2|
    |cpy2_170_we1            |    9|          2|    1|          2|
    |cpy2_171_ce0            |    9|          2|    1|          2|
    |cpy2_171_ce1            |    9|          2|    1|          2|
    |cpy2_171_we1            |    9|          2|    1|          2|
    |cpy2_172_ce0            |    9|          2|    1|          2|
    |cpy2_172_ce1            |    9|          2|    1|          2|
    |cpy2_172_we1            |    9|          2|    1|          2|
    |cpy2_173_ce0            |    9|          2|    1|          2|
    |cpy2_173_ce1            |    9|          2|    1|          2|
    |cpy2_173_we1            |    9|          2|    1|          2|
    |cpy2_174_ce0            |    9|          2|    1|          2|
    |cpy2_174_ce1            |    9|          2|    1|          2|
    |cpy2_174_we1            |    9|          2|    1|          2|
    |cpy2_175_ce0            |    9|          2|    1|          2|
    |cpy2_175_ce1            |    9|          2|    1|          2|
    |cpy2_175_we1            |    9|          2|    1|          2|
    |cpy2_176_ce0            |    9|          2|    1|          2|
    |cpy2_176_ce1            |    9|          2|    1|          2|
    |cpy2_176_we1            |    9|          2|    1|          2|
    |cpy2_177_ce0            |    9|          2|    1|          2|
    |cpy2_177_ce1            |    9|          2|    1|          2|
    |cpy2_177_we1            |    9|          2|    1|          2|
    |cpy2_178_ce0            |    9|          2|    1|          2|
    |cpy2_178_ce1            |    9|          2|    1|          2|
    |cpy2_178_we1            |    9|          2|    1|          2|
    |cpy2_179_ce0            |    9|          2|    1|          2|
    |cpy2_179_ce1            |    9|          2|    1|          2|
    |cpy2_179_we1            |    9|          2|    1|          2|
    |cpy2_17_ce0             |    9|          2|    1|          2|
    |cpy2_17_ce1             |    9|          2|    1|          2|
    |cpy2_17_we1             |    9|          2|    1|          2|
    |cpy2_180_ce0            |    9|          2|    1|          2|
    |cpy2_180_ce1            |    9|          2|    1|          2|
    |cpy2_180_we1            |    9|          2|    1|          2|
    |cpy2_181_ce0            |    9|          2|    1|          2|
    |cpy2_181_ce1            |    9|          2|    1|          2|
    |cpy2_181_we1            |    9|          2|    1|          2|
    |cpy2_182_ce0            |    9|          2|    1|          2|
    |cpy2_182_ce1            |    9|          2|    1|          2|
    |cpy2_182_we1            |    9|          2|    1|          2|
    |cpy2_183_ce0            |    9|          2|    1|          2|
    |cpy2_183_ce1            |    9|          2|    1|          2|
    |cpy2_183_we1            |    9|          2|    1|          2|
    |cpy2_184_ce0            |    9|          2|    1|          2|
    |cpy2_184_ce1            |    9|          2|    1|          2|
    |cpy2_184_we1            |    9|          2|    1|          2|
    |cpy2_185_ce0            |    9|          2|    1|          2|
    |cpy2_185_ce1            |    9|          2|    1|          2|
    |cpy2_185_we1            |    9|          2|    1|          2|
    |cpy2_186_ce0            |    9|          2|    1|          2|
    |cpy2_186_ce1            |    9|          2|    1|          2|
    |cpy2_186_we1            |    9|          2|    1|          2|
    |cpy2_187_ce0            |    9|          2|    1|          2|
    |cpy2_187_ce1            |    9|          2|    1|          2|
    |cpy2_187_we1            |    9|          2|    1|          2|
    |cpy2_188_ce0            |    9|          2|    1|          2|
    |cpy2_188_ce1            |    9|          2|    1|          2|
    |cpy2_188_we1            |    9|          2|    1|          2|
    |cpy2_189_ce0            |    9|          2|    1|          2|
    |cpy2_189_ce1            |    9|          2|    1|          2|
    |cpy2_189_we1            |    9|          2|    1|          2|
    |cpy2_18_ce0             |    9|          2|    1|          2|
    |cpy2_18_ce1             |    9|          2|    1|          2|
    |cpy2_18_we1             |    9|          2|    1|          2|
    |cpy2_190_ce0            |    9|          2|    1|          2|
    |cpy2_190_ce1            |    9|          2|    1|          2|
    |cpy2_190_we1            |    9|          2|    1|          2|
    |cpy2_191_ce0            |    9|          2|    1|          2|
    |cpy2_191_ce1            |    9|          2|    1|          2|
    |cpy2_191_we1            |    9|          2|    1|          2|
    |cpy2_192_ce0            |    9|          2|    1|          2|
    |cpy2_192_ce1            |    9|          2|    1|          2|
    |cpy2_192_we1            |    9|          2|    1|          2|
    |cpy2_193_ce0            |    9|          2|    1|          2|
    |cpy2_193_ce1            |    9|          2|    1|          2|
    |cpy2_193_we1            |    9|          2|    1|          2|
    |cpy2_194_ce0            |    9|          2|    1|          2|
    |cpy2_194_ce1            |    9|          2|    1|          2|
    |cpy2_194_we1            |    9|          2|    1|          2|
    |cpy2_195_ce0            |    9|          2|    1|          2|
    |cpy2_195_ce1            |    9|          2|    1|          2|
    |cpy2_195_we1            |    9|          2|    1|          2|
    |cpy2_196_ce0            |    9|          2|    1|          2|
    |cpy2_196_ce1            |    9|          2|    1|          2|
    |cpy2_196_we1            |    9|          2|    1|          2|
    |cpy2_197_ce0            |    9|          2|    1|          2|
    |cpy2_197_ce1            |    9|          2|    1|          2|
    |cpy2_197_we1            |    9|          2|    1|          2|
    |cpy2_198_ce0            |    9|          2|    1|          2|
    |cpy2_198_ce1            |    9|          2|    1|          2|
    |cpy2_198_we1            |    9|          2|    1|          2|
    |cpy2_199_ce0            |    9|          2|    1|          2|
    |cpy2_199_ce1            |    9|          2|    1|          2|
    |cpy2_199_we1            |    9|          2|    1|          2|
    |cpy2_19_ce0             |    9|          2|    1|          2|
    |cpy2_19_ce1             |    9|          2|    1|          2|
    |cpy2_19_we1             |    9|          2|    1|          2|
    |cpy2_1_ce0              |    9|          2|    1|          2|
    |cpy2_1_ce1              |    9|          2|    1|          2|
    |cpy2_1_we1              |    9|          2|    1|          2|
    |cpy2_200_ce0            |    9|          2|    1|          2|
    |cpy2_200_ce1            |    9|          2|    1|          2|
    |cpy2_200_we1            |    9|          2|    1|          2|
    |cpy2_201_ce0            |    9|          2|    1|          2|
    |cpy2_201_ce1            |    9|          2|    1|          2|
    |cpy2_201_we1            |    9|          2|    1|          2|
    |cpy2_202_ce0            |    9|          2|    1|          2|
    |cpy2_202_ce1            |    9|          2|    1|          2|
    |cpy2_202_we1            |    9|          2|    1|          2|
    |cpy2_203_ce0            |    9|          2|    1|          2|
    |cpy2_203_ce1            |    9|          2|    1|          2|
    |cpy2_203_we1            |    9|          2|    1|          2|
    |cpy2_204_ce0            |    9|          2|    1|          2|
    |cpy2_204_ce1            |    9|          2|    1|          2|
    |cpy2_204_we1            |    9|          2|    1|          2|
    |cpy2_205_ce0            |    9|          2|    1|          2|
    |cpy2_205_ce1            |    9|          2|    1|          2|
    |cpy2_205_we1            |    9|          2|    1|          2|
    |cpy2_206_ce0            |    9|          2|    1|          2|
    |cpy2_206_ce1            |    9|          2|    1|          2|
    |cpy2_206_we1            |    9|          2|    1|          2|
    |cpy2_207_ce0            |    9|          2|    1|          2|
    |cpy2_207_ce1            |    9|          2|    1|          2|
    |cpy2_207_we1            |    9|          2|    1|          2|
    |cpy2_208_ce0            |    9|          2|    1|          2|
    |cpy2_208_ce1            |    9|          2|    1|          2|
    |cpy2_208_we1            |    9|          2|    1|          2|
    |cpy2_209_ce0            |    9|          2|    1|          2|
    |cpy2_209_ce1            |    9|          2|    1|          2|
    |cpy2_209_we1            |    9|          2|    1|          2|
    |cpy2_20_ce0             |    9|          2|    1|          2|
    |cpy2_20_ce1             |    9|          2|    1|          2|
    |cpy2_20_we1             |    9|          2|    1|          2|
    |cpy2_210_ce0            |    9|          2|    1|          2|
    |cpy2_210_ce1            |    9|          2|    1|          2|
    |cpy2_210_we1            |    9|          2|    1|          2|
    |cpy2_211_ce0            |    9|          2|    1|          2|
    |cpy2_211_ce1            |    9|          2|    1|          2|
    |cpy2_211_we1            |    9|          2|    1|          2|
    |cpy2_212_ce0            |    9|          2|    1|          2|
    |cpy2_212_ce1            |    9|          2|    1|          2|
    |cpy2_212_we1            |    9|          2|    1|          2|
    |cpy2_213_ce0            |    9|          2|    1|          2|
    |cpy2_213_ce1            |    9|          2|    1|          2|
    |cpy2_213_we1            |    9|          2|    1|          2|
    |cpy2_214_ce0            |    9|          2|    1|          2|
    |cpy2_214_ce1            |    9|          2|    1|          2|
    |cpy2_214_we1            |    9|          2|    1|          2|
    |cpy2_215_ce0            |    9|          2|    1|          2|
    |cpy2_215_ce1            |    9|          2|    1|          2|
    |cpy2_215_we1            |    9|          2|    1|          2|
    |cpy2_216_ce0            |    9|          2|    1|          2|
    |cpy2_216_ce1            |    9|          2|    1|          2|
    |cpy2_216_we1            |    9|          2|    1|          2|
    |cpy2_217_ce0            |    9|          2|    1|          2|
    |cpy2_217_ce1            |    9|          2|    1|          2|
    |cpy2_217_we1            |    9|          2|    1|          2|
    |cpy2_218_ce0            |    9|          2|    1|          2|
    |cpy2_218_ce1            |    9|          2|    1|          2|
    |cpy2_218_we1            |    9|          2|    1|          2|
    |cpy2_219_ce0            |    9|          2|    1|          2|
    |cpy2_219_ce1            |    9|          2|    1|          2|
    |cpy2_219_we1            |    9|          2|    1|          2|
    |cpy2_21_ce0             |    9|          2|    1|          2|
    |cpy2_21_ce1             |    9|          2|    1|          2|
    |cpy2_21_we1             |    9|          2|    1|          2|
    |cpy2_220_ce0            |    9|          2|    1|          2|
    |cpy2_220_ce1            |    9|          2|    1|          2|
    |cpy2_220_we1            |    9|          2|    1|          2|
    |cpy2_221_ce0            |    9|          2|    1|          2|
    |cpy2_221_ce1            |    9|          2|    1|          2|
    |cpy2_221_we1            |    9|          2|    1|          2|
    |cpy2_222_ce0            |    9|          2|    1|          2|
    |cpy2_222_ce1            |    9|          2|    1|          2|
    |cpy2_222_we1            |    9|          2|    1|          2|
    |cpy2_223_ce0            |    9|          2|    1|          2|
    |cpy2_223_ce1            |    9|          2|    1|          2|
    |cpy2_223_we1            |    9|          2|    1|          2|
    |cpy2_224_ce0            |    9|          2|    1|          2|
    |cpy2_224_ce1            |    9|          2|    1|          2|
    |cpy2_224_we1            |    9|          2|    1|          2|
    |cpy2_225_ce0            |    9|          2|    1|          2|
    |cpy2_225_ce1            |    9|          2|    1|          2|
    |cpy2_225_we1            |    9|          2|    1|          2|
    |cpy2_226_ce0            |    9|          2|    1|          2|
    |cpy2_226_ce1            |    9|          2|    1|          2|
    |cpy2_226_we1            |    9|          2|    1|          2|
    |cpy2_227_ce0            |    9|          2|    1|          2|
    |cpy2_227_ce1            |    9|          2|    1|          2|
    |cpy2_227_we1            |    9|          2|    1|          2|
    |cpy2_228_ce0            |    9|          2|    1|          2|
    |cpy2_228_ce1            |    9|          2|    1|          2|
    |cpy2_228_we1            |    9|          2|    1|          2|
    |cpy2_229_ce0            |    9|          2|    1|          2|
    |cpy2_229_ce1            |    9|          2|    1|          2|
    |cpy2_229_we1            |    9|          2|    1|          2|
    |cpy2_22_ce0             |    9|          2|    1|          2|
    |cpy2_22_ce1             |    9|          2|    1|          2|
    |cpy2_22_we1             |    9|          2|    1|          2|
    |cpy2_230_ce0            |    9|          2|    1|          2|
    |cpy2_230_ce1            |    9|          2|    1|          2|
    |cpy2_230_we1            |    9|          2|    1|          2|
    |cpy2_231_ce0            |    9|          2|    1|          2|
    |cpy2_231_ce1            |    9|          2|    1|          2|
    |cpy2_231_we1            |    9|          2|    1|          2|
    |cpy2_232_ce0            |    9|          2|    1|          2|
    |cpy2_232_ce1            |    9|          2|    1|          2|
    |cpy2_232_we1            |    9|          2|    1|          2|
    |cpy2_233_ce0            |    9|          2|    1|          2|
    |cpy2_233_ce1            |    9|          2|    1|          2|
    |cpy2_233_we1            |    9|          2|    1|          2|
    |cpy2_234_ce0            |    9|          2|    1|          2|
    |cpy2_234_ce1            |    9|          2|    1|          2|
    |cpy2_234_we1            |    9|          2|    1|          2|
    |cpy2_235_ce0            |    9|          2|    1|          2|
    |cpy2_235_ce1            |    9|          2|    1|          2|
    |cpy2_235_we1            |    9|          2|    1|          2|
    |cpy2_236_ce0            |    9|          2|    1|          2|
    |cpy2_236_ce1            |    9|          2|    1|          2|
    |cpy2_236_we1            |    9|          2|    1|          2|
    |cpy2_237_ce0            |    9|          2|    1|          2|
    |cpy2_237_ce1            |    9|          2|    1|          2|
    |cpy2_237_we1            |    9|          2|    1|          2|
    |cpy2_238_ce0            |    9|          2|    1|          2|
    |cpy2_238_ce1            |    9|          2|    1|          2|
    |cpy2_238_we1            |    9|          2|    1|          2|
    |cpy2_239_ce0            |    9|          2|    1|          2|
    |cpy2_239_ce1            |    9|          2|    1|          2|
    |cpy2_239_we1            |    9|          2|    1|          2|
    |cpy2_23_ce0             |    9|          2|    1|          2|
    |cpy2_23_ce1             |    9|          2|    1|          2|
    |cpy2_23_we1             |    9|          2|    1|          2|
    |cpy2_24_ce0             |    9|          2|    1|          2|
    |cpy2_24_ce1             |    9|          2|    1|          2|
    |cpy2_24_we1             |    9|          2|    1|          2|
    |cpy2_25_ce0             |    9|          2|    1|          2|
    |cpy2_25_ce1             |    9|          2|    1|          2|
    |cpy2_25_we1             |    9|          2|    1|          2|
    |cpy2_26_ce0             |    9|          2|    1|          2|
    |cpy2_26_ce1             |    9|          2|    1|          2|
    |cpy2_26_we1             |    9|          2|    1|          2|
    |cpy2_27_ce0             |    9|          2|    1|          2|
    |cpy2_27_ce1             |    9|          2|    1|          2|
    |cpy2_27_we1             |    9|          2|    1|          2|
    |cpy2_28_ce0             |    9|          2|    1|          2|
    |cpy2_28_ce1             |    9|          2|    1|          2|
    |cpy2_28_we1             |    9|          2|    1|          2|
    |cpy2_29_ce0             |    9|          2|    1|          2|
    |cpy2_29_ce1             |    9|          2|    1|          2|
    |cpy2_29_we1             |    9|          2|    1|          2|
    |cpy2_2_ce0              |    9|          2|    1|          2|
    |cpy2_2_ce1              |    9|          2|    1|          2|
    |cpy2_2_we1              |    9|          2|    1|          2|
    |cpy2_30_ce0             |    9|          2|    1|          2|
    |cpy2_30_ce1             |    9|          2|    1|          2|
    |cpy2_30_we1             |    9|          2|    1|          2|
    |cpy2_31_ce0             |    9|          2|    1|          2|
    |cpy2_31_ce1             |    9|          2|    1|          2|
    |cpy2_31_we1             |    9|          2|    1|          2|
    |cpy2_32_ce0             |    9|          2|    1|          2|
    |cpy2_32_ce1             |    9|          2|    1|          2|
    |cpy2_32_we1             |    9|          2|    1|          2|
    |cpy2_33_ce0             |    9|          2|    1|          2|
    |cpy2_33_ce1             |    9|          2|    1|          2|
    |cpy2_33_we1             |    9|          2|    1|          2|
    |cpy2_34_ce0             |    9|          2|    1|          2|
    |cpy2_34_ce1             |    9|          2|    1|          2|
    |cpy2_34_we1             |    9|          2|    1|          2|
    |cpy2_35_ce0             |    9|          2|    1|          2|
    |cpy2_35_ce1             |    9|          2|    1|          2|
    |cpy2_35_we1             |    9|          2|    1|          2|
    |cpy2_36_ce0             |    9|          2|    1|          2|
    |cpy2_36_ce1             |    9|          2|    1|          2|
    |cpy2_36_we1             |    9|          2|    1|          2|
    |cpy2_37_ce0             |    9|          2|    1|          2|
    |cpy2_37_ce1             |    9|          2|    1|          2|
    |cpy2_37_we1             |    9|          2|    1|          2|
    |cpy2_38_ce0             |    9|          2|    1|          2|
    |cpy2_38_ce1             |    9|          2|    1|          2|
    |cpy2_38_we1             |    9|          2|    1|          2|
    |cpy2_39_ce0             |    9|          2|    1|          2|
    |cpy2_39_ce1             |    9|          2|    1|          2|
    |cpy2_39_we1             |    9|          2|    1|          2|
    |cpy2_3_ce0              |    9|          2|    1|          2|
    |cpy2_3_ce1              |    9|          2|    1|          2|
    |cpy2_3_we1              |    9|          2|    1|          2|
    |cpy2_40_ce0             |    9|          2|    1|          2|
    |cpy2_40_ce1             |    9|          2|    1|          2|
    |cpy2_40_we1             |    9|          2|    1|          2|
    |cpy2_41_ce0             |    9|          2|    1|          2|
    |cpy2_41_ce1             |    9|          2|    1|          2|
    |cpy2_41_we1             |    9|          2|    1|          2|
    |cpy2_42_ce0             |    9|          2|    1|          2|
    |cpy2_42_ce1             |    9|          2|    1|          2|
    |cpy2_42_we1             |    9|          2|    1|          2|
    |cpy2_43_ce0             |    9|          2|    1|          2|
    |cpy2_43_ce1             |    9|          2|    1|          2|
    |cpy2_43_we1             |    9|          2|    1|          2|
    |cpy2_44_ce0             |    9|          2|    1|          2|
    |cpy2_44_ce1             |    9|          2|    1|          2|
    |cpy2_44_we1             |    9|          2|    1|          2|
    |cpy2_45_ce0             |    9|          2|    1|          2|
    |cpy2_45_ce1             |    9|          2|    1|          2|
    |cpy2_45_we1             |    9|          2|    1|          2|
    |cpy2_46_ce0             |    9|          2|    1|          2|
    |cpy2_46_ce1             |    9|          2|    1|          2|
    |cpy2_46_we1             |    9|          2|    1|          2|
    |cpy2_47_ce0             |    9|          2|    1|          2|
    |cpy2_47_ce1             |    9|          2|    1|          2|
    |cpy2_47_we1             |    9|          2|    1|          2|
    |cpy2_48_ce0             |    9|          2|    1|          2|
    |cpy2_48_ce1             |    9|          2|    1|          2|
    |cpy2_48_we1             |    9|          2|    1|          2|
    |cpy2_49_ce0             |    9|          2|    1|          2|
    |cpy2_49_ce1             |    9|          2|    1|          2|
    |cpy2_49_we1             |    9|          2|    1|          2|
    |cpy2_4_ce0              |    9|          2|    1|          2|
    |cpy2_4_ce1              |    9|          2|    1|          2|
    |cpy2_4_we1              |    9|          2|    1|          2|
    |cpy2_50_ce0             |    9|          2|    1|          2|
    |cpy2_50_ce1             |    9|          2|    1|          2|
    |cpy2_50_we1             |    9|          2|    1|          2|
    |cpy2_51_ce0             |    9|          2|    1|          2|
    |cpy2_51_ce1             |    9|          2|    1|          2|
    |cpy2_51_we1             |    9|          2|    1|          2|
    |cpy2_52_ce0             |    9|          2|    1|          2|
    |cpy2_52_ce1             |    9|          2|    1|          2|
    |cpy2_52_we1             |    9|          2|    1|          2|
    |cpy2_53_ce0             |    9|          2|    1|          2|
    |cpy2_53_ce1             |    9|          2|    1|          2|
    |cpy2_53_we1             |    9|          2|    1|          2|
    |cpy2_54_ce0             |    9|          2|    1|          2|
    |cpy2_54_ce1             |    9|          2|    1|          2|
    |cpy2_54_we1             |    9|          2|    1|          2|
    |cpy2_55_ce0             |    9|          2|    1|          2|
    |cpy2_55_ce1             |    9|          2|    1|          2|
    |cpy2_55_we1             |    9|          2|    1|          2|
    |cpy2_56_ce0             |    9|          2|    1|          2|
    |cpy2_56_ce1             |    9|          2|    1|          2|
    |cpy2_56_we1             |    9|          2|    1|          2|
    |cpy2_57_ce0             |    9|          2|    1|          2|
    |cpy2_57_ce1             |    9|          2|    1|          2|
    |cpy2_57_we1             |    9|          2|    1|          2|
    |cpy2_58_ce0             |    9|          2|    1|          2|
    |cpy2_58_ce1             |    9|          2|    1|          2|
    |cpy2_58_we1             |    9|          2|    1|          2|
    |cpy2_59_ce0             |    9|          2|    1|          2|
    |cpy2_59_ce1             |    9|          2|    1|          2|
    |cpy2_59_we1             |    9|          2|    1|          2|
    |cpy2_5_ce0              |    9|          2|    1|          2|
    |cpy2_5_ce1              |    9|          2|    1|          2|
    |cpy2_5_we1              |    9|          2|    1|          2|
    |cpy2_60_ce0             |    9|          2|    1|          2|
    |cpy2_60_ce1             |    9|          2|    1|          2|
    |cpy2_60_we1             |    9|          2|    1|          2|
    |cpy2_61_ce0             |    9|          2|    1|          2|
    |cpy2_61_ce1             |    9|          2|    1|          2|
    |cpy2_61_we1             |    9|          2|    1|          2|
    |cpy2_62_ce0             |    9|          2|    1|          2|
    |cpy2_62_ce1             |    9|          2|    1|          2|
    |cpy2_62_we1             |    9|          2|    1|          2|
    |cpy2_63_ce0             |    9|          2|    1|          2|
    |cpy2_63_ce1             |    9|          2|    1|          2|
    |cpy2_63_we1             |    9|          2|    1|          2|
    |cpy2_64_ce0             |    9|          2|    1|          2|
    |cpy2_64_ce1             |    9|          2|    1|          2|
    |cpy2_64_we1             |    9|          2|    1|          2|
    |cpy2_65_ce0             |    9|          2|    1|          2|
    |cpy2_65_ce1             |    9|          2|    1|          2|
    |cpy2_65_we1             |    9|          2|    1|          2|
    |cpy2_66_ce0             |    9|          2|    1|          2|
    |cpy2_66_ce1             |    9|          2|    1|          2|
    |cpy2_66_we1             |    9|          2|    1|          2|
    |cpy2_67_ce0             |    9|          2|    1|          2|
    |cpy2_67_ce1             |    9|          2|    1|          2|
    |cpy2_67_we1             |    9|          2|    1|          2|
    |cpy2_68_ce0             |    9|          2|    1|          2|
    |cpy2_68_ce1             |    9|          2|    1|          2|
    |cpy2_68_we1             |    9|          2|    1|          2|
    |cpy2_69_ce0             |    9|          2|    1|          2|
    |cpy2_69_ce1             |    9|          2|    1|          2|
    |cpy2_69_we1             |    9|          2|    1|          2|
    |cpy2_6_ce0              |    9|          2|    1|          2|
    |cpy2_6_ce1              |    9|          2|    1|          2|
    |cpy2_6_we1              |    9|          2|    1|          2|
    |cpy2_70_ce0             |    9|          2|    1|          2|
    |cpy2_70_ce1             |    9|          2|    1|          2|
    |cpy2_70_we1             |    9|          2|    1|          2|
    |cpy2_71_ce0             |    9|          2|    1|          2|
    |cpy2_71_ce1             |    9|          2|    1|          2|
    |cpy2_71_we1             |    9|          2|    1|          2|
    |cpy2_72_ce0             |    9|          2|    1|          2|
    |cpy2_72_ce1             |    9|          2|    1|          2|
    |cpy2_72_we1             |    9|          2|    1|          2|
    |cpy2_73_ce0             |    9|          2|    1|          2|
    |cpy2_73_ce1             |    9|          2|    1|          2|
    |cpy2_73_we1             |    9|          2|    1|          2|
    |cpy2_74_ce0             |    9|          2|    1|          2|
    |cpy2_74_ce1             |    9|          2|    1|          2|
    |cpy2_74_we1             |    9|          2|    1|          2|
    |cpy2_75_ce0             |    9|          2|    1|          2|
    |cpy2_75_ce1             |    9|          2|    1|          2|
    |cpy2_75_we1             |    9|          2|    1|          2|
    |cpy2_76_ce0             |    9|          2|    1|          2|
    |cpy2_76_ce1             |    9|          2|    1|          2|
    |cpy2_76_we1             |    9|          2|    1|          2|
    |cpy2_77_ce0             |    9|          2|    1|          2|
    |cpy2_77_ce1             |    9|          2|    1|          2|
    |cpy2_77_we1             |    9|          2|    1|          2|
    |cpy2_78_ce0             |    9|          2|    1|          2|
    |cpy2_78_ce1             |    9|          2|    1|          2|
    |cpy2_78_we1             |    9|          2|    1|          2|
    |cpy2_79_ce0             |    9|          2|    1|          2|
    |cpy2_79_ce1             |    9|          2|    1|          2|
    |cpy2_79_we1             |    9|          2|    1|          2|
    |cpy2_7_ce0              |    9|          2|    1|          2|
    |cpy2_7_ce1              |    9|          2|    1|          2|
    |cpy2_7_we1              |    9|          2|    1|          2|
    |cpy2_80_ce0             |    9|          2|    1|          2|
    |cpy2_80_ce1             |    9|          2|    1|          2|
    |cpy2_80_we1             |    9|          2|    1|          2|
    |cpy2_81_ce0             |    9|          2|    1|          2|
    |cpy2_81_ce1             |    9|          2|    1|          2|
    |cpy2_81_we1             |    9|          2|    1|          2|
    |cpy2_82_ce0             |    9|          2|    1|          2|
    |cpy2_82_ce1             |    9|          2|    1|          2|
    |cpy2_82_we1             |    9|          2|    1|          2|
    |cpy2_83_ce0             |    9|          2|    1|          2|
    |cpy2_83_ce1             |    9|          2|    1|          2|
    |cpy2_83_we1             |    9|          2|    1|          2|
    |cpy2_84_ce0             |    9|          2|    1|          2|
    |cpy2_84_ce1             |    9|          2|    1|          2|
    |cpy2_84_we1             |    9|          2|    1|          2|
    |cpy2_85_ce0             |    9|          2|    1|          2|
    |cpy2_85_ce1             |    9|          2|    1|          2|
    |cpy2_85_we1             |    9|          2|    1|          2|
    |cpy2_86_ce0             |    9|          2|    1|          2|
    |cpy2_86_ce1             |    9|          2|    1|          2|
    |cpy2_86_we1             |    9|          2|    1|          2|
    |cpy2_87_ce0             |    9|          2|    1|          2|
    |cpy2_87_ce1             |    9|          2|    1|          2|
    |cpy2_87_we1             |    9|          2|    1|          2|
    |cpy2_88_ce0             |    9|          2|    1|          2|
    |cpy2_88_ce1             |    9|          2|    1|          2|
    |cpy2_88_we1             |    9|          2|    1|          2|
    |cpy2_89_ce0             |    9|          2|    1|          2|
    |cpy2_89_ce1             |    9|          2|    1|          2|
    |cpy2_89_we1             |    9|          2|    1|          2|
    |cpy2_8_ce0              |    9|          2|    1|          2|
    |cpy2_8_ce1              |    9|          2|    1|          2|
    |cpy2_8_we1              |    9|          2|    1|          2|
    |cpy2_90_ce0             |    9|          2|    1|          2|
    |cpy2_90_ce1             |    9|          2|    1|          2|
    |cpy2_90_we1             |    9|          2|    1|          2|
    |cpy2_91_ce0             |    9|          2|    1|          2|
    |cpy2_91_ce1             |    9|          2|    1|          2|
    |cpy2_91_we1             |    9|          2|    1|          2|
    |cpy2_92_ce0             |    9|          2|    1|          2|
    |cpy2_92_ce1             |    9|          2|    1|          2|
    |cpy2_92_we1             |    9|          2|    1|          2|
    |cpy2_93_ce0             |    9|          2|    1|          2|
    |cpy2_93_ce1             |    9|          2|    1|          2|
    |cpy2_93_we1             |    9|          2|    1|          2|
    |cpy2_94_ce0             |    9|          2|    1|          2|
    |cpy2_94_ce1             |    9|          2|    1|          2|
    |cpy2_94_we1             |    9|          2|    1|          2|
    |cpy2_95_ce0             |    9|          2|    1|          2|
    |cpy2_95_ce1             |    9|          2|    1|          2|
    |cpy2_95_we1             |    9|          2|    1|          2|
    |cpy2_96_ce0             |    9|          2|    1|          2|
    |cpy2_96_ce1             |    9|          2|    1|          2|
    |cpy2_96_we1             |    9|          2|    1|          2|
    |cpy2_97_ce0             |    9|          2|    1|          2|
    |cpy2_97_ce1             |    9|          2|    1|          2|
    |cpy2_97_we1             |    9|          2|    1|          2|
    |cpy2_98_ce0             |    9|          2|    1|          2|
    |cpy2_98_ce1             |    9|          2|    1|          2|
    |cpy2_98_we1             |    9|          2|    1|          2|
    |cpy2_99_ce0             |    9|          2|    1|          2|
    |cpy2_99_ce1             |    9|          2|    1|          2|
    |cpy2_99_we1             |    9|          2|    1|          2|
    |cpy2_9_ce0              |    9|          2|    1|          2|
    |cpy2_9_ce1              |    9|          2|    1|          2|
    |cpy2_9_we1              |    9|          2|    1|          2|
    |cpy2_ce0                |    9|          2|    1|          2|
    |cpy2_ce1                |    9|          2|    1|          2|
    |cpy2_we1                |    9|          2|    1|          2|
    |cpy_100_ce0             |    9|          2|    1|          2|
    |cpy_100_ce1             |    9|          2|    1|          2|
    |cpy_100_we1             |    9|          2|    1|          2|
    |cpy_101_ce0             |    9|          2|    1|          2|
    |cpy_101_ce1             |    9|          2|    1|          2|
    |cpy_101_we1             |    9|          2|    1|          2|
    |cpy_102_ce0             |    9|          2|    1|          2|
    |cpy_102_ce1             |    9|          2|    1|          2|
    |cpy_102_we1             |    9|          2|    1|          2|
    |cpy_103_ce0             |    9|          2|    1|          2|
    |cpy_103_ce1             |    9|          2|    1|          2|
    |cpy_103_we1             |    9|          2|    1|          2|
    |cpy_104_ce0             |    9|          2|    1|          2|
    |cpy_104_ce1             |    9|          2|    1|          2|
    |cpy_104_we1             |    9|          2|    1|          2|
    |cpy_105_ce0             |    9|          2|    1|          2|
    |cpy_105_ce1             |    9|          2|    1|          2|
    |cpy_105_we1             |    9|          2|    1|          2|
    |cpy_106_ce0             |    9|          2|    1|          2|
    |cpy_106_ce1             |    9|          2|    1|          2|
    |cpy_106_we1             |    9|          2|    1|          2|
    |cpy_107_ce0             |    9|          2|    1|          2|
    |cpy_107_ce1             |    9|          2|    1|          2|
    |cpy_107_we1             |    9|          2|    1|          2|
    |cpy_108_ce0             |    9|          2|    1|          2|
    |cpy_108_ce1             |    9|          2|    1|          2|
    |cpy_108_we1             |    9|          2|    1|          2|
    |cpy_109_ce0             |    9|          2|    1|          2|
    |cpy_109_ce1             |    9|          2|    1|          2|
    |cpy_109_we1             |    9|          2|    1|          2|
    |cpy_10_ce0              |    9|          2|    1|          2|
    |cpy_10_ce1              |    9|          2|    1|          2|
    |cpy_10_we1              |    9|          2|    1|          2|
    |cpy_110_ce0             |    9|          2|    1|          2|
    |cpy_110_ce1             |    9|          2|    1|          2|
    |cpy_110_we1             |    9|          2|    1|          2|
    |cpy_111_ce0             |    9|          2|    1|          2|
    |cpy_111_ce1             |    9|          2|    1|          2|
    |cpy_111_we1             |    9|          2|    1|          2|
    |cpy_112_ce0             |    9|          2|    1|          2|
    |cpy_112_ce1             |    9|          2|    1|          2|
    |cpy_112_we1             |    9|          2|    1|          2|
    |cpy_113_ce0             |    9|          2|    1|          2|
    |cpy_113_ce1             |    9|          2|    1|          2|
    |cpy_113_we1             |    9|          2|    1|          2|
    |cpy_114_ce0             |    9|          2|    1|          2|
    |cpy_114_ce1             |    9|          2|    1|          2|
    |cpy_114_we1             |    9|          2|    1|          2|
    |cpy_115_ce0             |    9|          2|    1|          2|
    |cpy_115_ce1             |    9|          2|    1|          2|
    |cpy_115_we1             |    9|          2|    1|          2|
    |cpy_116_ce0             |    9|          2|    1|          2|
    |cpy_116_ce1             |    9|          2|    1|          2|
    |cpy_116_we1             |    9|          2|    1|          2|
    |cpy_117_ce0             |    9|          2|    1|          2|
    |cpy_117_ce1             |    9|          2|    1|          2|
    |cpy_117_we1             |    9|          2|    1|          2|
    |cpy_118_ce0             |    9|          2|    1|          2|
    |cpy_118_ce1             |    9|          2|    1|          2|
    |cpy_118_we1             |    9|          2|    1|          2|
    |cpy_119_ce0             |    9|          2|    1|          2|
    |cpy_119_ce1             |    9|          2|    1|          2|
    |cpy_119_we1             |    9|          2|    1|          2|
    |cpy_11_ce0              |    9|          2|    1|          2|
    |cpy_11_ce1              |    9|          2|    1|          2|
    |cpy_11_we1              |    9|          2|    1|          2|
    |cpy_120_ce0             |    9|          2|    1|          2|
    |cpy_120_ce1             |    9|          2|    1|          2|
    |cpy_120_we1             |    9|          2|    1|          2|
    |cpy_121_ce0             |    9|          2|    1|          2|
    |cpy_121_ce1             |    9|          2|    1|          2|
    |cpy_121_we1             |    9|          2|    1|          2|
    |cpy_122_ce0             |    9|          2|    1|          2|
    |cpy_122_ce1             |    9|          2|    1|          2|
    |cpy_122_we1             |    9|          2|    1|          2|
    |cpy_123_ce0             |    9|          2|    1|          2|
    |cpy_123_ce1             |    9|          2|    1|          2|
    |cpy_123_we1             |    9|          2|    1|          2|
    |cpy_124_ce0             |    9|          2|    1|          2|
    |cpy_124_ce1             |    9|          2|    1|          2|
    |cpy_124_we1             |    9|          2|    1|          2|
    |cpy_125_ce0             |    9|          2|    1|          2|
    |cpy_125_ce1             |    9|          2|    1|          2|
    |cpy_125_we1             |    9|          2|    1|          2|
    |cpy_126_ce0             |    9|          2|    1|          2|
    |cpy_126_ce1             |    9|          2|    1|          2|
    |cpy_126_we1             |    9|          2|    1|          2|
    |cpy_127_ce0             |    9|          2|    1|          2|
    |cpy_127_ce1             |    9|          2|    1|          2|
    |cpy_127_we1             |    9|          2|    1|          2|
    |cpy_128_ce0             |    9|          2|    1|          2|
    |cpy_128_ce1             |    9|          2|    1|          2|
    |cpy_128_we1             |    9|          2|    1|          2|
    |cpy_129_ce0             |    9|          2|    1|          2|
    |cpy_129_ce1             |    9|          2|    1|          2|
    |cpy_129_we1             |    9|          2|    1|          2|
    |cpy_12_ce0              |    9|          2|    1|          2|
    |cpy_12_ce1              |    9|          2|    1|          2|
    |cpy_12_we1              |    9|          2|    1|          2|
    |cpy_130_ce0             |    9|          2|    1|          2|
    |cpy_130_ce1             |    9|          2|    1|          2|
    |cpy_130_we1             |    9|          2|    1|          2|
    |cpy_131_ce0             |    9|          2|    1|          2|
    |cpy_131_ce1             |    9|          2|    1|          2|
    |cpy_131_we1             |    9|          2|    1|          2|
    |cpy_132_ce0             |    9|          2|    1|          2|
    |cpy_132_ce1             |    9|          2|    1|          2|
    |cpy_132_we1             |    9|          2|    1|          2|
    |cpy_133_ce0             |    9|          2|    1|          2|
    |cpy_133_ce1             |    9|          2|    1|          2|
    |cpy_133_we1             |    9|          2|    1|          2|
    |cpy_134_ce0             |    9|          2|    1|          2|
    |cpy_134_ce1             |    9|          2|    1|          2|
    |cpy_134_we1             |    9|          2|    1|          2|
    |cpy_135_ce0             |    9|          2|    1|          2|
    |cpy_135_ce1             |    9|          2|    1|          2|
    |cpy_135_we1             |    9|          2|    1|          2|
    |cpy_136_ce0             |    9|          2|    1|          2|
    |cpy_136_ce1             |    9|          2|    1|          2|
    |cpy_136_we1             |    9|          2|    1|          2|
    |cpy_137_ce0             |    9|          2|    1|          2|
    |cpy_137_ce1             |    9|          2|    1|          2|
    |cpy_137_we1             |    9|          2|    1|          2|
    |cpy_138_ce0             |    9|          2|    1|          2|
    |cpy_138_ce1             |    9|          2|    1|          2|
    |cpy_138_we1             |    9|          2|    1|          2|
    |cpy_139_ce0             |    9|          2|    1|          2|
    |cpy_139_ce1             |    9|          2|    1|          2|
    |cpy_139_we1             |    9|          2|    1|          2|
    |cpy_13_ce0              |    9|          2|    1|          2|
    |cpy_13_ce1              |    9|          2|    1|          2|
    |cpy_13_we1              |    9|          2|    1|          2|
    |cpy_140_ce0             |    9|          2|    1|          2|
    |cpy_140_ce1             |    9|          2|    1|          2|
    |cpy_140_we1             |    9|          2|    1|          2|
    |cpy_141_ce0             |    9|          2|    1|          2|
    |cpy_141_ce1             |    9|          2|    1|          2|
    |cpy_141_we1             |    9|          2|    1|          2|
    |cpy_142_ce0             |    9|          2|    1|          2|
    |cpy_142_ce1             |    9|          2|    1|          2|
    |cpy_142_we1             |    9|          2|    1|          2|
    |cpy_143_ce0             |    9|          2|    1|          2|
    |cpy_143_ce1             |    9|          2|    1|          2|
    |cpy_143_we1             |    9|          2|    1|          2|
    |cpy_144_ce0             |    9|          2|    1|          2|
    |cpy_144_ce1             |    9|          2|    1|          2|
    |cpy_144_we1             |    9|          2|    1|          2|
    |cpy_145_ce0             |    9|          2|    1|          2|
    |cpy_145_ce1             |    9|          2|    1|          2|
    |cpy_145_we1             |    9|          2|    1|          2|
    |cpy_146_ce0             |    9|          2|    1|          2|
    |cpy_146_ce1             |    9|          2|    1|          2|
    |cpy_146_we1             |    9|          2|    1|          2|
    |cpy_147_ce0             |    9|          2|    1|          2|
    |cpy_147_ce1             |    9|          2|    1|          2|
    |cpy_147_we1             |    9|          2|    1|          2|
    |cpy_148_ce0             |    9|          2|    1|          2|
    |cpy_148_ce1             |    9|          2|    1|          2|
    |cpy_148_we1             |    9|          2|    1|          2|
    |cpy_149_ce0             |    9|          2|    1|          2|
    |cpy_149_ce1             |    9|          2|    1|          2|
    |cpy_149_we1             |    9|          2|    1|          2|
    |cpy_14_ce0              |    9|          2|    1|          2|
    |cpy_14_ce1              |    9|          2|    1|          2|
    |cpy_14_we1              |    9|          2|    1|          2|
    |cpy_150_ce0             |    9|          2|    1|          2|
    |cpy_150_ce1             |    9|          2|    1|          2|
    |cpy_150_we1             |    9|          2|    1|          2|
    |cpy_151_ce0             |    9|          2|    1|          2|
    |cpy_151_ce1             |    9|          2|    1|          2|
    |cpy_151_we1             |    9|          2|    1|          2|
    |cpy_152_ce0             |    9|          2|    1|          2|
    |cpy_152_ce1             |    9|          2|    1|          2|
    |cpy_152_we1             |    9|          2|    1|          2|
    |cpy_153_ce0             |    9|          2|    1|          2|
    |cpy_153_ce1             |    9|          2|    1|          2|
    |cpy_153_we1             |    9|          2|    1|          2|
    |cpy_154_ce0             |    9|          2|    1|          2|
    |cpy_154_ce1             |    9|          2|    1|          2|
    |cpy_154_we1             |    9|          2|    1|          2|
    |cpy_155_ce0             |    9|          2|    1|          2|
    |cpy_155_ce1             |    9|          2|    1|          2|
    |cpy_155_we1             |    9|          2|    1|          2|
    |cpy_156_ce0             |    9|          2|    1|          2|
    |cpy_156_ce1             |    9|          2|    1|          2|
    |cpy_156_we1             |    9|          2|    1|          2|
    |cpy_157_ce0             |    9|          2|    1|          2|
    |cpy_157_ce1             |    9|          2|    1|          2|
    |cpy_157_we1             |    9|          2|    1|          2|
    |cpy_158_ce0             |    9|          2|    1|          2|
    |cpy_158_ce1             |    9|          2|    1|          2|
    |cpy_158_we1             |    9|          2|    1|          2|
    |cpy_159_ce0             |    9|          2|    1|          2|
    |cpy_159_ce1             |    9|          2|    1|          2|
    |cpy_159_we1             |    9|          2|    1|          2|
    |cpy_15_ce0              |    9|          2|    1|          2|
    |cpy_15_ce1              |    9|          2|    1|          2|
    |cpy_15_we1              |    9|          2|    1|          2|
    |cpy_160_ce0             |    9|          2|    1|          2|
    |cpy_160_ce1             |    9|          2|    1|          2|
    |cpy_160_we1             |    9|          2|    1|          2|
    |cpy_161_ce0             |    9|          2|    1|          2|
    |cpy_161_ce1             |    9|          2|    1|          2|
    |cpy_161_we1             |    9|          2|    1|          2|
    |cpy_162_ce0             |    9|          2|    1|          2|
    |cpy_162_ce1             |    9|          2|    1|          2|
    |cpy_162_we1             |    9|          2|    1|          2|
    |cpy_163_ce0             |    9|          2|    1|          2|
    |cpy_163_ce1             |    9|          2|    1|          2|
    |cpy_163_we1             |    9|          2|    1|          2|
    |cpy_164_ce0             |    9|          2|    1|          2|
    |cpy_164_ce1             |    9|          2|    1|          2|
    |cpy_164_we1             |    9|          2|    1|          2|
    |cpy_165_ce0             |    9|          2|    1|          2|
    |cpy_165_ce1             |    9|          2|    1|          2|
    |cpy_165_we1             |    9|          2|    1|          2|
    |cpy_166_ce0             |    9|          2|    1|          2|
    |cpy_166_ce1             |    9|          2|    1|          2|
    |cpy_166_we1             |    9|          2|    1|          2|
    |cpy_167_ce0             |    9|          2|    1|          2|
    |cpy_167_ce1             |    9|          2|    1|          2|
    |cpy_167_we1             |    9|          2|    1|          2|
    |cpy_168_ce0             |    9|          2|    1|          2|
    |cpy_168_ce1             |    9|          2|    1|          2|
    |cpy_168_we1             |    9|          2|    1|          2|
    |cpy_169_ce0             |    9|          2|    1|          2|
    |cpy_169_ce1             |    9|          2|    1|          2|
    |cpy_169_we1             |    9|          2|    1|          2|
    |cpy_16_ce0              |    9|          2|    1|          2|
    |cpy_16_ce1              |    9|          2|    1|          2|
    |cpy_16_we1              |    9|          2|    1|          2|
    |cpy_170_ce0             |    9|          2|    1|          2|
    |cpy_170_ce1             |    9|          2|    1|          2|
    |cpy_170_we1             |    9|          2|    1|          2|
    |cpy_171_ce0             |    9|          2|    1|          2|
    |cpy_171_ce1             |    9|          2|    1|          2|
    |cpy_171_we1             |    9|          2|    1|          2|
    |cpy_172_ce0             |    9|          2|    1|          2|
    |cpy_172_ce1             |    9|          2|    1|          2|
    |cpy_172_we1             |    9|          2|    1|          2|
    |cpy_173_ce0             |    9|          2|    1|          2|
    |cpy_173_ce1             |    9|          2|    1|          2|
    |cpy_173_we1             |    9|          2|    1|          2|
    |cpy_174_ce0             |    9|          2|    1|          2|
    |cpy_174_ce1             |    9|          2|    1|          2|
    |cpy_174_we1             |    9|          2|    1|          2|
    |cpy_175_ce0             |    9|          2|    1|          2|
    |cpy_175_ce1             |    9|          2|    1|          2|
    |cpy_175_we1             |    9|          2|    1|          2|
    |cpy_176_ce0             |    9|          2|    1|          2|
    |cpy_176_ce1             |    9|          2|    1|          2|
    |cpy_176_we1             |    9|          2|    1|          2|
    |cpy_177_ce0             |    9|          2|    1|          2|
    |cpy_177_ce1             |    9|          2|    1|          2|
    |cpy_177_we1             |    9|          2|    1|          2|
    |cpy_178_ce0             |    9|          2|    1|          2|
    |cpy_178_ce1             |    9|          2|    1|          2|
    |cpy_178_we1             |    9|          2|    1|          2|
    |cpy_179_ce0             |    9|          2|    1|          2|
    |cpy_179_ce1             |    9|          2|    1|          2|
    |cpy_179_we1             |    9|          2|    1|          2|
    |cpy_17_ce0              |    9|          2|    1|          2|
    |cpy_17_ce1              |    9|          2|    1|          2|
    |cpy_17_we1              |    9|          2|    1|          2|
    |cpy_180_ce0             |    9|          2|    1|          2|
    |cpy_180_ce1             |    9|          2|    1|          2|
    |cpy_180_we1             |    9|          2|    1|          2|
    |cpy_181_ce0             |    9|          2|    1|          2|
    |cpy_181_ce1             |    9|          2|    1|          2|
    |cpy_181_we1             |    9|          2|    1|          2|
    |cpy_182_ce0             |    9|          2|    1|          2|
    |cpy_182_ce1             |    9|          2|    1|          2|
    |cpy_182_we1             |    9|          2|    1|          2|
    |cpy_183_ce0             |    9|          2|    1|          2|
    |cpy_183_ce1             |    9|          2|    1|          2|
    |cpy_183_we1             |    9|          2|    1|          2|
    |cpy_184_ce0             |    9|          2|    1|          2|
    |cpy_184_ce1             |    9|          2|    1|          2|
    |cpy_184_we1             |    9|          2|    1|          2|
    |cpy_185_ce0             |    9|          2|    1|          2|
    |cpy_185_ce1             |    9|          2|    1|          2|
    |cpy_185_we1             |    9|          2|    1|          2|
    |cpy_186_ce0             |    9|          2|    1|          2|
    |cpy_186_ce1             |    9|          2|    1|          2|
    |cpy_186_we1             |    9|          2|    1|          2|
    |cpy_187_ce0             |    9|          2|    1|          2|
    |cpy_187_ce1             |    9|          2|    1|          2|
    |cpy_187_we1             |    9|          2|    1|          2|
    |cpy_188_ce0             |    9|          2|    1|          2|
    |cpy_188_ce1             |    9|          2|    1|          2|
    |cpy_188_we1             |    9|          2|    1|          2|
    |cpy_189_ce0             |    9|          2|    1|          2|
    |cpy_189_ce1             |    9|          2|    1|          2|
    |cpy_189_we1             |    9|          2|    1|          2|
    |cpy_18_ce0              |    9|          2|    1|          2|
    |cpy_18_ce1              |    9|          2|    1|          2|
    |cpy_18_we1              |    9|          2|    1|          2|
    |cpy_190_ce0             |    9|          2|    1|          2|
    |cpy_190_ce1             |    9|          2|    1|          2|
    |cpy_190_we1             |    9|          2|    1|          2|
    |cpy_191_ce0             |    9|          2|    1|          2|
    |cpy_191_ce1             |    9|          2|    1|          2|
    |cpy_191_we1             |    9|          2|    1|          2|
    |cpy_192_ce0             |    9|          2|    1|          2|
    |cpy_192_ce1             |    9|          2|    1|          2|
    |cpy_192_we1             |    9|          2|    1|          2|
    |cpy_193_ce0             |    9|          2|    1|          2|
    |cpy_193_ce1             |    9|          2|    1|          2|
    |cpy_193_we1             |    9|          2|    1|          2|
    |cpy_194_ce0             |    9|          2|    1|          2|
    |cpy_194_ce1             |    9|          2|    1|          2|
    |cpy_194_we1             |    9|          2|    1|          2|
    |cpy_195_ce0             |    9|          2|    1|          2|
    |cpy_195_ce1             |    9|          2|    1|          2|
    |cpy_195_we1             |    9|          2|    1|          2|
    |cpy_196_ce0             |    9|          2|    1|          2|
    |cpy_196_ce1             |    9|          2|    1|          2|
    |cpy_196_we1             |    9|          2|    1|          2|
    |cpy_197_ce0             |    9|          2|    1|          2|
    |cpy_197_ce1             |    9|          2|    1|          2|
    |cpy_197_we1             |    9|          2|    1|          2|
    |cpy_198_ce0             |    9|          2|    1|          2|
    |cpy_198_ce1             |    9|          2|    1|          2|
    |cpy_198_we1             |    9|          2|    1|          2|
    |cpy_199_ce0             |    9|          2|    1|          2|
    |cpy_199_ce1             |    9|          2|    1|          2|
    |cpy_199_we1             |    9|          2|    1|          2|
    |cpy_19_ce0              |    9|          2|    1|          2|
    |cpy_19_ce1              |    9|          2|    1|          2|
    |cpy_19_we1              |    9|          2|    1|          2|
    |cpy_1_ce0               |    9|          2|    1|          2|
    |cpy_1_ce1               |    9|          2|    1|          2|
    |cpy_1_we1               |    9|          2|    1|          2|
    |cpy_200_ce0             |    9|          2|    1|          2|
    |cpy_200_ce1             |    9|          2|    1|          2|
    |cpy_200_we1             |    9|          2|    1|          2|
    |cpy_201_ce0             |    9|          2|    1|          2|
    |cpy_201_ce1             |    9|          2|    1|          2|
    |cpy_201_we1             |    9|          2|    1|          2|
    |cpy_202_ce0             |    9|          2|    1|          2|
    |cpy_202_ce1             |    9|          2|    1|          2|
    |cpy_202_we1             |    9|          2|    1|          2|
    |cpy_203_ce0             |    9|          2|    1|          2|
    |cpy_203_ce1             |    9|          2|    1|          2|
    |cpy_203_we1             |    9|          2|    1|          2|
    |cpy_204_ce0             |    9|          2|    1|          2|
    |cpy_204_ce1             |    9|          2|    1|          2|
    |cpy_204_we1             |    9|          2|    1|          2|
    |cpy_205_ce0             |    9|          2|    1|          2|
    |cpy_205_ce1             |    9|          2|    1|          2|
    |cpy_205_we1             |    9|          2|    1|          2|
    |cpy_206_ce0             |    9|          2|    1|          2|
    |cpy_206_ce1             |    9|          2|    1|          2|
    |cpy_206_we1             |    9|          2|    1|          2|
    |cpy_207_ce0             |    9|          2|    1|          2|
    |cpy_207_ce1             |    9|          2|    1|          2|
    |cpy_207_we1             |    9|          2|    1|          2|
    |cpy_208_ce0             |    9|          2|    1|          2|
    |cpy_208_ce1             |    9|          2|    1|          2|
    |cpy_208_we1             |    9|          2|    1|          2|
    |cpy_209_ce0             |    9|          2|    1|          2|
    |cpy_209_ce1             |    9|          2|    1|          2|
    |cpy_209_we1             |    9|          2|    1|          2|
    |cpy_20_ce0              |    9|          2|    1|          2|
    |cpy_20_ce1              |    9|          2|    1|          2|
    |cpy_20_we1              |    9|          2|    1|          2|
    |cpy_210_ce0             |    9|          2|    1|          2|
    |cpy_210_ce1             |    9|          2|    1|          2|
    |cpy_210_we1             |    9|          2|    1|          2|
    |cpy_211_ce0             |    9|          2|    1|          2|
    |cpy_211_ce1             |    9|          2|    1|          2|
    |cpy_211_we1             |    9|          2|    1|          2|
    |cpy_212_ce0             |    9|          2|    1|          2|
    |cpy_212_ce1             |    9|          2|    1|          2|
    |cpy_212_we1             |    9|          2|    1|          2|
    |cpy_213_ce0             |    9|          2|    1|          2|
    |cpy_213_ce1             |    9|          2|    1|          2|
    |cpy_213_we1             |    9|          2|    1|          2|
    |cpy_214_ce0             |    9|          2|    1|          2|
    |cpy_214_ce1             |    9|          2|    1|          2|
    |cpy_214_we1             |    9|          2|    1|          2|
    |cpy_215_ce0             |    9|          2|    1|          2|
    |cpy_215_ce1             |    9|          2|    1|          2|
    |cpy_215_we1             |    9|          2|    1|          2|
    |cpy_216_ce0             |    9|          2|    1|          2|
    |cpy_216_ce1             |    9|          2|    1|          2|
    |cpy_216_we1             |    9|          2|    1|          2|
    |cpy_217_ce0             |    9|          2|    1|          2|
    |cpy_217_ce1             |    9|          2|    1|          2|
    |cpy_217_we1             |    9|          2|    1|          2|
    |cpy_218_ce0             |    9|          2|    1|          2|
    |cpy_218_ce1             |    9|          2|    1|          2|
    |cpy_218_we1             |    9|          2|    1|          2|
    |cpy_219_ce0             |    9|          2|    1|          2|
    |cpy_219_ce1             |    9|          2|    1|          2|
    |cpy_219_we1             |    9|          2|    1|          2|
    |cpy_21_ce0              |    9|          2|    1|          2|
    |cpy_21_ce1              |    9|          2|    1|          2|
    |cpy_21_we1              |    9|          2|    1|          2|
    |cpy_220_ce0             |    9|          2|    1|          2|
    |cpy_220_ce1             |    9|          2|    1|          2|
    |cpy_220_we1             |    9|          2|    1|          2|
    |cpy_221_ce0             |    9|          2|    1|          2|
    |cpy_221_ce1             |    9|          2|    1|          2|
    |cpy_221_we1             |    9|          2|    1|          2|
    |cpy_222_ce0             |    9|          2|    1|          2|
    |cpy_222_ce1             |    9|          2|    1|          2|
    |cpy_222_we1             |    9|          2|    1|          2|
    |cpy_223_ce0             |    9|          2|    1|          2|
    |cpy_223_ce1             |    9|          2|    1|          2|
    |cpy_223_we1             |    9|          2|    1|          2|
    |cpy_224_ce0             |    9|          2|    1|          2|
    |cpy_224_ce1             |    9|          2|    1|          2|
    |cpy_224_we1             |    9|          2|    1|          2|
    |cpy_225_ce0             |    9|          2|    1|          2|
    |cpy_225_ce1             |    9|          2|    1|          2|
    |cpy_225_we1             |    9|          2|    1|          2|
    |cpy_226_ce0             |    9|          2|    1|          2|
    |cpy_226_ce1             |    9|          2|    1|          2|
    |cpy_226_we1             |    9|          2|    1|          2|
    |cpy_227_ce0             |    9|          2|    1|          2|
    |cpy_227_ce1             |    9|          2|    1|          2|
    |cpy_227_we1             |    9|          2|    1|          2|
    |cpy_228_ce0             |    9|          2|    1|          2|
    |cpy_228_ce1             |    9|          2|    1|          2|
    |cpy_228_we1             |    9|          2|    1|          2|
    |cpy_229_ce0             |    9|          2|    1|          2|
    |cpy_229_ce1             |    9|          2|    1|          2|
    |cpy_229_we1             |    9|          2|    1|          2|
    |cpy_22_ce0              |    9|          2|    1|          2|
    |cpy_22_ce1              |    9|          2|    1|          2|
    |cpy_22_we1              |    9|          2|    1|          2|
    |cpy_230_ce0             |    9|          2|    1|          2|
    |cpy_230_ce1             |    9|          2|    1|          2|
    |cpy_230_we1             |    9|          2|    1|          2|
    |cpy_231_ce0             |    9|          2|    1|          2|
    |cpy_231_ce1             |    9|          2|    1|          2|
    |cpy_231_we1             |    9|          2|    1|          2|
    |cpy_232_ce0             |    9|          2|    1|          2|
    |cpy_232_ce1             |    9|          2|    1|          2|
    |cpy_232_we1             |    9|          2|    1|          2|
    |cpy_233_ce0             |    9|          2|    1|          2|
    |cpy_233_ce1             |    9|          2|    1|          2|
    |cpy_233_we1             |    9|          2|    1|          2|
    |cpy_234_ce0             |    9|          2|    1|          2|
    |cpy_234_ce1             |    9|          2|    1|          2|
    |cpy_234_we1             |    9|          2|    1|          2|
    |cpy_235_ce0             |    9|          2|    1|          2|
    |cpy_235_ce1             |    9|          2|    1|          2|
    |cpy_235_we1             |    9|          2|    1|          2|
    |cpy_236_ce0             |    9|          2|    1|          2|
    |cpy_236_ce1             |    9|          2|    1|          2|
    |cpy_236_we1             |    9|          2|    1|          2|
    |cpy_237_ce0             |    9|          2|    1|          2|
    |cpy_237_ce1             |    9|          2|    1|          2|
    |cpy_237_we1             |    9|          2|    1|          2|
    |cpy_238_ce0             |    9|          2|    1|          2|
    |cpy_238_ce1             |    9|          2|    1|          2|
    |cpy_238_we1             |    9|          2|    1|          2|
    |cpy_239_ce0             |    9|          2|    1|          2|
    |cpy_239_ce1             |    9|          2|    1|          2|
    |cpy_239_we1             |    9|          2|    1|          2|
    |cpy_23_ce0              |    9|          2|    1|          2|
    |cpy_23_ce1              |    9|          2|    1|          2|
    |cpy_23_we1              |    9|          2|    1|          2|
    |cpy_24_ce0              |    9|          2|    1|          2|
    |cpy_24_ce1              |    9|          2|    1|          2|
    |cpy_24_we1              |    9|          2|    1|          2|
    |cpy_25_ce0              |    9|          2|    1|          2|
    |cpy_25_ce1              |    9|          2|    1|          2|
    |cpy_25_we1              |    9|          2|    1|          2|
    |cpy_26_ce0              |    9|          2|    1|          2|
    |cpy_26_ce1              |    9|          2|    1|          2|
    |cpy_26_we1              |    9|          2|    1|          2|
    |cpy_27_ce0              |    9|          2|    1|          2|
    |cpy_27_ce1              |    9|          2|    1|          2|
    |cpy_27_we1              |    9|          2|    1|          2|
    |cpy_28_ce0              |    9|          2|    1|          2|
    |cpy_28_ce1              |    9|          2|    1|          2|
    |cpy_28_we1              |    9|          2|    1|          2|
    |cpy_29_ce0              |    9|          2|    1|          2|
    |cpy_29_ce1              |    9|          2|    1|          2|
    |cpy_29_we1              |    9|          2|    1|          2|
    |cpy_2_ce0               |    9|          2|    1|          2|
    |cpy_2_ce1               |    9|          2|    1|          2|
    |cpy_2_we1               |    9|          2|    1|          2|
    |cpy_30_ce0              |    9|          2|    1|          2|
    |cpy_30_ce1              |    9|          2|    1|          2|
    |cpy_30_we1              |    9|          2|    1|          2|
    |cpy_31_ce0              |    9|          2|    1|          2|
    |cpy_31_ce1              |    9|          2|    1|          2|
    |cpy_31_we1              |    9|          2|    1|          2|
    |cpy_32_ce0              |    9|          2|    1|          2|
    |cpy_32_ce1              |    9|          2|    1|          2|
    |cpy_32_we1              |    9|          2|    1|          2|
    |cpy_33_ce0              |    9|          2|    1|          2|
    |cpy_33_ce1              |    9|          2|    1|          2|
    |cpy_33_we1              |    9|          2|    1|          2|
    |cpy_34_ce0              |    9|          2|    1|          2|
    |cpy_34_ce1              |    9|          2|    1|          2|
    |cpy_34_we1              |    9|          2|    1|          2|
    |cpy_35_ce0              |    9|          2|    1|          2|
    |cpy_35_ce1              |    9|          2|    1|          2|
    |cpy_35_we1              |    9|          2|    1|          2|
    |cpy_36_ce0              |    9|          2|    1|          2|
    |cpy_36_ce1              |    9|          2|    1|          2|
    |cpy_36_we1              |    9|          2|    1|          2|
    |cpy_37_ce0              |    9|          2|    1|          2|
    |cpy_37_ce1              |    9|          2|    1|          2|
    |cpy_37_we1              |    9|          2|    1|          2|
    |cpy_38_ce0              |    9|          2|    1|          2|
    |cpy_38_ce1              |    9|          2|    1|          2|
    |cpy_38_we1              |    9|          2|    1|          2|
    |cpy_39_ce0              |    9|          2|    1|          2|
    |cpy_39_ce1              |    9|          2|    1|          2|
    |cpy_39_we1              |    9|          2|    1|          2|
    |cpy_3_ce0               |    9|          2|    1|          2|
    |cpy_3_ce1               |    9|          2|    1|          2|
    |cpy_3_we1               |    9|          2|    1|          2|
    |cpy_40_ce0              |    9|          2|    1|          2|
    |cpy_40_ce1              |    9|          2|    1|          2|
    |cpy_40_we1              |    9|          2|    1|          2|
    |cpy_41_ce0              |    9|          2|    1|          2|
    |cpy_41_ce1              |    9|          2|    1|          2|
    |cpy_41_we1              |    9|          2|    1|          2|
    |cpy_42_ce0              |    9|          2|    1|          2|
    |cpy_42_ce1              |    9|          2|    1|          2|
    |cpy_42_we1              |    9|          2|    1|          2|
    |cpy_43_ce0              |    9|          2|    1|          2|
    |cpy_43_ce1              |    9|          2|    1|          2|
    |cpy_43_we1              |    9|          2|    1|          2|
    |cpy_44_ce0              |    9|          2|    1|          2|
    |cpy_44_ce1              |    9|          2|    1|          2|
    |cpy_44_we1              |    9|          2|    1|          2|
    |cpy_45_ce0              |    9|          2|    1|          2|
    |cpy_45_ce1              |    9|          2|    1|          2|
    |cpy_45_we1              |    9|          2|    1|          2|
    |cpy_46_ce0              |    9|          2|    1|          2|
    |cpy_46_ce1              |    9|          2|    1|          2|
    |cpy_46_we1              |    9|          2|    1|          2|
    |cpy_47_ce0              |    9|          2|    1|          2|
    |cpy_47_ce1              |    9|          2|    1|          2|
    |cpy_47_we1              |    9|          2|    1|          2|
    |cpy_48_ce0              |    9|          2|    1|          2|
    |cpy_48_ce1              |    9|          2|    1|          2|
    |cpy_48_we1              |    9|          2|    1|          2|
    |cpy_49_ce0              |    9|          2|    1|          2|
    |cpy_49_ce1              |    9|          2|    1|          2|
    |cpy_49_we1              |    9|          2|    1|          2|
    |cpy_4_ce0               |    9|          2|    1|          2|
    |cpy_4_ce1               |    9|          2|    1|          2|
    |cpy_4_we1               |    9|          2|    1|          2|
    |cpy_50_ce0              |    9|          2|    1|          2|
    |cpy_50_ce1              |    9|          2|    1|          2|
    |cpy_50_we1              |    9|          2|    1|          2|
    |cpy_51_ce0              |    9|          2|    1|          2|
    |cpy_51_ce1              |    9|          2|    1|          2|
    |cpy_51_we1              |    9|          2|    1|          2|
    |cpy_52_ce0              |    9|          2|    1|          2|
    |cpy_52_ce1              |    9|          2|    1|          2|
    |cpy_52_we1              |    9|          2|    1|          2|
    |cpy_53_ce0              |    9|          2|    1|          2|
    |cpy_53_ce1              |    9|          2|    1|          2|
    |cpy_53_we1              |    9|          2|    1|          2|
    |cpy_54_ce0              |    9|          2|    1|          2|
    |cpy_54_ce1              |    9|          2|    1|          2|
    |cpy_54_we1              |    9|          2|    1|          2|
    |cpy_55_ce0              |    9|          2|    1|          2|
    |cpy_55_ce1              |    9|          2|    1|          2|
    |cpy_55_we1              |    9|          2|    1|          2|
    |cpy_56_ce0              |    9|          2|    1|          2|
    |cpy_56_ce1              |    9|          2|    1|          2|
    |cpy_56_we1              |    9|          2|    1|          2|
    |cpy_57_ce0              |    9|          2|    1|          2|
    |cpy_57_ce1              |    9|          2|    1|          2|
    |cpy_57_we1              |    9|          2|    1|          2|
    |cpy_58_ce0              |    9|          2|    1|          2|
    |cpy_58_ce1              |    9|          2|    1|          2|
    |cpy_58_we1              |    9|          2|    1|          2|
    |cpy_59_ce0              |    9|          2|    1|          2|
    |cpy_59_ce1              |    9|          2|    1|          2|
    |cpy_59_we1              |    9|          2|    1|          2|
    |cpy_5_ce0               |    9|          2|    1|          2|
    |cpy_5_ce1               |    9|          2|    1|          2|
    |cpy_5_we1               |    9|          2|    1|          2|
    |cpy_60_ce0              |    9|          2|    1|          2|
    |cpy_60_ce1              |    9|          2|    1|          2|
    |cpy_60_we1              |    9|          2|    1|          2|
    |cpy_61_ce0              |    9|          2|    1|          2|
    |cpy_61_ce1              |    9|          2|    1|          2|
    |cpy_61_we1              |    9|          2|    1|          2|
    |cpy_62_ce0              |    9|          2|    1|          2|
    |cpy_62_ce1              |    9|          2|    1|          2|
    |cpy_62_we1              |    9|          2|    1|          2|
    |cpy_63_ce0              |    9|          2|    1|          2|
    |cpy_63_ce1              |    9|          2|    1|          2|
    |cpy_63_we1              |    9|          2|    1|          2|
    |cpy_64_ce0              |    9|          2|    1|          2|
    |cpy_64_ce1              |    9|          2|    1|          2|
    |cpy_64_we1              |    9|          2|    1|          2|
    |cpy_65_ce0              |    9|          2|    1|          2|
    |cpy_65_ce1              |    9|          2|    1|          2|
    |cpy_65_we1              |    9|          2|    1|          2|
    |cpy_66_ce0              |    9|          2|    1|          2|
    |cpy_66_ce1              |    9|          2|    1|          2|
    |cpy_66_we1              |    9|          2|    1|          2|
    |cpy_67_ce0              |    9|          2|    1|          2|
    |cpy_67_ce1              |    9|          2|    1|          2|
    |cpy_67_we1              |    9|          2|    1|          2|
    |cpy_68_ce0              |    9|          2|    1|          2|
    |cpy_68_ce1              |    9|          2|    1|          2|
    |cpy_68_we1              |    9|          2|    1|          2|
    |cpy_69_ce0              |    9|          2|    1|          2|
    |cpy_69_ce1              |    9|          2|    1|          2|
    |cpy_69_we1              |    9|          2|    1|          2|
    |cpy_6_ce0               |    9|          2|    1|          2|
    |cpy_6_ce1               |    9|          2|    1|          2|
    |cpy_6_we1               |    9|          2|    1|          2|
    |cpy_70_ce0              |    9|          2|    1|          2|
    |cpy_70_ce1              |    9|          2|    1|          2|
    |cpy_70_we1              |    9|          2|    1|          2|
    |cpy_71_ce0              |    9|          2|    1|          2|
    |cpy_71_ce1              |    9|          2|    1|          2|
    |cpy_71_we1              |    9|          2|    1|          2|
    |cpy_72_ce0              |    9|          2|    1|          2|
    |cpy_72_ce1              |    9|          2|    1|          2|
    |cpy_72_we1              |    9|          2|    1|          2|
    |cpy_73_ce0              |    9|          2|    1|          2|
    |cpy_73_ce1              |    9|          2|    1|          2|
    |cpy_73_we1              |    9|          2|    1|          2|
    |cpy_74_ce0              |    9|          2|    1|          2|
    |cpy_74_ce1              |    9|          2|    1|          2|
    |cpy_74_we1              |    9|          2|    1|          2|
    |cpy_75_ce0              |    9|          2|    1|          2|
    |cpy_75_ce1              |    9|          2|    1|          2|
    |cpy_75_we1              |    9|          2|    1|          2|
    |cpy_76_ce0              |    9|          2|    1|          2|
    |cpy_76_ce1              |    9|          2|    1|          2|
    |cpy_76_we1              |    9|          2|    1|          2|
    |cpy_77_ce0              |    9|          2|    1|          2|
    |cpy_77_ce1              |    9|          2|    1|          2|
    |cpy_77_we1              |    9|          2|    1|          2|
    |cpy_78_ce0              |    9|          2|    1|          2|
    |cpy_78_ce1              |    9|          2|    1|          2|
    |cpy_78_we1              |    9|          2|    1|          2|
    |cpy_79_ce0              |    9|          2|    1|          2|
    |cpy_79_ce1              |    9|          2|    1|          2|
    |cpy_79_we1              |    9|          2|    1|          2|
    |cpy_7_ce0               |    9|          2|    1|          2|
    |cpy_7_ce1               |    9|          2|    1|          2|
    |cpy_7_we1               |    9|          2|    1|          2|
    |cpy_80_ce0              |    9|          2|    1|          2|
    |cpy_80_ce1              |    9|          2|    1|          2|
    |cpy_80_we1              |    9|          2|    1|          2|
    |cpy_81_ce0              |    9|          2|    1|          2|
    |cpy_81_ce1              |    9|          2|    1|          2|
    |cpy_81_we1              |    9|          2|    1|          2|
    |cpy_82_ce0              |    9|          2|    1|          2|
    |cpy_82_ce1              |    9|          2|    1|          2|
    |cpy_82_we1              |    9|          2|    1|          2|
    |cpy_83_ce0              |    9|          2|    1|          2|
    |cpy_83_ce1              |    9|          2|    1|          2|
    |cpy_83_we1              |    9|          2|    1|          2|
    |cpy_84_ce0              |    9|          2|    1|          2|
    |cpy_84_ce1              |    9|          2|    1|          2|
    |cpy_84_we1              |    9|          2|    1|          2|
    |cpy_85_ce0              |    9|          2|    1|          2|
    |cpy_85_ce1              |    9|          2|    1|          2|
    |cpy_85_we1              |    9|          2|    1|          2|
    |cpy_86_ce0              |    9|          2|    1|          2|
    |cpy_86_ce1              |    9|          2|    1|          2|
    |cpy_86_we1              |    9|          2|    1|          2|
    |cpy_87_ce0              |    9|          2|    1|          2|
    |cpy_87_ce1              |    9|          2|    1|          2|
    |cpy_87_we1              |    9|          2|    1|          2|
    |cpy_88_ce0              |    9|          2|    1|          2|
    |cpy_88_ce1              |    9|          2|    1|          2|
    |cpy_88_we1              |    9|          2|    1|          2|
    |cpy_89_ce0              |    9|          2|    1|          2|
    |cpy_89_ce1              |    9|          2|    1|          2|
    |cpy_89_we1              |    9|          2|    1|          2|
    |cpy_8_ce0               |    9|          2|    1|          2|
    |cpy_8_ce1               |    9|          2|    1|          2|
    |cpy_8_we1               |    9|          2|    1|          2|
    |cpy_90_ce0              |    9|          2|    1|          2|
    |cpy_90_ce1              |    9|          2|    1|          2|
    |cpy_90_we1              |    9|          2|    1|          2|
    |cpy_91_ce0              |    9|          2|    1|          2|
    |cpy_91_ce1              |    9|          2|    1|          2|
    |cpy_91_we1              |    9|          2|    1|          2|
    |cpy_92_ce0              |    9|          2|    1|          2|
    |cpy_92_ce1              |    9|          2|    1|          2|
    |cpy_92_we1              |    9|          2|    1|          2|
    |cpy_93_ce0              |    9|          2|    1|          2|
    |cpy_93_ce1              |    9|          2|    1|          2|
    |cpy_93_we1              |    9|          2|    1|          2|
    |cpy_94_ce0              |    9|          2|    1|          2|
    |cpy_94_ce1              |    9|          2|    1|          2|
    |cpy_94_we1              |    9|          2|    1|          2|
    |cpy_95_ce0              |    9|          2|    1|          2|
    |cpy_95_ce1              |    9|          2|    1|          2|
    |cpy_95_we1              |    9|          2|    1|          2|
    |cpy_96_ce0              |    9|          2|    1|          2|
    |cpy_96_ce1              |    9|          2|    1|          2|
    |cpy_96_we1              |    9|          2|    1|          2|
    |cpy_97_ce0              |    9|          2|    1|          2|
    |cpy_97_ce1              |    9|          2|    1|          2|
    |cpy_97_we1              |    9|          2|    1|          2|
    |cpy_98_ce0              |    9|          2|    1|          2|
    |cpy_98_ce1              |    9|          2|    1|          2|
    |cpy_98_we1              |    9|          2|    1|          2|
    |cpy_99_ce0              |    9|          2|    1|          2|
    |cpy_99_ce1              |    9|          2|    1|          2|
    |cpy_99_we1              |    9|          2|    1|          2|
    |cpy_9_ce0               |    9|          2|    1|          2|
    |cpy_9_ce1               |    9|          2|    1|          2|
    |cpy_9_we1               |    9|          2|    1|          2|
    |cpy_ce0                 |    9|          2|    1|          2|
    |cpy_ce1                 |    9|          2|    1|          2|
    |cpy_we1                 |    9|          2|    1|          2|
    |edge_mask_100_address0  |   14|          3|    6|         18|
    |edge_mask_100_ce0       |   14|          3|    1|          3|
    |edge_mask_100_ce1       |    9|          2|    1|          2|
    |edge_mask_100_ce2       |    9|          2|    1|          2|
    |edge_mask_100_ce3       |    9|          2|    1|          2|
    |edge_mask_100_we0       |    9|          2|    1|          2|
    |edge_mask_101_address0  |   14|          3|    6|         18|
    |edge_mask_101_ce0       |   14|          3|    1|          3|
    |edge_mask_101_ce1       |    9|          2|    1|          2|
    |edge_mask_101_ce2       |    9|          2|    1|          2|
    |edge_mask_101_ce3       |    9|          2|    1|          2|
    |edge_mask_101_we0       |    9|          2|    1|          2|
    |edge_mask_102_address0  |   14|          3|    6|         18|
    |edge_mask_102_ce0       |   14|          3|    1|          3|
    |edge_mask_102_ce1       |    9|          2|    1|          2|
    |edge_mask_102_ce2       |    9|          2|    1|          2|
    |edge_mask_102_ce3       |    9|          2|    1|          2|
    |edge_mask_102_we0       |    9|          2|    1|          2|
    |edge_mask_103_address0  |   14|          3|    6|         18|
    |edge_mask_103_ce0       |   14|          3|    1|          3|
    |edge_mask_103_ce1       |    9|          2|    1|          2|
    |edge_mask_103_ce2       |    9|          2|    1|          2|
    |edge_mask_103_ce3       |    9|          2|    1|          2|
    |edge_mask_103_we0       |    9|          2|    1|          2|
    |edge_mask_104_address0  |   14|          3|    6|         18|
    |edge_mask_104_ce0       |   14|          3|    1|          3|
    |edge_mask_104_ce1       |    9|          2|    1|          2|
    |edge_mask_104_ce2       |    9|          2|    1|          2|
    |edge_mask_104_ce3       |    9|          2|    1|          2|
    |edge_mask_104_we0       |    9|          2|    1|          2|
    |edge_mask_105_address0  |   14|          3|    6|         18|
    |edge_mask_105_ce0       |   14|          3|    1|          3|
    |edge_mask_105_ce1       |    9|          2|    1|          2|
    |edge_mask_105_ce2       |    9|          2|    1|          2|
    |edge_mask_105_ce3       |    9|          2|    1|          2|
    |edge_mask_105_we0       |    9|          2|    1|          2|
    |edge_mask_106_address0  |   14|          3|    6|         18|
    |edge_mask_106_ce0       |   14|          3|    1|          3|
    |edge_mask_106_ce1       |    9|          2|    1|          2|
    |edge_mask_106_ce2       |    9|          2|    1|          2|
    |edge_mask_106_ce3       |    9|          2|    1|          2|
    |edge_mask_106_we0       |    9|          2|    1|          2|
    |edge_mask_107_address0  |   14|          3|    6|         18|
    |edge_mask_107_ce0       |   14|          3|    1|          3|
    |edge_mask_107_ce1       |    9|          2|    1|          2|
    |edge_mask_107_ce2       |    9|          2|    1|          2|
    |edge_mask_107_ce3       |    9|          2|    1|          2|
    |edge_mask_107_we0       |    9|          2|    1|          2|
    |edge_mask_108_address0  |   14|          3|    6|         18|
    |edge_mask_108_ce0       |   14|          3|    1|          3|
    |edge_mask_108_ce1       |    9|          2|    1|          2|
    |edge_mask_108_ce2       |    9|          2|    1|          2|
    |edge_mask_108_ce3       |    9|          2|    1|          2|
    |edge_mask_108_we0       |    9|          2|    1|          2|
    |edge_mask_109_address0  |   14|          3|    6|         18|
    |edge_mask_109_ce0       |   14|          3|    1|          3|
    |edge_mask_109_ce1       |    9|          2|    1|          2|
    |edge_mask_109_ce2       |    9|          2|    1|          2|
    |edge_mask_109_ce3       |    9|          2|    1|          2|
    |edge_mask_109_we0       |    9|          2|    1|          2|
    |edge_mask_10_address0   |   14|          3|    6|         18|
    |edge_mask_10_ce0        |   14|          3|    1|          3|
    |edge_mask_10_ce1        |    9|          2|    1|          2|
    |edge_mask_10_ce2        |    9|          2|    1|          2|
    |edge_mask_10_ce3        |    9|          2|    1|          2|
    |edge_mask_10_we0        |    9|          2|    1|          2|
    |edge_mask_110_address0  |   14|          3|    6|         18|
    |edge_mask_110_ce0       |   14|          3|    1|          3|
    |edge_mask_110_ce1       |    9|          2|    1|          2|
    |edge_mask_110_ce2       |    9|          2|    1|          2|
    |edge_mask_110_ce3       |    9|          2|    1|          2|
    |edge_mask_110_we0       |    9|          2|    1|          2|
    |edge_mask_111_address0  |   14|          3|    6|         18|
    |edge_mask_111_ce0       |   14|          3|    1|          3|
    |edge_mask_111_ce1       |    9|          2|    1|          2|
    |edge_mask_111_ce2       |    9|          2|    1|          2|
    |edge_mask_111_ce3       |    9|          2|    1|          2|
    |edge_mask_111_we0       |    9|          2|    1|          2|
    |edge_mask_112_address0  |   14|          3|    6|         18|
    |edge_mask_112_ce0       |   14|          3|    1|          3|
    |edge_mask_112_ce1       |    9|          2|    1|          2|
    |edge_mask_112_ce2       |    9|          2|    1|          2|
    |edge_mask_112_ce3       |    9|          2|    1|          2|
    |edge_mask_112_we0       |    9|          2|    1|          2|
    |edge_mask_113_address0  |   14|          3|    6|         18|
    |edge_mask_113_ce0       |   14|          3|    1|          3|
    |edge_mask_113_ce1       |    9|          2|    1|          2|
    |edge_mask_113_ce2       |    9|          2|    1|          2|
    |edge_mask_113_ce3       |    9|          2|    1|          2|
    |edge_mask_113_we0       |    9|          2|    1|          2|
    |edge_mask_114_address0  |   14|          3|    6|         18|
    |edge_mask_114_ce0       |   14|          3|    1|          3|
    |edge_mask_114_ce1       |    9|          2|    1|          2|
    |edge_mask_114_ce2       |    9|          2|    1|          2|
    |edge_mask_114_ce3       |    9|          2|    1|          2|
    |edge_mask_114_we0       |    9|          2|    1|          2|
    |edge_mask_115_address0  |   14|          3|    6|         18|
    |edge_mask_115_ce0       |   14|          3|    1|          3|
    |edge_mask_115_ce1       |    9|          2|    1|          2|
    |edge_mask_115_ce2       |    9|          2|    1|          2|
    |edge_mask_115_ce3       |    9|          2|    1|          2|
    |edge_mask_115_we0       |    9|          2|    1|          2|
    |edge_mask_116_address0  |   14|          3|    6|         18|
    |edge_mask_116_ce0       |   14|          3|    1|          3|
    |edge_mask_116_ce1       |    9|          2|    1|          2|
    |edge_mask_116_ce2       |    9|          2|    1|          2|
    |edge_mask_116_ce3       |    9|          2|    1|          2|
    |edge_mask_116_we0       |    9|          2|    1|          2|
    |edge_mask_117_address0  |   14|          3|    6|         18|
    |edge_mask_117_ce0       |   14|          3|    1|          3|
    |edge_mask_117_ce1       |    9|          2|    1|          2|
    |edge_mask_117_ce2       |    9|          2|    1|          2|
    |edge_mask_117_ce3       |    9|          2|    1|          2|
    |edge_mask_117_we0       |    9|          2|    1|          2|
    |edge_mask_118_address0  |   14|          3|    6|         18|
    |edge_mask_118_ce0       |   14|          3|    1|          3|
    |edge_mask_118_ce1       |    9|          2|    1|          2|
    |edge_mask_118_ce2       |    9|          2|    1|          2|
    |edge_mask_118_ce3       |    9|          2|    1|          2|
    |edge_mask_118_we0       |    9|          2|    1|          2|
    |edge_mask_119_address0  |   14|          3|    6|         18|
    |edge_mask_119_ce0       |   14|          3|    1|          3|
    |edge_mask_119_ce1       |    9|          2|    1|          2|
    |edge_mask_119_ce2       |    9|          2|    1|          2|
    |edge_mask_119_ce3       |    9|          2|    1|          2|
    |edge_mask_119_we0       |    9|          2|    1|          2|
    |edge_mask_11_address0   |   14|          3|    6|         18|
    |edge_mask_11_ce0        |   14|          3|    1|          3|
    |edge_mask_11_ce1        |    9|          2|    1|          2|
    |edge_mask_11_ce2        |    9|          2|    1|          2|
    |edge_mask_11_ce3        |    9|          2|    1|          2|
    |edge_mask_11_we0        |    9|          2|    1|          2|
    |edge_mask_120_address0  |   14|          3|    6|         18|
    |edge_mask_120_ce0       |   14|          3|    1|          3|
    |edge_mask_120_ce1       |    9|          2|    1|          2|
    |edge_mask_120_ce2       |    9|          2|    1|          2|
    |edge_mask_120_ce3       |    9|          2|    1|          2|
    |edge_mask_120_we0       |    9|          2|    1|          2|
    |edge_mask_121_address0  |   14|          3|    6|         18|
    |edge_mask_121_ce0       |   14|          3|    1|          3|
    |edge_mask_121_ce1       |    9|          2|    1|          2|
    |edge_mask_121_ce2       |    9|          2|    1|          2|
    |edge_mask_121_ce3       |    9|          2|    1|          2|
    |edge_mask_121_we0       |    9|          2|    1|          2|
    |edge_mask_122_address0  |   14|          3|    6|         18|
    |edge_mask_122_ce0       |   14|          3|    1|          3|
    |edge_mask_122_ce1       |    9|          2|    1|          2|
    |edge_mask_122_ce2       |    9|          2|    1|          2|
    |edge_mask_122_ce3       |    9|          2|    1|          2|
    |edge_mask_122_we0       |    9|          2|    1|          2|
    |edge_mask_123_address0  |   14|          3|    6|         18|
    |edge_mask_123_ce0       |   14|          3|    1|          3|
    |edge_mask_123_ce1       |    9|          2|    1|          2|
    |edge_mask_123_ce2       |    9|          2|    1|          2|
    |edge_mask_123_ce3       |    9|          2|    1|          2|
    |edge_mask_123_we0       |    9|          2|    1|          2|
    |edge_mask_124_address0  |   14|          3|    6|         18|
    |edge_mask_124_ce0       |   14|          3|    1|          3|
    |edge_mask_124_ce1       |    9|          2|    1|          2|
    |edge_mask_124_ce2       |    9|          2|    1|          2|
    |edge_mask_124_ce3       |    9|          2|    1|          2|
    |edge_mask_124_we0       |    9|          2|    1|          2|
    |edge_mask_125_address0  |   14|          3|    6|         18|
    |edge_mask_125_ce0       |   14|          3|    1|          3|
    |edge_mask_125_ce1       |    9|          2|    1|          2|
    |edge_mask_125_ce2       |    9|          2|    1|          2|
    |edge_mask_125_ce3       |    9|          2|    1|          2|
    |edge_mask_125_we0       |    9|          2|    1|          2|
    |edge_mask_126_address0  |   14|          3|    6|         18|
    |edge_mask_126_ce0       |   14|          3|    1|          3|
    |edge_mask_126_ce1       |    9|          2|    1|          2|
    |edge_mask_126_ce2       |    9|          2|    1|          2|
    |edge_mask_126_ce3       |    9|          2|    1|          2|
    |edge_mask_126_we0       |    9|          2|    1|          2|
    |edge_mask_127_address0  |   14|          3|    6|         18|
    |edge_mask_127_ce0       |   14|          3|    1|          3|
    |edge_mask_127_ce1       |    9|          2|    1|          2|
    |edge_mask_127_ce2       |    9|          2|    1|          2|
    |edge_mask_127_ce3       |    9|          2|    1|          2|
    |edge_mask_127_we0       |    9|          2|    1|          2|
    |edge_mask_128_address0  |   14|          3|    6|         18|
    |edge_mask_128_ce0       |   14|          3|    1|          3|
    |edge_mask_128_ce1       |    9|          2|    1|          2|
    |edge_mask_128_ce2       |    9|          2|    1|          2|
    |edge_mask_128_ce3       |    9|          2|    1|          2|
    |edge_mask_128_we0       |    9|          2|    1|          2|
    |edge_mask_129_address0  |   14|          3|    6|         18|
    |edge_mask_129_ce0       |   14|          3|    1|          3|
    |edge_mask_129_ce1       |    9|          2|    1|          2|
    |edge_mask_129_ce2       |    9|          2|    1|          2|
    |edge_mask_129_ce3       |    9|          2|    1|          2|
    |edge_mask_129_we0       |    9|          2|    1|          2|
    |edge_mask_12_address0   |   14|          3|    6|         18|
    |edge_mask_12_ce0        |   14|          3|    1|          3|
    |edge_mask_12_ce1        |    9|          2|    1|          2|
    |edge_mask_12_ce2        |    9|          2|    1|          2|
    |edge_mask_12_ce3        |    9|          2|    1|          2|
    |edge_mask_12_we0        |    9|          2|    1|          2|
    |edge_mask_130_address0  |   14|          3|    6|         18|
    |edge_mask_130_ce0       |   14|          3|    1|          3|
    |edge_mask_130_ce1       |    9|          2|    1|          2|
    |edge_mask_130_ce2       |    9|          2|    1|          2|
    |edge_mask_130_ce3       |    9|          2|    1|          2|
    |edge_mask_130_we0       |    9|          2|    1|          2|
    |edge_mask_131_address0  |   14|          3|    6|         18|
    |edge_mask_131_ce0       |   14|          3|    1|          3|
    |edge_mask_131_ce1       |    9|          2|    1|          2|
    |edge_mask_131_ce2       |    9|          2|    1|          2|
    |edge_mask_131_ce3       |    9|          2|    1|          2|
    |edge_mask_131_we0       |    9|          2|    1|          2|
    |edge_mask_132_address0  |   14|          3|    6|         18|
    |edge_mask_132_ce0       |   14|          3|    1|          3|
    |edge_mask_132_ce1       |    9|          2|    1|          2|
    |edge_mask_132_ce2       |    9|          2|    1|          2|
    |edge_mask_132_ce3       |    9|          2|    1|          2|
    |edge_mask_132_we0       |    9|          2|    1|          2|
    |edge_mask_133_address0  |   14|          3|    6|         18|
    |edge_mask_133_ce0       |   14|          3|    1|          3|
    |edge_mask_133_ce1       |    9|          2|    1|          2|
    |edge_mask_133_ce2       |    9|          2|    1|          2|
    |edge_mask_133_ce3       |    9|          2|    1|          2|
    |edge_mask_133_we0       |    9|          2|    1|          2|
    |edge_mask_134_address0  |   14|          3|    6|         18|
    |edge_mask_134_ce0       |   14|          3|    1|          3|
    |edge_mask_134_ce1       |    9|          2|    1|          2|
    |edge_mask_134_ce2       |    9|          2|    1|          2|
    |edge_mask_134_ce3       |    9|          2|    1|          2|
    |edge_mask_134_we0       |    9|          2|    1|          2|
    |edge_mask_135_address0  |   14|          3|    6|         18|
    |edge_mask_135_ce0       |   14|          3|    1|          3|
    |edge_mask_135_ce1       |    9|          2|    1|          2|
    |edge_mask_135_ce2       |    9|          2|    1|          2|
    |edge_mask_135_ce3       |    9|          2|    1|          2|
    |edge_mask_135_we0       |    9|          2|    1|          2|
    |edge_mask_136_address0  |   14|          3|    6|         18|
    |edge_mask_136_ce0       |   14|          3|    1|          3|
    |edge_mask_136_ce1       |    9|          2|    1|          2|
    |edge_mask_136_ce2       |    9|          2|    1|          2|
    |edge_mask_136_ce3       |    9|          2|    1|          2|
    |edge_mask_136_we0       |    9|          2|    1|          2|
    |edge_mask_137_address0  |   14|          3|    6|         18|
    |edge_mask_137_ce0       |   14|          3|    1|          3|
    |edge_mask_137_ce1       |    9|          2|    1|          2|
    |edge_mask_137_ce2       |    9|          2|    1|          2|
    |edge_mask_137_ce3       |    9|          2|    1|          2|
    |edge_mask_137_we0       |    9|          2|    1|          2|
    |edge_mask_138_address0  |   14|          3|    6|         18|
    |edge_mask_138_ce0       |   14|          3|    1|          3|
    |edge_mask_138_ce1       |    9|          2|    1|          2|
    |edge_mask_138_ce2       |    9|          2|    1|          2|
    |edge_mask_138_ce3       |    9|          2|    1|          2|
    |edge_mask_138_we0       |    9|          2|    1|          2|
    |edge_mask_139_address0  |   14|          3|    6|         18|
    |edge_mask_139_ce0       |   14|          3|    1|          3|
    |edge_mask_139_ce1       |    9|          2|    1|          2|
    |edge_mask_139_ce2       |    9|          2|    1|          2|
    |edge_mask_139_ce3       |    9|          2|    1|          2|
    |edge_mask_139_we0       |    9|          2|    1|          2|
    |edge_mask_13_address0   |   14|          3|    6|         18|
    |edge_mask_13_ce0        |   14|          3|    1|          3|
    |edge_mask_13_ce1        |    9|          2|    1|          2|
    |edge_mask_13_ce2        |    9|          2|    1|          2|
    |edge_mask_13_ce3        |    9|          2|    1|          2|
    |edge_mask_13_we0        |    9|          2|    1|          2|
    |edge_mask_140_address0  |   14|          3|    6|         18|
    |edge_mask_140_ce0       |   14|          3|    1|          3|
    |edge_mask_140_ce1       |    9|          2|    1|          2|
    |edge_mask_140_ce2       |    9|          2|    1|          2|
    |edge_mask_140_ce3       |    9|          2|    1|          2|
    |edge_mask_140_we0       |    9|          2|    1|          2|
    |edge_mask_141_address0  |   14|          3|    6|         18|
    |edge_mask_141_ce0       |   14|          3|    1|          3|
    |edge_mask_141_ce1       |    9|          2|    1|          2|
    |edge_mask_141_ce2       |    9|          2|    1|          2|
    |edge_mask_141_ce3       |    9|          2|    1|          2|
    |edge_mask_141_we0       |    9|          2|    1|          2|
    |edge_mask_142_address0  |   14|          3|    6|         18|
    |edge_mask_142_ce0       |   14|          3|    1|          3|
    |edge_mask_142_ce1       |    9|          2|    1|          2|
    |edge_mask_142_ce2       |    9|          2|    1|          2|
    |edge_mask_142_ce3       |    9|          2|    1|          2|
    |edge_mask_142_we0       |    9|          2|    1|          2|
    |edge_mask_143_address0  |   14|          3|    6|         18|
    |edge_mask_143_ce0       |   14|          3|    1|          3|
    |edge_mask_143_ce1       |    9|          2|    1|          2|
    |edge_mask_143_ce2       |    9|          2|    1|          2|
    |edge_mask_143_ce3       |    9|          2|    1|          2|
    |edge_mask_143_we0       |    9|          2|    1|          2|
    |edge_mask_144_address0  |   14|          3|    6|         18|
    |edge_mask_144_ce0       |   14|          3|    1|          3|
    |edge_mask_144_ce1       |    9|          2|    1|          2|
    |edge_mask_144_ce2       |    9|          2|    1|          2|
    |edge_mask_144_ce3       |    9|          2|    1|          2|
    |edge_mask_144_we0       |    9|          2|    1|          2|
    |edge_mask_145_address0  |   14|          3|    6|         18|
    |edge_mask_145_ce0       |   14|          3|    1|          3|
    |edge_mask_145_ce1       |    9|          2|    1|          2|
    |edge_mask_145_ce2       |    9|          2|    1|          2|
    |edge_mask_145_ce3       |    9|          2|    1|          2|
    |edge_mask_145_we0       |    9|          2|    1|          2|
    |edge_mask_146_address0  |   14|          3|    6|         18|
    |edge_mask_146_ce0       |   14|          3|    1|          3|
    |edge_mask_146_ce1       |    9|          2|    1|          2|
    |edge_mask_146_ce2       |    9|          2|    1|          2|
    |edge_mask_146_ce3       |    9|          2|    1|          2|
    |edge_mask_146_we0       |    9|          2|    1|          2|
    |edge_mask_147_address0  |   14|          3|    6|         18|
    |edge_mask_147_ce0       |   14|          3|    1|          3|
    |edge_mask_147_ce1       |    9|          2|    1|          2|
    |edge_mask_147_ce2       |    9|          2|    1|          2|
    |edge_mask_147_ce3       |    9|          2|    1|          2|
    |edge_mask_147_we0       |    9|          2|    1|          2|
    |edge_mask_148_address0  |   14|          3|    6|         18|
    |edge_mask_148_ce0       |   14|          3|    1|          3|
    |edge_mask_148_ce1       |    9|          2|    1|          2|
    |edge_mask_148_ce2       |    9|          2|    1|          2|
    |edge_mask_148_ce3       |    9|          2|    1|          2|
    |edge_mask_148_we0       |    9|          2|    1|          2|
    |edge_mask_149_address0  |   14|          3|    6|         18|
    |edge_mask_149_ce0       |   14|          3|    1|          3|
    |edge_mask_149_ce1       |    9|          2|    1|          2|
    |edge_mask_149_ce2       |    9|          2|    1|          2|
    |edge_mask_149_ce3       |    9|          2|    1|          2|
    |edge_mask_149_we0       |    9|          2|    1|          2|
    |edge_mask_14_address0   |   14|          3|    6|         18|
    |edge_mask_14_ce0        |   14|          3|    1|          3|
    |edge_mask_14_ce1        |    9|          2|    1|          2|
    |edge_mask_14_ce2        |    9|          2|    1|          2|
    |edge_mask_14_ce3        |    9|          2|    1|          2|
    |edge_mask_14_we0        |    9|          2|    1|          2|
    |edge_mask_150_address0  |   14|          3|    6|         18|
    |edge_mask_150_ce0       |   14|          3|    1|          3|
    |edge_mask_150_ce1       |    9|          2|    1|          2|
    |edge_mask_150_ce2       |    9|          2|    1|          2|
    |edge_mask_150_ce3       |    9|          2|    1|          2|
    |edge_mask_150_we0       |    9|          2|    1|          2|
    |edge_mask_151_address0  |   14|          3|    6|         18|
    |edge_mask_151_ce0       |   14|          3|    1|          3|
    |edge_mask_151_ce1       |    9|          2|    1|          2|
    |edge_mask_151_ce2       |    9|          2|    1|          2|
    |edge_mask_151_ce3       |    9|          2|    1|          2|
    |edge_mask_151_we0       |    9|          2|    1|          2|
    |edge_mask_152_address0  |   14|          3|    6|         18|
    |edge_mask_152_ce0       |   14|          3|    1|          3|
    |edge_mask_152_ce1       |    9|          2|    1|          2|
    |edge_mask_152_ce2       |    9|          2|    1|          2|
    |edge_mask_152_ce3       |    9|          2|    1|          2|
    |edge_mask_152_we0       |    9|          2|    1|          2|
    |edge_mask_153_address0  |   14|          3|    6|         18|
    |edge_mask_153_ce0       |   14|          3|    1|          3|
    |edge_mask_153_ce1       |    9|          2|    1|          2|
    |edge_mask_153_ce2       |    9|          2|    1|          2|
    |edge_mask_153_ce3       |    9|          2|    1|          2|
    |edge_mask_153_we0       |    9|          2|    1|          2|
    |edge_mask_154_address0  |   14|          3|    6|         18|
    |edge_mask_154_ce0       |   14|          3|    1|          3|
    |edge_mask_154_ce1       |    9|          2|    1|          2|
    |edge_mask_154_ce2       |    9|          2|    1|          2|
    |edge_mask_154_ce3       |    9|          2|    1|          2|
    |edge_mask_154_we0       |    9|          2|    1|          2|
    |edge_mask_155_address0  |   14|          3|    6|         18|
    |edge_mask_155_ce0       |   14|          3|    1|          3|
    |edge_mask_155_ce1       |    9|          2|    1|          2|
    |edge_mask_155_ce2       |    9|          2|    1|          2|
    |edge_mask_155_ce3       |    9|          2|    1|          2|
    |edge_mask_155_we0       |    9|          2|    1|          2|
    |edge_mask_156_address0  |   14|          3|    6|         18|
    |edge_mask_156_ce0       |   14|          3|    1|          3|
    |edge_mask_156_ce1       |    9|          2|    1|          2|
    |edge_mask_156_ce2       |    9|          2|    1|          2|
    |edge_mask_156_ce3       |    9|          2|    1|          2|
    |edge_mask_156_we0       |    9|          2|    1|          2|
    |edge_mask_157_address0  |   14|          3|    6|         18|
    |edge_mask_157_ce0       |   14|          3|    1|          3|
    |edge_mask_157_ce1       |    9|          2|    1|          2|
    |edge_mask_157_ce2       |    9|          2|    1|          2|
    |edge_mask_157_ce3       |    9|          2|    1|          2|
    |edge_mask_157_we0       |    9|          2|    1|          2|
    |edge_mask_158_address0  |   14|          3|    6|         18|
    |edge_mask_158_ce0       |   14|          3|    1|          3|
    |edge_mask_158_ce1       |    9|          2|    1|          2|
    |edge_mask_158_ce2       |    9|          2|    1|          2|
    |edge_mask_158_ce3       |    9|          2|    1|          2|
    |edge_mask_158_we0       |    9|          2|    1|          2|
    |edge_mask_159_address0  |   14|          3|    6|         18|
    |edge_mask_159_ce0       |   14|          3|    1|          3|
    |edge_mask_159_ce1       |    9|          2|    1|          2|
    |edge_mask_159_ce2       |    9|          2|    1|          2|
    |edge_mask_159_ce3       |    9|          2|    1|          2|
    |edge_mask_159_we0       |    9|          2|    1|          2|
    |edge_mask_15_address0   |   14|          3|    6|         18|
    |edge_mask_15_ce0        |   14|          3|    1|          3|
    |edge_mask_15_ce1        |    9|          2|    1|          2|
    |edge_mask_15_ce2        |    9|          2|    1|          2|
    |edge_mask_15_ce3        |    9|          2|    1|          2|
    |edge_mask_15_we0        |    9|          2|    1|          2|
    |edge_mask_160_address0  |   14|          3|    6|         18|
    |edge_mask_160_ce0       |   14|          3|    1|          3|
    |edge_mask_160_ce1       |    9|          2|    1|          2|
    |edge_mask_160_ce2       |    9|          2|    1|          2|
    |edge_mask_160_ce3       |    9|          2|    1|          2|
    |edge_mask_160_we0       |    9|          2|    1|          2|
    |edge_mask_161_address0  |   14|          3|    6|         18|
    |edge_mask_161_ce0       |   14|          3|    1|          3|
    |edge_mask_161_ce1       |    9|          2|    1|          2|
    |edge_mask_161_ce2       |    9|          2|    1|          2|
    |edge_mask_161_ce3       |    9|          2|    1|          2|
    |edge_mask_161_we0       |    9|          2|    1|          2|
    |edge_mask_162_address0  |   14|          3|    6|         18|
    |edge_mask_162_ce0       |   14|          3|    1|          3|
    |edge_mask_162_ce1       |    9|          2|    1|          2|
    |edge_mask_162_ce2       |    9|          2|    1|          2|
    |edge_mask_162_ce3       |    9|          2|    1|          2|
    |edge_mask_162_we0       |    9|          2|    1|          2|
    |edge_mask_163_address0  |   14|          3|    6|         18|
    |edge_mask_163_ce0       |   14|          3|    1|          3|
    |edge_mask_163_ce1       |    9|          2|    1|          2|
    |edge_mask_163_ce2       |    9|          2|    1|          2|
    |edge_mask_163_ce3       |    9|          2|    1|          2|
    |edge_mask_163_we0       |    9|          2|    1|          2|
    |edge_mask_164_address0  |   14|          3|    6|         18|
    |edge_mask_164_ce0       |   14|          3|    1|          3|
    |edge_mask_164_ce1       |    9|          2|    1|          2|
    |edge_mask_164_ce2       |    9|          2|    1|          2|
    |edge_mask_164_ce3       |    9|          2|    1|          2|
    |edge_mask_164_we0       |    9|          2|    1|          2|
    |edge_mask_165_address0  |   14|          3|    6|         18|
    |edge_mask_165_ce0       |   14|          3|    1|          3|
    |edge_mask_165_ce1       |    9|          2|    1|          2|
    |edge_mask_165_ce2       |    9|          2|    1|          2|
    |edge_mask_165_ce3       |    9|          2|    1|          2|
    |edge_mask_165_we0       |    9|          2|    1|          2|
    |edge_mask_166_address0  |   14|          3|    6|         18|
    |edge_mask_166_ce0       |   14|          3|    1|          3|
    |edge_mask_166_ce1       |    9|          2|    1|          2|
    |edge_mask_166_ce2       |    9|          2|    1|          2|
    |edge_mask_166_ce3       |    9|          2|    1|          2|
    |edge_mask_166_we0       |    9|          2|    1|          2|
    |edge_mask_167_address0  |   14|          3|    6|         18|
    |edge_mask_167_ce0       |   14|          3|    1|          3|
    |edge_mask_167_ce1       |    9|          2|    1|          2|
    |edge_mask_167_ce2       |    9|          2|    1|          2|
    |edge_mask_167_ce3       |    9|          2|    1|          2|
    |edge_mask_167_we0       |    9|          2|    1|          2|
    |edge_mask_168_address0  |   14|          3|    6|         18|
    |edge_mask_168_ce0       |   14|          3|    1|          3|
    |edge_mask_168_ce1       |    9|          2|    1|          2|
    |edge_mask_168_ce2       |    9|          2|    1|          2|
    |edge_mask_168_ce3       |    9|          2|    1|          2|
    |edge_mask_168_we0       |    9|          2|    1|          2|
    |edge_mask_169_address0  |   14|          3|    6|         18|
    |edge_mask_169_ce0       |   14|          3|    1|          3|
    |edge_mask_169_ce1       |    9|          2|    1|          2|
    |edge_mask_169_ce2       |    9|          2|    1|          2|
    |edge_mask_169_ce3       |    9|          2|    1|          2|
    |edge_mask_169_we0       |    9|          2|    1|          2|
    |edge_mask_16_address0   |   14|          3|    6|         18|
    |edge_mask_16_ce0        |   14|          3|    1|          3|
    |edge_mask_16_ce1        |    9|          2|    1|          2|
    |edge_mask_16_ce2        |    9|          2|    1|          2|
    |edge_mask_16_ce3        |    9|          2|    1|          2|
    |edge_mask_16_we0        |    9|          2|    1|          2|
    |edge_mask_170_address0  |   14|          3|    6|         18|
    |edge_mask_170_ce0       |   14|          3|    1|          3|
    |edge_mask_170_ce1       |    9|          2|    1|          2|
    |edge_mask_170_ce2       |    9|          2|    1|          2|
    |edge_mask_170_ce3       |    9|          2|    1|          2|
    |edge_mask_170_we0       |    9|          2|    1|          2|
    |edge_mask_171_address0  |   14|          3|    6|         18|
    |edge_mask_171_ce0       |   14|          3|    1|          3|
    |edge_mask_171_ce1       |    9|          2|    1|          2|
    |edge_mask_171_ce2       |    9|          2|    1|          2|
    |edge_mask_171_ce3       |    9|          2|    1|          2|
    |edge_mask_171_we0       |    9|          2|    1|          2|
    |edge_mask_172_address0  |   14|          3|    6|         18|
    |edge_mask_172_ce0       |   14|          3|    1|          3|
    |edge_mask_172_ce1       |    9|          2|    1|          2|
    |edge_mask_172_ce2       |    9|          2|    1|          2|
    |edge_mask_172_ce3       |    9|          2|    1|          2|
    |edge_mask_172_we0       |    9|          2|    1|          2|
    |edge_mask_173_address0  |   14|          3|    6|         18|
    |edge_mask_173_ce0       |   14|          3|    1|          3|
    |edge_mask_173_ce1       |    9|          2|    1|          2|
    |edge_mask_173_ce2       |    9|          2|    1|          2|
    |edge_mask_173_ce3       |    9|          2|    1|          2|
    |edge_mask_173_we0       |    9|          2|    1|          2|
    |edge_mask_174_address0  |   14|          3|    6|         18|
    |edge_mask_174_ce0       |   14|          3|    1|          3|
    |edge_mask_174_ce1       |    9|          2|    1|          2|
    |edge_mask_174_ce2       |    9|          2|    1|          2|
    |edge_mask_174_ce3       |    9|          2|    1|          2|
    |edge_mask_174_we0       |    9|          2|    1|          2|
    |edge_mask_175_address0  |   14|          3|    6|         18|
    |edge_mask_175_ce0       |   14|          3|    1|          3|
    |edge_mask_175_ce1       |    9|          2|    1|          2|
    |edge_mask_175_ce2       |    9|          2|    1|          2|
    |edge_mask_175_ce3       |    9|          2|    1|          2|
    |edge_mask_175_we0       |    9|          2|    1|          2|
    |edge_mask_176_address0  |   14|          3|    6|         18|
    |edge_mask_176_ce0       |   14|          3|    1|          3|
    |edge_mask_176_ce1       |    9|          2|    1|          2|
    |edge_mask_176_ce2       |    9|          2|    1|          2|
    |edge_mask_176_ce3       |    9|          2|    1|          2|
    |edge_mask_176_we0       |    9|          2|    1|          2|
    |edge_mask_177_address0  |   14|          3|    6|         18|
    |edge_mask_177_ce0       |   14|          3|    1|          3|
    |edge_mask_177_ce1       |    9|          2|    1|          2|
    |edge_mask_177_ce2       |    9|          2|    1|          2|
    |edge_mask_177_ce3       |    9|          2|    1|          2|
    |edge_mask_177_we0       |    9|          2|    1|          2|
    |edge_mask_178_address0  |   14|          3|    6|         18|
    |edge_mask_178_ce0       |   14|          3|    1|          3|
    |edge_mask_178_ce1       |    9|          2|    1|          2|
    |edge_mask_178_ce2       |    9|          2|    1|          2|
    |edge_mask_178_ce3       |    9|          2|    1|          2|
    |edge_mask_178_we0       |    9|          2|    1|          2|
    |edge_mask_179_address0  |   14|          3|    6|         18|
    |edge_mask_179_ce0       |   14|          3|    1|          3|
    |edge_mask_179_ce1       |    9|          2|    1|          2|
    |edge_mask_179_ce2       |    9|          2|    1|          2|
    |edge_mask_179_ce3       |    9|          2|    1|          2|
    |edge_mask_179_we0       |    9|          2|    1|          2|
    |edge_mask_17_address0   |   14|          3|    6|         18|
    |edge_mask_17_ce0        |   14|          3|    1|          3|
    |edge_mask_17_ce1        |    9|          2|    1|          2|
    |edge_mask_17_ce2        |    9|          2|    1|          2|
    |edge_mask_17_ce3        |    9|          2|    1|          2|
    |edge_mask_17_we0        |    9|          2|    1|          2|
    |edge_mask_18_address0   |   14|          3|    6|         18|
    |edge_mask_18_ce0        |   14|          3|    1|          3|
    |edge_mask_18_ce1        |    9|          2|    1|          2|
    |edge_mask_18_ce2        |    9|          2|    1|          2|
    |edge_mask_18_ce3        |    9|          2|    1|          2|
    |edge_mask_18_we0        |    9|          2|    1|          2|
    |edge_mask_19_address0   |   14|          3|    6|         18|
    |edge_mask_19_ce0        |   14|          3|    1|          3|
    |edge_mask_19_ce1        |    9|          2|    1|          2|
    |edge_mask_19_ce2        |    9|          2|    1|          2|
    |edge_mask_19_ce3        |    9|          2|    1|          2|
    |edge_mask_19_we0        |    9|          2|    1|          2|
    |edge_mask_1_address0    |   14|          3|    6|         18|
    |edge_mask_1_ce0         |   14|          3|    1|          3|
    |edge_mask_1_ce1         |    9|          2|    1|          2|
    |edge_mask_1_ce2         |    9|          2|    1|          2|
    |edge_mask_1_ce3         |    9|          2|    1|          2|
    |edge_mask_1_we0         |    9|          2|    1|          2|
    |edge_mask_20_address0   |   14|          3|    6|         18|
    |edge_mask_20_ce0        |   14|          3|    1|          3|
    |edge_mask_20_ce1        |    9|          2|    1|          2|
    |edge_mask_20_ce2        |    9|          2|    1|          2|
    |edge_mask_20_ce3        |    9|          2|    1|          2|
    |edge_mask_20_we0        |    9|          2|    1|          2|
    |edge_mask_21_address0   |   14|          3|    6|         18|
    |edge_mask_21_ce0        |   14|          3|    1|          3|
    |edge_mask_21_ce1        |    9|          2|    1|          2|
    |edge_mask_21_ce2        |    9|          2|    1|          2|
    |edge_mask_21_ce3        |    9|          2|    1|          2|
    |edge_mask_21_we0        |    9|          2|    1|          2|
    |edge_mask_22_address0   |   14|          3|    6|         18|
    |edge_mask_22_ce0        |   14|          3|    1|          3|
    |edge_mask_22_ce1        |    9|          2|    1|          2|
    |edge_mask_22_ce2        |    9|          2|    1|          2|
    |edge_mask_22_ce3        |    9|          2|    1|          2|
    |edge_mask_22_we0        |    9|          2|    1|          2|
    |edge_mask_23_address0   |   14|          3|    6|         18|
    |edge_mask_23_ce0        |   14|          3|    1|          3|
    |edge_mask_23_ce1        |    9|          2|    1|          2|
    |edge_mask_23_ce2        |    9|          2|    1|          2|
    |edge_mask_23_ce3        |    9|          2|    1|          2|
    |edge_mask_23_we0        |    9|          2|    1|          2|
    |edge_mask_24_address0   |   14|          3|    6|         18|
    |edge_mask_24_ce0        |   14|          3|    1|          3|
    |edge_mask_24_ce1        |    9|          2|    1|          2|
    |edge_mask_24_ce2        |    9|          2|    1|          2|
    |edge_mask_24_ce3        |    9|          2|    1|          2|
    |edge_mask_24_we0        |    9|          2|    1|          2|
    |edge_mask_25_address0   |   14|          3|    6|         18|
    |edge_mask_25_ce0        |   14|          3|    1|          3|
    |edge_mask_25_ce1        |    9|          2|    1|          2|
    |edge_mask_25_ce2        |    9|          2|    1|          2|
    |edge_mask_25_ce3        |    9|          2|    1|          2|
    |edge_mask_25_we0        |    9|          2|    1|          2|
    |edge_mask_26_address0   |   14|          3|    6|         18|
    |edge_mask_26_ce0        |   14|          3|    1|          3|
    |edge_mask_26_ce1        |    9|          2|    1|          2|
    |edge_mask_26_ce2        |    9|          2|    1|          2|
    |edge_mask_26_ce3        |    9|          2|    1|          2|
    |edge_mask_26_we0        |    9|          2|    1|          2|
    |edge_mask_27_address0   |   14|          3|    6|         18|
    |edge_mask_27_ce0        |   14|          3|    1|          3|
    |edge_mask_27_ce1        |    9|          2|    1|          2|
    |edge_mask_27_ce2        |    9|          2|    1|          2|
    |edge_mask_27_ce3        |    9|          2|    1|          2|
    |edge_mask_27_we0        |    9|          2|    1|          2|
    |edge_mask_28_address0   |   14|          3|    6|         18|
    |edge_mask_28_ce0        |   14|          3|    1|          3|
    |edge_mask_28_ce1        |    9|          2|    1|          2|
    |edge_mask_28_ce2        |    9|          2|    1|          2|
    |edge_mask_28_ce3        |    9|          2|    1|          2|
    |edge_mask_28_we0        |    9|          2|    1|          2|
    |edge_mask_29_address0   |   14|          3|    6|         18|
    |edge_mask_29_ce0        |   14|          3|    1|          3|
    |edge_mask_29_ce1        |    9|          2|    1|          2|
    |edge_mask_29_ce2        |    9|          2|    1|          2|
    |edge_mask_29_ce3        |    9|          2|    1|          2|
    |edge_mask_29_we0        |    9|          2|    1|          2|
    |edge_mask_2_address0    |   14|          3|    6|         18|
    |edge_mask_2_ce0         |   14|          3|    1|          3|
    |edge_mask_2_ce1         |    9|          2|    1|          2|
    |edge_mask_2_ce2         |    9|          2|    1|          2|
    |edge_mask_2_ce3         |    9|          2|    1|          2|
    |edge_mask_2_we0         |    9|          2|    1|          2|
    |edge_mask_30_address0   |   14|          3|    6|         18|
    |edge_mask_30_ce0        |   14|          3|    1|          3|
    |edge_mask_30_ce1        |    9|          2|    1|          2|
    |edge_mask_30_ce2        |    9|          2|    1|          2|
    |edge_mask_30_ce3        |    9|          2|    1|          2|
    |edge_mask_30_we0        |    9|          2|    1|          2|
    |edge_mask_31_address0   |   14|          3|    6|         18|
    |edge_mask_31_ce0        |   14|          3|    1|          3|
    |edge_mask_31_ce1        |    9|          2|    1|          2|
    |edge_mask_31_ce2        |    9|          2|    1|          2|
    |edge_mask_31_ce3        |    9|          2|    1|          2|
    |edge_mask_31_we0        |    9|          2|    1|          2|
    |edge_mask_32_address0   |   14|          3|    6|         18|
    |edge_mask_32_ce0        |   14|          3|    1|          3|
    |edge_mask_32_ce1        |    9|          2|    1|          2|
    |edge_mask_32_ce2        |    9|          2|    1|          2|
    |edge_mask_32_ce3        |    9|          2|    1|          2|
    |edge_mask_32_we0        |    9|          2|    1|          2|
    |edge_mask_33_address0   |   14|          3|    6|         18|
    |edge_mask_33_ce0        |   14|          3|    1|          3|
    |edge_mask_33_ce1        |    9|          2|    1|          2|
    |edge_mask_33_ce2        |    9|          2|    1|          2|
    |edge_mask_33_ce3        |    9|          2|    1|          2|
    |edge_mask_33_we0        |    9|          2|    1|          2|
    |edge_mask_34_address0   |   14|          3|    6|         18|
    |edge_mask_34_ce0        |   14|          3|    1|          3|
    |edge_mask_34_ce1        |    9|          2|    1|          2|
    |edge_mask_34_ce2        |    9|          2|    1|          2|
    |edge_mask_34_ce3        |    9|          2|    1|          2|
    |edge_mask_34_we0        |    9|          2|    1|          2|
    |edge_mask_35_address0   |   14|          3|    6|         18|
    |edge_mask_35_ce0        |   14|          3|    1|          3|
    |edge_mask_35_ce1        |    9|          2|    1|          2|
    |edge_mask_35_ce2        |    9|          2|    1|          2|
    |edge_mask_35_ce3        |    9|          2|    1|          2|
    |edge_mask_35_we0        |    9|          2|    1|          2|
    |edge_mask_36_address0   |   14|          3|    6|         18|
    |edge_mask_36_ce0        |   14|          3|    1|          3|
    |edge_mask_36_ce1        |    9|          2|    1|          2|
    |edge_mask_36_ce2        |    9|          2|    1|          2|
    |edge_mask_36_ce3        |    9|          2|    1|          2|
    |edge_mask_36_we0        |    9|          2|    1|          2|
    |edge_mask_37_address0   |   14|          3|    6|         18|
    |edge_mask_37_ce0        |   14|          3|    1|          3|
    |edge_mask_37_ce1        |    9|          2|    1|          2|
    |edge_mask_37_ce2        |    9|          2|    1|          2|
    |edge_mask_37_ce3        |    9|          2|    1|          2|
    |edge_mask_37_we0        |    9|          2|    1|          2|
    |edge_mask_38_address0   |   14|          3|    6|         18|
    |edge_mask_38_ce0        |   14|          3|    1|          3|
    |edge_mask_38_ce1        |    9|          2|    1|          2|
    |edge_mask_38_ce2        |    9|          2|    1|          2|
    |edge_mask_38_ce3        |    9|          2|    1|          2|
    |edge_mask_38_we0        |    9|          2|    1|          2|
    |edge_mask_39_address0   |   14|          3|    6|         18|
    |edge_mask_39_ce0        |   14|          3|    1|          3|
    |edge_mask_39_ce1        |    9|          2|    1|          2|
    |edge_mask_39_ce2        |    9|          2|    1|          2|
    |edge_mask_39_ce3        |    9|          2|    1|          2|
    |edge_mask_39_we0        |    9|          2|    1|          2|
    |edge_mask_3_address0    |   14|          3|    6|         18|
    |edge_mask_3_ce0         |   14|          3|    1|          3|
    |edge_mask_3_ce1         |    9|          2|    1|          2|
    |edge_mask_3_ce2         |    9|          2|    1|          2|
    |edge_mask_3_ce3         |    9|          2|    1|          2|
    |edge_mask_3_we0         |    9|          2|    1|          2|
    |edge_mask_40_address0   |   14|          3|    6|         18|
    |edge_mask_40_ce0        |   14|          3|    1|          3|
    |edge_mask_40_ce1        |    9|          2|    1|          2|
    |edge_mask_40_ce2        |    9|          2|    1|          2|
    |edge_mask_40_ce3        |    9|          2|    1|          2|
    |edge_mask_40_we0        |    9|          2|    1|          2|
    |edge_mask_41_address0   |   14|          3|    6|         18|
    |edge_mask_41_ce0        |   14|          3|    1|          3|
    |edge_mask_41_ce1        |    9|          2|    1|          2|
    |edge_mask_41_ce2        |    9|          2|    1|          2|
    |edge_mask_41_ce3        |    9|          2|    1|          2|
    |edge_mask_41_we0        |    9|          2|    1|          2|
    |edge_mask_42_address0   |   14|          3|    6|         18|
    |edge_mask_42_ce0        |   14|          3|    1|          3|
    |edge_mask_42_ce1        |    9|          2|    1|          2|
    |edge_mask_42_ce2        |    9|          2|    1|          2|
    |edge_mask_42_ce3        |    9|          2|    1|          2|
    |edge_mask_42_we0        |    9|          2|    1|          2|
    |edge_mask_43_address0   |   14|          3|    6|         18|
    |edge_mask_43_ce0        |   14|          3|    1|          3|
    |edge_mask_43_ce1        |    9|          2|    1|          2|
    |edge_mask_43_ce2        |    9|          2|    1|          2|
    |edge_mask_43_ce3        |    9|          2|    1|          2|
    |edge_mask_43_we0        |    9|          2|    1|          2|
    |edge_mask_44_address0   |   14|          3|    6|         18|
    |edge_mask_44_ce0        |   14|          3|    1|          3|
    |edge_mask_44_ce1        |    9|          2|    1|          2|
    |edge_mask_44_ce2        |    9|          2|    1|          2|
    |edge_mask_44_ce3        |    9|          2|    1|          2|
    |edge_mask_44_we0        |    9|          2|    1|          2|
    |edge_mask_45_address0   |   14|          3|    6|         18|
    |edge_mask_45_ce0        |   14|          3|    1|          3|
    |edge_mask_45_ce1        |    9|          2|    1|          2|
    |edge_mask_45_ce2        |    9|          2|    1|          2|
    |edge_mask_45_ce3        |    9|          2|    1|          2|
    |edge_mask_45_we0        |    9|          2|    1|          2|
    |edge_mask_46_address0   |   14|          3|    6|         18|
    |edge_mask_46_ce0        |   14|          3|    1|          3|
    |edge_mask_46_ce1        |    9|          2|    1|          2|
    |edge_mask_46_ce2        |    9|          2|    1|          2|
    |edge_mask_46_ce3        |    9|          2|    1|          2|
    |edge_mask_46_we0        |    9|          2|    1|          2|
    |edge_mask_47_address0   |   14|          3|    6|         18|
    |edge_mask_47_ce0        |   14|          3|    1|          3|
    |edge_mask_47_ce1        |    9|          2|    1|          2|
    |edge_mask_47_ce2        |    9|          2|    1|          2|
    |edge_mask_47_ce3        |    9|          2|    1|          2|
    |edge_mask_47_we0        |    9|          2|    1|          2|
    |edge_mask_48_address0   |   14|          3|    6|         18|
    |edge_mask_48_ce0        |   14|          3|    1|          3|
    |edge_mask_48_ce1        |    9|          2|    1|          2|
    |edge_mask_48_ce2        |    9|          2|    1|          2|
    |edge_mask_48_ce3        |    9|          2|    1|          2|
    |edge_mask_48_we0        |    9|          2|    1|          2|
    |edge_mask_49_address0   |   14|          3|    6|         18|
    |edge_mask_49_ce0        |   14|          3|    1|          3|
    |edge_mask_49_ce1        |    9|          2|    1|          2|
    |edge_mask_49_ce2        |    9|          2|    1|          2|
    |edge_mask_49_ce3        |    9|          2|    1|          2|
    |edge_mask_49_we0        |    9|          2|    1|          2|
    |edge_mask_4_address0    |   14|          3|    6|         18|
    |edge_mask_4_ce0         |   14|          3|    1|          3|
    |edge_mask_4_ce1         |    9|          2|    1|          2|
    |edge_mask_4_ce2         |    9|          2|    1|          2|
    |edge_mask_4_ce3         |    9|          2|    1|          2|
    |edge_mask_4_we0         |    9|          2|    1|          2|
    |edge_mask_50_address0   |   14|          3|    6|         18|
    |edge_mask_50_ce0        |   14|          3|    1|          3|
    |edge_mask_50_ce1        |    9|          2|    1|          2|
    |edge_mask_50_ce2        |    9|          2|    1|          2|
    |edge_mask_50_ce3        |    9|          2|    1|          2|
    |edge_mask_50_we0        |    9|          2|    1|          2|
    |edge_mask_51_address0   |   14|          3|    6|         18|
    |edge_mask_51_ce0        |   14|          3|    1|          3|
    |edge_mask_51_ce1        |    9|          2|    1|          2|
    |edge_mask_51_ce2        |    9|          2|    1|          2|
    |edge_mask_51_ce3        |    9|          2|    1|          2|
    |edge_mask_51_we0        |    9|          2|    1|          2|
    |edge_mask_52_address0   |   14|          3|    6|         18|
    |edge_mask_52_ce0        |   14|          3|    1|          3|
    |edge_mask_52_ce1        |    9|          2|    1|          2|
    |edge_mask_52_ce2        |    9|          2|    1|          2|
    |edge_mask_52_ce3        |    9|          2|    1|          2|
    |edge_mask_52_we0        |    9|          2|    1|          2|
    |edge_mask_53_address0   |   14|          3|    6|         18|
    |edge_mask_53_ce0        |   14|          3|    1|          3|
    |edge_mask_53_ce1        |    9|          2|    1|          2|
    |edge_mask_53_ce2        |    9|          2|    1|          2|
    |edge_mask_53_ce3        |    9|          2|    1|          2|
    |edge_mask_53_we0        |    9|          2|    1|          2|
    |edge_mask_54_address0   |   14|          3|    6|         18|
    |edge_mask_54_ce0        |   14|          3|    1|          3|
    |edge_mask_54_ce1        |    9|          2|    1|          2|
    |edge_mask_54_ce2        |    9|          2|    1|          2|
    |edge_mask_54_ce3        |    9|          2|    1|          2|
    |edge_mask_54_we0        |    9|          2|    1|          2|
    |edge_mask_55_address0   |   14|          3|    6|         18|
    |edge_mask_55_ce0        |   14|          3|    1|          3|
    |edge_mask_55_ce1        |    9|          2|    1|          2|
    |edge_mask_55_ce2        |    9|          2|    1|          2|
    |edge_mask_55_ce3        |    9|          2|    1|          2|
    |edge_mask_55_we0        |    9|          2|    1|          2|
    |edge_mask_56_address0   |   14|          3|    6|         18|
    |edge_mask_56_ce0        |   14|          3|    1|          3|
    |edge_mask_56_ce1        |    9|          2|    1|          2|
    |edge_mask_56_ce2        |    9|          2|    1|          2|
    |edge_mask_56_ce3        |    9|          2|    1|          2|
    |edge_mask_56_we0        |    9|          2|    1|          2|
    |edge_mask_57_address0   |   14|          3|    6|         18|
    |edge_mask_57_ce0        |   14|          3|    1|          3|
    |edge_mask_57_ce1        |    9|          2|    1|          2|
    |edge_mask_57_ce2        |    9|          2|    1|          2|
    |edge_mask_57_ce3        |    9|          2|    1|          2|
    |edge_mask_57_we0        |    9|          2|    1|          2|
    |edge_mask_58_address0   |   14|          3|    6|         18|
    |edge_mask_58_ce0        |   14|          3|    1|          3|
    |edge_mask_58_ce1        |    9|          2|    1|          2|
    |edge_mask_58_ce2        |    9|          2|    1|          2|
    |edge_mask_58_ce3        |    9|          2|    1|          2|
    |edge_mask_58_we0        |    9|          2|    1|          2|
    |edge_mask_59_address0   |   14|          3|    6|         18|
    |edge_mask_59_ce0        |   14|          3|    1|          3|
    |edge_mask_59_ce1        |    9|          2|    1|          2|
    |edge_mask_59_ce2        |    9|          2|    1|          2|
    |edge_mask_59_ce3        |    9|          2|    1|          2|
    |edge_mask_59_we0        |    9|          2|    1|          2|
    |edge_mask_5_address0    |   14|          3|    6|         18|
    |edge_mask_5_ce0         |   14|          3|    1|          3|
    |edge_mask_5_ce1         |    9|          2|    1|          2|
    |edge_mask_5_ce2         |    9|          2|    1|          2|
    |edge_mask_5_ce3         |    9|          2|    1|          2|
    |edge_mask_5_we0         |    9|          2|    1|          2|
    |edge_mask_60_address0   |   14|          3|    6|         18|
    |edge_mask_60_ce0        |   14|          3|    1|          3|
    |edge_mask_60_ce1        |    9|          2|    1|          2|
    |edge_mask_60_ce2        |    9|          2|    1|          2|
    |edge_mask_60_ce3        |    9|          2|    1|          2|
    |edge_mask_60_we0        |    9|          2|    1|          2|
    |edge_mask_61_address0   |   14|          3|    6|         18|
    |edge_mask_61_ce0        |   14|          3|    1|          3|
    |edge_mask_61_ce1        |    9|          2|    1|          2|
    |edge_mask_61_ce2        |    9|          2|    1|          2|
    |edge_mask_61_ce3        |    9|          2|    1|          2|
    |edge_mask_61_we0        |    9|          2|    1|          2|
    |edge_mask_62_address0   |   14|          3|    6|         18|
    |edge_mask_62_ce0        |   14|          3|    1|          3|
    |edge_mask_62_ce1        |    9|          2|    1|          2|
    |edge_mask_62_ce2        |    9|          2|    1|          2|
    |edge_mask_62_ce3        |    9|          2|    1|          2|
    |edge_mask_62_we0        |    9|          2|    1|          2|
    |edge_mask_63_address0   |   14|          3|    6|         18|
    |edge_mask_63_ce0        |   14|          3|    1|          3|
    |edge_mask_63_ce1        |    9|          2|    1|          2|
    |edge_mask_63_ce2        |    9|          2|    1|          2|
    |edge_mask_63_ce3        |    9|          2|    1|          2|
    |edge_mask_63_we0        |    9|          2|    1|          2|
    |edge_mask_64_address0   |   14|          3|    6|         18|
    |edge_mask_64_ce0        |   14|          3|    1|          3|
    |edge_mask_64_ce1        |    9|          2|    1|          2|
    |edge_mask_64_ce2        |    9|          2|    1|          2|
    |edge_mask_64_ce3        |    9|          2|    1|          2|
    |edge_mask_64_we0        |    9|          2|    1|          2|
    |edge_mask_65_address0   |   14|          3|    6|         18|
    |edge_mask_65_ce0        |   14|          3|    1|          3|
    |edge_mask_65_ce1        |    9|          2|    1|          2|
    |edge_mask_65_ce2        |    9|          2|    1|          2|
    |edge_mask_65_ce3        |    9|          2|    1|          2|
    |edge_mask_65_we0        |    9|          2|    1|          2|
    |edge_mask_66_address0   |   14|          3|    6|         18|
    |edge_mask_66_ce0        |   14|          3|    1|          3|
    |edge_mask_66_ce1        |    9|          2|    1|          2|
    |edge_mask_66_ce2        |    9|          2|    1|          2|
    |edge_mask_66_ce3        |    9|          2|    1|          2|
    |edge_mask_66_we0        |    9|          2|    1|          2|
    |edge_mask_67_address0   |   14|          3|    6|         18|
    |edge_mask_67_ce0        |   14|          3|    1|          3|
    |edge_mask_67_ce1        |    9|          2|    1|          2|
    |edge_mask_67_ce2        |    9|          2|    1|          2|
    |edge_mask_67_ce3        |    9|          2|    1|          2|
    |edge_mask_67_we0        |    9|          2|    1|          2|
    |edge_mask_68_address0   |   14|          3|    6|         18|
    |edge_mask_68_ce0        |   14|          3|    1|          3|
    |edge_mask_68_ce1        |    9|          2|    1|          2|
    |edge_mask_68_ce2        |    9|          2|    1|          2|
    |edge_mask_68_ce3        |    9|          2|    1|          2|
    |edge_mask_68_we0        |    9|          2|    1|          2|
    |edge_mask_69_address0   |   14|          3|    6|         18|
    |edge_mask_69_ce0        |   14|          3|    1|          3|
    |edge_mask_69_ce1        |    9|          2|    1|          2|
    |edge_mask_69_ce2        |    9|          2|    1|          2|
    |edge_mask_69_ce3        |    9|          2|    1|          2|
    |edge_mask_69_we0        |    9|          2|    1|          2|
    |edge_mask_6_address0    |   14|          3|    6|         18|
    |edge_mask_6_ce0         |   14|          3|    1|          3|
    |edge_mask_6_ce1         |    9|          2|    1|          2|
    |edge_mask_6_ce2         |    9|          2|    1|          2|
    |edge_mask_6_ce3         |    9|          2|    1|          2|
    |edge_mask_6_we0         |    9|          2|    1|          2|
    |edge_mask_70_address0   |   14|          3|    6|         18|
    |edge_mask_70_ce0        |   14|          3|    1|          3|
    |edge_mask_70_ce1        |    9|          2|    1|          2|
    |edge_mask_70_ce2        |    9|          2|    1|          2|
    |edge_mask_70_ce3        |    9|          2|    1|          2|
    |edge_mask_70_we0        |    9|          2|    1|          2|
    |edge_mask_71_address0   |   14|          3|    6|         18|
    |edge_mask_71_ce0        |   14|          3|    1|          3|
    |edge_mask_71_ce1        |    9|          2|    1|          2|
    |edge_mask_71_ce2        |    9|          2|    1|          2|
    |edge_mask_71_ce3        |    9|          2|    1|          2|
    |edge_mask_71_we0        |    9|          2|    1|          2|
    |edge_mask_72_address0   |   14|          3|    6|         18|
    |edge_mask_72_ce0        |   14|          3|    1|          3|
    |edge_mask_72_ce1        |    9|          2|    1|          2|
    |edge_mask_72_ce2        |    9|          2|    1|          2|
    |edge_mask_72_ce3        |    9|          2|    1|          2|
    |edge_mask_72_we0        |    9|          2|    1|          2|
    |edge_mask_73_address0   |   14|          3|    6|         18|
    |edge_mask_73_ce0        |   14|          3|    1|          3|
    |edge_mask_73_ce1        |    9|          2|    1|          2|
    |edge_mask_73_ce2        |    9|          2|    1|          2|
    |edge_mask_73_ce3        |    9|          2|    1|          2|
    |edge_mask_73_we0        |    9|          2|    1|          2|
    |edge_mask_74_address0   |   14|          3|    6|         18|
    |edge_mask_74_ce0        |   14|          3|    1|          3|
    |edge_mask_74_ce1        |    9|          2|    1|          2|
    |edge_mask_74_ce2        |    9|          2|    1|          2|
    |edge_mask_74_ce3        |    9|          2|    1|          2|
    |edge_mask_74_we0        |    9|          2|    1|          2|
    |edge_mask_75_address0   |   14|          3|    6|         18|
    |edge_mask_75_ce0        |   14|          3|    1|          3|
    |edge_mask_75_ce1        |    9|          2|    1|          2|
    |edge_mask_75_ce2        |    9|          2|    1|          2|
    |edge_mask_75_ce3        |    9|          2|    1|          2|
    |edge_mask_75_we0        |    9|          2|    1|          2|
    |edge_mask_76_address0   |   14|          3|    6|         18|
    |edge_mask_76_ce0        |   14|          3|    1|          3|
    |edge_mask_76_ce1        |    9|          2|    1|          2|
    |edge_mask_76_ce2        |    9|          2|    1|          2|
    |edge_mask_76_ce3        |    9|          2|    1|          2|
    |edge_mask_76_we0        |    9|          2|    1|          2|
    |edge_mask_77_address0   |   14|          3|    6|         18|
    |edge_mask_77_ce0        |   14|          3|    1|          3|
    |edge_mask_77_ce1        |    9|          2|    1|          2|
    |edge_mask_77_ce2        |    9|          2|    1|          2|
    |edge_mask_77_ce3        |    9|          2|    1|          2|
    |edge_mask_77_we0        |    9|          2|    1|          2|
    |edge_mask_78_address0   |   14|          3|    6|         18|
    |edge_mask_78_ce0        |   14|          3|    1|          3|
    |edge_mask_78_ce1        |    9|          2|    1|          2|
    |edge_mask_78_ce2        |    9|          2|    1|          2|
    |edge_mask_78_ce3        |    9|          2|    1|          2|
    |edge_mask_78_we0        |    9|          2|    1|          2|
    |edge_mask_79_address0   |   14|          3|    6|         18|
    |edge_mask_79_ce0        |   14|          3|    1|          3|
    |edge_mask_79_ce1        |    9|          2|    1|          2|
    |edge_mask_79_ce2        |    9|          2|    1|          2|
    |edge_mask_79_ce3        |    9|          2|    1|          2|
    |edge_mask_79_we0        |    9|          2|    1|          2|
    |edge_mask_7_address0    |   14|          3|    6|         18|
    |edge_mask_7_ce0         |   14|          3|    1|          3|
    |edge_mask_7_ce1         |    9|          2|    1|          2|
    |edge_mask_7_ce2         |    9|          2|    1|          2|
    |edge_mask_7_ce3         |    9|          2|    1|          2|
    |edge_mask_7_we0         |    9|          2|    1|          2|
    |edge_mask_80_address0   |   14|          3|    6|         18|
    |edge_mask_80_ce0        |   14|          3|    1|          3|
    |edge_mask_80_ce1        |    9|          2|    1|          2|
    |edge_mask_80_ce2        |    9|          2|    1|          2|
    |edge_mask_80_ce3        |    9|          2|    1|          2|
    |edge_mask_80_we0        |    9|          2|    1|          2|
    |edge_mask_81_address0   |   14|          3|    6|         18|
    |edge_mask_81_ce0        |   14|          3|    1|          3|
    |edge_mask_81_ce1        |    9|          2|    1|          2|
    |edge_mask_81_ce2        |    9|          2|    1|          2|
    |edge_mask_81_ce3        |    9|          2|    1|          2|
    |edge_mask_81_we0        |    9|          2|    1|          2|
    |edge_mask_82_address0   |   14|          3|    6|         18|
    |edge_mask_82_ce0        |   14|          3|    1|          3|
    |edge_mask_82_ce1        |    9|          2|    1|          2|
    |edge_mask_82_ce2        |    9|          2|    1|          2|
    |edge_mask_82_ce3        |    9|          2|    1|          2|
    |edge_mask_82_we0        |    9|          2|    1|          2|
    |edge_mask_83_address0   |   14|          3|    6|         18|
    |edge_mask_83_ce0        |   14|          3|    1|          3|
    |edge_mask_83_ce1        |    9|          2|    1|          2|
    |edge_mask_83_ce2        |    9|          2|    1|          2|
    |edge_mask_83_ce3        |    9|          2|    1|          2|
    |edge_mask_83_we0        |    9|          2|    1|          2|
    |edge_mask_84_address0   |   14|          3|    6|         18|
    |edge_mask_84_ce0        |   14|          3|    1|          3|
    |edge_mask_84_ce1        |    9|          2|    1|          2|
    |edge_mask_84_ce2        |    9|          2|    1|          2|
    |edge_mask_84_ce3        |    9|          2|    1|          2|
    |edge_mask_84_we0        |    9|          2|    1|          2|
    |edge_mask_85_address0   |   14|          3|    6|         18|
    |edge_mask_85_ce0        |   14|          3|    1|          3|
    |edge_mask_85_ce1        |    9|          2|    1|          2|
    |edge_mask_85_ce2        |    9|          2|    1|          2|
    |edge_mask_85_ce3        |    9|          2|    1|          2|
    |edge_mask_85_we0        |    9|          2|    1|          2|
    |edge_mask_86_address0   |   14|          3|    6|         18|
    |edge_mask_86_ce0        |   14|          3|    1|          3|
    |edge_mask_86_ce1        |    9|          2|    1|          2|
    |edge_mask_86_ce2        |    9|          2|    1|          2|
    |edge_mask_86_ce3        |    9|          2|    1|          2|
    |edge_mask_86_we0        |    9|          2|    1|          2|
    |edge_mask_87_address0   |   14|          3|    6|         18|
    |edge_mask_87_ce0        |   14|          3|    1|          3|
    |edge_mask_87_ce1        |    9|          2|    1|          2|
    |edge_mask_87_ce2        |    9|          2|    1|          2|
    |edge_mask_87_ce3        |    9|          2|    1|          2|
    |edge_mask_87_we0        |    9|          2|    1|          2|
    |edge_mask_88_address0   |   14|          3|    6|         18|
    |edge_mask_88_ce0        |   14|          3|    1|          3|
    |edge_mask_88_ce1        |    9|          2|    1|          2|
    |edge_mask_88_ce2        |    9|          2|    1|          2|
    |edge_mask_88_ce3        |    9|          2|    1|          2|
    |edge_mask_88_we0        |    9|          2|    1|          2|
    |edge_mask_89_address0   |   14|          3|    6|         18|
    |edge_mask_89_ce0        |   14|          3|    1|          3|
    |edge_mask_89_ce1        |    9|          2|    1|          2|
    |edge_mask_89_ce2        |    9|          2|    1|          2|
    |edge_mask_89_ce3        |    9|          2|    1|          2|
    |edge_mask_89_we0        |    9|          2|    1|          2|
    |edge_mask_8_address0    |   14|          3|    6|         18|
    |edge_mask_8_ce0         |   14|          3|    1|          3|
    |edge_mask_8_ce1         |    9|          2|    1|          2|
    |edge_mask_8_ce2         |    9|          2|    1|          2|
    |edge_mask_8_ce3         |    9|          2|    1|          2|
    |edge_mask_8_we0         |    9|          2|    1|          2|
    |edge_mask_90_address0   |   14|          3|    6|         18|
    |edge_mask_90_ce0        |   14|          3|    1|          3|
    |edge_mask_90_ce1        |    9|          2|    1|          2|
    |edge_mask_90_ce2        |    9|          2|    1|          2|
    |edge_mask_90_ce3        |    9|          2|    1|          2|
    |edge_mask_90_we0        |    9|          2|    1|          2|
    |edge_mask_91_address0   |   14|          3|    6|         18|
    |edge_mask_91_ce0        |   14|          3|    1|          3|
    |edge_mask_91_ce1        |    9|          2|    1|          2|
    |edge_mask_91_ce2        |    9|          2|    1|          2|
    |edge_mask_91_ce3        |    9|          2|    1|          2|
    |edge_mask_91_we0        |    9|          2|    1|          2|
    |edge_mask_92_address0   |   14|          3|    6|         18|
    |edge_mask_92_ce0        |   14|          3|    1|          3|
    |edge_mask_92_ce1        |    9|          2|    1|          2|
    |edge_mask_92_ce2        |    9|          2|    1|          2|
    |edge_mask_92_ce3        |    9|          2|    1|          2|
    |edge_mask_92_we0        |    9|          2|    1|          2|
    |edge_mask_93_address0   |   14|          3|    6|         18|
    |edge_mask_93_ce0        |   14|          3|    1|          3|
    |edge_mask_93_ce1        |    9|          2|    1|          2|
    |edge_mask_93_ce2        |    9|          2|    1|          2|
    |edge_mask_93_ce3        |    9|          2|    1|          2|
    |edge_mask_93_we0        |    9|          2|    1|          2|
    |edge_mask_94_address0   |   14|          3|    6|         18|
    |edge_mask_94_ce0        |   14|          3|    1|          3|
    |edge_mask_94_ce1        |    9|          2|    1|          2|
    |edge_mask_94_ce2        |    9|          2|    1|          2|
    |edge_mask_94_ce3        |    9|          2|    1|          2|
    |edge_mask_94_we0        |    9|          2|    1|          2|
    |edge_mask_95_address0   |   14|          3|    6|         18|
    |edge_mask_95_ce0        |   14|          3|    1|          3|
    |edge_mask_95_ce1        |    9|          2|    1|          2|
    |edge_mask_95_ce2        |    9|          2|    1|          2|
    |edge_mask_95_ce3        |    9|          2|    1|          2|
    |edge_mask_95_we0        |    9|          2|    1|          2|
    |edge_mask_96_address0   |   14|          3|    6|         18|
    |edge_mask_96_ce0        |   14|          3|    1|          3|
    |edge_mask_96_ce1        |    9|          2|    1|          2|
    |edge_mask_96_ce2        |    9|          2|    1|          2|
    |edge_mask_96_ce3        |    9|          2|    1|          2|
    |edge_mask_96_we0        |    9|          2|    1|          2|
    |edge_mask_97_address0   |   14|          3|    6|         18|
    |edge_mask_97_ce0        |   14|          3|    1|          3|
    |edge_mask_97_ce1        |    9|          2|    1|          2|
    |edge_mask_97_ce2        |    9|          2|    1|          2|
    |edge_mask_97_ce3        |    9|          2|    1|          2|
    |edge_mask_97_we0        |    9|          2|    1|          2|
    |edge_mask_98_address0   |   14|          3|    6|         18|
    |edge_mask_98_ce0        |   14|          3|    1|          3|
    |edge_mask_98_ce1        |    9|          2|    1|          2|
    |edge_mask_98_ce2        |    9|          2|    1|          2|
    |edge_mask_98_ce3        |    9|          2|    1|          2|
    |edge_mask_98_we0        |    9|          2|    1|          2|
    |edge_mask_99_address0   |   14|          3|    6|         18|
    |edge_mask_99_ce0        |   14|          3|    1|          3|
    |edge_mask_99_ce1        |    9|          2|    1|          2|
    |edge_mask_99_ce2        |    9|          2|    1|          2|
    |edge_mask_99_ce3        |    9|          2|    1|          2|
    |edge_mask_99_we0        |    9|          2|    1|          2|
    |edge_mask_9_address0    |   14|          3|    6|         18|
    |edge_mask_9_ce0         |   14|          3|    1|          3|
    |edge_mask_9_ce1         |    9|          2|    1|          2|
    |edge_mask_9_ce2         |    9|          2|    1|          2|
    |edge_mask_9_ce3         |    9|          2|    1|          2|
    |edge_mask_9_we0         |    9|          2|    1|          2|
    |edge_mask_address0      |   14|          3|    6|         18|
    |edge_mask_ce0           |   14|          3|    1|          3|
    |edge_mask_ce1           |    9|          2|    1|          2|
    |edge_mask_ce2           |    9|          2|    1|          2|
    |edge_mask_ce3           |    9|          2|    1|          2|
    |edge_mask_we0           |    9|          2|    1|          2|
    |hist_10_address0        |   20|          4|    8|         32|
    |hist_10_address1        |   20|          4|    8|         32|
    |hist_10_ce0             |   20|          4|    1|          4|
    |hist_10_ce1             |   20|          4|    1|          4|
    |hist_10_d0              |   14|          3|   10|         30|
    |hist_10_we0             |   14|          3|    1|          3|
    |hist_10_we1             |    9|          2|    1|          2|
    |hist_11_address0        |   20|          4|    8|         32|
    |hist_11_address1        |   20|          4|    8|         32|
    |hist_11_ce0             |   20|          4|    1|          4|
    |hist_11_ce1             |   20|          4|    1|          4|
    |hist_11_d0              |   14|          3|   10|         30|
    |hist_11_we0             |   14|          3|    1|          3|
    |hist_11_we1             |    9|          2|    1|          2|
    |hist_12_address0        |   20|          4|    8|         32|
    |hist_12_address1        |   20|          4|    8|         32|
    |hist_12_ce0             |   20|          4|    1|          4|
    |hist_12_ce1             |   20|          4|    1|          4|
    |hist_12_d0              |   14|          3|   10|         30|
    |hist_12_we0             |   14|          3|    1|          3|
    |hist_12_we1             |    9|          2|    1|          2|
    |hist_13_address0        |   20|          4|    8|         32|
    |hist_13_address1        |   20|          4|    8|         32|
    |hist_13_ce0             |   20|          4|    1|          4|
    |hist_13_ce1             |   20|          4|    1|          4|
    |hist_13_d0              |   14|          3|   10|         30|
    |hist_13_we0             |   14|          3|    1|          3|
    |hist_13_we1             |    9|          2|    1|          2|
    |hist_14_address0        |   20|          4|    8|         32|
    |hist_14_address1        |   20|          4|    8|         32|
    |hist_14_ce0             |   20|          4|    1|          4|
    |hist_14_ce1             |   20|          4|    1|          4|
    |hist_14_d0              |   14|          3|   10|         30|
    |hist_14_we0             |   14|          3|    1|          3|
    |hist_14_we1             |    9|          2|    1|          2|
    |hist_1_address0         |   20|          4|    8|         32|
    |hist_1_address1         |   20|          4|    8|         32|
    |hist_1_ce0              |   20|          4|    1|          4|
    |hist_1_ce1              |   20|          4|    1|          4|
    |hist_1_d0               |   14|          3|   10|         30|
    |hist_1_we0              |   14|          3|    1|          3|
    |hist_1_we1              |    9|          2|    1|          2|
    |hist_2_address0         |   20|          4|    8|         32|
    |hist_2_address1         |   20|          4|    8|         32|
    |hist_2_ce0              |   20|          4|    1|          4|
    |hist_2_ce1              |   20|          4|    1|          4|
    |hist_2_d0               |   14|          3|   10|         30|
    |hist_2_we0              |   14|          3|    1|          3|
    |hist_2_we1              |    9|          2|    1|          2|
    |hist_3_address0         |   20|          4|    8|         32|
    |hist_3_address1         |   20|          4|    8|         32|
    |hist_3_ce0              |   20|          4|    1|          4|
    |hist_3_ce1              |   20|          4|    1|          4|
    |hist_3_d0               |   14|          3|   10|         30|
    |hist_3_we0              |   14|          3|    1|          3|
    |hist_3_we1              |    9|          2|    1|          2|
    |hist_4_address0         |   20|          4|    8|         32|
    |hist_4_address1         |   20|          4|    8|         32|
    |hist_4_ce0              |   20|          4|    1|          4|
    |hist_4_ce1              |   20|          4|    1|          4|
    |hist_4_d0               |   14|          3|   10|         30|
    |hist_4_we0              |   14|          3|    1|          3|
    |hist_4_we1              |    9|          2|    1|          2|
    |hist_5_address0         |   20|          4|    8|         32|
    |hist_5_address1         |   20|          4|    8|         32|
    |hist_5_ce0              |   20|          4|    1|          4|
    |hist_5_ce1              |   20|          4|    1|          4|
    |hist_5_d0               |   14|          3|   10|         30|
    |hist_5_we0              |   14|          3|    1|          3|
    |hist_5_we1              |    9|          2|    1|          2|
    |hist_6_address0         |   20|          4|    8|         32|
    |hist_6_address1         |   20|          4|    8|         32|
    |hist_6_ce0              |   20|          4|    1|          4|
    |hist_6_ce1              |   20|          4|    1|          4|
    |hist_6_d0               |   14|          3|   10|         30|
    |hist_6_we0              |   14|          3|    1|          3|
    |hist_6_we1              |    9|          2|    1|          2|
    |hist_7_address0         |   20|          4|    8|         32|
    |hist_7_address1         |   20|          4|    8|         32|
    |hist_7_ce0              |   20|          4|    1|          4|
    |hist_7_ce1              |   20|          4|    1|          4|
    |hist_7_d0               |   14|          3|   10|         30|
    |hist_7_we0              |   14|          3|    1|          3|
    |hist_7_we1              |    9|          2|    1|          2|
    |hist_8_address0         |   20|          4|    8|         32|
    |hist_8_address1         |   20|          4|    8|         32|
    |hist_8_ce0              |   20|          4|    1|          4|
    |hist_8_ce1              |   20|          4|    1|          4|
    |hist_8_d0               |   14|          3|   10|         30|
    |hist_8_we0              |   14|          3|    1|          3|
    |hist_8_we1              |    9|          2|    1|          2|
    |hist_9_address0         |   20|          4|    8|         32|
    |hist_9_address1         |   20|          4|    8|         32|
    |hist_9_ce0              |   20|          4|    1|          4|
    |hist_9_ce1              |   20|          4|    1|          4|
    |hist_9_d0               |   14|          3|   10|         30|
    |hist_9_we0              |   14|          3|    1|          3|
    |hist_9_we1              |    9|          2|    1|          2|
    |hist_address0           |   20|          4|    8|         32|
    |hist_address1           |   20|          4|    8|         32|
    |hist_ce0                |   20|          4|    1|          4|
    |hist_ce1                |   20|          4|    1|          4|
    |hist_d0                 |   14|          3|   10|         30|
    |hist_we0                |   14|          3|    1|          3|
    |hist_we1                |    9|          2|    1|          2|
    |lane_cur_10_address0    |   14|          3|    8|         24|
    |lane_cur_10_address1    |   14|          3|    8|         24|
    |lane_cur_10_ce0         |   14|          3|    1|          3|
    |lane_cur_10_ce1         |   14|          3|    1|          3|
    |lane_cur_10_d0          |   14|          3|   10|         30|
    |lane_cur_10_we0         |   14|          3|    1|          3|
    |lane_cur_10_we1         |    9|          2|    1|          2|
    |lane_cur_11_address0    |   14|          3|    8|         24|
    |lane_cur_11_address1    |   14|          3|    8|         24|
    |lane_cur_11_ce0         |   14|          3|    1|          3|
    |lane_cur_11_ce1         |   14|          3|    1|          3|
    |lane_cur_11_d0          |   14|          3|   10|         30|
    |lane_cur_11_we0         |   14|          3|    1|          3|
    |lane_cur_11_we1         |    9|          2|    1|          2|
    |lane_cur_12_address0    |   14|          3|    8|         24|
    |lane_cur_12_address1    |   14|          3|    8|         24|
    |lane_cur_12_ce0         |   14|          3|    1|          3|
    |lane_cur_12_ce1         |   14|          3|    1|          3|
    |lane_cur_12_d0          |   14|          3|   10|         30|
    |lane_cur_12_we0         |   14|          3|    1|          3|
    |lane_cur_12_we1         |    9|          2|    1|          2|
    |lane_cur_13_address0    |   14|          3|    8|         24|
    |lane_cur_13_address1    |   14|          3|    8|         24|
    |lane_cur_13_ce0         |   14|          3|    1|          3|
    |lane_cur_13_ce1         |   14|          3|    1|          3|
    |lane_cur_13_d0          |   14|          3|   10|         30|
    |lane_cur_13_we0         |   14|          3|    1|          3|
    |lane_cur_13_we1         |    9|          2|    1|          2|
    |lane_cur_14_address0    |   14|          3|    8|         24|
    |lane_cur_14_address1    |   14|          3|    8|         24|
    |lane_cur_14_ce0         |   14|          3|    1|          3|
    |lane_cur_14_ce1         |   14|          3|    1|          3|
    |lane_cur_14_d0          |   14|          3|   10|         30|
    |lane_cur_14_we0         |   14|          3|    1|          3|
    |lane_cur_14_we1         |    9|          2|    1|          2|
    |lane_cur_1_address0     |   14|          3|    8|         24|
    |lane_cur_1_address1     |   14|          3|    8|         24|
    |lane_cur_1_ce0          |   14|          3|    1|          3|
    |lane_cur_1_ce1          |   14|          3|    1|          3|
    |lane_cur_1_d0           |   14|          3|   10|         30|
    |lane_cur_1_we0          |   14|          3|    1|          3|
    |lane_cur_1_we1          |    9|          2|    1|          2|
    |lane_cur_2_address0     |   14|          3|    8|         24|
    |lane_cur_2_address1     |   14|          3|    8|         24|
    |lane_cur_2_ce0          |   14|          3|    1|          3|
    |lane_cur_2_ce1          |   14|          3|    1|          3|
    |lane_cur_2_d0           |   14|          3|   10|         30|
    |lane_cur_2_we0          |   14|          3|    1|          3|
    |lane_cur_2_we1          |    9|          2|    1|          2|
    |lane_cur_3_address0     |   14|          3|    8|         24|
    |lane_cur_3_address1     |   14|          3|    8|         24|
    |lane_cur_3_ce0          |   14|          3|    1|          3|
    |lane_cur_3_ce1          |   14|          3|    1|          3|
    |lane_cur_3_d0           |   14|          3|   10|         30|
    |lane_cur_3_we0          |   14|          3|    1|          3|
    |lane_cur_3_we1          |    9|          2|    1|          2|
    |lane_cur_4_address0     |   14|          3|    8|         24|
    |lane_cur_4_address1     |   14|          3|    8|         24|
    |lane_cur_4_ce0          |   14|          3|    1|          3|
    |lane_cur_4_ce1          |   14|          3|    1|          3|
    |lane_cur_4_d0           |   14|          3|   10|         30|
    |lane_cur_4_we0          |   14|          3|    1|          3|
    |lane_cur_4_we1          |    9|          2|    1|          2|
    |lane_cur_5_address0     |   14|          3|    8|         24|
    |lane_cur_5_address1     |   14|          3|    8|         24|
    |lane_cur_5_ce0          |   14|          3|    1|          3|
    |lane_cur_5_ce1          |   14|          3|    1|          3|
    |lane_cur_5_d0           |   14|          3|   10|         30|
    |lane_cur_5_we0          |   14|          3|    1|          3|
    |lane_cur_5_we1          |    9|          2|    1|          2|
    |lane_cur_6_address0     |   14|          3|    8|         24|
    |lane_cur_6_address1     |   14|          3|    8|         24|
    |lane_cur_6_ce0          |   14|          3|    1|          3|
    |lane_cur_6_ce1          |   14|          3|    1|          3|
    |lane_cur_6_d0           |   14|          3|   10|         30|
    |lane_cur_6_we0          |   14|          3|    1|          3|
    |lane_cur_6_we1          |    9|          2|    1|          2|
    |lane_cur_7_address0     |   14|          3|    8|         24|
    |lane_cur_7_address1     |   14|          3|    8|         24|
    |lane_cur_7_ce0          |   14|          3|    1|          3|
    |lane_cur_7_ce1          |   14|          3|    1|          3|
    |lane_cur_7_d0           |   14|          3|   10|         30|
    |lane_cur_7_we0          |   14|          3|    1|          3|
    |lane_cur_7_we1          |    9|          2|    1|          2|
    |lane_cur_8_address0     |   14|          3|    8|         24|
    |lane_cur_8_address1     |   14|          3|    8|         24|
    |lane_cur_8_ce0          |   14|          3|    1|          3|
    |lane_cur_8_ce1          |   14|          3|    1|          3|
    |lane_cur_8_d0           |   14|          3|   10|         30|
    |lane_cur_8_we0          |   14|          3|    1|          3|
    |lane_cur_8_we1          |    9|          2|    1|          2|
    |lane_cur_9_address0     |   14|          3|    8|         24|
    |lane_cur_9_address1     |   14|          3|    8|         24|
    |lane_cur_9_ce0          |   14|          3|    1|          3|
    |lane_cur_9_ce1          |   14|          3|    1|          3|
    |lane_cur_9_d0           |   14|          3|   10|         30|
    |lane_cur_9_we0          |   14|          3|    1|          3|
    |lane_cur_9_we1          |    9|          2|    1|          2|
    |lane_cur_address0       |   14|          3|    8|         24|
    |lane_cur_address1       |   14|          3|    8|         24|
    |lane_cur_ce0            |   14|          3|    1|          3|
    |lane_cur_ce1            |   14|          3|    1|          3|
    |lane_cur_d0             |   14|          3|   10|         30|
    |lane_cur_we0            |   14|          3|    1|          3|
    |lane_cur_we1            |    9|          2|    1|          2|
    |lane_off_10_address0    |   14|          3|    8|         24|
    |lane_off_10_ce0         |   14|          3|    1|          3|
    |lane_off_10_ce1         |    9|          2|    1|          2|
    |lane_off_10_we0         |    9|          2|    1|          2|
    |lane_off_10_we1         |    9|          2|    1|          2|
    |lane_off_11_address0    |   14|          3|    8|         24|
    |lane_off_11_ce0         |   14|          3|    1|          3|
    |lane_off_11_ce1         |    9|          2|    1|          2|
    |lane_off_11_we0         |    9|          2|    1|          2|
    |lane_off_11_we1         |    9|          2|    1|          2|
    |lane_off_12_address0    |   14|          3|    8|         24|
    |lane_off_12_ce0         |   14|          3|    1|          3|
    |lane_off_12_ce1         |    9|          2|    1|          2|
    |lane_off_12_we0         |    9|          2|    1|          2|
    |lane_off_12_we1         |    9|          2|    1|          2|
    |lane_off_13_address0    |   14|          3|    8|         24|
    |lane_off_13_ce0         |   14|          3|    1|          3|
    |lane_off_13_ce1         |    9|          2|    1|          2|
    |lane_off_13_we0         |    9|          2|    1|          2|
    |lane_off_13_we1         |    9|          2|    1|          2|
    |lane_off_14_address0    |   14|          3|    8|         24|
    |lane_off_14_ce0         |   14|          3|    1|          3|
    |lane_off_14_ce1         |    9|          2|    1|          2|
    |lane_off_14_we0         |    9|          2|    1|          2|
    |lane_off_14_we1         |    9|          2|    1|          2|
    |lane_off_1_address0     |   14|          3|    8|         24|
    |lane_off_1_ce0          |   14|          3|    1|          3|
    |lane_off_1_ce1          |    9|          2|    1|          2|
    |lane_off_1_we0          |    9|          2|    1|          2|
    |lane_off_1_we1          |    9|          2|    1|          2|
    |lane_off_2_address0     |   14|          3|    8|         24|
    |lane_off_2_ce0          |   14|          3|    1|          3|
    |lane_off_2_ce1          |    9|          2|    1|          2|
    |lane_off_2_we0          |    9|          2|    1|          2|
    |lane_off_2_we1          |    9|          2|    1|          2|
    |lane_off_3_address0     |   14|          3|    8|         24|
    |lane_off_3_ce0          |   14|          3|    1|          3|
    |lane_off_3_ce1          |    9|          2|    1|          2|
    |lane_off_3_we0          |    9|          2|    1|          2|
    |lane_off_3_we1          |    9|          2|    1|          2|
    |lane_off_4_address0     |   14|          3|    8|         24|
    |lane_off_4_ce0          |   14|          3|    1|          3|
    |lane_off_4_ce1          |    9|          2|    1|          2|
    |lane_off_4_we0          |    9|          2|    1|          2|
    |lane_off_4_we1          |    9|          2|    1|          2|
    |lane_off_5_address0     |   14|          3|    8|         24|
    |lane_off_5_ce0          |   14|          3|    1|          3|
    |lane_off_5_ce1          |    9|          2|    1|          2|
    |lane_off_5_we0          |    9|          2|    1|          2|
    |lane_off_5_we1          |    9|          2|    1|          2|
    |lane_off_6_address0     |   14|          3|    8|         24|
    |lane_off_6_ce0          |   14|          3|    1|          3|
    |lane_off_6_ce1          |    9|          2|    1|          2|
    |lane_off_6_we0          |    9|          2|    1|          2|
    |lane_off_6_we1          |    9|          2|    1|          2|
    |lane_off_7_address0     |   14|          3|    8|         24|
    |lane_off_7_ce0          |   14|          3|    1|          3|
    |lane_off_7_ce1          |    9|          2|    1|          2|
    |lane_off_7_we0          |    9|          2|    1|          2|
    |lane_off_7_we1          |    9|          2|    1|          2|
    |lane_off_8_address0     |   14|          3|    8|         24|
    |lane_off_8_ce0          |   14|          3|    1|          3|
    |lane_off_8_ce1          |    9|          2|    1|          2|
    |lane_off_8_we0          |    9|          2|    1|          2|
    |lane_off_8_we1          |    9|          2|    1|          2|
    |lane_off_9_address0     |   14|          3|    8|         24|
    |lane_off_9_ce0          |   14|          3|    1|          3|
    |lane_off_9_ce1          |    9|          2|    1|          2|
    |lane_off_9_we0          |    9|          2|    1|          2|
    |lane_off_9_we1          |    9|          2|    1|          2|
    |lane_off_address0       |   14|          3|    8|         24|
    |lane_off_ce0            |   14|          3|    1|          3|
    |lane_off_ce1            |    9|          2|    1|          2|
    |lane_off_we0            |    9|          2|    1|          2|
    |lane_off_we1            |    9|          2|    1|          2|
    |order_10_address0       |   14|          3|    6|         18|
    |order_10_ce0            |   14|          3|    1|          3|
    |order_10_we0            |    9|          2|    1|          2|
    |order_11_address0       |   14|          3|    6|         18|
    |order_11_ce0            |   14|          3|    1|          3|
    |order_11_we0            |    9|          2|    1|          2|
    |order_12_address0       |   14|          3|    6|         18|
    |order_12_ce0            |   14|          3|    1|          3|
    |order_12_we0            |    9|          2|    1|          2|
    |order_13_address0       |   14|          3|    6|         18|
    |order_13_ce0            |   14|          3|    1|          3|
    |order_13_we0            |    9|          2|    1|          2|
    |order_14_address0       |   14|          3|    6|         18|
    |order_14_ce0            |   14|          3|    1|          3|
    |order_14_we0            |    9|          2|    1|          2|
    |order_1_address0        |   14|          3|    6|         18|
    |order_1_ce0             |   14|          3|    1|          3|
    |order_1_we0             |    9|          2|    1|          2|
    |order_2_address0        |   14|          3|    6|         18|
    |order_2_ce0             |   14|          3|    1|          3|
    |order_2_we0             |    9|          2|    1|          2|
    |order_3_address0        |   14|          3|    6|         18|
    |order_3_ce0             |   14|          3|    1|          3|
    |order_3_we0             |    9|          2|    1|          2|
    |order_4_address0        |   14|          3|    6|         18|
    |order_4_ce0             |   14|          3|    1|          3|
    |order_4_we0             |    9|          2|    1|          2|
    |order_5_address0        |   14|          3|    6|         18|
    |order_5_ce0             |   14|          3|    1|          3|
    |order_5_we0             |    9|          2|    1|          2|
    |order_6_address0        |   14|          3|    6|         18|
    |order_6_ce0             |   14|          3|    1|          3|
    |order_6_we0             |    9|          2|    1|          2|
    |order_7_address0        |   14|          3|    6|         18|
    |order_7_ce0             |   14|          3|    1|          3|
    |order_7_we0             |    9|          2|    1|          2|
    |order_8_address0        |   14|          3|    6|         18|
    |order_8_ce0             |   14|          3|    1|          3|
    |order_8_we0             |    9|          2|    1|          2|
    |order_9_address0        |   14|          3|    6|         18|
    |order_9_ce0             |   14|          3|    1|          3|
    |order_9_we0             |    9|          2|    1|          2|
    |order_address0          |   14|          3|    6|         18|
    |order_ce0               |   14|          3|    1|          3|
    |order_we0               |    9|          2|    1|          2|
    |pca8_100_address0       |   14|          3|    6|         18|
    |pca8_100_ce0            |   14|          3|    1|          3|
    |pca8_100_we0            |    9|          2|    1|          2|
    |pca8_101_address0       |   14|          3|    6|         18|
    |pca8_101_ce0            |   14|          3|    1|          3|
    |pca8_101_we0            |    9|          2|    1|          2|
    |pca8_102_address0       |   14|          3|    6|         18|
    |pca8_102_ce0            |   14|          3|    1|          3|
    |pca8_102_we0            |    9|          2|    1|          2|
    |pca8_103_address0       |   14|          3|    6|         18|
    |pca8_103_ce0            |   14|          3|    1|          3|
    |pca8_103_we0            |    9|          2|    1|          2|
    |pca8_104_address0       |   14|          3|    6|         18|
    |pca8_104_ce0            |   14|          3|    1|          3|
    |pca8_104_we0            |    9|          2|    1|          2|
    |pca8_105_address0       |   14|          3|    6|         18|
    |pca8_105_ce0            |   14|          3|    1|          3|
    |pca8_105_we0            |    9|          2|    1|          2|
    |pca8_106_address0       |   14|          3|    6|         18|
    |pca8_106_ce0            |   14|          3|    1|          3|
    |pca8_106_we0            |    9|          2|    1|          2|
    |pca8_107_address0       |   14|          3|    6|         18|
    |pca8_107_ce0            |   14|          3|    1|          3|
    |pca8_107_we0            |    9|          2|    1|          2|
    |pca8_108_address0       |   14|          3|    6|         18|
    |pca8_108_ce0            |   14|          3|    1|          3|
    |pca8_108_we0            |    9|          2|    1|          2|
    |pca8_109_address0       |   14|          3|    6|         18|
    |pca8_109_ce0            |   14|          3|    1|          3|
    |pca8_109_we0            |    9|          2|    1|          2|
    |pca8_10_address0        |   14|          3|    6|         18|
    |pca8_10_ce0             |   14|          3|    1|          3|
    |pca8_10_we0             |    9|          2|    1|          2|
    |pca8_110_address0       |   14|          3|    6|         18|
    |pca8_110_ce0            |   14|          3|    1|          3|
    |pca8_110_we0            |    9|          2|    1|          2|
    |pca8_111_address0       |   14|          3|    6|         18|
    |pca8_111_ce0            |   14|          3|    1|          3|
    |pca8_111_we0            |    9|          2|    1|          2|
    |pca8_112_address0       |   14|          3|    6|         18|
    |pca8_112_ce0            |   14|          3|    1|          3|
    |pca8_112_we0            |    9|          2|    1|          2|
    |pca8_113_address0       |   14|          3|    6|         18|
    |pca8_113_ce0            |   14|          3|    1|          3|
    |pca8_113_we0            |    9|          2|    1|          2|
    |pca8_114_address0       |   14|          3|    6|         18|
    |pca8_114_ce0            |   14|          3|    1|          3|
    |pca8_114_we0            |    9|          2|    1|          2|
    |pca8_115_address0       |   14|          3|    6|         18|
    |pca8_115_ce0            |   14|          3|    1|          3|
    |pca8_115_we0            |    9|          2|    1|          2|
    |pca8_116_address0       |   14|          3|    6|         18|
    |pca8_116_ce0            |   14|          3|    1|          3|
    |pca8_116_we0            |    9|          2|    1|          2|
    |pca8_117_address0       |   14|          3|    6|         18|
    |pca8_117_ce0            |   14|          3|    1|          3|
    |pca8_117_we0            |    9|          2|    1|          2|
    |pca8_118_address0       |   14|          3|    6|         18|
    |pca8_118_ce0            |   14|          3|    1|          3|
    |pca8_118_we0            |    9|          2|    1|          2|
    |pca8_119_address0       |   14|          3|    6|         18|
    |pca8_119_ce0            |   14|          3|    1|          3|
    |pca8_119_we0            |    9|          2|    1|          2|
    |pca8_11_address0        |   14|          3|    6|         18|
    |pca8_11_ce0             |   14|          3|    1|          3|
    |pca8_11_we0             |    9|          2|    1|          2|
    |pca8_12_address0        |   14|          3|    6|         18|
    |pca8_12_ce0             |   14|          3|    1|          3|
    |pca8_12_we0             |    9|          2|    1|          2|
    |pca8_13_address0        |   14|          3|    6|         18|
    |pca8_13_ce0             |   14|          3|    1|          3|
    |pca8_13_we0             |    9|          2|    1|          2|
    |pca8_14_address0        |   14|          3|    6|         18|
    |pca8_14_ce0             |   14|          3|    1|          3|
    |pca8_14_we0             |    9|          2|    1|          2|
    |pca8_15_address0        |   14|          3|    6|         18|
    |pca8_15_ce0             |   14|          3|    1|          3|
    |pca8_15_we0             |    9|          2|    1|          2|
    |pca8_16_address0        |   14|          3|    6|         18|
    |pca8_16_ce0             |   14|          3|    1|          3|
    |pca8_16_we0             |    9|          2|    1|          2|
    |pca8_17_address0        |   14|          3|    6|         18|
    |pca8_17_ce0             |   14|          3|    1|          3|
    |pca8_17_we0             |    9|          2|    1|          2|
    |pca8_18_address0        |   14|          3|    6|         18|
    |pca8_18_ce0             |   14|          3|    1|          3|
    |pca8_18_we0             |    9|          2|    1|          2|
    |pca8_19_address0        |   14|          3|    6|         18|
    |pca8_19_ce0             |   14|          3|    1|          3|
    |pca8_19_we0             |    9|          2|    1|          2|
    |pca8_1_address0         |   14|          3|    6|         18|
    |pca8_1_ce0              |   14|          3|    1|          3|
    |pca8_1_we0              |    9|          2|    1|          2|
    |pca8_20_address0        |   14|          3|    6|         18|
    |pca8_20_ce0             |   14|          3|    1|          3|
    |pca8_20_we0             |    9|          2|    1|          2|
    |pca8_21_address0        |   14|          3|    6|         18|
    |pca8_21_ce0             |   14|          3|    1|          3|
    |pca8_21_we0             |    9|          2|    1|          2|
    |pca8_22_address0        |   14|          3|    6|         18|
    |pca8_22_ce0             |   14|          3|    1|          3|
    |pca8_22_we0             |    9|          2|    1|          2|
    |pca8_23_address0        |   14|          3|    6|         18|
    |pca8_23_ce0             |   14|          3|    1|          3|
    |pca8_23_we0             |    9|          2|    1|          2|
    |pca8_24_address0        |   14|          3|    6|         18|
    |pca8_24_ce0             |   14|          3|    1|          3|
    |pca8_24_we0             |    9|          2|    1|          2|
    |pca8_25_address0        |   14|          3|    6|         18|
    |pca8_25_ce0             |   14|          3|    1|          3|
    |pca8_25_we0             |    9|          2|    1|          2|
    |pca8_26_address0        |   14|          3|    6|         18|
    |pca8_26_ce0             |   14|          3|    1|          3|
    |pca8_26_we0             |    9|          2|    1|          2|
    |pca8_27_address0        |   14|          3|    6|         18|
    |pca8_27_ce0             |   14|          3|    1|          3|
    |pca8_27_we0             |    9|          2|    1|          2|
    |pca8_28_address0        |   14|          3|    6|         18|
    |pca8_28_ce0             |   14|          3|    1|          3|
    |pca8_28_we0             |    9|          2|    1|          2|
    |pca8_29_address0        |   14|          3|    6|         18|
    |pca8_29_ce0             |   14|          3|    1|          3|
    |pca8_29_we0             |    9|          2|    1|          2|
    |pca8_2_address0         |   14|          3|    6|         18|
    |pca8_2_ce0              |   14|          3|    1|          3|
    |pca8_2_we0              |    9|          2|    1|          2|
    |pca8_30_address0        |   14|          3|    6|         18|
    |pca8_30_ce0             |   14|          3|    1|          3|
    |pca8_30_we0             |    9|          2|    1|          2|
    |pca8_31_address0        |   14|          3|    6|         18|
    |pca8_31_ce0             |   14|          3|    1|          3|
    |pca8_31_we0             |    9|          2|    1|          2|
    |pca8_32_address0        |   14|          3|    6|         18|
    |pca8_32_ce0             |   14|          3|    1|          3|
    |pca8_32_we0             |    9|          2|    1|          2|
    |pca8_33_address0        |   14|          3|    6|         18|
    |pca8_33_ce0             |   14|          3|    1|          3|
    |pca8_33_we0             |    9|          2|    1|          2|
    |pca8_34_address0        |   14|          3|    6|         18|
    |pca8_34_ce0             |   14|          3|    1|          3|
    |pca8_34_we0             |    9|          2|    1|          2|
    |pca8_35_address0        |   14|          3|    6|         18|
    |pca8_35_ce0             |   14|          3|    1|          3|
    |pca8_35_we0             |    9|          2|    1|          2|
    |pca8_36_address0        |   14|          3|    6|         18|
    |pca8_36_ce0             |   14|          3|    1|          3|
    |pca8_36_we0             |    9|          2|    1|          2|
    |pca8_37_address0        |   14|          3|    6|         18|
    |pca8_37_ce0             |   14|          3|    1|          3|
    |pca8_37_we0             |    9|          2|    1|          2|
    |pca8_38_address0        |   14|          3|    6|         18|
    |pca8_38_ce0             |   14|          3|    1|          3|
    |pca8_38_we0             |    9|          2|    1|          2|
    |pca8_39_address0        |   14|          3|    6|         18|
    |pca8_39_ce0             |   14|          3|    1|          3|
    |pca8_39_we0             |    9|          2|    1|          2|
    |pca8_3_address0         |   14|          3|    6|         18|
    |pca8_3_ce0              |   14|          3|    1|          3|
    |pca8_3_we0              |    9|          2|    1|          2|
    |pca8_40_address0        |   14|          3|    6|         18|
    |pca8_40_ce0             |   14|          3|    1|          3|
    |pca8_40_we0             |    9|          2|    1|          2|
    |pca8_41_address0        |   14|          3|    6|         18|
    |pca8_41_ce0             |   14|          3|    1|          3|
    |pca8_41_we0             |    9|          2|    1|          2|
    |pca8_42_address0        |   14|          3|    6|         18|
    |pca8_42_ce0             |   14|          3|    1|          3|
    |pca8_42_we0             |    9|          2|    1|          2|
    |pca8_43_address0        |   14|          3|    6|         18|
    |pca8_43_ce0             |   14|          3|    1|          3|
    |pca8_43_we0             |    9|          2|    1|          2|
    |pca8_44_address0        |   14|          3|    6|         18|
    |pca8_44_ce0             |   14|          3|    1|          3|
    |pca8_44_we0             |    9|          2|    1|          2|
    |pca8_45_address0        |   14|          3|    6|         18|
    |pca8_45_ce0             |   14|          3|    1|          3|
    |pca8_45_we0             |    9|          2|    1|          2|
    |pca8_46_address0        |   14|          3|    6|         18|
    |pca8_46_ce0             |   14|          3|    1|          3|
    |pca8_46_we0             |    9|          2|    1|          2|
    |pca8_47_address0        |   14|          3|    6|         18|
    |pca8_47_ce0             |   14|          3|    1|          3|
    |pca8_47_we0             |    9|          2|    1|          2|
    |pca8_48_address0        |   14|          3|    6|         18|
    |pca8_48_ce0             |   14|          3|    1|          3|
    |pca8_48_we0             |    9|          2|    1|          2|
    |pca8_49_address0        |   14|          3|    6|         18|
    |pca8_49_ce0             |   14|          3|    1|          3|
    |pca8_49_we0             |    9|          2|    1|          2|
    |pca8_4_address0         |   14|          3|    6|         18|
    |pca8_4_ce0              |   14|          3|    1|          3|
    |pca8_4_we0              |    9|          2|    1|          2|
    |pca8_50_address0        |   14|          3|    6|         18|
    |pca8_50_ce0             |   14|          3|    1|          3|
    |pca8_50_we0             |    9|          2|    1|          2|
    |pca8_51_address0        |   14|          3|    6|         18|
    |pca8_51_ce0             |   14|          3|    1|          3|
    |pca8_51_we0             |    9|          2|    1|          2|
    |pca8_52_address0        |   14|          3|    6|         18|
    |pca8_52_ce0             |   14|          3|    1|          3|
    |pca8_52_we0             |    9|          2|    1|          2|
    |pca8_53_address0        |   14|          3|    6|         18|
    |pca8_53_ce0             |   14|          3|    1|          3|
    |pca8_53_we0             |    9|          2|    1|          2|
    |pca8_54_address0        |   14|          3|    6|         18|
    |pca8_54_ce0             |   14|          3|    1|          3|
    |pca8_54_we0             |    9|          2|    1|          2|
    |pca8_55_address0        |   14|          3|    6|         18|
    |pca8_55_ce0             |   14|          3|    1|          3|
    |pca8_55_we0             |    9|          2|    1|          2|
    |pca8_56_address0        |   14|          3|    6|         18|
    |pca8_56_ce0             |   14|          3|    1|          3|
    |pca8_56_we0             |    9|          2|    1|          2|
    |pca8_57_address0        |   14|          3|    6|         18|
    |pca8_57_ce0             |   14|          3|    1|          3|
    |pca8_57_we0             |    9|          2|    1|          2|
    |pca8_58_address0        |   14|          3|    6|         18|
    |pca8_58_ce0             |   14|          3|    1|          3|
    |pca8_58_we0             |    9|          2|    1|          2|
    |pca8_59_address0        |   14|          3|    6|         18|
    |pca8_59_ce0             |   14|          3|    1|          3|
    |pca8_59_we0             |    9|          2|    1|          2|
    |pca8_5_address0         |   14|          3|    6|         18|
    |pca8_5_ce0              |   14|          3|    1|          3|
    |pca8_5_we0              |    9|          2|    1|          2|
    |pca8_60_address0        |   14|          3|    6|         18|
    |pca8_60_ce0             |   14|          3|    1|          3|
    |pca8_60_we0             |    9|          2|    1|          2|
    |pca8_61_address0        |   14|          3|    6|         18|
    |pca8_61_ce0             |   14|          3|    1|          3|
    |pca8_61_we0             |    9|          2|    1|          2|
    |pca8_62_address0        |   14|          3|    6|         18|
    |pca8_62_ce0             |   14|          3|    1|          3|
    |pca8_62_we0             |    9|          2|    1|          2|
    |pca8_63_address0        |   14|          3|    6|         18|
    |pca8_63_ce0             |   14|          3|    1|          3|
    |pca8_63_we0             |    9|          2|    1|          2|
    |pca8_64_address0        |   14|          3|    6|         18|
    |pca8_64_ce0             |   14|          3|    1|          3|
    |pca8_64_we0             |    9|          2|    1|          2|
    |pca8_65_address0        |   14|          3|    6|         18|
    |pca8_65_ce0             |   14|          3|    1|          3|
    |pca8_65_we0             |    9|          2|    1|          2|
    |pca8_66_address0        |   14|          3|    6|         18|
    |pca8_66_ce0             |   14|          3|    1|          3|
    |pca8_66_we0             |    9|          2|    1|          2|
    |pca8_67_address0        |   14|          3|    6|         18|
    |pca8_67_ce0             |   14|          3|    1|          3|
    |pca8_67_we0             |    9|          2|    1|          2|
    |pca8_68_address0        |   14|          3|    6|         18|
    |pca8_68_ce0             |   14|          3|    1|          3|
    |pca8_68_we0             |    9|          2|    1|          2|
    |pca8_69_address0        |   14|          3|    6|         18|
    |pca8_69_ce0             |   14|          3|    1|          3|
    |pca8_69_we0             |    9|          2|    1|          2|
    |pca8_6_address0         |   14|          3|    6|         18|
    |pca8_6_ce0              |   14|          3|    1|          3|
    |pca8_6_we0              |    9|          2|    1|          2|
    |pca8_70_address0        |   14|          3|    6|         18|
    |pca8_70_ce0             |   14|          3|    1|          3|
    |pca8_70_we0             |    9|          2|    1|          2|
    |pca8_71_address0        |   14|          3|    6|         18|
    |pca8_71_ce0             |   14|          3|    1|          3|
    |pca8_71_we0             |    9|          2|    1|          2|
    |pca8_72_address0        |   14|          3|    6|         18|
    |pca8_72_ce0             |   14|          3|    1|          3|
    |pca8_72_we0             |    9|          2|    1|          2|
    |pca8_73_address0        |   14|          3|    6|         18|
    |pca8_73_ce0             |   14|          3|    1|          3|
    |pca8_73_we0             |    9|          2|    1|          2|
    |pca8_74_address0        |   14|          3|    6|         18|
    |pca8_74_ce0             |   14|          3|    1|          3|
    |pca8_74_we0             |    9|          2|    1|          2|
    |pca8_75_address0        |   14|          3|    6|         18|
    |pca8_75_ce0             |   14|          3|    1|          3|
    |pca8_75_we0             |    9|          2|    1|          2|
    |pca8_76_address0        |   14|          3|    6|         18|
    |pca8_76_ce0             |   14|          3|    1|          3|
    |pca8_76_we0             |    9|          2|    1|          2|
    |pca8_77_address0        |   14|          3|    6|         18|
    |pca8_77_ce0             |   14|          3|    1|          3|
    |pca8_77_we0             |    9|          2|    1|          2|
    |pca8_78_address0        |   14|          3|    6|         18|
    |pca8_78_ce0             |   14|          3|    1|          3|
    |pca8_78_we0             |    9|          2|    1|          2|
    |pca8_79_address0        |   14|          3|    6|         18|
    |pca8_79_ce0             |   14|          3|    1|          3|
    |pca8_79_we0             |    9|          2|    1|          2|
    |pca8_7_address0         |   14|          3|    6|         18|
    |pca8_7_ce0              |   14|          3|    1|          3|
    |pca8_7_we0              |    9|          2|    1|          2|
    |pca8_80_address0        |   14|          3|    6|         18|
    |pca8_80_ce0             |   14|          3|    1|          3|
    |pca8_80_we0             |    9|          2|    1|          2|
    |pca8_81_address0        |   14|          3|    6|         18|
    |pca8_81_ce0             |   14|          3|    1|          3|
    |pca8_81_we0             |    9|          2|    1|          2|
    |pca8_82_address0        |   14|          3|    6|         18|
    |pca8_82_ce0             |   14|          3|    1|          3|
    |pca8_82_we0             |    9|          2|    1|          2|
    |pca8_83_address0        |   14|          3|    6|         18|
    |pca8_83_ce0             |   14|          3|    1|          3|
    |pca8_83_we0             |    9|          2|    1|          2|
    |pca8_84_address0        |   14|          3|    6|         18|
    |pca8_84_ce0             |   14|          3|    1|          3|
    |pca8_84_we0             |    9|          2|    1|          2|
    |pca8_85_address0        |   14|          3|    6|         18|
    |pca8_85_ce0             |   14|          3|    1|          3|
    |pca8_85_we0             |    9|          2|    1|          2|
    |pca8_86_address0        |   14|          3|    6|         18|
    |pca8_86_ce0             |   14|          3|    1|          3|
    |pca8_86_we0             |    9|          2|    1|          2|
    |pca8_87_address0        |   14|          3|    6|         18|
    |pca8_87_ce0             |   14|          3|    1|          3|
    |pca8_87_we0             |    9|          2|    1|          2|
    |pca8_88_address0        |   14|          3|    6|         18|
    |pca8_88_ce0             |   14|          3|    1|          3|
    |pca8_88_we0             |    9|          2|    1|          2|
    |pca8_89_address0        |   14|          3|    6|         18|
    |pca8_89_ce0             |   14|          3|    1|          3|
    |pca8_89_we0             |    9|          2|    1|          2|
    |pca8_8_address0         |   14|          3|    6|         18|
    |pca8_8_ce0              |   14|          3|    1|          3|
    |pca8_8_we0              |    9|          2|    1|          2|
    |pca8_90_address0        |   14|          3|    6|         18|
    |pca8_90_ce0             |   14|          3|    1|          3|
    |pca8_90_we0             |    9|          2|    1|          2|
    |pca8_91_address0        |   14|          3|    6|         18|
    |pca8_91_ce0             |   14|          3|    1|          3|
    |pca8_91_we0             |    9|          2|    1|          2|
    |pca8_92_address0        |   14|          3|    6|         18|
    |pca8_92_ce0             |   14|          3|    1|          3|
    |pca8_92_we0             |    9|          2|    1|          2|
    |pca8_93_address0        |   14|          3|    6|         18|
    |pca8_93_ce0             |   14|          3|    1|          3|
    |pca8_93_we0             |    9|          2|    1|          2|
    |pca8_94_address0        |   14|          3|    6|         18|
    |pca8_94_ce0             |   14|          3|    1|          3|
    |pca8_94_we0             |    9|          2|    1|          2|
    |pca8_95_address0        |   14|          3|    6|         18|
    |pca8_95_ce0             |   14|          3|    1|          3|
    |pca8_95_we0             |    9|          2|    1|          2|
    |pca8_96_address0        |   14|          3|    6|         18|
    |pca8_96_ce0             |   14|          3|    1|          3|
    |pca8_96_we0             |    9|          2|    1|          2|
    |pca8_97_address0        |   14|          3|    6|         18|
    |pca8_97_ce0             |   14|          3|    1|          3|
    |pca8_97_we0             |    9|          2|    1|          2|
    |pca8_98_address0        |   14|          3|    6|         18|
    |pca8_98_ce0             |   14|          3|    1|          3|
    |pca8_98_we0             |    9|          2|    1|          2|
    |pca8_99_address0        |   14|          3|    6|         18|
    |pca8_99_ce0             |   14|          3|    1|          3|
    |pca8_99_we0             |    9|          2|    1|          2|
    |pca8_9_address0         |   14|          3|    6|         18|
    |pca8_9_ce0              |   14|          3|    1|          3|
    |pca8_9_we0              |    9|          2|    1|          2|
    |pca8_address0           |   14|          3|    6|         18|
    |pca8_ce0                |   14|          3|    1|          3|
    |pca8_we0                |    9|          2|    1|          2|
    |srt_ord_100_ce0         |    9|          2|    1|          2|
    |srt_ord_100_ce1         |    9|          2|    1|          2|
    |srt_ord_100_we1         |    9|          2|    1|          2|
    |srt_ord_101_ce0         |    9|          2|    1|          2|
    |srt_ord_101_ce1         |    9|          2|    1|          2|
    |srt_ord_101_we1         |    9|          2|    1|          2|
    |srt_ord_102_ce0         |    9|          2|    1|          2|
    |srt_ord_102_ce1         |    9|          2|    1|          2|
    |srt_ord_102_we1         |    9|          2|    1|          2|
    |srt_ord_103_ce0         |    9|          2|    1|          2|
    |srt_ord_103_ce1         |    9|          2|    1|          2|
    |srt_ord_103_we1         |    9|          2|    1|          2|
    |srt_ord_104_ce0         |    9|          2|    1|          2|
    |srt_ord_104_ce1         |    9|          2|    1|          2|
    |srt_ord_104_we1         |    9|          2|    1|          2|
    |srt_ord_105_ce0         |    9|          2|    1|          2|
    |srt_ord_105_ce1         |    9|          2|    1|          2|
    |srt_ord_105_we1         |    9|          2|    1|          2|
    |srt_ord_106_ce0         |    9|          2|    1|          2|
    |srt_ord_106_ce1         |    9|          2|    1|          2|
    |srt_ord_106_we1         |    9|          2|    1|          2|
    |srt_ord_107_ce0         |    9|          2|    1|          2|
    |srt_ord_107_ce1         |    9|          2|    1|          2|
    |srt_ord_107_we1         |    9|          2|    1|          2|
    |srt_ord_108_ce0         |    9|          2|    1|          2|
    |srt_ord_108_ce1         |    9|          2|    1|          2|
    |srt_ord_108_we1         |    9|          2|    1|          2|
    |srt_ord_109_ce0         |    9|          2|    1|          2|
    |srt_ord_109_ce1         |    9|          2|    1|          2|
    |srt_ord_109_we1         |    9|          2|    1|          2|
    |srt_ord_10_ce0          |    9|          2|    1|          2|
    |srt_ord_10_ce1          |    9|          2|    1|          2|
    |srt_ord_10_we1          |    9|          2|    1|          2|
    |srt_ord_110_ce0         |    9|          2|    1|          2|
    |srt_ord_110_ce1         |    9|          2|    1|          2|
    |srt_ord_110_we1         |    9|          2|    1|          2|
    |srt_ord_111_ce0         |    9|          2|    1|          2|
    |srt_ord_111_ce1         |    9|          2|    1|          2|
    |srt_ord_111_we1         |    9|          2|    1|          2|
    |srt_ord_112_ce0         |    9|          2|    1|          2|
    |srt_ord_112_ce1         |    9|          2|    1|          2|
    |srt_ord_112_we1         |    9|          2|    1|          2|
    |srt_ord_113_ce0         |    9|          2|    1|          2|
    |srt_ord_113_ce1         |    9|          2|    1|          2|
    |srt_ord_113_we1         |    9|          2|    1|          2|
    |srt_ord_114_ce0         |    9|          2|    1|          2|
    |srt_ord_114_ce1         |    9|          2|    1|          2|
    |srt_ord_114_we1         |    9|          2|    1|          2|
    |srt_ord_115_ce0         |    9|          2|    1|          2|
    |srt_ord_115_ce1         |    9|          2|    1|          2|
    |srt_ord_115_we1         |    9|          2|    1|          2|
    |srt_ord_116_ce0         |    9|          2|    1|          2|
    |srt_ord_116_ce1         |    9|          2|    1|          2|
    |srt_ord_116_we1         |    9|          2|    1|          2|
    |srt_ord_117_ce0         |    9|          2|    1|          2|
    |srt_ord_117_ce1         |    9|          2|    1|          2|
    |srt_ord_117_we1         |    9|          2|    1|          2|
    |srt_ord_118_ce0         |    9|          2|    1|          2|
    |srt_ord_118_ce1         |    9|          2|    1|          2|
    |srt_ord_118_we1         |    9|          2|    1|          2|
    |srt_ord_119_ce0         |    9|          2|    1|          2|
    |srt_ord_119_ce1         |    9|          2|    1|          2|
    |srt_ord_119_we1         |    9|          2|    1|          2|
    |srt_ord_11_ce0          |    9|          2|    1|          2|
    |srt_ord_11_ce1          |    9|          2|    1|          2|
    |srt_ord_11_we1          |    9|          2|    1|          2|
    |srt_ord_120_ce0         |    9|          2|    1|          2|
    |srt_ord_120_ce1         |    9|          2|    1|          2|
    |srt_ord_120_we1         |    9|          2|    1|          2|
    |srt_ord_121_ce0         |    9|          2|    1|          2|
    |srt_ord_121_ce1         |    9|          2|    1|          2|
    |srt_ord_121_we1         |    9|          2|    1|          2|
    |srt_ord_122_ce0         |    9|          2|    1|          2|
    |srt_ord_122_ce1         |    9|          2|    1|          2|
    |srt_ord_122_we1         |    9|          2|    1|          2|
    |srt_ord_123_ce0         |    9|          2|    1|          2|
    |srt_ord_123_ce1         |    9|          2|    1|          2|
    |srt_ord_123_we1         |    9|          2|    1|          2|
    |srt_ord_124_ce0         |    9|          2|    1|          2|
    |srt_ord_124_ce1         |    9|          2|    1|          2|
    |srt_ord_124_we1         |    9|          2|    1|          2|
    |srt_ord_125_ce0         |    9|          2|    1|          2|
    |srt_ord_125_ce1         |    9|          2|    1|          2|
    |srt_ord_125_we1         |    9|          2|    1|          2|
    |srt_ord_126_ce0         |    9|          2|    1|          2|
    |srt_ord_126_ce1         |    9|          2|    1|          2|
    |srt_ord_126_we1         |    9|          2|    1|          2|
    |srt_ord_127_ce0         |    9|          2|    1|          2|
    |srt_ord_127_ce1         |    9|          2|    1|          2|
    |srt_ord_127_we1         |    9|          2|    1|          2|
    |srt_ord_128_ce0         |    9|          2|    1|          2|
    |srt_ord_128_ce1         |    9|          2|    1|          2|
    |srt_ord_128_we1         |    9|          2|    1|          2|
    |srt_ord_129_ce0         |    9|          2|    1|          2|
    |srt_ord_129_ce1         |    9|          2|    1|          2|
    |srt_ord_129_we1         |    9|          2|    1|          2|
    |srt_ord_12_ce0          |    9|          2|    1|          2|
    |srt_ord_12_ce1          |    9|          2|    1|          2|
    |srt_ord_12_we1          |    9|          2|    1|          2|
    |srt_ord_130_ce0         |    9|          2|    1|          2|
    |srt_ord_130_ce1         |    9|          2|    1|          2|
    |srt_ord_130_we1         |    9|          2|    1|          2|
    |srt_ord_131_ce0         |    9|          2|    1|          2|
    |srt_ord_131_ce1         |    9|          2|    1|          2|
    |srt_ord_131_we1         |    9|          2|    1|          2|
    |srt_ord_132_ce0         |    9|          2|    1|          2|
    |srt_ord_132_ce1         |    9|          2|    1|          2|
    |srt_ord_132_we1         |    9|          2|    1|          2|
    |srt_ord_133_ce0         |    9|          2|    1|          2|
    |srt_ord_133_ce1         |    9|          2|    1|          2|
    |srt_ord_133_we1         |    9|          2|    1|          2|
    |srt_ord_134_ce0         |    9|          2|    1|          2|
    |srt_ord_134_ce1         |    9|          2|    1|          2|
    |srt_ord_134_we1         |    9|          2|    1|          2|
    |srt_ord_135_ce0         |    9|          2|    1|          2|
    |srt_ord_135_ce1         |    9|          2|    1|          2|
    |srt_ord_135_we1         |    9|          2|    1|          2|
    |srt_ord_136_ce0         |    9|          2|    1|          2|
    |srt_ord_136_ce1         |    9|          2|    1|          2|
    |srt_ord_136_we1         |    9|          2|    1|          2|
    |srt_ord_137_ce0         |    9|          2|    1|          2|
    |srt_ord_137_ce1         |    9|          2|    1|          2|
    |srt_ord_137_we1         |    9|          2|    1|          2|
    |srt_ord_138_ce0         |    9|          2|    1|          2|
    |srt_ord_138_ce1         |    9|          2|    1|          2|
    |srt_ord_138_we1         |    9|          2|    1|          2|
    |srt_ord_139_ce0         |    9|          2|    1|          2|
    |srt_ord_139_ce1         |    9|          2|    1|          2|
    |srt_ord_139_we1         |    9|          2|    1|          2|
    |srt_ord_13_ce0          |    9|          2|    1|          2|
    |srt_ord_13_ce1          |    9|          2|    1|          2|
    |srt_ord_13_we1          |    9|          2|    1|          2|
    |srt_ord_140_ce0         |    9|          2|    1|          2|
    |srt_ord_140_ce1         |    9|          2|    1|          2|
    |srt_ord_140_we1         |    9|          2|    1|          2|
    |srt_ord_141_ce0         |    9|          2|    1|          2|
    |srt_ord_141_ce1         |    9|          2|    1|          2|
    |srt_ord_141_we1         |    9|          2|    1|          2|
    |srt_ord_142_ce0         |    9|          2|    1|          2|
    |srt_ord_142_ce1         |    9|          2|    1|          2|
    |srt_ord_142_we1         |    9|          2|    1|          2|
    |srt_ord_143_ce0         |    9|          2|    1|          2|
    |srt_ord_143_ce1         |    9|          2|    1|          2|
    |srt_ord_143_we1         |    9|          2|    1|          2|
    |srt_ord_144_ce0         |    9|          2|    1|          2|
    |srt_ord_144_ce1         |    9|          2|    1|          2|
    |srt_ord_144_we1         |    9|          2|    1|          2|
    |srt_ord_145_ce0         |    9|          2|    1|          2|
    |srt_ord_145_ce1         |    9|          2|    1|          2|
    |srt_ord_145_we1         |    9|          2|    1|          2|
    |srt_ord_146_ce0         |    9|          2|    1|          2|
    |srt_ord_146_ce1         |    9|          2|    1|          2|
    |srt_ord_146_we1         |    9|          2|    1|          2|
    |srt_ord_147_ce0         |    9|          2|    1|          2|
    |srt_ord_147_ce1         |    9|          2|    1|          2|
    |srt_ord_147_we1         |    9|          2|    1|          2|
    |srt_ord_148_ce0         |    9|          2|    1|          2|
    |srt_ord_148_ce1         |    9|          2|    1|          2|
    |srt_ord_148_we1         |    9|          2|    1|          2|
    |srt_ord_149_ce0         |    9|          2|    1|          2|
    |srt_ord_149_ce1         |    9|          2|    1|          2|
    |srt_ord_149_we1         |    9|          2|    1|          2|
    |srt_ord_14_ce0          |    9|          2|    1|          2|
    |srt_ord_14_ce1          |    9|          2|    1|          2|
    |srt_ord_14_we1          |    9|          2|    1|          2|
    |srt_ord_150_ce0         |    9|          2|    1|          2|
    |srt_ord_150_ce1         |    9|          2|    1|          2|
    |srt_ord_150_we1         |    9|          2|    1|          2|
    |srt_ord_151_ce0         |    9|          2|    1|          2|
    |srt_ord_151_ce1         |    9|          2|    1|          2|
    |srt_ord_151_we1         |    9|          2|    1|          2|
    |srt_ord_152_ce0         |    9|          2|    1|          2|
    |srt_ord_152_ce1         |    9|          2|    1|          2|
    |srt_ord_152_we1         |    9|          2|    1|          2|
    |srt_ord_153_ce0         |    9|          2|    1|          2|
    |srt_ord_153_ce1         |    9|          2|    1|          2|
    |srt_ord_153_we1         |    9|          2|    1|          2|
    |srt_ord_154_ce0         |    9|          2|    1|          2|
    |srt_ord_154_ce1         |    9|          2|    1|          2|
    |srt_ord_154_we1         |    9|          2|    1|          2|
    |srt_ord_155_ce0         |    9|          2|    1|          2|
    |srt_ord_155_ce1         |    9|          2|    1|          2|
    |srt_ord_155_we1         |    9|          2|    1|          2|
    |srt_ord_156_ce0         |    9|          2|    1|          2|
    |srt_ord_156_ce1         |    9|          2|    1|          2|
    |srt_ord_156_we1         |    9|          2|    1|          2|
    |srt_ord_157_ce0         |    9|          2|    1|          2|
    |srt_ord_157_ce1         |    9|          2|    1|          2|
    |srt_ord_157_we1         |    9|          2|    1|          2|
    |srt_ord_158_ce0         |    9|          2|    1|          2|
    |srt_ord_158_ce1         |    9|          2|    1|          2|
    |srt_ord_158_we1         |    9|          2|    1|          2|
    |srt_ord_159_ce0         |    9|          2|    1|          2|
    |srt_ord_159_ce1         |    9|          2|    1|          2|
    |srt_ord_159_we1         |    9|          2|    1|          2|
    |srt_ord_15_ce0          |    9|          2|    1|          2|
    |srt_ord_15_ce1          |    9|          2|    1|          2|
    |srt_ord_15_we1          |    9|          2|    1|          2|
    |srt_ord_160_ce0         |    9|          2|    1|          2|
    |srt_ord_160_ce1         |    9|          2|    1|          2|
    |srt_ord_160_we1         |    9|          2|    1|          2|
    |srt_ord_161_ce0         |    9|          2|    1|          2|
    |srt_ord_161_ce1         |    9|          2|    1|          2|
    |srt_ord_161_we1         |    9|          2|    1|          2|
    |srt_ord_162_ce0         |    9|          2|    1|          2|
    |srt_ord_162_ce1         |    9|          2|    1|          2|
    |srt_ord_162_we1         |    9|          2|    1|          2|
    |srt_ord_163_ce0         |    9|          2|    1|          2|
    |srt_ord_163_ce1         |    9|          2|    1|          2|
    |srt_ord_163_we1         |    9|          2|    1|          2|
    |srt_ord_164_ce0         |    9|          2|    1|          2|
    |srt_ord_164_ce1         |    9|          2|    1|          2|
    |srt_ord_164_we1         |    9|          2|    1|          2|
    |srt_ord_165_ce0         |    9|          2|    1|          2|
    |srt_ord_165_ce1         |    9|          2|    1|          2|
    |srt_ord_165_we1         |    9|          2|    1|          2|
    |srt_ord_166_ce0         |    9|          2|    1|          2|
    |srt_ord_166_ce1         |    9|          2|    1|          2|
    |srt_ord_166_we1         |    9|          2|    1|          2|
    |srt_ord_167_ce0         |    9|          2|    1|          2|
    |srt_ord_167_ce1         |    9|          2|    1|          2|
    |srt_ord_167_we1         |    9|          2|    1|          2|
    |srt_ord_168_ce0         |    9|          2|    1|          2|
    |srt_ord_168_ce1         |    9|          2|    1|          2|
    |srt_ord_168_we1         |    9|          2|    1|          2|
    |srt_ord_169_ce0         |    9|          2|    1|          2|
    |srt_ord_169_ce1         |    9|          2|    1|          2|
    |srt_ord_169_we1         |    9|          2|    1|          2|
    |srt_ord_16_ce0          |    9|          2|    1|          2|
    |srt_ord_16_ce1          |    9|          2|    1|          2|
    |srt_ord_16_we1          |    9|          2|    1|          2|
    |srt_ord_170_ce0         |    9|          2|    1|          2|
    |srt_ord_170_ce1         |    9|          2|    1|          2|
    |srt_ord_170_we1         |    9|          2|    1|          2|
    |srt_ord_171_ce0         |    9|          2|    1|          2|
    |srt_ord_171_ce1         |    9|          2|    1|          2|
    |srt_ord_171_we1         |    9|          2|    1|          2|
    |srt_ord_172_ce0         |    9|          2|    1|          2|
    |srt_ord_172_ce1         |    9|          2|    1|          2|
    |srt_ord_172_we1         |    9|          2|    1|          2|
    |srt_ord_173_ce0         |    9|          2|    1|          2|
    |srt_ord_173_ce1         |    9|          2|    1|          2|
    |srt_ord_173_we1         |    9|          2|    1|          2|
    |srt_ord_174_ce0         |    9|          2|    1|          2|
    |srt_ord_174_ce1         |    9|          2|    1|          2|
    |srt_ord_174_we1         |    9|          2|    1|          2|
    |srt_ord_175_ce0         |    9|          2|    1|          2|
    |srt_ord_175_ce1         |    9|          2|    1|          2|
    |srt_ord_175_we1         |    9|          2|    1|          2|
    |srt_ord_176_ce0         |    9|          2|    1|          2|
    |srt_ord_176_ce1         |    9|          2|    1|          2|
    |srt_ord_176_we1         |    9|          2|    1|          2|
    |srt_ord_177_ce0         |    9|          2|    1|          2|
    |srt_ord_177_ce1         |    9|          2|    1|          2|
    |srt_ord_177_we1         |    9|          2|    1|          2|
    |srt_ord_178_ce0         |    9|          2|    1|          2|
    |srt_ord_178_ce1         |    9|          2|    1|          2|
    |srt_ord_178_we1         |    9|          2|    1|          2|
    |srt_ord_179_ce0         |    9|          2|    1|          2|
    |srt_ord_179_ce1         |    9|          2|    1|          2|
    |srt_ord_179_we1         |    9|          2|    1|          2|
    |srt_ord_17_ce0          |    9|          2|    1|          2|
    |srt_ord_17_ce1          |    9|          2|    1|          2|
    |srt_ord_17_we1          |    9|          2|    1|          2|
    |srt_ord_180_ce0         |    9|          2|    1|          2|
    |srt_ord_180_ce1         |    9|          2|    1|          2|
    |srt_ord_180_we1         |    9|          2|    1|          2|
    |srt_ord_181_ce0         |    9|          2|    1|          2|
    |srt_ord_181_ce1         |    9|          2|    1|          2|
    |srt_ord_181_we1         |    9|          2|    1|          2|
    |srt_ord_182_ce0         |    9|          2|    1|          2|
    |srt_ord_182_ce1         |    9|          2|    1|          2|
    |srt_ord_182_we1         |    9|          2|    1|          2|
    |srt_ord_183_ce0         |    9|          2|    1|          2|
    |srt_ord_183_ce1         |    9|          2|    1|          2|
    |srt_ord_183_we1         |    9|          2|    1|          2|
    |srt_ord_184_ce0         |    9|          2|    1|          2|
    |srt_ord_184_ce1         |    9|          2|    1|          2|
    |srt_ord_184_we1         |    9|          2|    1|          2|
    |srt_ord_185_ce0         |    9|          2|    1|          2|
    |srt_ord_185_ce1         |    9|          2|    1|          2|
    |srt_ord_185_we1         |    9|          2|    1|          2|
    |srt_ord_186_ce0         |    9|          2|    1|          2|
    |srt_ord_186_ce1         |    9|          2|    1|          2|
    |srt_ord_186_we1         |    9|          2|    1|          2|
    |srt_ord_187_ce0         |    9|          2|    1|          2|
    |srt_ord_187_ce1         |    9|          2|    1|          2|
    |srt_ord_187_we1         |    9|          2|    1|          2|
    |srt_ord_188_ce0         |    9|          2|    1|          2|
    |srt_ord_188_ce1         |    9|          2|    1|          2|
    |srt_ord_188_we1         |    9|          2|    1|          2|
    |srt_ord_189_ce0         |    9|          2|    1|          2|
    |srt_ord_189_ce1         |    9|          2|    1|          2|
    |srt_ord_189_we1         |    9|          2|    1|          2|
    |srt_ord_18_ce0          |    9|          2|    1|          2|
    |srt_ord_18_ce1          |    9|          2|    1|          2|
    |srt_ord_18_we1          |    9|          2|    1|          2|
    |srt_ord_190_ce0         |    9|          2|    1|          2|
    |srt_ord_190_ce1         |    9|          2|    1|          2|
    |srt_ord_190_we1         |    9|          2|    1|          2|
    |srt_ord_191_ce0         |    9|          2|    1|          2|
    |srt_ord_191_ce1         |    9|          2|    1|          2|
    |srt_ord_191_we1         |    9|          2|    1|          2|
    |srt_ord_192_ce0         |    9|          2|    1|          2|
    |srt_ord_192_ce1         |    9|          2|    1|          2|
    |srt_ord_192_we1         |    9|          2|    1|          2|
    |srt_ord_193_ce0         |    9|          2|    1|          2|
    |srt_ord_193_ce1         |    9|          2|    1|          2|
    |srt_ord_193_we1         |    9|          2|    1|          2|
    |srt_ord_194_ce0         |    9|          2|    1|          2|
    |srt_ord_194_ce1         |    9|          2|    1|          2|
    |srt_ord_194_we1         |    9|          2|    1|          2|
    |srt_ord_195_ce0         |    9|          2|    1|          2|
    |srt_ord_195_ce1         |    9|          2|    1|          2|
    |srt_ord_195_we1         |    9|          2|    1|          2|
    |srt_ord_196_ce0         |    9|          2|    1|          2|
    |srt_ord_196_ce1         |    9|          2|    1|          2|
    |srt_ord_196_we1         |    9|          2|    1|          2|
    |srt_ord_197_ce0         |    9|          2|    1|          2|
    |srt_ord_197_ce1         |    9|          2|    1|          2|
    |srt_ord_197_we1         |    9|          2|    1|          2|
    |srt_ord_198_ce0         |    9|          2|    1|          2|
    |srt_ord_198_ce1         |    9|          2|    1|          2|
    |srt_ord_198_we1         |    9|          2|    1|          2|
    |srt_ord_199_ce0         |    9|          2|    1|          2|
    |srt_ord_199_ce1         |    9|          2|    1|          2|
    |srt_ord_199_we1         |    9|          2|    1|          2|
    |srt_ord_19_ce0          |    9|          2|    1|          2|
    |srt_ord_19_ce1          |    9|          2|    1|          2|
    |srt_ord_19_we1          |    9|          2|    1|          2|
    |srt_ord_1_ce0           |    9|          2|    1|          2|
    |srt_ord_1_ce1           |    9|          2|    1|          2|
    |srt_ord_1_we1           |    9|          2|    1|          2|
    |srt_ord_200_ce0         |    9|          2|    1|          2|
    |srt_ord_200_ce1         |    9|          2|    1|          2|
    |srt_ord_200_we1         |    9|          2|    1|          2|
    |srt_ord_201_ce0         |    9|          2|    1|          2|
    |srt_ord_201_ce1         |    9|          2|    1|          2|
    |srt_ord_201_we1         |    9|          2|    1|          2|
    |srt_ord_202_ce0         |    9|          2|    1|          2|
    |srt_ord_202_ce1         |    9|          2|    1|          2|
    |srt_ord_202_we1         |    9|          2|    1|          2|
    |srt_ord_203_ce0         |    9|          2|    1|          2|
    |srt_ord_203_ce1         |    9|          2|    1|          2|
    |srt_ord_203_we1         |    9|          2|    1|          2|
    |srt_ord_204_ce0         |    9|          2|    1|          2|
    |srt_ord_204_ce1         |    9|          2|    1|          2|
    |srt_ord_204_we1         |    9|          2|    1|          2|
    |srt_ord_205_ce0         |    9|          2|    1|          2|
    |srt_ord_205_ce1         |    9|          2|    1|          2|
    |srt_ord_205_we1         |    9|          2|    1|          2|
    |srt_ord_206_ce0         |    9|          2|    1|          2|
    |srt_ord_206_ce1         |    9|          2|    1|          2|
    |srt_ord_206_we1         |    9|          2|    1|          2|
    |srt_ord_207_ce0         |    9|          2|    1|          2|
    |srt_ord_207_ce1         |    9|          2|    1|          2|
    |srt_ord_207_we1         |    9|          2|    1|          2|
    |srt_ord_208_ce0         |    9|          2|    1|          2|
    |srt_ord_208_ce1         |    9|          2|    1|          2|
    |srt_ord_208_we1         |    9|          2|    1|          2|
    |srt_ord_209_ce0         |    9|          2|    1|          2|
    |srt_ord_209_ce1         |    9|          2|    1|          2|
    |srt_ord_209_we1         |    9|          2|    1|          2|
    |srt_ord_20_ce0          |    9|          2|    1|          2|
    |srt_ord_20_ce1          |    9|          2|    1|          2|
    |srt_ord_20_we1          |    9|          2|    1|          2|
    |srt_ord_210_ce0         |    9|          2|    1|          2|
    |srt_ord_210_ce1         |    9|          2|    1|          2|
    |srt_ord_210_we1         |    9|          2|    1|          2|
    |srt_ord_211_ce0         |    9|          2|    1|          2|
    |srt_ord_211_ce1         |    9|          2|    1|          2|
    |srt_ord_211_we1         |    9|          2|    1|          2|
    |srt_ord_212_ce0         |    9|          2|    1|          2|
    |srt_ord_212_ce1         |    9|          2|    1|          2|
    |srt_ord_212_we1         |    9|          2|    1|          2|
    |srt_ord_213_ce0         |    9|          2|    1|          2|
    |srt_ord_213_ce1         |    9|          2|    1|          2|
    |srt_ord_213_we1         |    9|          2|    1|          2|
    |srt_ord_214_ce0         |    9|          2|    1|          2|
    |srt_ord_214_ce1         |    9|          2|    1|          2|
    |srt_ord_214_we1         |    9|          2|    1|          2|
    |srt_ord_215_ce0         |    9|          2|    1|          2|
    |srt_ord_215_ce1         |    9|          2|    1|          2|
    |srt_ord_215_we1         |    9|          2|    1|          2|
    |srt_ord_216_ce0         |    9|          2|    1|          2|
    |srt_ord_216_ce1         |    9|          2|    1|          2|
    |srt_ord_216_we1         |    9|          2|    1|          2|
    |srt_ord_217_ce0         |    9|          2|    1|          2|
    |srt_ord_217_ce1         |    9|          2|    1|          2|
    |srt_ord_217_we1         |    9|          2|    1|          2|
    |srt_ord_218_ce0         |    9|          2|    1|          2|
    |srt_ord_218_ce1         |    9|          2|    1|          2|
    |srt_ord_218_we1         |    9|          2|    1|          2|
    |srt_ord_219_ce0         |    9|          2|    1|          2|
    |srt_ord_219_ce1         |    9|          2|    1|          2|
    |srt_ord_219_we1         |    9|          2|    1|          2|
    |srt_ord_21_ce0          |    9|          2|    1|          2|
    |srt_ord_21_ce1          |    9|          2|    1|          2|
    |srt_ord_21_we1          |    9|          2|    1|          2|
    |srt_ord_220_ce0         |    9|          2|    1|          2|
    |srt_ord_220_ce1         |    9|          2|    1|          2|
    |srt_ord_220_we1         |    9|          2|    1|          2|
    |srt_ord_221_ce0         |    9|          2|    1|          2|
    |srt_ord_221_ce1         |    9|          2|    1|          2|
    |srt_ord_221_we1         |    9|          2|    1|          2|
    |srt_ord_222_ce0         |    9|          2|    1|          2|
    |srt_ord_222_ce1         |    9|          2|    1|          2|
    |srt_ord_222_we1         |    9|          2|    1|          2|
    |srt_ord_223_ce0         |    9|          2|    1|          2|
    |srt_ord_223_ce1         |    9|          2|    1|          2|
    |srt_ord_223_we1         |    9|          2|    1|          2|
    |srt_ord_224_ce0         |    9|          2|    1|          2|
    |srt_ord_224_ce1         |    9|          2|    1|          2|
    |srt_ord_224_we1         |    9|          2|    1|          2|
    |srt_ord_22_ce0          |    9|          2|    1|          2|
    |srt_ord_22_ce1          |    9|          2|    1|          2|
    |srt_ord_22_we1          |    9|          2|    1|          2|
    |srt_ord_23_ce0          |    9|          2|    1|          2|
    |srt_ord_23_ce1          |    9|          2|    1|          2|
    |srt_ord_23_we1          |    9|          2|    1|          2|
    |srt_ord_24_ce0          |    9|          2|    1|          2|
    |srt_ord_24_ce1          |    9|          2|    1|          2|
    |srt_ord_24_we1          |    9|          2|    1|          2|
    |srt_ord_25_ce0          |    9|          2|    1|          2|
    |srt_ord_25_ce1          |    9|          2|    1|          2|
    |srt_ord_25_we1          |    9|          2|    1|          2|
    |srt_ord_26_ce0          |    9|          2|    1|          2|
    |srt_ord_26_ce1          |    9|          2|    1|          2|
    |srt_ord_26_we1          |    9|          2|    1|          2|
    |srt_ord_27_ce0          |    9|          2|    1|          2|
    |srt_ord_27_ce1          |    9|          2|    1|          2|
    |srt_ord_27_we1          |    9|          2|    1|          2|
    |srt_ord_28_ce0          |    9|          2|    1|          2|
    |srt_ord_28_ce1          |    9|          2|    1|          2|
    |srt_ord_28_we1          |    9|          2|    1|          2|
    |srt_ord_29_ce0          |    9|          2|    1|          2|
    |srt_ord_29_ce1          |    9|          2|    1|          2|
    |srt_ord_29_we1          |    9|          2|    1|          2|
    |srt_ord_2_ce0           |    9|          2|    1|          2|
    |srt_ord_2_ce1           |    9|          2|    1|          2|
    |srt_ord_2_we1           |    9|          2|    1|          2|
    |srt_ord_30_ce0          |    9|          2|    1|          2|
    |srt_ord_30_ce1          |    9|          2|    1|          2|
    |srt_ord_30_we1          |    9|          2|    1|          2|
    |srt_ord_31_ce0          |    9|          2|    1|          2|
    |srt_ord_31_ce1          |    9|          2|    1|          2|
    |srt_ord_31_we1          |    9|          2|    1|          2|
    |srt_ord_32_ce0          |    9|          2|    1|          2|
    |srt_ord_32_ce1          |    9|          2|    1|          2|
    |srt_ord_32_we1          |    9|          2|    1|          2|
    |srt_ord_33_ce0          |    9|          2|    1|          2|
    |srt_ord_33_ce1          |    9|          2|    1|          2|
    |srt_ord_33_we1          |    9|          2|    1|          2|
    |srt_ord_34_ce0          |    9|          2|    1|          2|
    |srt_ord_34_ce1          |    9|          2|    1|          2|
    |srt_ord_34_we1          |    9|          2|    1|          2|
    |srt_ord_35_ce0          |    9|          2|    1|          2|
    |srt_ord_35_ce1          |    9|          2|    1|          2|
    |srt_ord_35_we1          |    9|          2|    1|          2|
    |srt_ord_36_ce0          |    9|          2|    1|          2|
    |srt_ord_36_ce1          |    9|          2|    1|          2|
    |srt_ord_36_we1          |    9|          2|    1|          2|
    |srt_ord_37_ce0          |    9|          2|    1|          2|
    |srt_ord_37_ce1          |    9|          2|    1|          2|
    |srt_ord_37_we1          |    9|          2|    1|          2|
    |srt_ord_38_ce0          |    9|          2|    1|          2|
    |srt_ord_38_ce1          |    9|          2|    1|          2|
    |srt_ord_38_we1          |    9|          2|    1|          2|
    |srt_ord_39_ce0          |    9|          2|    1|          2|
    |srt_ord_39_ce1          |    9|          2|    1|          2|
    |srt_ord_39_we1          |    9|          2|    1|          2|
    |srt_ord_3_ce0           |    9|          2|    1|          2|
    |srt_ord_3_ce1           |    9|          2|    1|          2|
    |srt_ord_3_we1           |    9|          2|    1|          2|
    |srt_ord_40_ce0          |    9|          2|    1|          2|
    |srt_ord_40_ce1          |    9|          2|    1|          2|
    |srt_ord_40_we1          |    9|          2|    1|          2|
    |srt_ord_41_ce0          |    9|          2|    1|          2|
    |srt_ord_41_ce1          |    9|          2|    1|          2|
    |srt_ord_41_we1          |    9|          2|    1|          2|
    |srt_ord_42_ce0          |    9|          2|    1|          2|
    |srt_ord_42_ce1          |    9|          2|    1|          2|
    |srt_ord_42_we1          |    9|          2|    1|          2|
    |srt_ord_43_ce0          |    9|          2|    1|          2|
    |srt_ord_43_ce1          |    9|          2|    1|          2|
    |srt_ord_43_we1          |    9|          2|    1|          2|
    |srt_ord_44_ce0          |    9|          2|    1|          2|
    |srt_ord_44_ce1          |    9|          2|    1|          2|
    |srt_ord_44_we1          |    9|          2|    1|          2|
    |srt_ord_45_ce0          |    9|          2|    1|          2|
    |srt_ord_45_ce1          |    9|          2|    1|          2|
    |srt_ord_45_we1          |    9|          2|    1|          2|
    |srt_ord_46_ce0          |    9|          2|    1|          2|
    |srt_ord_46_ce1          |    9|          2|    1|          2|
    |srt_ord_46_we1          |    9|          2|    1|          2|
    |srt_ord_47_ce0          |    9|          2|    1|          2|
    |srt_ord_47_ce1          |    9|          2|    1|          2|
    |srt_ord_47_we1          |    9|          2|    1|          2|
    |srt_ord_48_ce0          |    9|          2|    1|          2|
    |srt_ord_48_ce1          |    9|          2|    1|          2|
    |srt_ord_48_we1          |    9|          2|    1|          2|
    |srt_ord_49_ce0          |    9|          2|    1|          2|
    |srt_ord_49_ce1          |    9|          2|    1|          2|
    |srt_ord_49_we1          |    9|          2|    1|          2|
    |srt_ord_4_ce0           |    9|          2|    1|          2|
    |srt_ord_4_ce1           |    9|          2|    1|          2|
    |srt_ord_4_we1           |    9|          2|    1|          2|
    |srt_ord_50_ce0          |    9|          2|    1|          2|
    |srt_ord_50_ce1          |    9|          2|    1|          2|
    |srt_ord_50_we1          |    9|          2|    1|          2|
    |srt_ord_51_ce0          |    9|          2|    1|          2|
    |srt_ord_51_ce1          |    9|          2|    1|          2|
    |srt_ord_51_we1          |    9|          2|    1|          2|
    |srt_ord_52_ce0          |    9|          2|    1|          2|
    |srt_ord_52_ce1          |    9|          2|    1|          2|
    |srt_ord_52_we1          |    9|          2|    1|          2|
    |srt_ord_53_ce0          |    9|          2|    1|          2|
    |srt_ord_53_ce1          |    9|          2|    1|          2|
    |srt_ord_53_we1          |    9|          2|    1|          2|
    |srt_ord_54_ce0          |    9|          2|    1|          2|
    |srt_ord_54_ce1          |    9|          2|    1|          2|
    |srt_ord_54_we1          |    9|          2|    1|          2|
    |srt_ord_55_ce0          |    9|          2|    1|          2|
    |srt_ord_55_ce1          |    9|          2|    1|          2|
    |srt_ord_55_we1          |    9|          2|    1|          2|
    |srt_ord_56_ce0          |    9|          2|    1|          2|
    |srt_ord_56_ce1          |    9|          2|    1|          2|
    |srt_ord_56_we1          |    9|          2|    1|          2|
    |srt_ord_57_ce0          |    9|          2|    1|          2|
    |srt_ord_57_ce1          |    9|          2|    1|          2|
    |srt_ord_57_we1          |    9|          2|    1|          2|
    |srt_ord_58_ce0          |    9|          2|    1|          2|
    |srt_ord_58_ce1          |    9|          2|    1|          2|
    |srt_ord_58_we1          |    9|          2|    1|          2|
    |srt_ord_59_ce0          |    9|          2|    1|          2|
    |srt_ord_59_ce1          |    9|          2|    1|          2|
    |srt_ord_59_we1          |    9|          2|    1|          2|
    |srt_ord_5_ce0           |    9|          2|    1|          2|
    |srt_ord_5_ce1           |    9|          2|    1|          2|
    |srt_ord_5_we1           |    9|          2|    1|          2|
    |srt_ord_60_ce0          |    9|          2|    1|          2|
    |srt_ord_60_ce1          |    9|          2|    1|          2|
    |srt_ord_60_we1          |    9|          2|    1|          2|
    |srt_ord_61_ce0          |    9|          2|    1|          2|
    |srt_ord_61_ce1          |    9|          2|    1|          2|
    |srt_ord_61_we1          |    9|          2|    1|          2|
    |srt_ord_62_ce0          |    9|          2|    1|          2|
    |srt_ord_62_ce1          |    9|          2|    1|          2|
    |srt_ord_62_we1          |    9|          2|    1|          2|
    |srt_ord_63_ce0          |    9|          2|    1|          2|
    |srt_ord_63_ce1          |    9|          2|    1|          2|
    |srt_ord_63_we1          |    9|          2|    1|          2|
    |srt_ord_64_ce0          |    9|          2|    1|          2|
    |srt_ord_64_ce1          |    9|          2|    1|          2|
    |srt_ord_64_we1          |    9|          2|    1|          2|
    |srt_ord_65_ce0          |    9|          2|    1|          2|
    |srt_ord_65_ce1          |    9|          2|    1|          2|
    |srt_ord_65_we1          |    9|          2|    1|          2|
    |srt_ord_66_ce0          |    9|          2|    1|          2|
    |srt_ord_66_ce1          |    9|          2|    1|          2|
    |srt_ord_66_we1          |    9|          2|    1|          2|
    |srt_ord_67_ce0          |    9|          2|    1|          2|
    |srt_ord_67_ce1          |    9|          2|    1|          2|
    |srt_ord_67_we1          |    9|          2|    1|          2|
    |srt_ord_68_ce0          |    9|          2|    1|          2|
    |srt_ord_68_ce1          |    9|          2|    1|          2|
    |srt_ord_68_we1          |    9|          2|    1|          2|
    |srt_ord_69_ce0          |    9|          2|    1|          2|
    |srt_ord_69_ce1          |    9|          2|    1|          2|
    |srt_ord_69_we1          |    9|          2|    1|          2|
    |srt_ord_6_ce0           |    9|          2|    1|          2|
    |srt_ord_6_ce1           |    9|          2|    1|          2|
    |srt_ord_6_we1           |    9|          2|    1|          2|
    |srt_ord_70_ce0          |    9|          2|    1|          2|
    |srt_ord_70_ce1          |    9|          2|    1|          2|
    |srt_ord_70_we1          |    9|          2|    1|          2|
    |srt_ord_71_ce0          |    9|          2|    1|          2|
    |srt_ord_71_ce1          |    9|          2|    1|          2|
    |srt_ord_71_we1          |    9|          2|    1|          2|
    |srt_ord_72_ce0          |    9|          2|    1|          2|
    |srt_ord_72_ce1          |    9|          2|    1|          2|
    |srt_ord_72_we1          |    9|          2|    1|          2|
    |srt_ord_73_ce0          |    9|          2|    1|          2|
    |srt_ord_73_ce1          |    9|          2|    1|          2|
    |srt_ord_73_we1          |    9|          2|    1|          2|
    |srt_ord_74_ce0          |    9|          2|    1|          2|
    |srt_ord_74_ce1          |    9|          2|    1|          2|
    |srt_ord_74_we1          |    9|          2|    1|          2|
    |srt_ord_75_ce0          |    9|          2|    1|          2|
    |srt_ord_75_ce1          |    9|          2|    1|          2|
    |srt_ord_75_we1          |    9|          2|    1|          2|
    |srt_ord_76_ce0          |    9|          2|    1|          2|
    |srt_ord_76_ce1          |    9|          2|    1|          2|
    |srt_ord_76_we1          |    9|          2|    1|          2|
    |srt_ord_77_ce0          |    9|          2|    1|          2|
    |srt_ord_77_ce1          |    9|          2|    1|          2|
    |srt_ord_77_we1          |    9|          2|    1|          2|
    |srt_ord_78_ce0          |    9|          2|    1|          2|
    |srt_ord_78_ce1          |    9|          2|    1|          2|
    |srt_ord_78_we1          |    9|          2|    1|          2|
    |srt_ord_79_ce0          |    9|          2|    1|          2|
    |srt_ord_79_ce1          |    9|          2|    1|          2|
    |srt_ord_79_we1          |    9|          2|    1|          2|
    |srt_ord_7_ce0           |    9|          2|    1|          2|
    |srt_ord_7_ce1           |    9|          2|    1|          2|
    |srt_ord_7_we1           |    9|          2|    1|          2|
    |srt_ord_80_ce0          |    9|          2|    1|          2|
    |srt_ord_80_ce1          |    9|          2|    1|          2|
    |srt_ord_80_we1          |    9|          2|    1|          2|
    |srt_ord_81_ce0          |    9|          2|    1|          2|
    |srt_ord_81_ce1          |    9|          2|    1|          2|
    |srt_ord_81_we1          |    9|          2|    1|          2|
    |srt_ord_82_ce0          |    9|          2|    1|          2|
    |srt_ord_82_ce1          |    9|          2|    1|          2|
    |srt_ord_82_we1          |    9|          2|    1|          2|
    |srt_ord_83_ce0          |    9|          2|    1|          2|
    |srt_ord_83_ce1          |    9|          2|    1|          2|
    |srt_ord_83_we1          |    9|          2|    1|          2|
    |srt_ord_84_ce0          |    9|          2|    1|          2|
    |srt_ord_84_ce1          |    9|          2|    1|          2|
    |srt_ord_84_we1          |    9|          2|    1|          2|
    |srt_ord_85_ce0          |    9|          2|    1|          2|
    |srt_ord_85_ce1          |    9|          2|    1|          2|
    |srt_ord_85_we1          |    9|          2|    1|          2|
    |srt_ord_86_ce0          |    9|          2|    1|          2|
    |srt_ord_86_ce1          |    9|          2|    1|          2|
    |srt_ord_86_we1          |    9|          2|    1|          2|
    |srt_ord_87_ce0          |    9|          2|    1|          2|
    |srt_ord_87_ce1          |    9|          2|    1|          2|
    |srt_ord_87_we1          |    9|          2|    1|          2|
    |srt_ord_88_ce0          |    9|          2|    1|          2|
    |srt_ord_88_ce1          |    9|          2|    1|          2|
    |srt_ord_88_we1          |    9|          2|    1|          2|
    |srt_ord_89_ce0          |    9|          2|    1|          2|
    |srt_ord_89_ce1          |    9|          2|    1|          2|
    |srt_ord_89_we1          |    9|          2|    1|          2|
    |srt_ord_8_ce0           |    9|          2|    1|          2|
    |srt_ord_8_ce1           |    9|          2|    1|          2|
    |srt_ord_8_we1           |    9|          2|    1|          2|
    |srt_ord_90_ce0          |    9|          2|    1|          2|
    |srt_ord_90_ce1          |    9|          2|    1|          2|
    |srt_ord_90_we1          |    9|          2|    1|          2|
    |srt_ord_91_ce0          |    9|          2|    1|          2|
    |srt_ord_91_ce1          |    9|          2|    1|          2|
    |srt_ord_91_we1          |    9|          2|    1|          2|
    |srt_ord_92_ce0          |    9|          2|    1|          2|
    |srt_ord_92_ce1          |    9|          2|    1|          2|
    |srt_ord_92_we1          |    9|          2|    1|          2|
    |srt_ord_93_ce0          |    9|          2|    1|          2|
    |srt_ord_93_ce1          |    9|          2|    1|          2|
    |srt_ord_93_we1          |    9|          2|    1|          2|
    |srt_ord_94_ce0          |    9|          2|    1|          2|
    |srt_ord_94_ce1          |    9|          2|    1|          2|
    |srt_ord_94_we1          |    9|          2|    1|          2|
    |srt_ord_95_ce0          |    9|          2|    1|          2|
    |srt_ord_95_ce1          |    9|          2|    1|          2|
    |srt_ord_95_we1          |    9|          2|    1|          2|
    |srt_ord_96_ce0          |    9|          2|    1|          2|
    |srt_ord_96_ce1          |    9|          2|    1|          2|
    |srt_ord_96_we1          |    9|          2|    1|          2|
    |srt_ord_97_ce0          |    9|          2|    1|          2|
    |srt_ord_97_ce1          |    9|          2|    1|          2|
    |srt_ord_97_we1          |    9|          2|    1|          2|
    |srt_ord_98_ce0          |    9|          2|    1|          2|
    |srt_ord_98_ce1          |    9|          2|    1|          2|
    |srt_ord_98_we1          |    9|          2|    1|          2|
    |srt_ord_99_ce0          |    9|          2|    1|          2|
    |srt_ord_99_ce1          |    9|          2|    1|          2|
    |srt_ord_99_we1          |    9|          2|    1|          2|
    |srt_ord_9_ce0           |    9|          2|    1|          2|
    |srt_ord_9_ce1           |    9|          2|    1|          2|
    |srt_ord_9_we1           |    9|          2|    1|          2|
    |srt_ord_ce0             |    9|          2|    1|          2|
    |srt_ord_ce1             |    9|          2|    1|          2|
    |srt_ord_we1             |    9|          2|    1|          2|
    |srt_pres_100_address1   |   14|          3|    6|         18|
    |srt_pres_100_ce0        |    9|          2|    1|          2|
    |srt_pres_100_ce1        |   14|          3|    1|          3|
    |srt_pres_100_d1         |   14|          3|    1|          3|
    |srt_pres_100_we1        |   14|          3|    1|          3|
    |srt_pres_101_address1   |   14|          3|    6|         18|
    |srt_pres_101_ce0        |    9|          2|    1|          2|
    |srt_pres_101_ce1        |   14|          3|    1|          3|
    |srt_pres_101_d1         |   14|          3|    1|          3|
    |srt_pres_101_we1        |   14|          3|    1|          3|
    |srt_pres_102_address1   |   14|          3|    6|         18|
    |srt_pres_102_ce0        |    9|          2|    1|          2|
    |srt_pres_102_ce1        |   14|          3|    1|          3|
    |srt_pres_102_d1         |   14|          3|    1|          3|
    |srt_pres_102_we1        |   14|          3|    1|          3|
    |srt_pres_103_address1   |   14|          3|    6|         18|
    |srt_pres_103_ce0        |    9|          2|    1|          2|
    |srt_pres_103_ce1        |   14|          3|    1|          3|
    |srt_pres_103_d1         |   14|          3|    1|          3|
    |srt_pres_103_we1        |   14|          3|    1|          3|
    |srt_pres_104_address1   |   14|          3|    6|         18|
    |srt_pres_104_ce0        |    9|          2|    1|          2|
    |srt_pres_104_ce1        |   14|          3|    1|          3|
    |srt_pres_104_d1         |   14|          3|    1|          3|
    |srt_pres_104_we1        |   14|          3|    1|          3|
    |srt_pres_105_address1   |   14|          3|    6|         18|
    |srt_pres_105_ce0        |    9|          2|    1|          2|
    |srt_pres_105_ce1        |   14|          3|    1|          3|
    |srt_pres_105_d1         |   14|          3|    1|          3|
    |srt_pres_105_we1        |   14|          3|    1|          3|
    |srt_pres_106_address1   |   14|          3|    6|         18|
    |srt_pres_106_ce0        |    9|          2|    1|          2|
    |srt_pres_106_ce1        |   14|          3|    1|          3|
    |srt_pres_106_d1         |   14|          3|    1|          3|
    |srt_pres_106_we1        |   14|          3|    1|          3|
    |srt_pres_107_address1   |   14|          3|    6|         18|
    |srt_pres_107_ce0        |    9|          2|    1|          2|
    |srt_pres_107_ce1        |   14|          3|    1|          3|
    |srt_pres_107_d1         |   14|          3|    1|          3|
    |srt_pres_107_we1        |   14|          3|    1|          3|
    |srt_pres_108_address1   |   14|          3|    6|         18|
    |srt_pres_108_ce0        |    9|          2|    1|          2|
    |srt_pres_108_ce1        |   14|          3|    1|          3|
    |srt_pres_108_d1         |   14|          3|    1|          3|
    |srt_pres_108_we1        |   14|          3|    1|          3|
    |srt_pres_109_address1   |   14|          3|    6|         18|
    |srt_pres_109_ce0        |    9|          2|    1|          2|
    |srt_pres_109_ce1        |   14|          3|    1|          3|
    |srt_pres_109_d1         |   14|          3|    1|          3|
    |srt_pres_109_we1        |   14|          3|    1|          3|
    |srt_pres_10_address1    |   14|          3|    6|         18|
    |srt_pres_10_ce0         |    9|          2|    1|          2|
    |srt_pres_10_ce1         |   14|          3|    1|          3|
    |srt_pres_10_d1          |   14|          3|    1|          3|
    |srt_pres_10_we1         |   14|          3|    1|          3|
    |srt_pres_110_address1   |   14|          3|    6|         18|
    |srt_pres_110_ce0        |    9|          2|    1|          2|
    |srt_pres_110_ce1        |   14|          3|    1|          3|
    |srt_pres_110_d1         |   14|          3|    1|          3|
    |srt_pres_110_we1        |   14|          3|    1|          3|
    |srt_pres_111_address1   |   14|          3|    6|         18|
    |srt_pres_111_ce0        |    9|          2|    1|          2|
    |srt_pres_111_ce1        |   14|          3|    1|          3|
    |srt_pres_111_d1         |   14|          3|    1|          3|
    |srt_pres_111_we1        |   14|          3|    1|          3|
    |srt_pres_112_address1   |   14|          3|    6|         18|
    |srt_pres_112_ce0        |    9|          2|    1|          2|
    |srt_pres_112_ce1        |   14|          3|    1|          3|
    |srt_pres_112_d1         |   14|          3|    1|          3|
    |srt_pres_112_we1        |   14|          3|    1|          3|
    |srt_pres_113_address1   |   14|          3|    6|         18|
    |srt_pres_113_ce0        |    9|          2|    1|          2|
    |srt_pres_113_ce1        |   14|          3|    1|          3|
    |srt_pres_113_d1         |   14|          3|    1|          3|
    |srt_pres_113_we1        |   14|          3|    1|          3|
    |srt_pres_114_address1   |   14|          3|    6|         18|
    |srt_pres_114_ce0        |    9|          2|    1|          2|
    |srt_pres_114_ce1        |   14|          3|    1|          3|
    |srt_pres_114_d1         |   14|          3|    1|          3|
    |srt_pres_114_we1        |   14|          3|    1|          3|
    |srt_pres_115_address1   |   14|          3|    6|         18|
    |srt_pres_115_ce0        |    9|          2|    1|          2|
    |srt_pres_115_ce1        |   14|          3|    1|          3|
    |srt_pres_115_d1         |   14|          3|    1|          3|
    |srt_pres_115_we1        |   14|          3|    1|          3|
    |srt_pres_116_address1   |   14|          3|    6|         18|
    |srt_pres_116_ce0        |    9|          2|    1|          2|
    |srt_pres_116_ce1        |   14|          3|    1|          3|
    |srt_pres_116_d1         |   14|          3|    1|          3|
    |srt_pres_116_we1        |   14|          3|    1|          3|
    |srt_pres_117_address1   |   14|          3|    6|         18|
    |srt_pres_117_ce0        |    9|          2|    1|          2|
    |srt_pres_117_ce1        |   14|          3|    1|          3|
    |srt_pres_117_d1         |   14|          3|    1|          3|
    |srt_pres_117_we1        |   14|          3|    1|          3|
    |srt_pres_118_address1   |   14|          3|    6|         18|
    |srt_pres_118_ce0        |    9|          2|    1|          2|
    |srt_pres_118_ce1        |   14|          3|    1|          3|
    |srt_pres_118_d1         |   14|          3|    1|          3|
    |srt_pres_118_we1        |   14|          3|    1|          3|
    |srt_pres_119_address1   |   14|          3|    6|         18|
    |srt_pres_119_ce0        |    9|          2|    1|          2|
    |srt_pres_119_ce1        |   14|          3|    1|          3|
    |srt_pres_119_d1         |   14|          3|    1|          3|
    |srt_pres_119_we1        |   14|          3|    1|          3|
    |srt_pres_11_address1    |   14|          3|    6|         18|
    |srt_pres_11_ce0         |    9|          2|    1|          2|
    |srt_pres_11_ce1         |   14|          3|    1|          3|
    |srt_pres_11_d1          |   14|          3|    1|          3|
    |srt_pres_11_we1         |   14|          3|    1|          3|
    |srt_pres_120_address1   |   14|          3|    6|         18|
    |srt_pres_120_ce0        |    9|          2|    1|          2|
    |srt_pres_120_ce1        |   14|          3|    1|          3|
    |srt_pres_120_d1         |   14|          3|    1|          3|
    |srt_pres_120_we1        |   14|          3|    1|          3|
    |srt_pres_121_address1   |   14|          3|    6|         18|
    |srt_pres_121_ce0        |    9|          2|    1|          2|
    |srt_pres_121_ce1        |   14|          3|    1|          3|
    |srt_pres_121_d1         |   14|          3|    1|          3|
    |srt_pres_121_we1        |   14|          3|    1|          3|
    |srt_pres_122_address1   |   14|          3|    6|         18|
    |srt_pres_122_ce0        |    9|          2|    1|          2|
    |srt_pres_122_ce1        |   14|          3|    1|          3|
    |srt_pres_122_d1         |   14|          3|    1|          3|
    |srt_pres_122_we1        |   14|          3|    1|          3|
    |srt_pres_123_address1   |   14|          3|    6|         18|
    |srt_pres_123_ce0        |    9|          2|    1|          2|
    |srt_pres_123_ce1        |   14|          3|    1|          3|
    |srt_pres_123_d1         |   14|          3|    1|          3|
    |srt_pres_123_we1        |   14|          3|    1|          3|
    |srt_pres_124_address1   |   14|          3|    6|         18|
    |srt_pres_124_ce0        |    9|          2|    1|          2|
    |srt_pres_124_ce1        |   14|          3|    1|          3|
    |srt_pres_124_d1         |   14|          3|    1|          3|
    |srt_pres_124_we1        |   14|          3|    1|          3|
    |srt_pres_125_address1   |   14|          3|    6|         18|
    |srt_pres_125_ce0        |    9|          2|    1|          2|
    |srt_pres_125_ce1        |   14|          3|    1|          3|
    |srt_pres_125_d1         |   14|          3|    1|          3|
    |srt_pres_125_we1        |   14|          3|    1|          3|
    |srt_pres_126_address1   |   14|          3|    6|         18|
    |srt_pres_126_ce0        |    9|          2|    1|          2|
    |srt_pres_126_ce1        |   14|          3|    1|          3|
    |srt_pres_126_d1         |   14|          3|    1|          3|
    |srt_pres_126_we1        |   14|          3|    1|          3|
    |srt_pres_127_address1   |   14|          3|    6|         18|
    |srt_pres_127_ce0        |    9|          2|    1|          2|
    |srt_pres_127_ce1        |   14|          3|    1|          3|
    |srt_pres_127_d1         |   14|          3|    1|          3|
    |srt_pres_127_we1        |   14|          3|    1|          3|
    |srt_pres_128_address1   |   14|          3|    6|         18|
    |srt_pres_128_ce0        |    9|          2|    1|          2|
    |srt_pres_128_ce1        |   14|          3|    1|          3|
    |srt_pres_128_d1         |   14|          3|    1|          3|
    |srt_pres_128_we1        |   14|          3|    1|          3|
    |srt_pres_129_address1   |   14|          3|    6|         18|
    |srt_pres_129_ce0        |    9|          2|    1|          2|
    |srt_pres_129_ce1        |   14|          3|    1|          3|
    |srt_pres_129_d1         |   14|          3|    1|          3|
    |srt_pres_129_we1        |   14|          3|    1|          3|
    |srt_pres_12_address1    |   14|          3|    6|         18|
    |srt_pres_12_ce0         |    9|          2|    1|          2|
    |srt_pres_12_ce1         |   14|          3|    1|          3|
    |srt_pres_12_d1          |   14|          3|    1|          3|
    |srt_pres_12_we1         |   14|          3|    1|          3|
    |srt_pres_130_address1   |   14|          3|    6|         18|
    |srt_pres_130_ce0        |    9|          2|    1|          2|
    |srt_pres_130_ce1        |   14|          3|    1|          3|
    |srt_pres_130_d1         |   14|          3|    1|          3|
    |srt_pres_130_we1        |   14|          3|    1|          3|
    |srt_pres_131_address1   |   14|          3|    6|         18|
    |srt_pres_131_ce0        |    9|          2|    1|          2|
    |srt_pres_131_ce1        |   14|          3|    1|          3|
    |srt_pres_131_d1         |   14|          3|    1|          3|
    |srt_pres_131_we1        |   14|          3|    1|          3|
    |srt_pres_132_address1   |   14|          3|    6|         18|
    |srt_pres_132_ce0        |    9|          2|    1|          2|
    |srt_pres_132_ce1        |   14|          3|    1|          3|
    |srt_pres_132_d1         |   14|          3|    1|          3|
    |srt_pres_132_we1        |   14|          3|    1|          3|
    |srt_pres_133_address1   |   14|          3|    6|         18|
    |srt_pres_133_ce0        |    9|          2|    1|          2|
    |srt_pres_133_ce1        |   14|          3|    1|          3|
    |srt_pres_133_d1         |   14|          3|    1|          3|
    |srt_pres_133_we1        |   14|          3|    1|          3|
    |srt_pres_134_address1   |   14|          3|    6|         18|
    |srt_pres_134_ce0        |    9|          2|    1|          2|
    |srt_pres_134_ce1        |   14|          3|    1|          3|
    |srt_pres_134_d1         |   14|          3|    1|          3|
    |srt_pres_134_we1        |   14|          3|    1|          3|
    |srt_pres_135_address1   |   14|          3|    6|         18|
    |srt_pres_135_ce0        |    9|          2|    1|          2|
    |srt_pres_135_ce1        |   14|          3|    1|          3|
    |srt_pres_135_d1         |   14|          3|    1|          3|
    |srt_pres_135_we1        |   14|          3|    1|          3|
    |srt_pres_136_address1   |   14|          3|    6|         18|
    |srt_pres_136_ce0        |    9|          2|    1|          2|
    |srt_pres_136_ce1        |   14|          3|    1|          3|
    |srt_pres_136_d1         |   14|          3|    1|          3|
    |srt_pres_136_we1        |   14|          3|    1|          3|
    |srt_pres_137_address1   |   14|          3|    6|         18|
    |srt_pres_137_ce0        |    9|          2|    1|          2|
    |srt_pres_137_ce1        |   14|          3|    1|          3|
    |srt_pres_137_d1         |   14|          3|    1|          3|
    |srt_pres_137_we1        |   14|          3|    1|          3|
    |srt_pres_138_address1   |   14|          3|    6|         18|
    |srt_pres_138_ce0        |    9|          2|    1|          2|
    |srt_pres_138_ce1        |   14|          3|    1|          3|
    |srt_pres_138_d1         |   14|          3|    1|          3|
    |srt_pres_138_we1        |   14|          3|    1|          3|
    |srt_pres_139_address1   |   14|          3|    6|         18|
    |srt_pres_139_ce0        |    9|          2|    1|          2|
    |srt_pres_139_ce1        |   14|          3|    1|          3|
    |srt_pres_139_d1         |   14|          3|    1|          3|
    |srt_pres_139_we1        |   14|          3|    1|          3|
    |srt_pres_13_address1    |   14|          3|    6|         18|
    |srt_pres_13_ce0         |    9|          2|    1|          2|
    |srt_pres_13_ce1         |   14|          3|    1|          3|
    |srt_pres_13_d1          |   14|          3|    1|          3|
    |srt_pres_13_we1         |   14|          3|    1|          3|
    |srt_pres_140_address1   |   14|          3|    6|         18|
    |srt_pres_140_ce0        |    9|          2|    1|          2|
    |srt_pres_140_ce1        |   14|          3|    1|          3|
    |srt_pres_140_d1         |   14|          3|    1|          3|
    |srt_pres_140_we1        |   14|          3|    1|          3|
    |srt_pres_141_address1   |   14|          3|    6|         18|
    |srt_pres_141_ce0        |    9|          2|    1|          2|
    |srt_pres_141_ce1        |   14|          3|    1|          3|
    |srt_pres_141_d1         |   14|          3|    1|          3|
    |srt_pres_141_we1        |   14|          3|    1|          3|
    |srt_pres_142_address1   |   14|          3|    6|         18|
    |srt_pres_142_ce0        |    9|          2|    1|          2|
    |srt_pres_142_ce1        |   14|          3|    1|          3|
    |srt_pres_142_d1         |   14|          3|    1|          3|
    |srt_pres_142_we1        |   14|          3|    1|          3|
    |srt_pres_143_address1   |   14|          3|    6|         18|
    |srt_pres_143_ce0        |    9|          2|    1|          2|
    |srt_pres_143_ce1        |   14|          3|    1|          3|
    |srt_pres_143_d1         |   14|          3|    1|          3|
    |srt_pres_143_we1        |   14|          3|    1|          3|
    |srt_pres_144_address1   |   14|          3|    6|         18|
    |srt_pres_144_ce0        |    9|          2|    1|          2|
    |srt_pres_144_ce1        |   14|          3|    1|          3|
    |srt_pres_144_d1         |   14|          3|    1|          3|
    |srt_pres_144_we1        |   14|          3|    1|          3|
    |srt_pres_145_address1   |   14|          3|    6|         18|
    |srt_pres_145_ce0        |    9|          2|    1|          2|
    |srt_pres_145_ce1        |   14|          3|    1|          3|
    |srt_pres_145_d1         |   14|          3|    1|          3|
    |srt_pres_145_we1        |   14|          3|    1|          3|
    |srt_pres_146_address1   |   14|          3|    6|         18|
    |srt_pres_146_ce0        |    9|          2|    1|          2|
    |srt_pres_146_ce1        |   14|          3|    1|          3|
    |srt_pres_146_d1         |   14|          3|    1|          3|
    |srt_pres_146_we1        |   14|          3|    1|          3|
    |srt_pres_147_address1   |   14|          3|    6|         18|
    |srt_pres_147_ce0        |    9|          2|    1|          2|
    |srt_pres_147_ce1        |   14|          3|    1|          3|
    |srt_pres_147_d1         |   14|          3|    1|          3|
    |srt_pres_147_we1        |   14|          3|    1|          3|
    |srt_pres_148_address1   |   14|          3|    6|         18|
    |srt_pres_148_ce0        |    9|          2|    1|          2|
    |srt_pres_148_ce1        |   14|          3|    1|          3|
    |srt_pres_148_d1         |   14|          3|    1|          3|
    |srt_pres_148_we1        |   14|          3|    1|          3|
    |srt_pres_149_address1   |   14|          3|    6|         18|
    |srt_pres_149_ce0        |    9|          2|    1|          2|
    |srt_pres_149_ce1        |   14|          3|    1|          3|
    |srt_pres_149_d1         |   14|          3|    1|          3|
    |srt_pres_149_we1        |   14|          3|    1|          3|
    |srt_pres_14_address1    |   14|          3|    6|         18|
    |srt_pres_14_ce0         |    9|          2|    1|          2|
    |srt_pres_14_ce1         |   14|          3|    1|          3|
    |srt_pres_14_d1          |   14|          3|    1|          3|
    |srt_pres_14_we1         |   14|          3|    1|          3|
    |srt_pres_150_address1   |   14|          3|    6|         18|
    |srt_pres_150_ce0        |    9|          2|    1|          2|
    |srt_pres_150_ce1        |   14|          3|    1|          3|
    |srt_pres_150_d1         |   14|          3|    1|          3|
    |srt_pres_150_we1        |   14|          3|    1|          3|
    |srt_pres_151_address1   |   14|          3|    6|         18|
    |srt_pres_151_ce0        |    9|          2|    1|          2|
    |srt_pres_151_ce1        |   14|          3|    1|          3|
    |srt_pres_151_d1         |   14|          3|    1|          3|
    |srt_pres_151_we1        |   14|          3|    1|          3|
    |srt_pres_152_address1   |   14|          3|    6|         18|
    |srt_pres_152_ce0        |    9|          2|    1|          2|
    |srt_pres_152_ce1        |   14|          3|    1|          3|
    |srt_pres_152_d1         |   14|          3|    1|          3|
    |srt_pres_152_we1        |   14|          3|    1|          3|
    |srt_pres_153_address1   |   14|          3|    6|         18|
    |srt_pres_153_ce0        |    9|          2|    1|          2|
    |srt_pres_153_ce1        |   14|          3|    1|          3|
    |srt_pres_153_d1         |   14|          3|    1|          3|
    |srt_pres_153_we1        |   14|          3|    1|          3|
    |srt_pres_154_address1   |   14|          3|    6|         18|
    |srt_pres_154_ce0        |    9|          2|    1|          2|
    |srt_pres_154_ce1        |   14|          3|    1|          3|
    |srt_pres_154_d1         |   14|          3|    1|          3|
    |srt_pres_154_we1        |   14|          3|    1|          3|
    |srt_pres_155_address1   |   14|          3|    6|         18|
    |srt_pres_155_ce0        |    9|          2|    1|          2|
    |srt_pres_155_ce1        |   14|          3|    1|          3|
    |srt_pres_155_d1         |   14|          3|    1|          3|
    |srt_pres_155_we1        |   14|          3|    1|          3|
    |srt_pres_156_address1   |   14|          3|    6|         18|
    |srt_pres_156_ce0        |    9|          2|    1|          2|
    |srt_pres_156_ce1        |   14|          3|    1|          3|
    |srt_pres_156_d1         |   14|          3|    1|          3|
    |srt_pres_156_we1        |   14|          3|    1|          3|
    |srt_pres_157_address1   |   14|          3|    6|         18|
    |srt_pres_157_ce0        |    9|          2|    1|          2|
    |srt_pres_157_ce1        |   14|          3|    1|          3|
    |srt_pres_157_d1         |   14|          3|    1|          3|
    |srt_pres_157_we1        |   14|          3|    1|          3|
    |srt_pres_158_address1   |   14|          3|    6|         18|
    |srt_pres_158_ce0        |    9|          2|    1|          2|
    |srt_pres_158_ce1        |   14|          3|    1|          3|
    |srt_pres_158_d1         |   14|          3|    1|          3|
    |srt_pres_158_we1        |   14|          3|    1|          3|
    |srt_pres_159_address1   |   14|          3|    6|         18|
    |srt_pres_159_ce0        |    9|          2|    1|          2|
    |srt_pres_159_ce1        |   14|          3|    1|          3|
    |srt_pres_159_d1         |   14|          3|    1|          3|
    |srt_pres_159_we1        |   14|          3|    1|          3|
    |srt_pres_15_address1    |   14|          3|    6|         18|
    |srt_pres_15_ce0         |    9|          2|    1|          2|
    |srt_pres_15_ce1         |   14|          3|    1|          3|
    |srt_pres_15_d1          |   14|          3|    1|          3|
    |srt_pres_15_we1         |   14|          3|    1|          3|
    |srt_pres_160_address1   |   14|          3|    6|         18|
    |srt_pres_160_ce0        |    9|          2|    1|          2|
    |srt_pres_160_ce1        |   14|          3|    1|          3|
    |srt_pres_160_d1         |   14|          3|    1|          3|
    |srt_pres_160_we1        |   14|          3|    1|          3|
    |srt_pres_161_address1   |   14|          3|    6|         18|
    |srt_pres_161_ce0        |    9|          2|    1|          2|
    |srt_pres_161_ce1        |   14|          3|    1|          3|
    |srt_pres_161_d1         |   14|          3|    1|          3|
    |srt_pres_161_we1        |   14|          3|    1|          3|
    |srt_pres_162_address1   |   14|          3|    6|         18|
    |srt_pres_162_ce0        |    9|          2|    1|          2|
    |srt_pres_162_ce1        |   14|          3|    1|          3|
    |srt_pres_162_d1         |   14|          3|    1|          3|
    |srt_pres_162_we1        |   14|          3|    1|          3|
    |srt_pres_163_address1   |   14|          3|    6|         18|
    |srt_pres_163_ce0        |    9|          2|    1|          2|
    |srt_pres_163_ce1        |   14|          3|    1|          3|
    |srt_pres_163_d1         |   14|          3|    1|          3|
    |srt_pres_163_we1        |   14|          3|    1|          3|
    |srt_pres_164_address1   |   14|          3|    6|         18|
    |srt_pres_164_ce0        |    9|          2|    1|          2|
    |srt_pres_164_ce1        |   14|          3|    1|          3|
    |srt_pres_164_d1         |   14|          3|    1|          3|
    |srt_pres_164_we1        |   14|          3|    1|          3|
    |srt_pres_165_address1   |   14|          3|    6|         18|
    |srt_pres_165_ce0        |    9|          2|    1|          2|
    |srt_pres_165_ce1        |   14|          3|    1|          3|
    |srt_pres_165_d1         |   14|          3|    1|          3|
    |srt_pres_165_we1        |   14|          3|    1|          3|
    |srt_pres_166_address1   |   14|          3|    6|         18|
    |srt_pres_166_ce0        |    9|          2|    1|          2|
    |srt_pres_166_ce1        |   14|          3|    1|          3|
    |srt_pres_166_d1         |   14|          3|    1|          3|
    |srt_pres_166_we1        |   14|          3|    1|          3|
    |srt_pres_167_address1   |   14|          3|    6|         18|
    |srt_pres_167_ce0        |    9|          2|    1|          2|
    |srt_pres_167_ce1        |   14|          3|    1|          3|
    |srt_pres_167_d1         |   14|          3|    1|          3|
    |srt_pres_167_we1        |   14|          3|    1|          3|
    |srt_pres_168_address1   |   14|          3|    6|         18|
    |srt_pres_168_ce0        |    9|          2|    1|          2|
    |srt_pres_168_ce1        |   14|          3|    1|          3|
    |srt_pres_168_d1         |   14|          3|    1|          3|
    |srt_pres_168_we1        |   14|          3|    1|          3|
    |srt_pres_169_address1   |   14|          3|    6|         18|
    |srt_pres_169_ce0        |    9|          2|    1|          2|
    |srt_pres_169_ce1        |   14|          3|    1|          3|
    |srt_pres_169_d1         |   14|          3|    1|          3|
    |srt_pres_169_we1        |   14|          3|    1|          3|
    |srt_pres_16_address1    |   14|          3|    6|         18|
    |srt_pres_16_ce0         |    9|          2|    1|          2|
    |srt_pres_16_ce1         |   14|          3|    1|          3|
    |srt_pres_16_d1          |   14|          3|    1|          3|
    |srt_pres_16_we1         |   14|          3|    1|          3|
    |srt_pres_170_address1   |   14|          3|    6|         18|
    |srt_pres_170_ce0        |    9|          2|    1|          2|
    |srt_pres_170_ce1        |   14|          3|    1|          3|
    |srt_pres_170_d1         |   14|          3|    1|          3|
    |srt_pres_170_we1        |   14|          3|    1|          3|
    |srt_pres_171_address1   |   14|          3|    6|         18|
    |srt_pres_171_ce0        |    9|          2|    1|          2|
    |srt_pres_171_ce1        |   14|          3|    1|          3|
    |srt_pres_171_d1         |   14|          3|    1|          3|
    |srt_pres_171_we1        |   14|          3|    1|          3|
    |srt_pres_172_address1   |   14|          3|    6|         18|
    |srt_pres_172_ce0        |    9|          2|    1|          2|
    |srt_pres_172_ce1        |   14|          3|    1|          3|
    |srt_pres_172_d1         |   14|          3|    1|          3|
    |srt_pres_172_we1        |   14|          3|    1|          3|
    |srt_pres_173_address1   |   14|          3|    6|         18|
    |srt_pres_173_ce0        |    9|          2|    1|          2|
    |srt_pres_173_ce1        |   14|          3|    1|          3|
    |srt_pres_173_d1         |   14|          3|    1|          3|
    |srt_pres_173_we1        |   14|          3|    1|          3|
    |srt_pres_174_address1   |   14|          3|    6|         18|
    |srt_pres_174_ce0        |    9|          2|    1|          2|
    |srt_pres_174_ce1        |   14|          3|    1|          3|
    |srt_pres_174_d1         |   14|          3|    1|          3|
    |srt_pres_174_we1        |   14|          3|    1|          3|
    |srt_pres_175_address1   |   14|          3|    6|         18|
    |srt_pres_175_ce0        |    9|          2|    1|          2|
    |srt_pres_175_ce1        |   14|          3|    1|          3|
    |srt_pres_175_d1         |   14|          3|    1|          3|
    |srt_pres_175_we1        |   14|          3|    1|          3|
    |srt_pres_176_address1   |   14|          3|    6|         18|
    |srt_pres_176_ce0        |    9|          2|    1|          2|
    |srt_pres_176_ce1        |   14|          3|    1|          3|
    |srt_pres_176_d1         |   14|          3|    1|          3|
    |srt_pres_176_we1        |   14|          3|    1|          3|
    |srt_pres_177_address1   |   14|          3|    6|         18|
    |srt_pres_177_ce0        |    9|          2|    1|          2|
    |srt_pres_177_ce1        |   14|          3|    1|          3|
    |srt_pres_177_d1         |   14|          3|    1|          3|
    |srt_pres_177_we1        |   14|          3|    1|          3|
    |srt_pres_178_address1   |   14|          3|    6|         18|
    |srt_pres_178_ce0        |    9|          2|    1|          2|
    |srt_pres_178_ce1        |   14|          3|    1|          3|
    |srt_pres_178_d1         |   14|          3|    1|          3|
    |srt_pres_178_we1        |   14|          3|    1|          3|
    |srt_pres_179_address1   |   14|          3|    6|         18|
    |srt_pres_179_ce0        |    9|          2|    1|          2|
    |srt_pres_179_ce1        |   14|          3|    1|          3|
    |srt_pres_179_d1         |   14|          3|    1|          3|
    |srt_pres_179_we1        |   14|          3|    1|          3|
    |srt_pres_17_address1    |   14|          3|    6|         18|
    |srt_pres_17_ce0         |    9|          2|    1|          2|
    |srt_pres_17_ce1         |   14|          3|    1|          3|
    |srt_pres_17_d1          |   14|          3|    1|          3|
    |srt_pres_17_we1         |   14|          3|    1|          3|
    |srt_pres_180_address1   |   14|          3|    6|         18|
    |srt_pres_180_ce0        |    9|          2|    1|          2|
    |srt_pres_180_ce1        |   14|          3|    1|          3|
    |srt_pres_180_d1         |   14|          3|    1|          3|
    |srt_pres_180_we1        |   14|          3|    1|          3|
    |srt_pres_181_address1   |   14|          3|    6|         18|
    |srt_pres_181_ce0        |    9|          2|    1|          2|
    |srt_pres_181_ce1        |   14|          3|    1|          3|
    |srt_pres_181_d1         |   14|          3|    1|          3|
    |srt_pres_181_we1        |   14|          3|    1|          3|
    |srt_pres_182_address1   |   14|          3|    6|         18|
    |srt_pres_182_ce0        |    9|          2|    1|          2|
    |srt_pres_182_ce1        |   14|          3|    1|          3|
    |srt_pres_182_d1         |   14|          3|    1|          3|
    |srt_pres_182_we1        |   14|          3|    1|          3|
    |srt_pres_183_address1   |   14|          3|    6|         18|
    |srt_pres_183_ce0        |    9|          2|    1|          2|
    |srt_pres_183_ce1        |   14|          3|    1|          3|
    |srt_pres_183_d1         |   14|          3|    1|          3|
    |srt_pres_183_we1        |   14|          3|    1|          3|
    |srt_pres_184_address1   |   14|          3|    6|         18|
    |srt_pres_184_ce0        |    9|          2|    1|          2|
    |srt_pres_184_ce1        |   14|          3|    1|          3|
    |srt_pres_184_d1         |   14|          3|    1|          3|
    |srt_pres_184_we1        |   14|          3|    1|          3|
    |srt_pres_185_address1   |   14|          3|    6|         18|
    |srt_pres_185_ce0        |    9|          2|    1|          2|
    |srt_pres_185_ce1        |   14|          3|    1|          3|
    |srt_pres_185_d1         |   14|          3|    1|          3|
    |srt_pres_185_we1        |   14|          3|    1|          3|
    |srt_pres_186_address1   |   14|          3|    6|         18|
    |srt_pres_186_ce0        |    9|          2|    1|          2|
    |srt_pres_186_ce1        |   14|          3|    1|          3|
    |srt_pres_186_d1         |   14|          3|    1|          3|
    |srt_pres_186_we1        |   14|          3|    1|          3|
    |srt_pres_187_address1   |   14|          3|    6|         18|
    |srt_pres_187_ce0        |    9|          2|    1|          2|
    |srt_pres_187_ce1        |   14|          3|    1|          3|
    |srt_pres_187_d1         |   14|          3|    1|          3|
    |srt_pres_187_we1        |   14|          3|    1|          3|
    |srt_pres_188_address1   |   14|          3|    6|         18|
    |srt_pres_188_ce0        |    9|          2|    1|          2|
    |srt_pres_188_ce1        |   14|          3|    1|          3|
    |srt_pres_188_d1         |   14|          3|    1|          3|
    |srt_pres_188_we1        |   14|          3|    1|          3|
    |srt_pres_189_address1   |   14|          3|    6|         18|
    |srt_pres_189_ce0        |    9|          2|    1|          2|
    |srt_pres_189_ce1        |   14|          3|    1|          3|
    |srt_pres_189_d1         |   14|          3|    1|          3|
    |srt_pres_189_we1        |   14|          3|    1|          3|
    |srt_pres_18_address1    |   14|          3|    6|         18|
    |srt_pres_18_ce0         |    9|          2|    1|          2|
    |srt_pres_18_ce1         |   14|          3|    1|          3|
    |srt_pres_18_d1          |   14|          3|    1|          3|
    |srt_pres_18_we1         |   14|          3|    1|          3|
    |srt_pres_190_address1   |   14|          3|    6|         18|
    |srt_pres_190_ce0        |    9|          2|    1|          2|
    |srt_pres_190_ce1        |   14|          3|    1|          3|
    |srt_pres_190_d1         |   14|          3|    1|          3|
    |srt_pres_190_we1        |   14|          3|    1|          3|
    |srt_pres_191_address1   |   14|          3|    6|         18|
    |srt_pres_191_ce0        |    9|          2|    1|          2|
    |srt_pres_191_ce1        |   14|          3|    1|          3|
    |srt_pres_191_d1         |   14|          3|    1|          3|
    |srt_pres_191_we1        |   14|          3|    1|          3|
    |srt_pres_192_address1   |   14|          3|    6|         18|
    |srt_pres_192_ce0        |    9|          2|    1|          2|
    |srt_pres_192_ce1        |   14|          3|    1|          3|
    |srt_pres_192_d1         |   14|          3|    1|          3|
    |srt_pres_192_we1        |   14|          3|    1|          3|
    |srt_pres_193_address1   |   14|          3|    6|         18|
    |srt_pres_193_ce0        |    9|          2|    1|          2|
    |srt_pres_193_ce1        |   14|          3|    1|          3|
    |srt_pres_193_d1         |   14|          3|    1|          3|
    |srt_pres_193_we1        |   14|          3|    1|          3|
    |srt_pres_194_address1   |   14|          3|    6|         18|
    |srt_pres_194_ce0        |    9|          2|    1|          2|
    |srt_pres_194_ce1        |   14|          3|    1|          3|
    |srt_pres_194_d1         |   14|          3|    1|          3|
    |srt_pres_194_we1        |   14|          3|    1|          3|
    |srt_pres_195_address1   |   14|          3|    6|         18|
    |srt_pres_195_ce0        |    9|          2|    1|          2|
    |srt_pres_195_ce1        |   14|          3|    1|          3|
    |srt_pres_195_d1         |   14|          3|    1|          3|
    |srt_pres_195_we1        |   14|          3|    1|          3|
    |srt_pres_196_address1   |   14|          3|    6|         18|
    |srt_pres_196_ce0        |    9|          2|    1|          2|
    |srt_pres_196_ce1        |   14|          3|    1|          3|
    |srt_pres_196_d1         |   14|          3|    1|          3|
    |srt_pres_196_we1        |   14|          3|    1|          3|
    |srt_pres_197_address1   |   14|          3|    6|         18|
    |srt_pres_197_ce0        |    9|          2|    1|          2|
    |srt_pres_197_ce1        |   14|          3|    1|          3|
    |srt_pres_197_d1         |   14|          3|    1|          3|
    |srt_pres_197_we1        |   14|          3|    1|          3|
    |srt_pres_198_address1   |   14|          3|    6|         18|
    |srt_pres_198_ce0        |    9|          2|    1|          2|
    |srt_pres_198_ce1        |   14|          3|    1|          3|
    |srt_pres_198_d1         |   14|          3|    1|          3|
    |srt_pres_198_we1        |   14|          3|    1|          3|
    |srt_pres_199_address1   |   14|          3|    6|         18|
    |srt_pres_199_ce0        |    9|          2|    1|          2|
    |srt_pres_199_ce1        |   14|          3|    1|          3|
    |srt_pres_199_d1         |   14|          3|    1|          3|
    |srt_pres_199_we1        |   14|          3|    1|          3|
    |srt_pres_19_address1    |   14|          3|    6|         18|
    |srt_pres_19_ce0         |    9|          2|    1|          2|
    |srt_pres_19_ce1         |   14|          3|    1|          3|
    |srt_pres_19_d1          |   14|          3|    1|          3|
    |srt_pres_19_we1         |   14|          3|    1|          3|
    |srt_pres_1_address1     |   14|          3|    6|         18|
    |srt_pres_1_ce0          |    9|          2|    1|          2|
    |srt_pres_1_ce1          |   14|          3|    1|          3|
    |srt_pres_1_d1           |   14|          3|    1|          3|
    |srt_pres_1_we1          |   14|          3|    1|          3|
    |srt_pres_200_address1   |   14|          3|    6|         18|
    |srt_pres_200_ce0        |    9|          2|    1|          2|
    |srt_pres_200_ce1        |   14|          3|    1|          3|
    |srt_pres_200_d1         |   14|          3|    1|          3|
    |srt_pres_200_we1        |   14|          3|    1|          3|
    |srt_pres_201_address1   |   14|          3|    6|         18|
    |srt_pres_201_ce0        |    9|          2|    1|          2|
    |srt_pres_201_ce1        |   14|          3|    1|          3|
    |srt_pres_201_d1         |   14|          3|    1|          3|
    |srt_pres_201_we1        |   14|          3|    1|          3|
    |srt_pres_202_address1   |   14|          3|    6|         18|
    |srt_pres_202_ce0        |    9|          2|    1|          2|
    |srt_pres_202_ce1        |   14|          3|    1|          3|
    |srt_pres_202_d1         |   14|          3|    1|          3|
    |srt_pres_202_we1        |   14|          3|    1|          3|
    |srt_pres_203_address1   |   14|          3|    6|         18|
    |srt_pres_203_ce0        |    9|          2|    1|          2|
    |srt_pres_203_ce1        |   14|          3|    1|          3|
    |srt_pres_203_d1         |   14|          3|    1|          3|
    |srt_pres_203_we1        |   14|          3|    1|          3|
    |srt_pres_204_address1   |   14|          3|    6|         18|
    |srt_pres_204_ce0        |    9|          2|    1|          2|
    |srt_pres_204_ce1        |   14|          3|    1|          3|
    |srt_pres_204_d1         |   14|          3|    1|          3|
    |srt_pres_204_we1        |   14|          3|    1|          3|
    |srt_pres_205_address1   |   14|          3|    6|         18|
    |srt_pres_205_ce0        |    9|          2|    1|          2|
    |srt_pres_205_ce1        |   14|          3|    1|          3|
    |srt_pres_205_d1         |   14|          3|    1|          3|
    |srt_pres_205_we1        |   14|          3|    1|          3|
    |srt_pres_206_address1   |   14|          3|    6|         18|
    |srt_pres_206_ce0        |    9|          2|    1|          2|
    |srt_pres_206_ce1        |   14|          3|    1|          3|
    |srt_pres_206_d1         |   14|          3|    1|          3|
    |srt_pres_206_we1        |   14|          3|    1|          3|
    |srt_pres_207_address1   |   14|          3|    6|         18|
    |srt_pres_207_ce0        |    9|          2|    1|          2|
    |srt_pres_207_ce1        |   14|          3|    1|          3|
    |srt_pres_207_d1         |   14|          3|    1|          3|
    |srt_pres_207_we1        |   14|          3|    1|          3|
    |srt_pres_208_address1   |   14|          3|    6|         18|
    |srt_pres_208_ce0        |    9|          2|    1|          2|
    |srt_pres_208_ce1        |   14|          3|    1|          3|
    |srt_pres_208_d1         |   14|          3|    1|          3|
    |srt_pres_208_we1        |   14|          3|    1|          3|
    |srt_pres_209_address1   |   14|          3|    6|         18|
    |srt_pres_209_ce0        |    9|          2|    1|          2|
    |srt_pres_209_ce1        |   14|          3|    1|          3|
    |srt_pres_209_d1         |   14|          3|    1|          3|
    |srt_pres_209_we1        |   14|          3|    1|          3|
    |srt_pres_20_address1    |   14|          3|    6|         18|
    |srt_pres_20_ce0         |    9|          2|    1|          2|
    |srt_pres_20_ce1         |   14|          3|    1|          3|
    |srt_pres_20_d1          |   14|          3|    1|          3|
    |srt_pres_20_we1         |   14|          3|    1|          3|
    |srt_pres_210_address1   |   14|          3|    6|         18|
    |srt_pres_210_ce0        |    9|          2|    1|          2|
    |srt_pres_210_ce1        |   14|          3|    1|          3|
    |srt_pres_210_d1         |   14|          3|    1|          3|
    |srt_pres_210_we1        |   14|          3|    1|          3|
    |srt_pres_211_address1   |   14|          3|    6|         18|
    |srt_pres_211_ce0        |    9|          2|    1|          2|
    |srt_pres_211_ce1        |   14|          3|    1|          3|
    |srt_pres_211_d1         |   14|          3|    1|          3|
    |srt_pres_211_we1        |   14|          3|    1|          3|
    |srt_pres_212_address1   |   14|          3|    6|         18|
    |srt_pres_212_ce0        |    9|          2|    1|          2|
    |srt_pres_212_ce1        |   14|          3|    1|          3|
    |srt_pres_212_d1         |   14|          3|    1|          3|
    |srt_pres_212_we1        |   14|          3|    1|          3|
    |srt_pres_213_address1   |   14|          3|    6|         18|
    |srt_pres_213_ce0        |    9|          2|    1|          2|
    |srt_pres_213_ce1        |   14|          3|    1|          3|
    |srt_pres_213_d1         |   14|          3|    1|          3|
    |srt_pres_213_we1        |   14|          3|    1|          3|
    |srt_pres_214_address1   |   14|          3|    6|         18|
    |srt_pres_214_ce0        |    9|          2|    1|          2|
    |srt_pres_214_ce1        |   14|          3|    1|          3|
    |srt_pres_214_d1         |   14|          3|    1|          3|
    |srt_pres_214_we1        |   14|          3|    1|          3|
    |srt_pres_215_address1   |   14|          3|    6|         18|
    |srt_pres_215_ce0        |    9|          2|    1|          2|
    |srt_pres_215_ce1        |   14|          3|    1|          3|
    |srt_pres_215_d1         |   14|          3|    1|          3|
    |srt_pres_215_we1        |   14|          3|    1|          3|
    |srt_pres_216_address1   |   14|          3|    6|         18|
    |srt_pres_216_ce0        |    9|          2|    1|          2|
    |srt_pres_216_ce1        |   14|          3|    1|          3|
    |srt_pres_216_d1         |   14|          3|    1|          3|
    |srt_pres_216_we1        |   14|          3|    1|          3|
    |srt_pres_217_address1   |   14|          3|    6|         18|
    |srt_pres_217_ce0        |    9|          2|    1|          2|
    |srt_pres_217_ce1        |   14|          3|    1|          3|
    |srt_pres_217_d1         |   14|          3|    1|          3|
    |srt_pres_217_we1        |   14|          3|    1|          3|
    |srt_pres_218_address1   |   14|          3|    6|         18|
    |srt_pres_218_ce0        |    9|          2|    1|          2|
    |srt_pres_218_ce1        |   14|          3|    1|          3|
    |srt_pres_218_d1         |   14|          3|    1|          3|
    |srt_pres_218_we1        |   14|          3|    1|          3|
    |srt_pres_219_address1   |   14|          3|    6|         18|
    |srt_pres_219_ce0        |    9|          2|    1|          2|
    |srt_pres_219_ce1        |   14|          3|    1|          3|
    |srt_pres_219_d1         |   14|          3|    1|          3|
    |srt_pres_219_we1        |   14|          3|    1|          3|
    |srt_pres_21_address1    |   14|          3|    6|         18|
    |srt_pres_21_ce0         |    9|          2|    1|          2|
    |srt_pres_21_ce1         |   14|          3|    1|          3|
    |srt_pres_21_d1          |   14|          3|    1|          3|
    |srt_pres_21_we1         |   14|          3|    1|          3|
    |srt_pres_220_address1   |   14|          3|    6|         18|
    |srt_pres_220_ce0        |    9|          2|    1|          2|
    |srt_pres_220_ce1        |   14|          3|    1|          3|
    |srt_pres_220_d1         |   14|          3|    1|          3|
    |srt_pres_220_we1        |   14|          3|    1|          3|
    |srt_pres_221_address1   |   14|          3|    6|         18|
    |srt_pres_221_ce0        |    9|          2|    1|          2|
    |srt_pres_221_ce1        |   14|          3|    1|          3|
    |srt_pres_221_d1         |   14|          3|    1|          3|
    |srt_pres_221_we1        |   14|          3|    1|          3|
    |srt_pres_222_address1   |   14|          3|    6|         18|
    |srt_pres_222_ce0        |    9|          2|    1|          2|
    |srt_pres_222_ce1        |   14|          3|    1|          3|
    |srt_pres_222_d1         |   14|          3|    1|          3|
    |srt_pres_222_we1        |   14|          3|    1|          3|
    |srt_pres_223_address1   |   14|          3|    6|         18|
    |srt_pres_223_ce0        |    9|          2|    1|          2|
    |srt_pres_223_ce1        |   14|          3|    1|          3|
    |srt_pres_223_d1         |   14|          3|    1|          3|
    |srt_pres_223_we1        |   14|          3|    1|          3|
    |srt_pres_224_address1   |   14|          3|    6|         18|
    |srt_pres_224_ce0        |    9|          2|    1|          2|
    |srt_pres_224_ce1        |   14|          3|    1|          3|
    |srt_pres_224_d1         |   14|          3|    1|          3|
    |srt_pres_224_we1        |   14|          3|    1|          3|
    |srt_pres_22_address1    |   14|          3|    6|         18|
    |srt_pres_22_ce0         |    9|          2|    1|          2|
    |srt_pres_22_ce1         |   14|          3|    1|          3|
    |srt_pres_22_d1          |   14|          3|    1|          3|
    |srt_pres_22_we1         |   14|          3|    1|          3|
    |srt_pres_23_address1    |   14|          3|    6|         18|
    |srt_pres_23_ce0         |    9|          2|    1|          2|
    |srt_pres_23_ce1         |   14|          3|    1|          3|
    |srt_pres_23_d1          |   14|          3|    1|          3|
    |srt_pres_23_we1         |   14|          3|    1|          3|
    |srt_pres_24_address1    |   14|          3|    6|         18|
    |srt_pres_24_ce0         |    9|          2|    1|          2|
    |srt_pres_24_ce1         |   14|          3|    1|          3|
    |srt_pres_24_d1          |   14|          3|    1|          3|
    |srt_pres_24_we1         |   14|          3|    1|          3|
    |srt_pres_25_address1    |   14|          3|    6|         18|
    |srt_pres_25_ce0         |    9|          2|    1|          2|
    |srt_pres_25_ce1         |   14|          3|    1|          3|
    |srt_pres_25_d1          |   14|          3|    1|          3|
    |srt_pres_25_we1         |   14|          3|    1|          3|
    |srt_pres_26_address1    |   14|          3|    6|         18|
    |srt_pres_26_ce0         |    9|          2|    1|          2|
    |srt_pres_26_ce1         |   14|          3|    1|          3|
    |srt_pres_26_d1          |   14|          3|    1|          3|
    |srt_pres_26_we1         |   14|          3|    1|          3|
    |srt_pres_27_address1    |   14|          3|    6|         18|
    |srt_pres_27_ce0         |    9|          2|    1|          2|
    |srt_pres_27_ce1         |   14|          3|    1|          3|
    |srt_pres_27_d1          |   14|          3|    1|          3|
    |srt_pres_27_we1         |   14|          3|    1|          3|
    |srt_pres_28_address1    |   14|          3|    6|         18|
    |srt_pres_28_ce0         |    9|          2|    1|          2|
    |srt_pres_28_ce1         |   14|          3|    1|          3|
    |srt_pres_28_d1          |   14|          3|    1|          3|
    |srt_pres_28_we1         |   14|          3|    1|          3|
    |srt_pres_29_address1    |   14|          3|    6|         18|
    |srt_pres_29_ce0         |    9|          2|    1|          2|
    |srt_pres_29_ce1         |   14|          3|    1|          3|
    |srt_pres_29_d1          |   14|          3|    1|          3|
    |srt_pres_29_we1         |   14|          3|    1|          3|
    |srt_pres_2_address1     |   14|          3|    6|         18|
    |srt_pres_2_ce0          |    9|          2|    1|          2|
    |srt_pres_2_ce1          |   14|          3|    1|          3|
    |srt_pres_2_d1           |   14|          3|    1|          3|
    |srt_pres_2_we1          |   14|          3|    1|          3|
    |srt_pres_30_address1    |   14|          3|    6|         18|
    |srt_pres_30_ce0         |    9|          2|    1|          2|
    |srt_pres_30_ce1         |   14|          3|    1|          3|
    |srt_pres_30_d1          |   14|          3|    1|          3|
    |srt_pres_30_we1         |   14|          3|    1|          3|
    |srt_pres_31_address1    |   14|          3|    6|         18|
    |srt_pres_31_ce0         |    9|          2|    1|          2|
    |srt_pres_31_ce1         |   14|          3|    1|          3|
    |srt_pres_31_d1          |   14|          3|    1|          3|
    |srt_pres_31_we1         |   14|          3|    1|          3|
    |srt_pres_32_address1    |   14|          3|    6|         18|
    |srt_pres_32_ce0         |    9|          2|    1|          2|
    |srt_pres_32_ce1         |   14|          3|    1|          3|
    |srt_pres_32_d1          |   14|          3|    1|          3|
    |srt_pres_32_we1         |   14|          3|    1|          3|
    |srt_pres_33_address1    |   14|          3|    6|         18|
    |srt_pres_33_ce0         |    9|          2|    1|          2|
    |srt_pres_33_ce1         |   14|          3|    1|          3|
    |srt_pres_33_d1          |   14|          3|    1|          3|
    |srt_pres_33_we1         |   14|          3|    1|          3|
    |srt_pres_34_address1    |   14|          3|    6|         18|
    |srt_pres_34_ce0         |    9|          2|    1|          2|
    |srt_pres_34_ce1         |   14|          3|    1|          3|
    |srt_pres_34_d1          |   14|          3|    1|          3|
    |srt_pres_34_we1         |   14|          3|    1|          3|
    |srt_pres_35_address1    |   14|          3|    6|         18|
    |srt_pres_35_ce0         |    9|          2|    1|          2|
    |srt_pres_35_ce1         |   14|          3|    1|          3|
    |srt_pres_35_d1          |   14|          3|    1|          3|
    |srt_pres_35_we1         |   14|          3|    1|          3|
    |srt_pres_36_address1    |   14|          3|    6|         18|
    |srt_pres_36_ce0         |    9|          2|    1|          2|
    |srt_pres_36_ce1         |   14|          3|    1|          3|
    |srt_pres_36_d1          |   14|          3|    1|          3|
    |srt_pres_36_we1         |   14|          3|    1|          3|
    |srt_pres_37_address1    |   14|          3|    6|         18|
    |srt_pres_37_ce0         |    9|          2|    1|          2|
    |srt_pres_37_ce1         |   14|          3|    1|          3|
    |srt_pres_37_d1          |   14|          3|    1|          3|
    |srt_pres_37_we1         |   14|          3|    1|          3|
    |srt_pres_38_address1    |   14|          3|    6|         18|
    |srt_pres_38_ce0         |    9|          2|    1|          2|
    |srt_pres_38_ce1         |   14|          3|    1|          3|
    |srt_pres_38_d1          |   14|          3|    1|          3|
    |srt_pres_38_we1         |   14|          3|    1|          3|
    |srt_pres_39_address1    |   14|          3|    6|         18|
    |srt_pres_39_ce0         |    9|          2|    1|          2|
    |srt_pres_39_ce1         |   14|          3|    1|          3|
    |srt_pres_39_d1          |   14|          3|    1|          3|
    |srt_pres_39_we1         |   14|          3|    1|          3|
    |srt_pres_3_address1     |   14|          3|    6|         18|
    |srt_pres_3_ce0          |    9|          2|    1|          2|
    |srt_pres_3_ce1          |   14|          3|    1|          3|
    |srt_pres_3_d1           |   14|          3|    1|          3|
    |srt_pres_3_we1          |   14|          3|    1|          3|
    |srt_pres_40_address1    |   14|          3|    6|         18|
    |srt_pres_40_ce0         |    9|          2|    1|          2|
    |srt_pres_40_ce1         |   14|          3|    1|          3|
    |srt_pres_40_d1          |   14|          3|    1|          3|
    |srt_pres_40_we1         |   14|          3|    1|          3|
    |srt_pres_41_address1    |   14|          3|    6|         18|
    |srt_pres_41_ce0         |    9|          2|    1|          2|
    |srt_pres_41_ce1         |   14|          3|    1|          3|
    |srt_pres_41_d1          |   14|          3|    1|          3|
    |srt_pres_41_we1         |   14|          3|    1|          3|
    |srt_pres_42_address1    |   14|          3|    6|         18|
    |srt_pres_42_ce0         |    9|          2|    1|          2|
    |srt_pres_42_ce1         |   14|          3|    1|          3|
    |srt_pres_42_d1          |   14|          3|    1|          3|
    |srt_pres_42_we1         |   14|          3|    1|          3|
    |srt_pres_43_address1    |   14|          3|    6|         18|
    |srt_pres_43_ce0         |    9|          2|    1|          2|
    |srt_pres_43_ce1         |   14|          3|    1|          3|
    |srt_pres_43_d1          |   14|          3|    1|          3|
    |srt_pres_43_we1         |   14|          3|    1|          3|
    |srt_pres_44_address1    |   14|          3|    6|         18|
    |srt_pres_44_ce0         |    9|          2|    1|          2|
    |srt_pres_44_ce1         |   14|          3|    1|          3|
    |srt_pres_44_d1          |   14|          3|    1|          3|
    |srt_pres_44_we1         |   14|          3|    1|          3|
    |srt_pres_45_address1    |   14|          3|    6|         18|
    |srt_pres_45_ce0         |    9|          2|    1|          2|
    |srt_pres_45_ce1         |   14|          3|    1|          3|
    |srt_pres_45_d1          |   14|          3|    1|          3|
    |srt_pres_45_we1         |   14|          3|    1|          3|
    |srt_pres_46_address1    |   14|          3|    6|         18|
    |srt_pres_46_ce0         |    9|          2|    1|          2|
    |srt_pres_46_ce1         |   14|          3|    1|          3|
    |srt_pres_46_d1          |   14|          3|    1|          3|
    |srt_pres_46_we1         |   14|          3|    1|          3|
    |srt_pres_47_address1    |   14|          3|    6|         18|
    |srt_pres_47_ce0         |    9|          2|    1|          2|
    |srt_pres_47_ce1         |   14|          3|    1|          3|
    |srt_pres_47_d1          |   14|          3|    1|          3|
    |srt_pres_47_we1         |   14|          3|    1|          3|
    |srt_pres_48_address1    |   14|          3|    6|         18|
    |srt_pres_48_ce0         |    9|          2|    1|          2|
    |srt_pres_48_ce1         |   14|          3|    1|          3|
    |srt_pres_48_d1          |   14|          3|    1|          3|
    |srt_pres_48_we1         |   14|          3|    1|          3|
    |srt_pres_49_address1    |   14|          3|    6|         18|
    |srt_pres_49_ce0         |    9|          2|    1|          2|
    |srt_pres_49_ce1         |   14|          3|    1|          3|
    |srt_pres_49_d1          |   14|          3|    1|          3|
    |srt_pres_49_we1         |   14|          3|    1|          3|
    |srt_pres_4_address1     |   14|          3|    6|         18|
    |srt_pres_4_ce0          |    9|          2|    1|          2|
    |srt_pres_4_ce1          |   14|          3|    1|          3|
    |srt_pres_4_d1           |   14|          3|    1|          3|
    |srt_pres_4_we1          |   14|          3|    1|          3|
    |srt_pres_50_address1    |   14|          3|    6|         18|
    |srt_pres_50_ce0         |    9|          2|    1|          2|
    |srt_pres_50_ce1         |   14|          3|    1|          3|
    |srt_pres_50_d1          |   14|          3|    1|          3|
    |srt_pres_50_we1         |   14|          3|    1|          3|
    |srt_pres_51_address1    |   14|          3|    6|         18|
    |srt_pres_51_ce0         |    9|          2|    1|          2|
    |srt_pres_51_ce1         |   14|          3|    1|          3|
    |srt_pres_51_d1          |   14|          3|    1|          3|
    |srt_pres_51_we1         |   14|          3|    1|          3|
    |srt_pres_52_address1    |   14|          3|    6|         18|
    |srt_pres_52_ce0         |    9|          2|    1|          2|
    |srt_pres_52_ce1         |   14|          3|    1|          3|
    |srt_pres_52_d1          |   14|          3|    1|          3|
    |srt_pres_52_we1         |   14|          3|    1|          3|
    |srt_pres_53_address1    |   14|          3|    6|         18|
    |srt_pres_53_ce0         |    9|          2|    1|          2|
    |srt_pres_53_ce1         |   14|          3|    1|          3|
    |srt_pres_53_d1          |   14|          3|    1|          3|
    |srt_pres_53_we1         |   14|          3|    1|          3|
    |srt_pres_54_address1    |   14|          3|    6|         18|
    |srt_pres_54_ce0         |    9|          2|    1|          2|
    |srt_pres_54_ce1         |   14|          3|    1|          3|
    |srt_pres_54_d1          |   14|          3|    1|          3|
    |srt_pres_54_we1         |   14|          3|    1|          3|
    |srt_pres_55_address1    |   14|          3|    6|         18|
    |srt_pres_55_ce0         |    9|          2|    1|          2|
    |srt_pres_55_ce1         |   14|          3|    1|          3|
    |srt_pres_55_d1          |   14|          3|    1|          3|
    |srt_pres_55_we1         |   14|          3|    1|          3|
    |srt_pres_56_address1    |   14|          3|    6|         18|
    |srt_pres_56_ce0         |    9|          2|    1|          2|
    |srt_pres_56_ce1         |   14|          3|    1|          3|
    |srt_pres_56_d1          |   14|          3|    1|          3|
    |srt_pres_56_we1         |   14|          3|    1|          3|
    |srt_pres_57_address1    |   14|          3|    6|         18|
    |srt_pres_57_ce0         |    9|          2|    1|          2|
    |srt_pres_57_ce1         |   14|          3|    1|          3|
    |srt_pres_57_d1          |   14|          3|    1|          3|
    |srt_pres_57_we1         |   14|          3|    1|          3|
    |srt_pres_58_address1    |   14|          3|    6|         18|
    |srt_pres_58_ce0         |    9|          2|    1|          2|
    |srt_pres_58_ce1         |   14|          3|    1|          3|
    |srt_pres_58_d1          |   14|          3|    1|          3|
    |srt_pres_58_we1         |   14|          3|    1|          3|
    |srt_pres_59_address1    |   14|          3|    6|         18|
    |srt_pres_59_ce0         |    9|          2|    1|          2|
    |srt_pres_59_ce1         |   14|          3|    1|          3|
    |srt_pres_59_d1          |   14|          3|    1|          3|
    |srt_pres_59_we1         |   14|          3|    1|          3|
    |srt_pres_5_address1     |   14|          3|    6|         18|
    |srt_pres_5_ce0          |    9|          2|    1|          2|
    |srt_pres_5_ce1          |   14|          3|    1|          3|
    |srt_pres_5_d1           |   14|          3|    1|          3|
    |srt_pres_5_we1          |   14|          3|    1|          3|
    |srt_pres_60_address1    |   14|          3|    6|         18|
    |srt_pres_60_ce0         |    9|          2|    1|          2|
    |srt_pres_60_ce1         |   14|          3|    1|          3|
    |srt_pres_60_d1          |   14|          3|    1|          3|
    |srt_pres_60_we1         |   14|          3|    1|          3|
    |srt_pres_61_address1    |   14|          3|    6|         18|
    |srt_pres_61_ce0         |    9|          2|    1|          2|
    |srt_pres_61_ce1         |   14|          3|    1|          3|
    |srt_pres_61_d1          |   14|          3|    1|          3|
    |srt_pres_61_we1         |   14|          3|    1|          3|
    |srt_pres_62_address1    |   14|          3|    6|         18|
    |srt_pres_62_ce0         |    9|          2|    1|          2|
    |srt_pres_62_ce1         |   14|          3|    1|          3|
    |srt_pres_62_d1          |   14|          3|    1|          3|
    |srt_pres_62_we1         |   14|          3|    1|          3|
    |srt_pres_63_address1    |   14|          3|    6|         18|
    |srt_pres_63_ce0         |    9|          2|    1|          2|
    |srt_pres_63_ce1         |   14|          3|    1|          3|
    |srt_pres_63_d1          |   14|          3|    1|          3|
    |srt_pres_63_we1         |   14|          3|    1|          3|
    |srt_pres_64_address1    |   14|          3|    6|         18|
    |srt_pres_64_ce0         |    9|          2|    1|          2|
    |srt_pres_64_ce1         |   14|          3|    1|          3|
    |srt_pres_64_d1          |   14|          3|    1|          3|
    |srt_pres_64_we1         |   14|          3|    1|          3|
    |srt_pres_65_address1    |   14|          3|    6|         18|
    |srt_pres_65_ce0         |    9|          2|    1|          2|
    |srt_pres_65_ce1         |   14|          3|    1|          3|
    |srt_pres_65_d1          |   14|          3|    1|          3|
    |srt_pres_65_we1         |   14|          3|    1|          3|
    |srt_pres_66_address1    |   14|          3|    6|         18|
    |srt_pres_66_ce0         |    9|          2|    1|          2|
    |srt_pres_66_ce1         |   14|          3|    1|          3|
    |srt_pres_66_d1          |   14|          3|    1|          3|
    |srt_pres_66_we1         |   14|          3|    1|          3|
    |srt_pres_67_address1    |   14|          3|    6|         18|
    |srt_pres_67_ce0         |    9|          2|    1|          2|
    |srt_pres_67_ce1         |   14|          3|    1|          3|
    |srt_pres_67_d1          |   14|          3|    1|          3|
    |srt_pres_67_we1         |   14|          3|    1|          3|
    |srt_pres_68_address1    |   14|          3|    6|         18|
    |srt_pres_68_ce0         |    9|          2|    1|          2|
    |srt_pres_68_ce1         |   14|          3|    1|          3|
    |srt_pres_68_d1          |   14|          3|    1|          3|
    |srt_pres_68_we1         |   14|          3|    1|          3|
    |srt_pres_69_address1    |   14|          3|    6|         18|
    |srt_pres_69_ce0         |    9|          2|    1|          2|
    |srt_pres_69_ce1         |   14|          3|    1|          3|
    |srt_pres_69_d1          |   14|          3|    1|          3|
    |srt_pres_69_we1         |   14|          3|    1|          3|
    |srt_pres_6_address1     |   14|          3|    6|         18|
    |srt_pres_6_ce0          |    9|          2|    1|          2|
    |srt_pres_6_ce1          |   14|          3|    1|          3|
    |srt_pres_6_d1           |   14|          3|    1|          3|
    |srt_pres_6_we1          |   14|          3|    1|          3|
    |srt_pres_70_address1    |   14|          3|    6|         18|
    |srt_pres_70_ce0         |    9|          2|    1|          2|
    |srt_pres_70_ce1         |   14|          3|    1|          3|
    |srt_pres_70_d1          |   14|          3|    1|          3|
    |srt_pres_70_we1         |   14|          3|    1|          3|
    |srt_pres_71_address1    |   14|          3|    6|         18|
    |srt_pres_71_ce0         |    9|          2|    1|          2|
    |srt_pres_71_ce1         |   14|          3|    1|          3|
    |srt_pres_71_d1          |   14|          3|    1|          3|
    |srt_pres_71_we1         |   14|          3|    1|          3|
    |srt_pres_72_address1    |   14|          3|    6|         18|
    |srt_pres_72_ce0         |    9|          2|    1|          2|
    |srt_pres_72_ce1         |   14|          3|    1|          3|
    |srt_pres_72_d1          |   14|          3|    1|          3|
    |srt_pres_72_we1         |   14|          3|    1|          3|
    |srt_pres_73_address1    |   14|          3|    6|         18|
    |srt_pres_73_ce0         |    9|          2|    1|          2|
    |srt_pres_73_ce1         |   14|          3|    1|          3|
    |srt_pres_73_d1          |   14|          3|    1|          3|
    |srt_pres_73_we1         |   14|          3|    1|          3|
    |srt_pres_74_address1    |   14|          3|    6|         18|
    |srt_pres_74_ce0         |    9|          2|    1|          2|
    |srt_pres_74_ce1         |   14|          3|    1|          3|
    |srt_pres_74_d1          |   14|          3|    1|          3|
    |srt_pres_74_we1         |   14|          3|    1|          3|
    |srt_pres_75_address1    |   14|          3|    6|         18|
    |srt_pres_75_ce0         |    9|          2|    1|          2|
    |srt_pres_75_ce1         |   14|          3|    1|          3|
    |srt_pres_75_d1          |   14|          3|    1|          3|
    |srt_pres_75_we1         |   14|          3|    1|          3|
    |srt_pres_76_address1    |   14|          3|    6|         18|
    |srt_pres_76_ce0         |    9|          2|    1|          2|
    |srt_pres_76_ce1         |   14|          3|    1|          3|
    |srt_pres_76_d1          |   14|          3|    1|          3|
    |srt_pres_76_we1         |   14|          3|    1|          3|
    |srt_pres_77_address1    |   14|          3|    6|         18|
    |srt_pres_77_ce0         |    9|          2|    1|          2|
    |srt_pres_77_ce1         |   14|          3|    1|          3|
    |srt_pres_77_d1          |   14|          3|    1|          3|
    |srt_pres_77_we1         |   14|          3|    1|          3|
    |srt_pres_78_address1    |   14|          3|    6|         18|
    |srt_pres_78_ce0         |    9|          2|    1|          2|
    |srt_pres_78_ce1         |   14|          3|    1|          3|
    |srt_pres_78_d1          |   14|          3|    1|          3|
    |srt_pres_78_we1         |   14|          3|    1|          3|
    |srt_pres_79_address1    |   14|          3|    6|         18|
    |srt_pres_79_ce0         |    9|          2|    1|          2|
    |srt_pres_79_ce1         |   14|          3|    1|          3|
    |srt_pres_79_d1          |   14|          3|    1|          3|
    |srt_pres_79_we1         |   14|          3|    1|          3|
    |srt_pres_7_address1     |   14|          3|    6|         18|
    |srt_pres_7_ce0          |    9|          2|    1|          2|
    |srt_pres_7_ce1          |   14|          3|    1|          3|
    |srt_pres_7_d1           |   14|          3|    1|          3|
    |srt_pres_7_we1          |   14|          3|    1|          3|
    |srt_pres_80_address1    |   14|          3|    6|         18|
    |srt_pres_80_ce0         |    9|          2|    1|          2|
    |srt_pres_80_ce1         |   14|          3|    1|          3|
    |srt_pres_80_d1          |   14|          3|    1|          3|
    |srt_pres_80_we1         |   14|          3|    1|          3|
    |srt_pres_81_address1    |   14|          3|    6|         18|
    |srt_pres_81_ce0         |    9|          2|    1|          2|
    |srt_pres_81_ce1         |   14|          3|    1|          3|
    |srt_pres_81_d1          |   14|          3|    1|          3|
    |srt_pres_81_we1         |   14|          3|    1|          3|
    |srt_pres_82_address1    |   14|          3|    6|         18|
    |srt_pres_82_ce0         |    9|          2|    1|          2|
    |srt_pres_82_ce1         |   14|          3|    1|          3|
    |srt_pres_82_d1          |   14|          3|    1|          3|
    |srt_pres_82_we1         |   14|          3|    1|          3|
    |srt_pres_83_address1    |   14|          3|    6|         18|
    |srt_pres_83_ce0         |    9|          2|    1|          2|
    |srt_pres_83_ce1         |   14|          3|    1|          3|
    |srt_pres_83_d1          |   14|          3|    1|          3|
    |srt_pres_83_we1         |   14|          3|    1|          3|
    |srt_pres_84_address1    |   14|          3|    6|         18|
    |srt_pres_84_ce0         |    9|          2|    1|          2|
    |srt_pres_84_ce1         |   14|          3|    1|          3|
    |srt_pres_84_d1          |   14|          3|    1|          3|
    |srt_pres_84_we1         |   14|          3|    1|          3|
    |srt_pres_85_address1    |   14|          3|    6|         18|
    |srt_pres_85_ce0         |    9|          2|    1|          2|
    |srt_pres_85_ce1         |   14|          3|    1|          3|
    |srt_pres_85_d1          |   14|          3|    1|          3|
    |srt_pres_85_we1         |   14|          3|    1|          3|
    |srt_pres_86_address1    |   14|          3|    6|         18|
    |srt_pres_86_ce0         |    9|          2|    1|          2|
    |srt_pres_86_ce1         |   14|          3|    1|          3|
    |srt_pres_86_d1          |   14|          3|    1|          3|
    |srt_pres_86_we1         |   14|          3|    1|          3|
    |srt_pres_87_address1    |   14|          3|    6|         18|
    |srt_pres_87_ce0         |    9|          2|    1|          2|
    |srt_pres_87_ce1         |   14|          3|    1|          3|
    |srt_pres_87_d1          |   14|          3|    1|          3|
    |srt_pres_87_we1         |   14|          3|    1|          3|
    |srt_pres_88_address1    |   14|          3|    6|         18|
    |srt_pres_88_ce0         |    9|          2|    1|          2|
    |srt_pres_88_ce1         |   14|          3|    1|          3|
    |srt_pres_88_d1          |   14|          3|    1|          3|
    |srt_pres_88_we1         |   14|          3|    1|          3|
    |srt_pres_89_address1    |   14|          3|    6|         18|
    |srt_pres_89_ce0         |    9|          2|    1|          2|
    |srt_pres_89_ce1         |   14|          3|    1|          3|
    |srt_pres_89_d1          |   14|          3|    1|          3|
    |srt_pres_89_we1         |   14|          3|    1|          3|
    |srt_pres_8_address1     |   14|          3|    6|         18|
    |srt_pres_8_ce0          |    9|          2|    1|          2|
    |srt_pres_8_ce1          |   14|          3|    1|          3|
    |srt_pres_8_d1           |   14|          3|    1|          3|
    |srt_pres_8_we1          |   14|          3|    1|          3|
    |srt_pres_90_address1    |   14|          3|    6|         18|
    |srt_pres_90_ce0         |    9|          2|    1|          2|
    |srt_pres_90_ce1         |   14|          3|    1|          3|
    |srt_pres_90_d1          |   14|          3|    1|          3|
    |srt_pres_90_we1         |   14|          3|    1|          3|
    |srt_pres_91_address1    |   14|          3|    6|         18|
    |srt_pres_91_ce0         |    9|          2|    1|          2|
    |srt_pres_91_ce1         |   14|          3|    1|          3|
    |srt_pres_91_d1          |   14|          3|    1|          3|
    |srt_pres_91_we1         |   14|          3|    1|          3|
    |srt_pres_92_address1    |   14|          3|    6|         18|
    |srt_pres_92_ce0         |    9|          2|    1|          2|
    |srt_pres_92_ce1         |   14|          3|    1|          3|
    |srt_pres_92_d1          |   14|          3|    1|          3|
    |srt_pres_92_we1         |   14|          3|    1|          3|
    |srt_pres_93_address1    |   14|          3|    6|         18|
    |srt_pres_93_ce0         |    9|          2|    1|          2|
    |srt_pres_93_ce1         |   14|          3|    1|          3|
    |srt_pres_93_d1          |   14|          3|    1|          3|
    |srt_pres_93_we1         |   14|          3|    1|          3|
    |srt_pres_94_address1    |   14|          3|    6|         18|
    |srt_pres_94_ce0         |    9|          2|    1|          2|
    |srt_pres_94_ce1         |   14|          3|    1|          3|
    |srt_pres_94_d1          |   14|          3|    1|          3|
    |srt_pres_94_we1         |   14|          3|    1|          3|
    |srt_pres_95_address1    |   14|          3|    6|         18|
    |srt_pres_95_ce0         |    9|          2|    1|          2|
    |srt_pres_95_ce1         |   14|          3|    1|          3|
    |srt_pres_95_d1          |   14|          3|    1|          3|
    |srt_pres_95_we1         |   14|          3|    1|          3|
    |srt_pres_96_address1    |   14|          3|    6|         18|
    |srt_pres_96_ce0         |    9|          2|    1|          2|
    |srt_pres_96_ce1         |   14|          3|    1|          3|
    |srt_pres_96_d1          |   14|          3|    1|          3|
    |srt_pres_96_we1         |   14|          3|    1|          3|
    |srt_pres_97_address1    |   14|          3|    6|         18|
    |srt_pres_97_ce0         |    9|          2|    1|          2|
    |srt_pres_97_ce1         |   14|          3|    1|          3|
    |srt_pres_97_d1          |   14|          3|    1|          3|
    |srt_pres_97_we1         |   14|          3|    1|          3|
    |srt_pres_98_address1    |   14|          3|    6|         18|
    |srt_pres_98_ce0         |    9|          2|    1|          2|
    |srt_pres_98_ce1         |   14|          3|    1|          3|
    |srt_pres_98_d1          |   14|          3|    1|          3|
    |srt_pres_98_we1         |   14|          3|    1|          3|
    |srt_pres_99_address1    |   14|          3|    6|         18|
    |srt_pres_99_ce0         |    9|          2|    1|          2|
    |srt_pres_99_ce1         |   14|          3|    1|          3|
    |srt_pres_99_d1          |   14|          3|    1|          3|
    |srt_pres_99_we1         |   14|          3|    1|          3|
    |srt_pres_9_address1     |   14|          3|    6|         18|
    |srt_pres_9_ce0          |    9|          2|    1|          2|
    |srt_pres_9_ce1          |   14|          3|    1|          3|
    |srt_pres_9_d1           |   14|          3|    1|          3|
    |srt_pres_9_we1          |   14|          3|    1|          3|
    |srt_pres_address1       |   14|          3|    6|         18|
    |srt_pres_ce0            |    9|          2|    1|          2|
    |srt_pres_ce1            |   14|          3|    1|          3|
    |srt_pres_d1             |   14|          3|    1|          3|
    |srt_pres_we1            |   14|          3|    1|          3|
    |srt_val_100_ce0         |    9|          2|    1|          2|
    |srt_val_100_ce1         |    9|          2|    1|          2|
    |srt_val_100_we1         |    9|          2|    1|          2|
    |srt_val_101_ce0         |    9|          2|    1|          2|
    |srt_val_101_ce1         |    9|          2|    1|          2|
    |srt_val_101_we1         |    9|          2|    1|          2|
    |srt_val_102_ce0         |    9|          2|    1|          2|
    |srt_val_102_ce1         |    9|          2|    1|          2|
    |srt_val_102_we1         |    9|          2|    1|          2|
    |srt_val_103_ce0         |    9|          2|    1|          2|
    |srt_val_103_ce1         |    9|          2|    1|          2|
    |srt_val_103_we1         |    9|          2|    1|          2|
    |srt_val_104_ce0         |    9|          2|    1|          2|
    |srt_val_104_ce1         |    9|          2|    1|          2|
    |srt_val_104_we1         |    9|          2|    1|          2|
    |srt_val_105_ce0         |    9|          2|    1|          2|
    |srt_val_105_ce1         |    9|          2|    1|          2|
    |srt_val_105_we1         |    9|          2|    1|          2|
    |srt_val_106_ce0         |    9|          2|    1|          2|
    |srt_val_106_ce1         |    9|          2|    1|          2|
    |srt_val_106_we1         |    9|          2|    1|          2|
    |srt_val_107_ce0         |    9|          2|    1|          2|
    |srt_val_107_ce1         |    9|          2|    1|          2|
    |srt_val_107_we1         |    9|          2|    1|          2|
    |srt_val_108_ce0         |    9|          2|    1|          2|
    |srt_val_108_ce1         |    9|          2|    1|          2|
    |srt_val_108_we1         |    9|          2|    1|          2|
    |srt_val_109_ce0         |    9|          2|    1|          2|
    |srt_val_109_ce1         |    9|          2|    1|          2|
    |srt_val_109_we1         |    9|          2|    1|          2|
    |srt_val_10_ce0          |    9|          2|    1|          2|
    |srt_val_10_ce1          |    9|          2|    1|          2|
    |srt_val_10_we1          |    9|          2|    1|          2|
    |srt_val_110_ce0         |    9|          2|    1|          2|
    |srt_val_110_ce1         |    9|          2|    1|          2|
    |srt_val_110_we1         |    9|          2|    1|          2|
    |srt_val_111_ce0         |    9|          2|    1|          2|
    |srt_val_111_ce1         |    9|          2|    1|          2|
    |srt_val_111_we1         |    9|          2|    1|          2|
    |srt_val_112_ce0         |    9|          2|    1|          2|
    |srt_val_112_ce1         |    9|          2|    1|          2|
    |srt_val_112_we1         |    9|          2|    1|          2|
    |srt_val_113_ce0         |    9|          2|    1|          2|
    |srt_val_113_ce1         |    9|          2|    1|          2|
    |srt_val_113_we1         |    9|          2|    1|          2|
    |srt_val_114_ce0         |    9|          2|    1|          2|
    |srt_val_114_ce1         |    9|          2|    1|          2|
    |srt_val_114_we1         |    9|          2|    1|          2|
    |srt_val_115_ce0         |    9|          2|    1|          2|
    |srt_val_115_ce1         |    9|          2|    1|          2|
    |srt_val_115_we1         |    9|          2|    1|          2|
    |srt_val_116_ce0         |    9|          2|    1|          2|
    |srt_val_116_ce1         |    9|          2|    1|          2|
    |srt_val_116_we1         |    9|          2|    1|          2|
    |srt_val_117_ce0         |    9|          2|    1|          2|
    |srt_val_117_ce1         |    9|          2|    1|          2|
    |srt_val_117_we1         |    9|          2|    1|          2|
    |srt_val_118_ce0         |    9|          2|    1|          2|
    |srt_val_118_ce1         |    9|          2|    1|          2|
    |srt_val_118_we1         |    9|          2|    1|          2|
    |srt_val_119_ce0         |    9|          2|    1|          2|
    |srt_val_119_ce1         |    9|          2|    1|          2|
    |srt_val_119_we1         |    9|          2|    1|          2|
    |srt_val_11_ce0          |    9|          2|    1|          2|
    |srt_val_11_ce1          |    9|          2|    1|          2|
    |srt_val_11_we1          |    9|          2|    1|          2|
    |srt_val_120_ce0         |    9|          2|    1|          2|
    |srt_val_120_ce1         |    9|          2|    1|          2|
    |srt_val_120_we1         |    9|          2|    1|          2|
    |srt_val_121_ce0         |    9|          2|    1|          2|
    |srt_val_121_ce1         |    9|          2|    1|          2|
    |srt_val_121_we1         |    9|          2|    1|          2|
    |srt_val_122_ce0         |    9|          2|    1|          2|
    |srt_val_122_ce1         |    9|          2|    1|          2|
    |srt_val_122_we1         |    9|          2|    1|          2|
    |srt_val_123_ce0         |    9|          2|    1|          2|
    |srt_val_123_ce1         |    9|          2|    1|          2|
    |srt_val_123_we1         |    9|          2|    1|          2|
    |srt_val_124_ce0         |    9|          2|    1|          2|
    |srt_val_124_ce1         |    9|          2|    1|          2|
    |srt_val_124_we1         |    9|          2|    1|          2|
    |srt_val_125_ce0         |    9|          2|    1|          2|
    |srt_val_125_ce1         |    9|          2|    1|          2|
    |srt_val_125_we1         |    9|          2|    1|          2|
    |srt_val_126_ce0         |    9|          2|    1|          2|
    |srt_val_126_ce1         |    9|          2|    1|          2|
    |srt_val_126_we1         |    9|          2|    1|          2|
    |srt_val_127_ce0         |    9|          2|    1|          2|
    |srt_val_127_ce1         |    9|          2|    1|          2|
    |srt_val_127_we1         |    9|          2|    1|          2|
    |srt_val_128_ce0         |    9|          2|    1|          2|
    |srt_val_128_ce1         |    9|          2|    1|          2|
    |srt_val_128_we1         |    9|          2|    1|          2|
    |srt_val_129_ce0         |    9|          2|    1|          2|
    |srt_val_129_ce1         |    9|          2|    1|          2|
    |srt_val_129_we1         |    9|          2|    1|          2|
    |srt_val_12_ce0          |    9|          2|    1|          2|
    |srt_val_12_ce1          |    9|          2|    1|          2|
    |srt_val_12_we1          |    9|          2|    1|          2|
    |srt_val_130_ce0         |    9|          2|    1|          2|
    |srt_val_130_ce1         |    9|          2|    1|          2|
    |srt_val_130_we1         |    9|          2|    1|          2|
    |srt_val_131_ce0         |    9|          2|    1|          2|
    |srt_val_131_ce1         |    9|          2|    1|          2|
    |srt_val_131_we1         |    9|          2|    1|          2|
    |srt_val_132_ce0         |    9|          2|    1|          2|
    |srt_val_132_ce1         |    9|          2|    1|          2|
    |srt_val_132_we1         |    9|          2|    1|          2|
    |srt_val_133_ce0         |    9|          2|    1|          2|
    |srt_val_133_ce1         |    9|          2|    1|          2|
    |srt_val_133_we1         |    9|          2|    1|          2|
    |srt_val_134_ce0         |    9|          2|    1|          2|
    |srt_val_134_ce1         |    9|          2|    1|          2|
    |srt_val_134_we1         |    9|          2|    1|          2|
    |srt_val_135_ce0         |    9|          2|    1|          2|
    |srt_val_135_ce1         |    9|          2|    1|          2|
    |srt_val_135_we1         |    9|          2|    1|          2|
    |srt_val_136_ce0         |    9|          2|    1|          2|
    |srt_val_136_ce1         |    9|          2|    1|          2|
    |srt_val_136_we1         |    9|          2|    1|          2|
    |srt_val_137_ce0         |    9|          2|    1|          2|
    |srt_val_137_ce1         |    9|          2|    1|          2|
    |srt_val_137_we1         |    9|          2|    1|          2|
    |srt_val_138_ce0         |    9|          2|    1|          2|
    |srt_val_138_ce1         |    9|          2|    1|          2|
    |srt_val_138_we1         |    9|          2|    1|          2|
    |srt_val_139_ce0         |    9|          2|    1|          2|
    |srt_val_139_ce1         |    9|          2|    1|          2|
    |srt_val_139_we1         |    9|          2|    1|          2|
    |srt_val_13_ce0          |    9|          2|    1|          2|
    |srt_val_13_ce1          |    9|          2|    1|          2|
    |srt_val_13_we1          |    9|          2|    1|          2|
    |srt_val_140_ce0         |    9|          2|    1|          2|
    |srt_val_140_ce1         |    9|          2|    1|          2|
    |srt_val_140_we1         |    9|          2|    1|          2|
    |srt_val_141_ce0         |    9|          2|    1|          2|
    |srt_val_141_ce1         |    9|          2|    1|          2|
    |srt_val_141_we1         |    9|          2|    1|          2|
    |srt_val_142_ce0         |    9|          2|    1|          2|
    |srt_val_142_ce1         |    9|          2|    1|          2|
    |srt_val_142_we1         |    9|          2|    1|          2|
    |srt_val_143_ce0         |    9|          2|    1|          2|
    |srt_val_143_ce1         |    9|          2|    1|          2|
    |srt_val_143_we1         |    9|          2|    1|          2|
    |srt_val_144_ce0         |    9|          2|    1|          2|
    |srt_val_144_ce1         |    9|          2|    1|          2|
    |srt_val_144_we1         |    9|          2|    1|          2|
    |srt_val_145_ce0         |    9|          2|    1|          2|
    |srt_val_145_ce1         |    9|          2|    1|          2|
    |srt_val_145_we1         |    9|          2|    1|          2|
    |srt_val_146_ce0         |    9|          2|    1|          2|
    |srt_val_146_ce1         |    9|          2|    1|          2|
    |srt_val_146_we1         |    9|          2|    1|          2|
    |srt_val_147_ce0         |    9|          2|    1|          2|
    |srt_val_147_ce1         |    9|          2|    1|          2|
    |srt_val_147_we1         |    9|          2|    1|          2|
    |srt_val_148_ce0         |    9|          2|    1|          2|
    |srt_val_148_ce1         |    9|          2|    1|          2|
    |srt_val_148_we1         |    9|          2|    1|          2|
    |srt_val_149_ce0         |    9|          2|    1|          2|
    |srt_val_149_ce1         |    9|          2|    1|          2|
    |srt_val_149_we1         |    9|          2|    1|          2|
    |srt_val_14_ce0          |    9|          2|    1|          2|
    |srt_val_14_ce1          |    9|          2|    1|          2|
    |srt_val_14_we1          |    9|          2|    1|          2|
    |srt_val_150_ce0         |    9|          2|    1|          2|
    |srt_val_150_ce1         |    9|          2|    1|          2|
    |srt_val_150_we1         |    9|          2|    1|          2|
    |srt_val_151_ce0         |    9|          2|    1|          2|
    |srt_val_151_ce1         |    9|          2|    1|          2|
    |srt_val_151_we1         |    9|          2|    1|          2|
    |srt_val_152_ce0         |    9|          2|    1|          2|
    |srt_val_152_ce1         |    9|          2|    1|          2|
    |srt_val_152_we1         |    9|          2|    1|          2|
    |srt_val_153_ce0         |    9|          2|    1|          2|
    |srt_val_153_ce1         |    9|          2|    1|          2|
    |srt_val_153_we1         |    9|          2|    1|          2|
    |srt_val_154_ce0         |    9|          2|    1|          2|
    |srt_val_154_ce1         |    9|          2|    1|          2|
    |srt_val_154_we1         |    9|          2|    1|          2|
    |srt_val_155_ce0         |    9|          2|    1|          2|
    |srt_val_155_ce1         |    9|          2|    1|          2|
    |srt_val_155_we1         |    9|          2|    1|          2|
    |srt_val_156_ce0         |    9|          2|    1|          2|
    |srt_val_156_ce1         |    9|          2|    1|          2|
    |srt_val_156_we1         |    9|          2|    1|          2|
    |srt_val_157_ce0         |    9|          2|    1|          2|
    |srt_val_157_ce1         |    9|          2|    1|          2|
    |srt_val_157_we1         |    9|          2|    1|          2|
    |srt_val_158_ce0         |    9|          2|    1|          2|
    |srt_val_158_ce1         |    9|          2|    1|          2|
    |srt_val_158_we1         |    9|          2|    1|          2|
    |srt_val_159_ce0         |    9|          2|    1|          2|
    |srt_val_159_ce1         |    9|          2|    1|          2|
    |srt_val_159_we1         |    9|          2|    1|          2|
    |srt_val_15_ce0          |    9|          2|    1|          2|
    |srt_val_15_ce1          |    9|          2|    1|          2|
    |srt_val_15_we1          |    9|          2|    1|          2|
    |srt_val_160_ce0         |    9|          2|    1|          2|
    |srt_val_160_ce1         |    9|          2|    1|          2|
    |srt_val_160_we1         |    9|          2|    1|          2|
    |srt_val_161_ce0         |    9|          2|    1|          2|
    |srt_val_161_ce1         |    9|          2|    1|          2|
    |srt_val_161_we1         |    9|          2|    1|          2|
    |srt_val_162_ce0         |    9|          2|    1|          2|
    |srt_val_162_ce1         |    9|          2|    1|          2|
    |srt_val_162_we1         |    9|          2|    1|          2|
    |srt_val_163_ce0         |    9|          2|    1|          2|
    |srt_val_163_ce1         |    9|          2|    1|          2|
    |srt_val_163_we1         |    9|          2|    1|          2|
    |srt_val_164_ce0         |    9|          2|    1|          2|
    |srt_val_164_ce1         |    9|          2|    1|          2|
    |srt_val_164_we1         |    9|          2|    1|          2|
    |srt_val_165_ce0         |    9|          2|    1|          2|
    |srt_val_165_ce1         |    9|          2|    1|          2|
    |srt_val_165_we1         |    9|          2|    1|          2|
    |srt_val_166_ce0         |    9|          2|    1|          2|
    |srt_val_166_ce1         |    9|          2|    1|          2|
    |srt_val_166_we1         |    9|          2|    1|          2|
    |srt_val_167_ce0         |    9|          2|    1|          2|
    |srt_val_167_ce1         |    9|          2|    1|          2|
    |srt_val_167_we1         |    9|          2|    1|          2|
    |srt_val_168_ce0         |    9|          2|    1|          2|
    |srt_val_168_ce1         |    9|          2|    1|          2|
    |srt_val_168_we1         |    9|          2|    1|          2|
    |srt_val_169_ce0         |    9|          2|    1|          2|
    |srt_val_169_ce1         |    9|          2|    1|          2|
    |srt_val_169_we1         |    9|          2|    1|          2|
    |srt_val_16_ce0          |    9|          2|    1|          2|
    |srt_val_16_ce1          |    9|          2|    1|          2|
    |srt_val_16_we1          |    9|          2|    1|          2|
    |srt_val_170_ce0         |    9|          2|    1|          2|
    |srt_val_170_ce1         |    9|          2|    1|          2|
    |srt_val_170_we1         |    9|          2|    1|          2|
    |srt_val_171_ce0         |    9|          2|    1|          2|
    |srt_val_171_ce1         |    9|          2|    1|          2|
    |srt_val_171_we1         |    9|          2|    1|          2|
    |srt_val_172_ce0         |    9|          2|    1|          2|
    |srt_val_172_ce1         |    9|          2|    1|          2|
    |srt_val_172_we1         |    9|          2|    1|          2|
    |srt_val_173_ce0         |    9|          2|    1|          2|
    |srt_val_173_ce1         |    9|          2|    1|          2|
    |srt_val_173_we1         |    9|          2|    1|          2|
    |srt_val_174_ce0         |    9|          2|    1|          2|
    |srt_val_174_ce1         |    9|          2|    1|          2|
    |srt_val_174_we1         |    9|          2|    1|          2|
    |srt_val_175_ce0         |    9|          2|    1|          2|
    |srt_val_175_ce1         |    9|          2|    1|          2|
    |srt_val_175_we1         |    9|          2|    1|          2|
    |srt_val_176_ce0         |    9|          2|    1|          2|
    |srt_val_176_ce1         |    9|          2|    1|          2|
    |srt_val_176_we1         |    9|          2|    1|          2|
    |srt_val_177_ce0         |    9|          2|    1|          2|
    |srt_val_177_ce1         |    9|          2|    1|          2|
    |srt_val_177_we1         |    9|          2|    1|          2|
    |srt_val_178_ce0         |    9|          2|    1|          2|
    |srt_val_178_ce1         |    9|          2|    1|          2|
    |srt_val_178_we1         |    9|          2|    1|          2|
    |srt_val_179_ce0         |    9|          2|    1|          2|
    |srt_val_179_ce1         |    9|          2|    1|          2|
    |srt_val_179_we1         |    9|          2|    1|          2|
    |srt_val_17_ce0          |    9|          2|    1|          2|
    |srt_val_17_ce1          |    9|          2|    1|          2|
    |srt_val_17_we1          |    9|          2|    1|          2|
    |srt_val_180_ce0         |    9|          2|    1|          2|
    |srt_val_180_ce1         |    9|          2|    1|          2|
    |srt_val_180_we1         |    9|          2|    1|          2|
    |srt_val_181_ce0         |    9|          2|    1|          2|
    |srt_val_181_ce1         |    9|          2|    1|          2|
    |srt_val_181_we1         |    9|          2|    1|          2|
    |srt_val_182_ce0         |    9|          2|    1|          2|
    |srt_val_182_ce1         |    9|          2|    1|          2|
    |srt_val_182_we1         |    9|          2|    1|          2|
    |srt_val_183_ce0         |    9|          2|    1|          2|
    |srt_val_183_ce1         |    9|          2|    1|          2|
    |srt_val_183_we1         |    9|          2|    1|          2|
    |srt_val_184_ce0         |    9|          2|    1|          2|
    |srt_val_184_ce1         |    9|          2|    1|          2|
    |srt_val_184_we1         |    9|          2|    1|          2|
    |srt_val_185_ce0         |    9|          2|    1|          2|
    |srt_val_185_ce1         |    9|          2|    1|          2|
    |srt_val_185_we1         |    9|          2|    1|          2|
    |srt_val_186_ce0         |    9|          2|    1|          2|
    |srt_val_186_ce1         |    9|          2|    1|          2|
    |srt_val_186_we1         |    9|          2|    1|          2|
    |srt_val_187_ce0         |    9|          2|    1|          2|
    |srt_val_187_ce1         |    9|          2|    1|          2|
    |srt_val_187_we1         |    9|          2|    1|          2|
    |srt_val_188_ce0         |    9|          2|    1|          2|
    |srt_val_188_ce1         |    9|          2|    1|          2|
    |srt_val_188_we1         |    9|          2|    1|          2|
    |srt_val_189_ce0         |    9|          2|    1|          2|
    |srt_val_189_ce1         |    9|          2|    1|          2|
    |srt_val_189_we1         |    9|          2|    1|          2|
    |srt_val_18_ce0          |    9|          2|    1|          2|
    |srt_val_18_ce1          |    9|          2|    1|          2|
    |srt_val_18_we1          |    9|          2|    1|          2|
    |srt_val_190_ce0         |    9|          2|    1|          2|
    |srt_val_190_ce1         |    9|          2|    1|          2|
    |srt_val_190_we1         |    9|          2|    1|          2|
    |srt_val_191_ce0         |    9|          2|    1|          2|
    |srt_val_191_ce1         |    9|          2|    1|          2|
    |srt_val_191_we1         |    9|          2|    1|          2|
    |srt_val_192_ce0         |    9|          2|    1|          2|
    |srt_val_192_ce1         |    9|          2|    1|          2|
    |srt_val_192_we1         |    9|          2|    1|          2|
    |srt_val_193_ce0         |    9|          2|    1|          2|
    |srt_val_193_ce1         |    9|          2|    1|          2|
    |srt_val_193_we1         |    9|          2|    1|          2|
    |srt_val_194_ce0         |    9|          2|    1|          2|
    |srt_val_194_ce1         |    9|          2|    1|          2|
    |srt_val_194_we1         |    9|          2|    1|          2|
    |srt_val_195_ce0         |    9|          2|    1|          2|
    |srt_val_195_ce1         |    9|          2|    1|          2|
    |srt_val_195_we1         |    9|          2|    1|          2|
    |srt_val_196_ce0         |    9|          2|    1|          2|
    |srt_val_196_ce1         |    9|          2|    1|          2|
    |srt_val_196_we1         |    9|          2|    1|          2|
    |srt_val_197_ce0         |    9|          2|    1|          2|
    |srt_val_197_ce1         |    9|          2|    1|          2|
    |srt_val_197_we1         |    9|          2|    1|          2|
    |srt_val_198_ce0         |    9|          2|    1|          2|
    |srt_val_198_ce1         |    9|          2|    1|          2|
    |srt_val_198_we1         |    9|          2|    1|          2|
    |srt_val_199_ce0         |    9|          2|    1|          2|
    |srt_val_199_ce1         |    9|          2|    1|          2|
    |srt_val_199_we1         |    9|          2|    1|          2|
    |srt_val_19_ce0          |    9|          2|    1|          2|
    |srt_val_19_ce1          |    9|          2|    1|          2|
    |srt_val_19_we1          |    9|          2|    1|          2|
    |srt_val_1_ce0           |    9|          2|    1|          2|
    |srt_val_1_ce1           |    9|          2|    1|          2|
    |srt_val_1_we1           |    9|          2|    1|          2|
    |srt_val_200_ce0         |    9|          2|    1|          2|
    |srt_val_200_ce1         |    9|          2|    1|          2|
    |srt_val_200_we1         |    9|          2|    1|          2|
    |srt_val_201_ce0         |    9|          2|    1|          2|
    |srt_val_201_ce1         |    9|          2|    1|          2|
    |srt_val_201_we1         |    9|          2|    1|          2|
    |srt_val_202_ce0         |    9|          2|    1|          2|
    |srt_val_202_ce1         |    9|          2|    1|          2|
    |srt_val_202_we1         |    9|          2|    1|          2|
    |srt_val_203_ce0         |    9|          2|    1|          2|
    |srt_val_203_ce1         |    9|          2|    1|          2|
    |srt_val_203_we1         |    9|          2|    1|          2|
    |srt_val_204_ce0         |    9|          2|    1|          2|
    |srt_val_204_ce1         |    9|          2|    1|          2|
    |srt_val_204_we1         |    9|          2|    1|          2|
    |srt_val_205_ce0         |    9|          2|    1|          2|
    |srt_val_205_ce1         |    9|          2|    1|          2|
    |srt_val_205_we1         |    9|          2|    1|          2|
    |srt_val_206_ce0         |    9|          2|    1|          2|
    |srt_val_206_ce1         |    9|          2|    1|          2|
    |srt_val_206_we1         |    9|          2|    1|          2|
    |srt_val_207_ce0         |    9|          2|    1|          2|
    |srt_val_207_ce1         |    9|          2|    1|          2|
    |srt_val_207_we1         |    9|          2|    1|          2|
    |srt_val_208_ce0         |    9|          2|    1|          2|
    |srt_val_208_ce1         |    9|          2|    1|          2|
    |srt_val_208_we1         |    9|          2|    1|          2|
    |srt_val_209_ce0         |    9|          2|    1|          2|
    |srt_val_209_ce1         |    9|          2|    1|          2|
    |srt_val_209_we1         |    9|          2|    1|          2|
    |srt_val_20_ce0          |    9|          2|    1|          2|
    |srt_val_20_ce1          |    9|          2|    1|          2|
    |srt_val_20_we1          |    9|          2|    1|          2|
    |srt_val_210_ce0         |    9|          2|    1|          2|
    |srt_val_210_ce1         |    9|          2|    1|          2|
    |srt_val_210_we1         |    9|          2|    1|          2|
    |srt_val_211_ce0         |    9|          2|    1|          2|
    |srt_val_211_ce1         |    9|          2|    1|          2|
    |srt_val_211_we1         |    9|          2|    1|          2|
    |srt_val_212_ce0         |    9|          2|    1|          2|
    |srt_val_212_ce1         |    9|          2|    1|          2|
    |srt_val_212_we1         |    9|          2|    1|          2|
    |srt_val_213_ce0         |    9|          2|    1|          2|
    |srt_val_213_ce1         |    9|          2|    1|          2|
    |srt_val_213_we1         |    9|          2|    1|          2|
    |srt_val_214_ce0         |    9|          2|    1|          2|
    |srt_val_214_ce1         |    9|          2|    1|          2|
    |srt_val_214_we1         |    9|          2|    1|          2|
    |srt_val_215_ce0         |    9|          2|    1|          2|
    |srt_val_215_ce1         |    9|          2|    1|          2|
    |srt_val_215_we1         |    9|          2|    1|          2|
    |srt_val_216_ce0         |    9|          2|    1|          2|
    |srt_val_216_ce1         |    9|          2|    1|          2|
    |srt_val_216_we1         |    9|          2|    1|          2|
    |srt_val_217_ce0         |    9|          2|    1|          2|
    |srt_val_217_ce1         |    9|          2|    1|          2|
    |srt_val_217_we1         |    9|          2|    1|          2|
    |srt_val_218_ce0         |    9|          2|    1|          2|
    |srt_val_218_ce1         |    9|          2|    1|          2|
    |srt_val_218_we1         |    9|          2|    1|          2|
    |srt_val_219_ce0         |    9|          2|    1|          2|
    |srt_val_219_ce1         |    9|          2|    1|          2|
    |srt_val_219_we1         |    9|          2|    1|          2|
    |srt_val_21_ce0          |    9|          2|    1|          2|
    |srt_val_21_ce1          |    9|          2|    1|          2|
    |srt_val_21_we1          |    9|          2|    1|          2|
    |srt_val_220_ce0         |    9|          2|    1|          2|
    |srt_val_220_ce1         |    9|          2|    1|          2|
    |srt_val_220_we1         |    9|          2|    1|          2|
    |srt_val_221_ce0         |    9|          2|    1|          2|
    |srt_val_221_ce1         |    9|          2|    1|          2|
    |srt_val_221_we1         |    9|          2|    1|          2|
    |srt_val_222_ce0         |    9|          2|    1|          2|
    |srt_val_222_ce1         |    9|          2|    1|          2|
    |srt_val_222_we1         |    9|          2|    1|          2|
    |srt_val_223_ce0         |    9|          2|    1|          2|
    |srt_val_223_ce1         |    9|          2|    1|          2|
    |srt_val_223_we1         |    9|          2|    1|          2|
    |srt_val_224_ce0         |    9|          2|    1|          2|
    |srt_val_224_ce1         |    9|          2|    1|          2|
    |srt_val_224_we1         |    9|          2|    1|          2|
    |srt_val_22_ce0          |    9|          2|    1|          2|
    |srt_val_22_ce1          |    9|          2|    1|          2|
    |srt_val_22_we1          |    9|          2|    1|          2|
    |srt_val_23_ce0          |    9|          2|    1|          2|
    |srt_val_23_ce1          |    9|          2|    1|          2|
    |srt_val_23_we1          |    9|          2|    1|          2|
    |srt_val_24_ce0          |    9|          2|    1|          2|
    |srt_val_24_ce1          |    9|          2|    1|          2|
    |srt_val_24_we1          |    9|          2|    1|          2|
    |srt_val_25_ce0          |    9|          2|    1|          2|
    |srt_val_25_ce1          |    9|          2|    1|          2|
    |srt_val_25_we1          |    9|          2|    1|          2|
    |srt_val_26_ce0          |    9|          2|    1|          2|
    |srt_val_26_ce1          |    9|          2|    1|          2|
    |srt_val_26_we1          |    9|          2|    1|          2|
    |srt_val_27_ce0          |    9|          2|    1|          2|
    |srt_val_27_ce1          |    9|          2|    1|          2|
    |srt_val_27_we1          |    9|          2|    1|          2|
    |srt_val_28_ce0          |    9|          2|    1|          2|
    |srt_val_28_ce1          |    9|          2|    1|          2|
    |srt_val_28_we1          |    9|          2|    1|          2|
    |srt_val_29_ce0          |    9|          2|    1|          2|
    |srt_val_29_ce1          |    9|          2|    1|          2|
    |srt_val_29_we1          |    9|          2|    1|          2|
    |srt_val_2_ce0           |    9|          2|    1|          2|
    |srt_val_2_ce1           |    9|          2|    1|          2|
    |srt_val_2_we1           |    9|          2|    1|          2|
    |srt_val_30_ce0          |    9|          2|    1|          2|
    |srt_val_30_ce1          |    9|          2|    1|          2|
    |srt_val_30_we1          |    9|          2|    1|          2|
    |srt_val_31_ce0          |    9|          2|    1|          2|
    |srt_val_31_ce1          |    9|          2|    1|          2|
    |srt_val_31_we1          |    9|          2|    1|          2|
    |srt_val_32_ce0          |    9|          2|    1|          2|
    |srt_val_32_ce1          |    9|          2|    1|          2|
    |srt_val_32_we1          |    9|          2|    1|          2|
    |srt_val_33_ce0          |    9|          2|    1|          2|
    |srt_val_33_ce1          |    9|          2|    1|          2|
    |srt_val_33_we1          |    9|          2|    1|          2|
    |srt_val_34_ce0          |    9|          2|    1|          2|
    |srt_val_34_ce1          |    9|          2|    1|          2|
    |srt_val_34_we1          |    9|          2|    1|          2|
    |srt_val_35_ce0          |    9|          2|    1|          2|
    |srt_val_35_ce1          |    9|          2|    1|          2|
    |srt_val_35_we1          |    9|          2|    1|          2|
    |srt_val_36_ce0          |    9|          2|    1|          2|
    |srt_val_36_ce1          |    9|          2|    1|          2|
    |srt_val_36_we1          |    9|          2|    1|          2|
    |srt_val_37_ce0          |    9|          2|    1|          2|
    |srt_val_37_ce1          |    9|          2|    1|          2|
    |srt_val_37_we1          |    9|          2|    1|          2|
    |srt_val_38_ce0          |    9|          2|    1|          2|
    |srt_val_38_ce1          |    9|          2|    1|          2|
    |srt_val_38_we1          |    9|          2|    1|          2|
    |srt_val_39_ce0          |    9|          2|    1|          2|
    |srt_val_39_ce1          |    9|          2|    1|          2|
    |srt_val_39_we1          |    9|          2|    1|          2|
    |srt_val_3_ce0           |    9|          2|    1|          2|
    |srt_val_3_ce1           |    9|          2|    1|          2|
    |srt_val_3_we1           |    9|          2|    1|          2|
    |srt_val_40_ce0          |    9|          2|    1|          2|
    |srt_val_40_ce1          |    9|          2|    1|          2|
    |srt_val_40_we1          |    9|          2|    1|          2|
    |srt_val_41_ce0          |    9|          2|    1|          2|
    |srt_val_41_ce1          |    9|          2|    1|          2|
    |srt_val_41_we1          |    9|          2|    1|          2|
    |srt_val_42_ce0          |    9|          2|    1|          2|
    |srt_val_42_ce1          |    9|          2|    1|          2|
    |srt_val_42_we1          |    9|          2|    1|          2|
    |srt_val_43_ce0          |    9|          2|    1|          2|
    |srt_val_43_ce1          |    9|          2|    1|          2|
    |srt_val_43_we1          |    9|          2|    1|          2|
    |srt_val_44_ce0          |    9|          2|    1|          2|
    |srt_val_44_ce1          |    9|          2|    1|          2|
    |srt_val_44_we1          |    9|          2|    1|          2|
    |srt_val_45_ce0          |    9|          2|    1|          2|
    |srt_val_45_ce1          |    9|          2|    1|          2|
    |srt_val_45_we1          |    9|          2|    1|          2|
    |srt_val_46_ce0          |    9|          2|    1|          2|
    |srt_val_46_ce1          |    9|          2|    1|          2|
    |srt_val_46_we1          |    9|          2|    1|          2|
    |srt_val_47_ce0          |    9|          2|    1|          2|
    |srt_val_47_ce1          |    9|          2|    1|          2|
    |srt_val_47_we1          |    9|          2|    1|          2|
    |srt_val_48_ce0          |    9|          2|    1|          2|
    |srt_val_48_ce1          |    9|          2|    1|          2|
    |srt_val_48_we1          |    9|          2|    1|          2|
    |srt_val_49_ce0          |    9|          2|    1|          2|
    |srt_val_49_ce1          |    9|          2|    1|          2|
    |srt_val_49_we1          |    9|          2|    1|          2|
    |srt_val_4_ce0           |    9|          2|    1|          2|
    |srt_val_4_ce1           |    9|          2|    1|          2|
    |srt_val_4_we1           |    9|          2|    1|          2|
    |srt_val_50_ce0          |    9|          2|    1|          2|
    |srt_val_50_ce1          |    9|          2|    1|          2|
    |srt_val_50_we1          |    9|          2|    1|          2|
    |srt_val_51_ce0          |    9|          2|    1|          2|
    |srt_val_51_ce1          |    9|          2|    1|          2|
    |srt_val_51_we1          |    9|          2|    1|          2|
    |srt_val_52_ce0          |    9|          2|    1|          2|
    |srt_val_52_ce1          |    9|          2|    1|          2|
    |srt_val_52_we1          |    9|          2|    1|          2|
    |srt_val_53_ce0          |    9|          2|    1|          2|
    |srt_val_53_ce1          |    9|          2|    1|          2|
    |srt_val_53_we1          |    9|          2|    1|          2|
    |srt_val_54_ce0          |    9|          2|    1|          2|
    |srt_val_54_ce1          |    9|          2|    1|          2|
    |srt_val_54_we1          |    9|          2|    1|          2|
    |srt_val_55_ce0          |    9|          2|    1|          2|
    |srt_val_55_ce1          |    9|          2|    1|          2|
    |srt_val_55_we1          |    9|          2|    1|          2|
    |srt_val_56_ce0          |    9|          2|    1|          2|
    |srt_val_56_ce1          |    9|          2|    1|          2|
    |srt_val_56_we1          |    9|          2|    1|          2|
    |srt_val_57_ce0          |    9|          2|    1|          2|
    |srt_val_57_ce1          |    9|          2|    1|          2|
    |srt_val_57_we1          |    9|          2|    1|          2|
    |srt_val_58_ce0          |    9|          2|    1|          2|
    |srt_val_58_ce1          |    9|          2|    1|          2|
    |srt_val_58_we1          |    9|          2|    1|          2|
    |srt_val_59_ce0          |    9|          2|    1|          2|
    |srt_val_59_ce1          |    9|          2|    1|          2|
    |srt_val_59_we1          |    9|          2|    1|          2|
    |srt_val_5_ce0           |    9|          2|    1|          2|
    |srt_val_5_ce1           |    9|          2|    1|          2|
    |srt_val_5_we1           |    9|          2|    1|          2|
    |srt_val_60_ce0          |    9|          2|    1|          2|
    |srt_val_60_ce1          |    9|          2|    1|          2|
    |srt_val_60_we1          |    9|          2|    1|          2|
    |srt_val_61_ce0          |    9|          2|    1|          2|
    |srt_val_61_ce1          |    9|          2|    1|          2|
    |srt_val_61_we1          |    9|          2|    1|          2|
    |srt_val_62_ce0          |    9|          2|    1|          2|
    |srt_val_62_ce1          |    9|          2|    1|          2|
    |srt_val_62_we1          |    9|          2|    1|          2|
    |srt_val_63_ce0          |    9|          2|    1|          2|
    |srt_val_63_ce1          |    9|          2|    1|          2|
    |srt_val_63_we1          |    9|          2|    1|          2|
    |srt_val_64_ce0          |    9|          2|    1|          2|
    |srt_val_64_ce1          |    9|          2|    1|          2|
    |srt_val_64_we1          |    9|          2|    1|          2|
    |srt_val_65_ce0          |    9|          2|    1|          2|
    |srt_val_65_ce1          |    9|          2|    1|          2|
    |srt_val_65_we1          |    9|          2|    1|          2|
    |srt_val_66_ce0          |    9|          2|    1|          2|
    |srt_val_66_ce1          |    9|          2|    1|          2|
    |srt_val_66_we1          |    9|          2|    1|          2|
    |srt_val_67_ce0          |    9|          2|    1|          2|
    |srt_val_67_ce1          |    9|          2|    1|          2|
    |srt_val_67_we1          |    9|          2|    1|          2|
    |srt_val_68_ce0          |    9|          2|    1|          2|
    |srt_val_68_ce1          |    9|          2|    1|          2|
    |srt_val_68_we1          |    9|          2|    1|          2|
    |srt_val_69_ce0          |    9|          2|    1|          2|
    |srt_val_69_ce1          |    9|          2|    1|          2|
    |srt_val_69_we1          |    9|          2|    1|          2|
    |srt_val_6_ce0           |    9|          2|    1|          2|
    |srt_val_6_ce1           |    9|          2|    1|          2|
    |srt_val_6_we1           |    9|          2|    1|          2|
    |srt_val_70_ce0          |    9|          2|    1|          2|
    |srt_val_70_ce1          |    9|          2|    1|          2|
    |srt_val_70_we1          |    9|          2|    1|          2|
    |srt_val_71_ce0          |    9|          2|    1|          2|
    |srt_val_71_ce1          |    9|          2|    1|          2|
    |srt_val_71_we1          |    9|          2|    1|          2|
    |srt_val_72_ce0          |    9|          2|    1|          2|
    |srt_val_72_ce1          |    9|          2|    1|          2|
    |srt_val_72_we1          |    9|          2|    1|          2|
    |srt_val_73_ce0          |    9|          2|    1|          2|
    |srt_val_73_ce1          |    9|          2|    1|          2|
    |srt_val_73_we1          |    9|          2|    1|          2|
    |srt_val_74_ce0          |    9|          2|    1|          2|
    |srt_val_74_ce1          |    9|          2|    1|          2|
    |srt_val_74_we1          |    9|          2|    1|          2|
    |srt_val_75_ce0          |    9|          2|    1|          2|
    |srt_val_75_ce1          |    9|          2|    1|          2|
    |srt_val_75_we1          |    9|          2|    1|          2|
    |srt_val_76_ce0          |    9|          2|    1|          2|
    |srt_val_76_ce1          |    9|          2|    1|          2|
    |srt_val_76_we1          |    9|          2|    1|          2|
    |srt_val_77_ce0          |    9|          2|    1|          2|
    |srt_val_77_ce1          |    9|          2|    1|          2|
    |srt_val_77_we1          |    9|          2|    1|          2|
    |srt_val_78_ce0          |    9|          2|    1|          2|
    |srt_val_78_ce1          |    9|          2|    1|          2|
    |srt_val_78_we1          |    9|          2|    1|          2|
    |srt_val_79_ce0          |    9|          2|    1|          2|
    |srt_val_79_ce1          |    9|          2|    1|          2|
    |srt_val_79_we1          |    9|          2|    1|          2|
    |srt_val_7_ce0           |    9|          2|    1|          2|
    |srt_val_7_ce1           |    9|          2|    1|          2|
    |srt_val_7_we1           |    9|          2|    1|          2|
    |srt_val_80_ce0          |    9|          2|    1|          2|
    |srt_val_80_ce1          |    9|          2|    1|          2|
    |srt_val_80_we1          |    9|          2|    1|          2|
    |srt_val_81_ce0          |    9|          2|    1|          2|
    |srt_val_81_ce1          |    9|          2|    1|          2|
    |srt_val_81_we1          |    9|          2|    1|          2|
    |srt_val_82_ce0          |    9|          2|    1|          2|
    |srt_val_82_ce1          |    9|          2|    1|          2|
    |srt_val_82_we1          |    9|          2|    1|          2|
    |srt_val_83_ce0          |    9|          2|    1|          2|
    |srt_val_83_ce1          |    9|          2|    1|          2|
    |srt_val_83_we1          |    9|          2|    1|          2|
    |srt_val_84_ce0          |    9|          2|    1|          2|
    |srt_val_84_ce1          |    9|          2|    1|          2|
    |srt_val_84_we1          |    9|          2|    1|          2|
    |srt_val_85_ce0          |    9|          2|    1|          2|
    |srt_val_85_ce1          |    9|          2|    1|          2|
    |srt_val_85_we1          |    9|          2|    1|          2|
    |srt_val_86_ce0          |    9|          2|    1|          2|
    |srt_val_86_ce1          |    9|          2|    1|          2|
    |srt_val_86_we1          |    9|          2|    1|          2|
    |srt_val_87_ce0          |    9|          2|    1|          2|
    |srt_val_87_ce1          |    9|          2|    1|          2|
    |srt_val_87_we1          |    9|          2|    1|          2|
    |srt_val_88_ce0          |    9|          2|    1|          2|
    |srt_val_88_ce1          |    9|          2|    1|          2|
    |srt_val_88_we1          |    9|          2|    1|          2|
    |srt_val_89_ce0          |    9|          2|    1|          2|
    |srt_val_89_ce1          |    9|          2|    1|          2|
    |srt_val_89_we1          |    9|          2|    1|          2|
    |srt_val_8_ce0           |    9|          2|    1|          2|
    |srt_val_8_ce1           |    9|          2|    1|          2|
    |srt_val_8_we1           |    9|          2|    1|          2|
    |srt_val_90_ce0          |    9|          2|    1|          2|
    |srt_val_90_ce1          |    9|          2|    1|          2|
    |srt_val_90_we1          |    9|          2|    1|          2|
    |srt_val_91_ce0          |    9|          2|    1|          2|
    |srt_val_91_ce1          |    9|          2|    1|          2|
    |srt_val_91_we1          |    9|          2|    1|          2|
    |srt_val_92_ce0          |    9|          2|    1|          2|
    |srt_val_92_ce1          |    9|          2|    1|          2|
    |srt_val_92_we1          |    9|          2|    1|          2|
    |srt_val_93_ce0          |    9|          2|    1|          2|
    |srt_val_93_ce1          |    9|          2|    1|          2|
    |srt_val_93_we1          |    9|          2|    1|          2|
    |srt_val_94_ce0          |    9|          2|    1|          2|
    |srt_val_94_ce1          |    9|          2|    1|          2|
    |srt_val_94_we1          |    9|          2|    1|          2|
    |srt_val_95_ce0          |    9|          2|    1|          2|
    |srt_val_95_ce1          |    9|          2|    1|          2|
    |srt_val_95_we1          |    9|          2|    1|          2|
    |srt_val_96_ce0          |    9|          2|    1|          2|
    |srt_val_96_ce1          |    9|          2|    1|          2|
    |srt_val_96_we1          |    9|          2|    1|          2|
    |srt_val_97_ce0          |    9|          2|    1|          2|
    |srt_val_97_ce1          |    9|          2|    1|          2|
    |srt_val_97_we1          |    9|          2|    1|          2|
    |srt_val_98_ce0          |    9|          2|    1|          2|
    |srt_val_98_ce1          |    9|          2|    1|          2|
    |srt_val_98_we1          |    9|          2|    1|          2|
    |srt_val_99_ce0          |    9|          2|    1|          2|
    |srt_val_99_ce1          |    9|          2|    1|          2|
    |srt_val_99_we1          |    9|          2|    1|          2|
    |srt_val_9_ce0           |    9|          2|    1|          2|
    |srt_val_9_ce1           |    9|          2|    1|          2|
    |srt_val_9_we1           |    9|          2|    1|          2|
    |srt_val_ce0             |    9|          2|    1|          2|
    |srt_val_ce1             |    9|          2|    1|          2|
    |srt_val_we1             |    9|          2|    1|          2|
    +------------------------+-----+-----------+-----+-----------+
    |Total                   |83809|      18283|12748|      33733|
    +------------------------+-----+-----------+-----+-----------+

    * Register: 
    +--------------------------------------------------------------+----+----+-----+-----------+
    |                             Name                             | FF | LUT| Bits| Const Bits|
    +--------------------------------------------------------------+----+----+-----+-----------+
    |ap_CS_fsm                                                     |  18|   0|   18|          0|
    |grp_my_window_Pipeline_BASE_fu_10658_ap_start_reg             |   1|   0|    1|          0|
    |grp_my_window_Pipeline_EMIT_EDGE_SPLIT_fu_11887_ap_start_reg  |   1|   0|    1|          0|
    |grp_my_window_Pipeline_FW1_BW1_FW2_BW2_fu_12776_ap_start_reg  |   1|   0|    1|          0|
    |grp_my_window_Pipeline_HINIT_fu_9210_ap_start_reg             |   1|   0|    1|          0|
    |grp_my_window_Pipeline_JUMP1_fu_13230_ap_start_reg            |   1|   0|    1|          0|
    |grp_my_window_Pipeline_JUMP2_fu_13744_ap_start_reg            |   1|   0|    1|          0|
    |grp_my_window_Pipeline_PCA_HIST_fu_10144_ap_start_reg         |   1|   0|    1|          0|
    |grp_my_window_Pipeline_RANK_fu_10875_ap_start_reg             |   1|   0|    1|          0|
    |grp_my_window_Pipeline_UNSORT_EM_fu_14483_ap_start_reg        |   1|   0|    1|          0|
    +--------------------------------------------------------------+----+----+-----+-----------+
    |Total                                                         |  27|   0|   27|          0|
    +--------------------------------------------------------------+----+----+-----+-----------+



================================================================
== Interface
================================================================
* Summary: 
+--------------------+-----+-----+------------+--------------+--------------+
|      RTL Ports     | Dir | Bits|  Protocol  | Source Object|    C Type    |
+--------------------+-----+-----+------------+--------------+--------------+
|ap_clk              |   in|    1|  ap_ctrl_hs|     my_window|  return value|
|ap_rst              |   in|    1|  ap_ctrl_hs|     my_window|  return value|
|ap_start            |   in|    1|  ap_ctrl_hs|     my_window|  return value|
|ap_done             |  out|    1|  ap_ctrl_hs|     my_window|  return value|
|ap_idle             |  out|    1|  ap_ctrl_hs|     my_window|  return value|
|ap_ready            |  out|    1|  ap_ctrl_hs|     my_window|  return value|
|emb_0_0_address0    |  out|    6|   ap_memory|       emb_0_0|         array|
|emb_0_0_ce0         |  out|    1|   ap_memory|       emb_0_0|         array|
|emb_0_0_q0          |   in|    8|   ap_memory|       emb_0_0|         array|
|emb_0_1_address0    |  out|    6|   ap_memory|       emb_0_1|         array|
|emb_0_1_ce0         |  out|    1|   ap_memory|       emb_0_1|         array|
|emb_0_1_q0          |   in|    8|   ap_memory|       emb_0_1|         array|
|emb_0_2_address0    |  out|    6|   ap_memory|       emb_0_2|         array|
|emb_0_2_ce0         |  out|    1|   ap_memory|       emb_0_2|         array|
|emb_0_2_q0          |   in|    8|   ap_memory|       emb_0_2|         array|
|emb_0_3_address0    |  out|    6|   ap_memory|       emb_0_3|         array|
|emb_0_3_ce0         |  out|    1|   ap_memory|       emb_0_3|         array|
|emb_0_3_q0          |   in|    8|   ap_memory|       emb_0_3|         array|
|emb_0_4_address0    |  out|    6|   ap_memory|       emb_0_4|         array|
|emb_0_4_ce0         |  out|    1|   ap_memory|       emb_0_4|         array|
|emb_0_4_q0          |   in|    8|   ap_memory|       emb_0_4|         array|
|emb_0_5_address0    |  out|    6|   ap_memory|       emb_0_5|         array|
|emb_0_5_ce0         |  out|    1|   ap_memory|       emb_0_5|         array|
|emb_0_5_q0          |   in|    8|   ap_memory|       emb_0_5|         array|
|emb_0_6_address0    |  out|    6|   ap_memory|       emb_0_6|         array|
|emb_0_6_ce0         |  out|    1|   ap_memory|       emb_0_6|         array|
|emb_0_6_q0          |   in|    8|   ap_memory|       emb_0_6|         array|
|emb_0_7_address0    |  out|    6|   ap_memory|       emb_0_7|         array|
|emb_0_7_ce0         |  out|    1|   ap_memory|       emb_0_7|         array|
|emb_0_7_q0          |   in|    8|   ap_memory|       emb_0_7|         array|
|emb_0_8_address0    |  out|    6|   ap_memory|       emb_0_8|         array|
|emb_0_8_ce0         |  out|    1|   ap_memory|       emb_0_8|         array|
|emb_0_8_q0          |   in|    8|   ap_memory|       emb_0_8|         array|
|emb_0_9_address0    |  out|    6|   ap_memory|       emb_0_9|         array|
|emb_0_9_ce0         |  out|    1|   ap_memory|       emb_0_9|         array|
|emb_0_9_q0          |   in|    8|   ap_memory|       emb_0_9|         array|
|emb_0_10_address0   |  out|    6|   ap_memory|      emb_0_10|         array|
|emb_0_10_ce0        |  out|    1|   ap_memory|      emb_0_10|         array|
|emb_0_10_q0         |   in|    8|   ap_memory|      emb_0_10|         array|
|emb_0_11_address0   |  out|    6|   ap_memory|      emb_0_11|         array|
|emb_0_11_ce0        |  out|    1|   ap_memory|      emb_0_11|         array|
|emb_0_11_q0         |   in|    8|   ap_memory|      emb_0_11|         array|
|emb_1_0_address0    |  out|    6|   ap_memory|       emb_1_0|         array|
|emb_1_0_ce0         |  out|    1|   ap_memory|       emb_1_0|         array|
|emb_1_0_q0          |   in|    8|   ap_memory|       emb_1_0|         array|
|emb_1_1_address0    |  out|    6|   ap_memory|       emb_1_1|         array|
|emb_1_1_ce0         |  out|    1|   ap_memory|       emb_1_1|         array|
|emb_1_1_q0          |   in|    8|   ap_memory|       emb_1_1|         array|
|emb_1_2_address0    |  out|    6|   ap_memory|       emb_1_2|         array|
|emb_1_2_ce0         |  out|    1|   ap_memory|       emb_1_2|         array|
|emb_1_2_q0          |   in|    8|   ap_memory|       emb_1_2|         array|
|emb_1_3_address0    |  out|    6|   ap_memory|       emb_1_3|         array|
|emb_1_3_ce0         |  out|    1|   ap_memory|       emb_1_3|         array|
|emb_1_3_q0          |   in|    8|   ap_memory|       emb_1_3|         array|
|emb_1_4_address0    |  out|    6|   ap_memory|       emb_1_4|         array|
|emb_1_4_ce0         |  out|    1|   ap_memory|       emb_1_4|         array|
|emb_1_4_q0          |   in|    8|   ap_memory|       emb_1_4|         array|
|emb_1_5_address0    |  out|    6|   ap_memory|       emb_1_5|         array|
|emb_1_5_ce0         |  out|    1|   ap_memory|       emb_1_5|         array|
|emb_1_5_q0          |   in|    8|   ap_memory|       emb_1_5|         array|
|emb_1_6_address0    |  out|    6|   ap_memory|       emb_1_6|         array|
|emb_1_6_ce0         |  out|    1|   ap_memory|       emb_1_6|         array|
|emb_1_6_q0          |   in|    8|   ap_memory|       emb_1_6|         array|
|emb_1_7_address0    |  out|    6|   ap_memory|       emb_1_7|         array|
|emb_1_7_ce0         |  out|    1|   ap_memory|       emb_1_7|         array|
|emb_1_7_q0          |   in|    8|   ap_memory|       emb_1_7|         array|
|emb_1_8_address0    |  out|    6|   ap_memory|       emb_1_8|         array|
|emb_1_8_ce0         |  out|    1|   ap_memory|       emb_1_8|         array|
|emb_1_8_q0          |   in|    8|   ap_memory|       emb_1_8|         array|
|emb_1_9_address0    |  out|    6|   ap_memory|       emb_1_9|         array|
|emb_1_9_ce0         |  out|    1|   ap_memory|       emb_1_9|         array|
|emb_1_9_q0          |   in|    8|   ap_memory|       emb_1_9|         array|
|emb_1_10_address0   |  out|    6|   ap_memory|      emb_1_10|         array|
|emb_1_10_ce0        |  out|    1|   ap_memory|      emb_1_10|         array|
|emb_1_10_q0         |   in|    8|   ap_memory|      emb_1_10|         array|
|emb_1_11_address0   |  out|    6|   ap_memory|      emb_1_11|         array|
|emb_1_11_ce0        |  out|    1|   ap_memory|      emb_1_11|         array|
|emb_1_11_q0         |   in|    8|   ap_memory|      emb_1_11|         array|
|emb_2_0_address0    |  out|    6|   ap_memory|       emb_2_0|         array|
|emb_2_0_ce0         |  out|    1|   ap_memory|       emb_2_0|         array|
|emb_2_0_q0          |   in|    8|   ap_memory|       emb_2_0|         array|
|emb_2_1_address0    |  out|    6|   ap_memory|       emb_2_1|         array|
|emb_2_1_ce0         |  out|    1|   ap_memory|       emb_2_1|         array|
|emb_2_1_q0          |   in|    8|   ap_memory|       emb_2_1|         array|
|emb_2_2_address0    |  out|    6|   ap_memory|       emb_2_2|         array|
|emb_2_2_ce0         |  out|    1|   ap_memory|       emb_2_2|         array|
|emb_2_2_q0          |   in|    8|   ap_memory|       emb_2_2|         array|
|emb_2_3_address0    |  out|    6|   ap_memory|       emb_2_3|         array|
|emb_2_3_ce0         |  out|    1|   ap_memory|       emb_2_3|         array|
|emb_2_3_q0          |   in|    8|   ap_memory|       emb_2_3|         array|
|emb_2_4_address0    |  out|    6|   ap_memory|       emb_2_4|         array|
|emb_2_4_ce0         |  out|    1|   ap_memory|       emb_2_4|         array|
|emb_2_4_q0          |   in|    8|   ap_memory|       emb_2_4|         array|
|emb_2_5_address0    |  out|    6|   ap_memory|       emb_2_5|         array|
|emb_2_5_ce0         |  out|    1|   ap_memory|       emb_2_5|         array|
|emb_2_5_q0          |   in|    8|   ap_memory|       emb_2_5|         array|
|emb_2_6_address0    |  out|    6|   ap_memory|       emb_2_6|         array|
|emb_2_6_ce0         |  out|    1|   ap_memory|       emb_2_6|         array|
|emb_2_6_q0          |   in|    8|   ap_memory|       emb_2_6|         array|
|emb_2_7_address0    |  out|    6|   ap_memory|       emb_2_7|         array|
|emb_2_7_ce0         |  out|    1|   ap_memory|       emb_2_7|         array|
|emb_2_7_q0          |   in|    8|   ap_memory|       emb_2_7|         array|
|emb_2_8_address0    |  out|    6|   ap_memory|       emb_2_8|         array|
|emb_2_8_ce0         |  out|    1|   ap_memory|       emb_2_8|         array|
|emb_2_8_q0          |   in|    8|   ap_memory|       emb_2_8|         array|
|emb_2_9_address0    |  out|    6|   ap_memory|       emb_2_9|         array|
|emb_2_9_ce0         |  out|    1|   ap_memory|       emb_2_9|         array|
|emb_2_9_q0          |   in|    8|   ap_memory|       emb_2_9|         array|
|emb_2_10_address0   |  out|    6|   ap_memory|      emb_2_10|         array|
|emb_2_10_ce0        |  out|    1|   ap_memory|      emb_2_10|         array|
|emb_2_10_q0         |   in|    8|   ap_memory|      emb_2_10|         array|
|emb_2_11_address0   |  out|    6|   ap_memory|      emb_2_11|         array|
|emb_2_11_ce0        |  out|    1|   ap_memory|      emb_2_11|         array|
|emb_2_11_q0         |   in|    8|   ap_memory|      emb_2_11|         array|
|emb_3_0_address0    |  out|    6|   ap_memory|       emb_3_0|         array|
|emb_3_0_ce0         |  out|    1|   ap_memory|       emb_3_0|         array|
|emb_3_0_q0          |   in|    8|   ap_memory|       emb_3_0|         array|
|emb_3_1_address0    |  out|    6|   ap_memory|       emb_3_1|         array|
|emb_3_1_ce0         |  out|    1|   ap_memory|       emb_3_1|         array|
|emb_3_1_q0          |   in|    8|   ap_memory|       emb_3_1|         array|
|emb_3_2_address0    |  out|    6|   ap_memory|       emb_3_2|         array|
|emb_3_2_ce0         |  out|    1|   ap_memory|       emb_3_2|         array|
|emb_3_2_q0          |   in|    8|   ap_memory|       emb_3_2|         array|
|emb_3_3_address0    |  out|    6|   ap_memory|       emb_3_3|         array|
|emb_3_3_ce0         |  out|    1|   ap_memory|       emb_3_3|         array|
|emb_3_3_q0          |   in|    8|   ap_memory|       emb_3_3|         array|
|emb_3_4_address0    |  out|    6|   ap_memory|       emb_3_4|         array|
|emb_3_4_ce0         |  out|    1|   ap_memory|       emb_3_4|         array|
|emb_3_4_q0          |   in|    8|   ap_memory|       emb_3_4|         array|
|emb_3_5_address0    |  out|    6|   ap_memory|       emb_3_5|         array|
|emb_3_5_ce0         |  out|    1|   ap_memory|       emb_3_5|         array|
|emb_3_5_q0          |   in|    8|   ap_memory|       emb_3_5|         array|
|emb_3_6_address0    |  out|    6|   ap_memory|       emb_3_6|         array|
|emb_3_6_ce0         |  out|    1|   ap_memory|       emb_3_6|         array|
|emb_3_6_q0          |   in|    8|   ap_memory|       emb_3_6|         array|
|emb_3_7_address0    |  out|    6|   ap_memory|       emb_3_7|         array|
|emb_3_7_ce0         |  out|    1|   ap_memory|       emb_3_7|         array|
|emb_3_7_q0          |   in|    8|   ap_memory|       emb_3_7|         array|
|emb_3_8_address0    |  out|    6|   ap_memory|       emb_3_8|         array|
|emb_3_8_ce0         |  out|    1|   ap_memory|       emb_3_8|         array|
|emb_3_8_q0          |   in|    8|   ap_memory|       emb_3_8|         array|
|emb_3_9_address0    |  out|    6|   ap_memory|       emb_3_9|         array|
|emb_3_9_ce0         |  out|    1|   ap_memory|       emb_3_9|         array|
|emb_3_9_q0          |   in|    8|   ap_memory|       emb_3_9|         array|
|emb_3_10_address0   |  out|    6|   ap_memory|      emb_3_10|         array|
|emb_3_10_ce0        |  out|    1|   ap_memory|      emb_3_10|         array|
|emb_3_10_q0         |   in|    8|   ap_memory|      emb_3_10|         array|
|emb_3_11_address0   |  out|    6|   ap_memory|      emb_3_11|         array|
|emb_3_11_ce0        |  out|    1|   ap_memory|      emb_3_11|         array|
|emb_3_11_q0         |   in|    8|   ap_memory|      emb_3_11|         array|
|emb_4_0_address0    |  out|    6|   ap_memory|       emb_4_0|         array|
|emb_4_0_ce0         |  out|    1|   ap_memory|       emb_4_0|         array|
|emb_4_0_q0          |   in|    8|   ap_memory|       emb_4_0|         array|
|emb_4_1_address0    |  out|    6|   ap_memory|       emb_4_1|         array|
|emb_4_1_ce0         |  out|    1|   ap_memory|       emb_4_1|         array|
|emb_4_1_q0          |   in|    8|   ap_memory|       emb_4_1|         array|
|emb_4_2_address0    |  out|    6|   ap_memory|       emb_4_2|         array|
|emb_4_2_ce0         |  out|    1|   ap_memory|       emb_4_2|         array|
|emb_4_2_q0          |   in|    8|   ap_memory|       emb_4_2|         array|
|emb_4_3_address0    |  out|    6|   ap_memory|       emb_4_3|         array|
|emb_4_3_ce0         |  out|    1|   ap_memory|       emb_4_3|         array|
|emb_4_3_q0          |   in|    8|   ap_memory|       emb_4_3|         array|
|emb_4_4_address0    |  out|    6|   ap_memory|       emb_4_4|         array|
|emb_4_4_ce0         |  out|    1|   ap_memory|       emb_4_4|         array|
|emb_4_4_q0          |   in|    8|   ap_memory|       emb_4_4|         array|
|emb_4_5_address0    |  out|    6|   ap_memory|       emb_4_5|         array|
|emb_4_5_ce0         |  out|    1|   ap_memory|       emb_4_5|         array|
|emb_4_5_q0          |   in|    8|   ap_memory|       emb_4_5|         array|
|emb_4_6_address0    |  out|    6|   ap_memory|       emb_4_6|         array|
|emb_4_6_ce0         |  out|    1|   ap_memory|       emb_4_6|         array|
|emb_4_6_q0          |   in|    8|   ap_memory|       emb_4_6|         array|
|emb_4_7_address0    |  out|    6|   ap_memory|       emb_4_7|         array|
|emb_4_7_ce0         |  out|    1|   ap_memory|       emb_4_7|         array|
|emb_4_7_q0          |   in|    8|   ap_memory|       emb_4_7|         array|
|emb_4_8_address0    |  out|    6|   ap_memory|       emb_4_8|         array|
|emb_4_8_ce0         |  out|    1|   ap_memory|       emb_4_8|         array|
|emb_4_8_q0          |   in|    8|   ap_memory|       emb_4_8|         array|
|emb_4_9_address0    |  out|    6|   ap_memory|       emb_4_9|         array|
|emb_4_9_ce0         |  out|    1|   ap_memory|       emb_4_9|         array|
|emb_4_9_q0          |   in|    8|   ap_memory|       emb_4_9|         array|
|emb_4_10_address0   |  out|    6|   ap_memory|      emb_4_10|         array|
|emb_4_10_ce0        |  out|    1|   ap_memory|      emb_4_10|         array|
|emb_4_10_q0         |   in|    8|   ap_memory|      emb_4_10|         array|
|emb_4_11_address0   |  out|    6|   ap_memory|      emb_4_11|         array|
|emb_4_11_ce0        |  out|    1|   ap_memory|      emb_4_11|         array|
|emb_4_11_q0         |   in|    8|   ap_memory|      emb_4_11|         array|
|emb_5_0_address0    |  out|    6|   ap_memory|       emb_5_0|         array|
|emb_5_0_ce0         |  out|    1|   ap_memory|       emb_5_0|         array|
|emb_5_0_q0          |   in|    8|   ap_memory|       emb_5_0|         array|
|emb_5_1_address0    |  out|    6|   ap_memory|       emb_5_1|         array|
|emb_5_1_ce0         |  out|    1|   ap_memory|       emb_5_1|         array|
|emb_5_1_q0          |   in|    8|   ap_memory|       emb_5_1|         array|
|emb_5_2_address0    |  out|    6|   ap_memory|       emb_5_2|         array|
|emb_5_2_ce0         |  out|    1|   ap_memory|       emb_5_2|         array|
|emb_5_2_q0          |   in|    8|   ap_memory|       emb_5_2|         array|
|emb_5_3_address0    |  out|    6|   ap_memory|       emb_5_3|         array|
|emb_5_3_ce0         |  out|    1|   ap_memory|       emb_5_3|         array|
|emb_5_3_q0          |   in|    8|   ap_memory|       emb_5_3|         array|
|emb_5_4_address0    |  out|    6|   ap_memory|       emb_5_4|         array|
|emb_5_4_ce0         |  out|    1|   ap_memory|       emb_5_4|         array|
|emb_5_4_q0          |   in|    8|   ap_memory|       emb_5_4|         array|
|emb_5_5_address0    |  out|    6|   ap_memory|       emb_5_5|         array|
|emb_5_5_ce0         |  out|    1|   ap_memory|       emb_5_5|         array|
|emb_5_5_q0          |   in|    8|   ap_memory|       emb_5_5|         array|
|emb_5_6_address0    |  out|    6|   ap_memory|       emb_5_6|         array|
|emb_5_6_ce0         |  out|    1|   ap_memory|       emb_5_6|         array|
|emb_5_6_q0          |   in|    8|   ap_memory|       emb_5_6|         array|
|emb_5_7_address0    |  out|    6|   ap_memory|       emb_5_7|         array|
|emb_5_7_ce0         |  out|    1|   ap_memory|       emb_5_7|         array|
|emb_5_7_q0          |   in|    8|   ap_memory|       emb_5_7|         array|
|emb_5_8_address0    |  out|    6|   ap_memory|       emb_5_8|         array|
|emb_5_8_ce0         |  out|    1|   ap_memory|       emb_5_8|         array|
|emb_5_8_q0          |   in|    8|   ap_memory|       emb_5_8|         array|
|emb_5_9_address0    |  out|    6|   ap_memory|       emb_5_9|         array|
|emb_5_9_ce0         |  out|    1|   ap_memory|       emb_5_9|         array|
|emb_5_9_q0          |   in|    8|   ap_memory|       emb_5_9|         array|
|emb_5_10_address0   |  out|    6|   ap_memory|      emb_5_10|         array|
|emb_5_10_ce0        |  out|    1|   ap_memory|      emb_5_10|         array|
|emb_5_10_q0         |   in|    8|   ap_memory|      emb_5_10|         array|
|emb_5_11_address0   |  out|    6|   ap_memory|      emb_5_11|         array|
|emb_5_11_ce0        |  out|    1|   ap_memory|      emb_5_11|         array|
|emb_5_11_q0         |   in|    8|   ap_memory|      emb_5_11|         array|
|emb_6_0_address0    |  out|    6|   ap_memory|       emb_6_0|         array|
|emb_6_0_ce0         |  out|    1|   ap_memory|       emb_6_0|         array|
|emb_6_0_q0          |   in|    8|   ap_memory|       emb_6_0|         array|
|emb_6_1_address0    |  out|    6|   ap_memory|       emb_6_1|         array|
|emb_6_1_ce0         |  out|    1|   ap_memory|       emb_6_1|         array|
|emb_6_1_q0          |   in|    8|   ap_memory|       emb_6_1|         array|
|emb_6_2_address0    |  out|    6|   ap_memory|       emb_6_2|         array|
|emb_6_2_ce0         |  out|    1|   ap_memory|       emb_6_2|         array|
|emb_6_2_q0          |   in|    8|   ap_memory|       emb_6_2|         array|
|emb_6_3_address0    |  out|    6|   ap_memory|       emb_6_3|         array|
|emb_6_3_ce0         |  out|    1|   ap_memory|       emb_6_3|         array|
|emb_6_3_q0          |   in|    8|   ap_memory|       emb_6_3|         array|
|emb_6_4_address0    |  out|    6|   ap_memory|       emb_6_4|         array|
|emb_6_4_ce0         |  out|    1|   ap_memory|       emb_6_4|         array|
|emb_6_4_q0          |   in|    8|   ap_memory|       emb_6_4|         array|
|emb_6_5_address0    |  out|    6|   ap_memory|       emb_6_5|         array|
|emb_6_5_ce0         |  out|    1|   ap_memory|       emb_6_5|         array|
|emb_6_5_q0          |   in|    8|   ap_memory|       emb_6_5|         array|
|emb_6_6_address0    |  out|    6|   ap_memory|       emb_6_6|         array|
|emb_6_6_ce0         |  out|    1|   ap_memory|       emb_6_6|         array|
|emb_6_6_q0          |   in|    8|   ap_memory|       emb_6_6|         array|
|emb_6_7_address0    |  out|    6|   ap_memory|       emb_6_7|         array|
|emb_6_7_ce0         |  out|    1|   ap_memory|       emb_6_7|         array|
|emb_6_7_q0          |   in|    8|   ap_memory|       emb_6_7|         array|
|emb_6_8_address0    |  out|    6|   ap_memory|       emb_6_8|         array|
|emb_6_8_ce0         |  out|    1|   ap_memory|       emb_6_8|         array|
|emb_6_8_q0          |   in|    8|   ap_memory|       emb_6_8|         array|
|emb_6_9_address0    |  out|    6|   ap_memory|       emb_6_9|         array|
|emb_6_9_ce0         |  out|    1|   ap_memory|       emb_6_9|         array|
|emb_6_9_q0          |   in|    8|   ap_memory|       emb_6_9|         array|
|emb_6_10_address0   |  out|    6|   ap_memory|      emb_6_10|         array|
|emb_6_10_ce0        |  out|    1|   ap_memory|      emb_6_10|         array|
|emb_6_10_q0         |   in|    8|   ap_memory|      emb_6_10|         array|
|emb_6_11_address0   |  out|    6|   ap_memory|      emb_6_11|         array|
|emb_6_11_ce0        |  out|    1|   ap_memory|      emb_6_11|         array|
|emb_6_11_q0         |   in|    8|   ap_memory|      emb_6_11|         array|
|emb_7_0_address0    |  out|    6|   ap_memory|       emb_7_0|         array|
|emb_7_0_ce0         |  out|    1|   ap_memory|       emb_7_0|         array|
|emb_7_0_q0          |   in|    8|   ap_memory|       emb_7_0|         array|
|emb_7_1_address0    |  out|    6|   ap_memory|       emb_7_1|         array|
|emb_7_1_ce0         |  out|    1|   ap_memory|       emb_7_1|         array|
|emb_7_1_q0          |   in|    8|   ap_memory|       emb_7_1|         array|
|emb_7_2_address0    |  out|    6|   ap_memory|       emb_7_2|         array|
|emb_7_2_ce0         |  out|    1|   ap_memory|       emb_7_2|         array|
|emb_7_2_q0          |   in|    8|   ap_memory|       emb_7_2|         array|
|emb_7_3_address0    |  out|    6|   ap_memory|       emb_7_3|         array|
|emb_7_3_ce0         |  out|    1|   ap_memory|       emb_7_3|         array|
|emb_7_3_q0          |   in|    8|   ap_memory|       emb_7_3|         array|
|emb_7_4_address0    |  out|    6|   ap_memory|       emb_7_4|         array|
|emb_7_4_ce0         |  out|    1|   ap_memory|       emb_7_4|         array|
|emb_7_4_q0          |   in|    8|   ap_memory|       emb_7_4|         array|
|emb_7_5_address0    |  out|    6|   ap_memory|       emb_7_5|         array|
|emb_7_5_ce0         |  out|    1|   ap_memory|       emb_7_5|         array|
|emb_7_5_q0          |   in|    8|   ap_memory|       emb_7_5|         array|
|emb_7_6_address0    |  out|    6|   ap_memory|       emb_7_6|         array|
|emb_7_6_ce0         |  out|    1|   ap_memory|       emb_7_6|         array|
|emb_7_6_q0          |   in|    8|   ap_memory|       emb_7_6|         array|
|emb_7_7_address0    |  out|    6|   ap_memory|       emb_7_7|         array|
|emb_7_7_ce0         |  out|    1|   ap_memory|       emb_7_7|         array|
|emb_7_7_q0          |   in|    8|   ap_memory|       emb_7_7|         array|
|emb_7_8_address0    |  out|    6|   ap_memory|       emb_7_8|         array|
|emb_7_8_ce0         |  out|    1|   ap_memory|       emb_7_8|         array|
|emb_7_8_q0          |   in|    8|   ap_memory|       emb_7_8|         array|
|emb_7_9_address0    |  out|    6|   ap_memory|       emb_7_9|         array|
|emb_7_9_ce0         |  out|    1|   ap_memory|       emb_7_9|         array|
|emb_7_9_q0          |   in|    8|   ap_memory|       emb_7_9|         array|
|emb_7_10_address0   |  out|    6|   ap_memory|      emb_7_10|         array|
|emb_7_10_ce0        |  out|    1|   ap_memory|      emb_7_10|         array|
|emb_7_10_q0         |   in|    8|   ap_memory|      emb_7_10|         array|
|emb_7_11_address0   |  out|    6|   ap_memory|      emb_7_11|         array|
|emb_7_11_ce0        |  out|    1|   ap_memory|      emb_7_11|         array|
|emb_7_11_q0         |   in|    8|   ap_memory|      emb_7_11|         array|
|emb_8_0_address0    |  out|    6|   ap_memory|       emb_8_0|         array|
|emb_8_0_ce0         |  out|    1|   ap_memory|       emb_8_0|         array|
|emb_8_0_q0          |   in|    8|   ap_memory|       emb_8_0|         array|
|emb_8_1_address0    |  out|    6|   ap_memory|       emb_8_1|         array|
|emb_8_1_ce0         |  out|    1|   ap_memory|       emb_8_1|         array|
|emb_8_1_q0          |   in|    8|   ap_memory|       emb_8_1|         array|
|emb_8_2_address0    |  out|    6|   ap_memory|       emb_8_2|         array|
|emb_8_2_ce0         |  out|    1|   ap_memory|       emb_8_2|         array|
|emb_8_2_q0          |   in|    8|   ap_memory|       emb_8_2|         array|
|emb_8_3_address0    |  out|    6|   ap_memory|       emb_8_3|         array|
|emb_8_3_ce0         |  out|    1|   ap_memory|       emb_8_3|         array|
|emb_8_3_q0          |   in|    8|   ap_memory|       emb_8_3|         array|
|emb_8_4_address0    |  out|    6|   ap_memory|       emb_8_4|         array|
|emb_8_4_ce0         |  out|    1|   ap_memory|       emb_8_4|         array|
|emb_8_4_q0          |   in|    8|   ap_memory|       emb_8_4|         array|
|emb_8_5_address0    |  out|    6|   ap_memory|       emb_8_5|         array|
|emb_8_5_ce0         |  out|    1|   ap_memory|       emb_8_5|         array|
|emb_8_5_q0          |   in|    8|   ap_memory|       emb_8_5|         array|
|emb_8_6_address0    |  out|    6|   ap_memory|       emb_8_6|         array|
|emb_8_6_ce0         |  out|    1|   ap_memory|       emb_8_6|         array|
|emb_8_6_q0          |   in|    8|   ap_memory|       emb_8_6|         array|
|emb_8_7_address0    |  out|    6|   ap_memory|       emb_8_7|         array|
|emb_8_7_ce0         |  out|    1|   ap_memory|       emb_8_7|         array|
|emb_8_7_q0          |   in|    8|   ap_memory|       emb_8_7|         array|
|emb_8_8_address0    |  out|    6|   ap_memory|       emb_8_8|         array|
|emb_8_8_ce0         |  out|    1|   ap_memory|       emb_8_8|         array|
|emb_8_8_q0          |   in|    8|   ap_memory|       emb_8_8|         array|
|emb_8_9_address0    |  out|    6|   ap_memory|       emb_8_9|         array|
|emb_8_9_ce0         |  out|    1|   ap_memory|       emb_8_9|         array|
|emb_8_9_q0          |   in|    8|   ap_memory|       emb_8_9|         array|
|emb_8_10_address0   |  out|    6|   ap_memory|      emb_8_10|         array|
|emb_8_10_ce0        |  out|    1|   ap_memory|      emb_8_10|         array|
|emb_8_10_q0         |   in|    8|   ap_memory|      emb_8_10|         array|
|emb_8_11_address0   |  out|    6|   ap_memory|      emb_8_11|         array|
|emb_8_11_ce0        |  out|    1|   ap_memory|      emb_8_11|         array|
|emb_8_11_q0         |   in|    8|   ap_memory|      emb_8_11|         array|
|emb_9_0_address0    |  out|    6|   ap_memory|       emb_9_0|         array|
|emb_9_0_ce0         |  out|    1|   ap_memory|       emb_9_0|         array|
|emb_9_0_q0          |   in|    8|   ap_memory|       emb_9_0|         array|
|emb_9_1_address0    |  out|    6|   ap_memory|       emb_9_1|         array|
|emb_9_1_ce0         |  out|    1|   ap_memory|       emb_9_1|         array|
|emb_9_1_q0          |   in|    8|   ap_memory|       emb_9_1|         array|
|emb_9_2_address0    |  out|    6|   ap_memory|       emb_9_2|         array|
|emb_9_2_ce0         |  out|    1|   ap_memory|       emb_9_2|         array|
|emb_9_2_q0          |   in|    8|   ap_memory|       emb_9_2|         array|
|emb_9_3_address0    |  out|    6|   ap_memory|       emb_9_3|         array|
|emb_9_3_ce0         |  out|    1|   ap_memory|       emb_9_3|         array|
|emb_9_3_q0          |   in|    8|   ap_memory|       emb_9_3|         array|
|emb_9_4_address0    |  out|    6|   ap_memory|       emb_9_4|         array|
|emb_9_4_ce0         |  out|    1|   ap_memory|       emb_9_4|         array|
|emb_9_4_q0          |   in|    8|   ap_memory|       emb_9_4|         array|
|emb_9_5_address0    |  out|    6|   ap_memory|       emb_9_5|         array|
|emb_9_5_ce0         |  out|    1|   ap_memory|       emb_9_5|         array|
|emb_9_5_q0          |   in|    8|   ap_memory|       emb_9_5|         array|
|emb_9_6_address0    |  out|    6|   ap_memory|       emb_9_6|         array|
|emb_9_6_ce0         |  out|    1|   ap_memory|       emb_9_6|         array|
|emb_9_6_q0          |   in|    8|   ap_memory|       emb_9_6|         array|
|emb_9_7_address0    |  out|    6|   ap_memory|       emb_9_7|         array|
|emb_9_7_ce0         |  out|    1|   ap_memory|       emb_9_7|         array|
|emb_9_7_q0          |   in|    8|   ap_memory|       emb_9_7|         array|
|emb_9_8_address0    |  out|    6|   ap_memory|       emb_9_8|         array|
|emb_9_8_ce0         |  out|    1|   ap_memory|       emb_9_8|         array|
|emb_9_8_q0          |   in|    8|   ap_memory|       emb_9_8|         array|
|emb_9_9_address0    |  out|    6|   ap_memory|       emb_9_9|         array|
|emb_9_9_ce0         |  out|    1|   ap_memory|       emb_9_9|         array|
|emb_9_9_q0          |   in|    8|   ap_memory|       emb_9_9|         array|
|emb_9_10_address0   |  out|    6|   ap_memory|      emb_9_10|         array|
|emb_9_10_ce0        |  out|    1|   ap_memory|      emb_9_10|         array|
|emb_9_10_q0         |   in|    8|   ap_memory|      emb_9_10|         array|
|emb_9_11_address0   |  out|    6|   ap_memory|      emb_9_11|         array|
|emb_9_11_ce0        |  out|    1|   ap_memory|      emb_9_11|         array|
|emb_9_11_q0         |   in|    8|   ap_memory|      emb_9_11|         array|
|emb_10_0_address0   |  out|    6|   ap_memory|      emb_10_0|         array|
|emb_10_0_ce0        |  out|    1|   ap_memory|      emb_10_0|         array|
|emb_10_0_q0         |   in|    8|   ap_memory|      emb_10_0|         array|
|emb_10_1_address0   |  out|    6|   ap_memory|      emb_10_1|         array|
|emb_10_1_ce0        |  out|    1|   ap_memory|      emb_10_1|         array|
|emb_10_1_q0         |   in|    8|   ap_memory|      emb_10_1|         array|
|emb_10_2_address0   |  out|    6|   ap_memory|      emb_10_2|         array|
|emb_10_2_ce0        |  out|    1|   ap_memory|      emb_10_2|         array|
|emb_10_2_q0         |   in|    8|   ap_memory|      emb_10_2|         array|
|emb_10_3_address0   |  out|    6|   ap_memory|      emb_10_3|         array|
|emb_10_3_ce0        |  out|    1|   ap_memory|      emb_10_3|         array|
|emb_10_3_q0         |   in|    8|   ap_memory|      emb_10_3|         array|
|emb_10_4_address0   |  out|    6|   ap_memory|      emb_10_4|         array|
|emb_10_4_ce0        |  out|    1|   ap_memory|      emb_10_4|         array|
|emb_10_4_q0         |   in|    8|   ap_memory|      emb_10_4|         array|
|emb_10_5_address0   |  out|    6|   ap_memory|      emb_10_5|         array|
|emb_10_5_ce0        |  out|    1|   ap_memory|      emb_10_5|         array|
|emb_10_5_q0         |   in|    8|   ap_memory|      emb_10_5|         array|
|emb_10_6_address0   |  out|    6|   ap_memory|      emb_10_6|         array|
|emb_10_6_ce0        |  out|    1|   ap_memory|      emb_10_6|         array|
|emb_10_6_q0         |   in|    8|   ap_memory|      emb_10_6|         array|
|emb_10_7_address0   |  out|    6|   ap_memory|      emb_10_7|         array|
|emb_10_7_ce0        |  out|    1|   ap_memory|      emb_10_7|         array|
|emb_10_7_q0         |   in|    8|   ap_memory|      emb_10_7|         array|
|emb_10_8_address0   |  out|    6|   ap_memory|      emb_10_8|         array|
|emb_10_8_ce0        |  out|    1|   ap_memory|      emb_10_8|         array|
|emb_10_8_q0         |   in|    8|   ap_memory|      emb_10_8|         array|
|emb_10_9_address0   |  out|    6|   ap_memory|      emb_10_9|         array|
|emb_10_9_ce0        |  out|    1|   ap_memory|      emb_10_9|         array|
|emb_10_9_q0         |   in|    8|   ap_memory|      emb_10_9|         array|
|emb_10_10_address0  |  out|    6|   ap_memory|     emb_10_10|         array|
|emb_10_10_ce0       |  out|    1|   ap_memory|     emb_10_10|         array|
|emb_10_10_q0        |   in|    8|   ap_memory|     emb_10_10|         array|
|emb_10_11_address0  |  out|    6|   ap_memory|     emb_10_11|         array|
|emb_10_11_ce0       |  out|    1|   ap_memory|     emb_10_11|         array|
|emb_10_11_q0        |   in|    8|   ap_memory|     emb_10_11|         array|
|emb_11_0_address0   |  out|    6|   ap_memory|      emb_11_0|         array|
|emb_11_0_ce0        |  out|    1|   ap_memory|      emb_11_0|         array|
|emb_11_0_q0         |   in|    8|   ap_memory|      emb_11_0|         array|
|emb_11_1_address0   |  out|    6|   ap_memory|      emb_11_1|         array|
|emb_11_1_ce0        |  out|    1|   ap_memory|      emb_11_1|         array|
|emb_11_1_q0         |   in|    8|   ap_memory|      emb_11_1|         array|
|emb_11_2_address0   |  out|    6|   ap_memory|      emb_11_2|         array|
|emb_11_2_ce0        |  out|    1|   ap_memory|      emb_11_2|         array|
|emb_11_2_q0         |   in|    8|   ap_memory|      emb_11_2|         array|
|emb_11_3_address0   |  out|    6|   ap_memory|      emb_11_3|         array|
|emb_11_3_ce0        |  out|    1|   ap_memory|      emb_11_3|         array|
|emb_11_3_q0         |   in|    8|   ap_memory|      emb_11_3|         array|
|emb_11_4_address0   |  out|    6|   ap_memory|      emb_11_4|         array|
|emb_11_4_ce0        |  out|    1|   ap_memory|      emb_11_4|         array|
|emb_11_4_q0         |   in|    8|   ap_memory|      emb_11_4|         array|
|emb_11_5_address0   |  out|    6|   ap_memory|      emb_11_5|         array|
|emb_11_5_ce0        |  out|    1|   ap_memory|      emb_11_5|         array|
|emb_11_5_q0         |   in|    8|   ap_memory|      emb_11_5|         array|
|emb_11_6_address0   |  out|    6|   ap_memory|      emb_11_6|         array|
|emb_11_6_ce0        |  out|    1|   ap_memory|      emb_11_6|         array|
|emb_11_6_q0         |   in|    8|   ap_memory|      emb_11_6|         array|
|emb_11_7_address0   |  out|    6|   ap_memory|      emb_11_7|         array|
|emb_11_7_ce0        |  out|    1|   ap_memory|      emb_11_7|         array|
|emb_11_7_q0         |   in|    8|   ap_memory|      emb_11_7|         array|
|emb_11_8_address0   |  out|    6|   ap_memory|      emb_11_8|         array|
|emb_11_8_ce0        |  out|    1|   ap_memory|      emb_11_8|         array|
|emb_11_8_q0         |   in|    8|   ap_memory|      emb_11_8|         array|
|emb_11_9_address0   |  out|    6|   ap_memory|      emb_11_9|         array|
|emb_11_9_ce0        |  out|    1|   ap_memory|      emb_11_9|         array|
|emb_11_9_q0         |   in|    8|   ap_memory|      emb_11_9|         array|
|emb_11_10_address0  |  out|    6|   ap_memory|     emb_11_10|         array|
|emb_11_10_ce0       |  out|    1|   ap_memory|     emb_11_10|         array|
|emb_11_10_q0        |   in|    8|   ap_memory|     emb_11_10|         array|
|emb_11_11_address0  |  out|    6|   ap_memory|     emb_11_11|         array|
|emb_11_11_ce0       |  out|    1|   ap_memory|     emb_11_11|         array|
|emb_11_11_q0        |   in|    8|   ap_memory|     emb_11_11|         array|
|emb_12_0_address0   |  out|    6|   ap_memory|      emb_12_0|         array|
|emb_12_0_ce0        |  out|    1|   ap_memory|      emb_12_0|         array|
|emb_12_0_q0         |   in|    8|   ap_memory|      emb_12_0|         array|
|emb_12_1_address0   |  out|    6|   ap_memory|      emb_12_1|         array|
|emb_12_1_ce0        |  out|    1|   ap_memory|      emb_12_1|         array|
|emb_12_1_q0         |   in|    8|   ap_memory|      emb_12_1|         array|
|emb_12_2_address0   |  out|    6|   ap_memory|      emb_12_2|         array|
|emb_12_2_ce0        |  out|    1|   ap_memory|      emb_12_2|         array|
|emb_12_2_q0         |   in|    8|   ap_memory|      emb_12_2|         array|
|emb_12_3_address0   |  out|    6|   ap_memory|      emb_12_3|         array|
|emb_12_3_ce0        |  out|    1|   ap_memory|      emb_12_3|         array|
|emb_12_3_q0         |   in|    8|   ap_memory|      emb_12_3|         array|
|emb_12_4_address0   |  out|    6|   ap_memory|      emb_12_4|         array|
|emb_12_4_ce0        |  out|    1|   ap_memory|      emb_12_4|         array|
|emb_12_4_q0         |   in|    8|   ap_memory|      emb_12_4|         array|
|emb_12_5_address0   |  out|    6|   ap_memory|      emb_12_5|         array|
|emb_12_5_ce0        |  out|    1|   ap_memory|      emb_12_5|         array|
|emb_12_5_q0         |   in|    8|   ap_memory|      emb_12_5|         array|
|emb_12_6_address0   |  out|    6|   ap_memory|      emb_12_6|         array|
|emb_12_6_ce0        |  out|    1|   ap_memory|      emb_12_6|         array|
|emb_12_6_q0         |   in|    8|   ap_memory|      emb_12_6|         array|
|emb_12_7_address0   |  out|    6|   ap_memory|      emb_12_7|         array|
|emb_12_7_ce0        |  out|    1|   ap_memory|      emb_12_7|         array|
|emb_12_7_q0         |   in|    8|   ap_memory|      emb_12_7|         array|
|emb_12_8_address0   |  out|    6|   ap_memory|      emb_12_8|         array|
|emb_12_8_ce0        |  out|    1|   ap_memory|      emb_12_8|         array|
|emb_12_8_q0         |   in|    8|   ap_memory|      emb_12_8|         array|
|emb_12_9_address0   |  out|    6|   ap_memory|      emb_12_9|         array|
|emb_12_9_ce0        |  out|    1|   ap_memory|      emb_12_9|         array|
|emb_12_9_q0         |   in|    8|   ap_memory|      emb_12_9|         array|
|emb_12_10_address0  |  out|    6|   ap_memory|     emb_12_10|         array|
|emb_12_10_ce0       |  out|    1|   ap_memory|     emb_12_10|         array|
|emb_12_10_q0        |   in|    8|   ap_memory|     emb_12_10|         array|
|emb_12_11_address0  |  out|    6|   ap_memory|     emb_12_11|         array|
|emb_12_11_ce0       |  out|    1|   ap_memory|     emb_12_11|         array|
|emb_12_11_q0        |   in|    8|   ap_memory|     emb_12_11|         array|
|emb_13_0_address0   |  out|    6|   ap_memory|      emb_13_0|         array|
|emb_13_0_ce0        |  out|    1|   ap_memory|      emb_13_0|         array|
|emb_13_0_q0         |   in|    8|   ap_memory|      emb_13_0|         array|
|emb_13_1_address0   |  out|    6|   ap_memory|      emb_13_1|         array|
|emb_13_1_ce0        |  out|    1|   ap_memory|      emb_13_1|         array|
|emb_13_1_q0         |   in|    8|   ap_memory|      emb_13_1|         array|
|emb_13_2_address0   |  out|    6|   ap_memory|      emb_13_2|         array|
|emb_13_2_ce0        |  out|    1|   ap_memory|      emb_13_2|         array|
|emb_13_2_q0         |   in|    8|   ap_memory|      emb_13_2|         array|
|emb_13_3_address0   |  out|    6|   ap_memory|      emb_13_3|         array|
|emb_13_3_ce0        |  out|    1|   ap_memory|      emb_13_3|         array|
|emb_13_3_q0         |   in|    8|   ap_memory|      emb_13_3|         array|
|emb_13_4_address0   |  out|    6|   ap_memory|      emb_13_4|         array|
|emb_13_4_ce0        |  out|    1|   ap_memory|      emb_13_4|         array|
|emb_13_4_q0         |   in|    8|   ap_memory|      emb_13_4|         array|
|emb_13_5_address0   |  out|    6|   ap_memory|      emb_13_5|         array|
|emb_13_5_ce0        |  out|    1|   ap_memory|      emb_13_5|         array|
|emb_13_5_q0         |   in|    8|   ap_memory|      emb_13_5|         array|
|emb_13_6_address0   |  out|    6|   ap_memory|      emb_13_6|         array|
|emb_13_6_ce0        |  out|    1|   ap_memory|      emb_13_6|         array|
|emb_13_6_q0         |   in|    8|   ap_memory|      emb_13_6|         array|
|emb_13_7_address0   |  out|    6|   ap_memory|      emb_13_7|         array|
|emb_13_7_ce0        |  out|    1|   ap_memory|      emb_13_7|         array|
|emb_13_7_q0         |   in|    8|   ap_memory|      emb_13_7|         array|
|emb_13_8_address0   |  out|    6|   ap_memory|      emb_13_8|         array|
|emb_13_8_ce0        |  out|    1|   ap_memory|      emb_13_8|         array|
|emb_13_8_q0         |   in|    8|   ap_memory|      emb_13_8|         array|
|emb_13_9_address0   |  out|    6|   ap_memory|      emb_13_9|         array|
|emb_13_9_ce0        |  out|    1|   ap_memory|      emb_13_9|         array|
|emb_13_9_q0         |   in|    8|   ap_memory|      emb_13_9|         array|
|emb_13_10_address0  |  out|    6|   ap_memory|     emb_13_10|         array|
|emb_13_10_ce0       |  out|    1|   ap_memory|     emb_13_10|         array|
|emb_13_10_q0        |   in|    8|   ap_memory|     emb_13_10|         array|
|emb_13_11_address0  |  out|    6|   ap_memory|     emb_13_11|         array|
|emb_13_11_ce0       |  out|    1|   ap_memory|     emb_13_11|         array|
|emb_13_11_q0        |   in|    8|   ap_memory|     emb_13_11|         array|
|emb_14_0_address0   |  out|    6|   ap_memory|      emb_14_0|         array|
|emb_14_0_ce0        |  out|    1|   ap_memory|      emb_14_0|         array|
|emb_14_0_q0         |   in|    8|   ap_memory|      emb_14_0|         array|
|emb_14_1_address0   |  out|    6|   ap_memory|      emb_14_1|         array|
|emb_14_1_ce0        |  out|    1|   ap_memory|      emb_14_1|         array|
|emb_14_1_q0         |   in|    8|   ap_memory|      emb_14_1|         array|
|emb_14_2_address0   |  out|    6|   ap_memory|      emb_14_2|         array|
|emb_14_2_ce0        |  out|    1|   ap_memory|      emb_14_2|         array|
|emb_14_2_q0         |   in|    8|   ap_memory|      emb_14_2|         array|
|emb_14_3_address0   |  out|    6|   ap_memory|      emb_14_3|         array|
|emb_14_3_ce0        |  out|    1|   ap_memory|      emb_14_3|         array|
|emb_14_3_q0         |   in|    8|   ap_memory|      emb_14_3|         array|
|emb_14_4_address0   |  out|    6|   ap_memory|      emb_14_4|         array|
|emb_14_4_ce0        |  out|    1|   ap_memory|      emb_14_4|         array|
|emb_14_4_q0         |   in|    8|   ap_memory|      emb_14_4|         array|
|emb_14_5_address0   |  out|    6|   ap_memory|      emb_14_5|         array|
|emb_14_5_ce0        |  out|    1|   ap_memory|      emb_14_5|         array|
|emb_14_5_q0         |   in|    8|   ap_memory|      emb_14_5|         array|
|emb_14_6_address0   |  out|    6|   ap_memory|      emb_14_6|         array|
|emb_14_6_ce0        |  out|    1|   ap_memory|      emb_14_6|         array|
|emb_14_6_q0         |   in|    8|   ap_memory|      emb_14_6|         array|
|emb_14_7_address0   |  out|    6|   ap_memory|      emb_14_7|         array|
|emb_14_7_ce0        |  out|    1|   ap_memory|      emb_14_7|         array|
|emb_14_7_q0         |   in|    8|   ap_memory|      emb_14_7|         array|
|emb_14_8_address0   |  out|    6|   ap_memory|      emb_14_8|         array|
|emb_14_8_ce0        |  out|    1|   ap_memory|      emb_14_8|         array|
|emb_14_8_q0         |   in|    8|   ap_memory|      emb_14_8|         array|
|emb_14_9_address0   |  out|    6|   ap_memory|      emb_14_9|         array|
|emb_14_9_ce0        |  out|    1|   ap_memory|      emb_14_9|         array|
|emb_14_9_q0         |   in|    8|   ap_memory|      emb_14_9|         array|
|emb_14_10_address0  |  out|    6|   ap_memory|     emb_14_10|         array|
|emb_14_10_ce0       |  out|    1|   ap_memory|     emb_14_10|         array|
|emb_14_10_q0        |   in|    8|   ap_memory|     emb_14_10|         array|
|emb_14_11_address0  |  out|    6|   ap_memory|     emb_14_11|         array|
|emb_14_11_ce0       |  out|    1|   ap_memory|     emb_14_11|         array|
|emb_14_11_q0        |   in|    8|   ap_memory|     emb_14_11|         array|
|labels_0_address0   |  out|    6|   ap_memory|      labels_0|         array|
|labels_0_ce0        |  out|    1|   ap_memory|      labels_0|         array|
|labels_0_we0        |  out|    1|   ap_memory|      labels_0|         array|
|labels_0_d0         |  out|   32|   ap_memory|      labels_0|         array|
|labels_1_address0   |  out|    6|   ap_memory|      labels_1|         array|
|labels_1_ce0        |  out|    1|   ap_memory|      labels_1|         array|
|labels_1_we0        |  out|    1|   ap_memory|      labels_1|         array|
|labels_1_d0         |  out|   32|   ap_memory|      labels_1|         array|
|labels_2_address0   |  out|    6|   ap_memory|      labels_2|         array|
|labels_2_ce0        |  out|    1|   ap_memory|      labels_2|         array|
|labels_2_we0        |  out|    1|   ap_memory|      labels_2|         array|
|labels_2_d0         |  out|   32|   ap_memory|      labels_2|         array|
|labels_3_address0   |  out|    6|   ap_memory|      labels_3|         array|
|labels_3_ce0        |  out|    1|   ap_memory|      labels_3|         array|
|labels_3_we0        |  out|    1|   ap_memory|      labels_3|         array|
|labels_3_d0         |  out|   32|   ap_memory|      labels_3|         array|
|labels_4_address0   |  out|    6|   ap_memory|      labels_4|         array|
|labels_4_ce0        |  out|    1|   ap_memory|      labels_4|         array|
|labels_4_we0        |  out|    1|   ap_memory|      labels_4|         array|
|labels_4_d0         |  out|   32|   ap_memory|      labels_4|         array|
|labels_5_address0   |  out|    6|   ap_memory|      labels_5|         array|
|labels_5_ce0        |  out|    1|   ap_memory|      labels_5|         array|
|labels_5_we0        |  out|    1|   ap_memory|      labels_5|         array|
|labels_5_d0         |  out|   32|   ap_memory|      labels_5|         array|
|labels_6_address0   |  out|    6|   ap_memory|      labels_6|         array|
|labels_6_ce0        |  out|    1|   ap_memory|      labels_6|         array|
|labels_6_we0        |  out|    1|   ap_memory|      labels_6|         array|
|labels_6_d0         |  out|   32|   ap_memory|      labels_6|         array|
|labels_7_address0   |  out|    6|   ap_memory|      labels_7|         array|
|labels_7_ce0        |  out|    1|   ap_memory|      labels_7|         array|
|labels_7_we0        |  out|    1|   ap_memory|      labels_7|         array|
|labels_7_d0         |  out|   32|   ap_memory|      labels_7|         array|
|labels_8_address0   |  out|    6|   ap_memory|      labels_8|         array|
|labels_8_ce0        |  out|    1|   ap_memory|      labels_8|         array|
|labels_8_we0        |  out|    1|   ap_memory|      labels_8|         array|
|labels_8_d0         |  out|   32|   ap_memory|      labels_8|         array|
|labels_9_address0   |  out|    6|   ap_memory|      labels_9|         array|
|labels_9_ce0        |  out|    1|   ap_memory|      labels_9|         array|
|labels_9_we0        |  out|    1|   ap_memory|      labels_9|         array|
|labels_9_d0         |  out|   32|   ap_memory|      labels_9|         array|
|labels_10_address0  |  out|    6|   ap_memory|     labels_10|         array|
|labels_10_ce0       |  out|    1|   ap_memory|     labels_10|         array|
|labels_10_we0       |  out|    1|   ap_memory|     labels_10|         array|
|labels_10_d0        |  out|   32|   ap_memory|     labels_10|         array|
|labels_11_address0  |  out|    6|   ap_memory|     labels_11|         array|
|labels_11_ce0       |  out|    1|   ap_memory|     labels_11|         array|
|labels_11_we0       |  out|    1|   ap_memory|     labels_11|         array|
|labels_11_d0        |  out|   32|   ap_memory|     labels_11|         array|
|labels_12_address0  |  out|    6|   ap_memory|     labels_12|         array|
|labels_12_ce0       |  out|    1|   ap_memory|     labels_12|         array|
|labels_12_we0       |  out|    1|   ap_memory|     labels_12|         array|
|labels_12_d0        |  out|   32|   ap_memory|     labels_12|         array|
|labels_13_address0  |  out|    6|   ap_memory|     labels_13|         array|
|labels_13_ce0       |  out|    1|   ap_memory|     labels_13|         array|
|labels_13_we0       |  out|    1|   ap_memory|     labels_13|         array|
|labels_13_d0        |  out|   32|   ap_memory|     labels_13|         array|
|labels_14_address0  |  out|    6|   ap_memory|     labels_14|         array|
|labels_14_ce0       |  out|    1|   ap_memory|     labels_14|         array|
|labels_14_we0       |  out|    1|   ap_memory|     labels_14|         array|
|labels_14_d0        |  out|   32|   ap_memory|     labels_14|         array|
+--------------------+-----+-----+------------+--------------+--------------+

